amount,hour_of_day,day_of_week,transaction_count_24h,distance_from_home,is_international,account_age_days,avg_tx_amount,device_change,is_fraud
195574.94270624395,7,3,26,42.78065105269433,0,2283,17284.977613270923,0,0
186867.40759958734,0,6,8,7.1645110954744915,0,774,59395.21771463765,0,0
24490.02725339413,0,5,16,14.533230267977155,0,874,116794.98256740137,0,0
78447.23376700972,3,6,19,4.133474505882707,0,3050,39217.41530629778,0,0
153172.29497409632,17,0,18,0.2244609790303921,1,1010,285742.91015108465,0,1
201646.17604230685,18,3,24,11.10348818888756,0,1837,69010.41158851498,0,0
29462.045152752475,9,6,29,14.971014980309645,1,1745,89871.72566018775,0,0
68141.65529945657,17,0,13,28.936167568695904,0,2276,49159.85550372557,0,0
74449.79155564564,9,3,6,11.912136127882086,0,1721,156070.27023682644,0,0
120276.79245515045,8,1,29,6.534895080411617,0,82,48043.532798602275,0,0
40086.456236511076,21,4,4,18.53877804950548,0,673,228172.55823601616,1,0
34736.38545445441,6,0,21,9.598660737926576,0,2237,29394.670774370934,0,0
122280.73517472988,5,0,10,5.3164475552050625,0,18,160685.49344962757,0,0
50971.87092918777,0,4,15,48.23639236801973,0,1031,81588.48959601764,0,0
403.20653514048337,4,1,23,15.38721228836203,0,1309,128377.79160088405,0,0
277814.94183582644,18,0,12,4.474806361919405,1,1221,3074.428923204413,0,0
16210.195256980694,14,1,28,22.228561276773007,0,400,25978.634017621163,0,0
16091.329681105184,23,6,20,32.49891214458371,0,735,150226.62998508854,0,0
170576.05130222274,13,6,12,28.42051179785008,0,3013,30657.202193726007,0,0
40872.466115646,6,6,27,18.302698553479868,0,74,99765.83394444312,0,0
39775.78454360987,8,6,7,14.663624475687627,0,413,388175.88356001204,0,0
97390.76821266286,11,5,6,30.040721110356138,0,413,15600.331316309479,0,0
6085.321669246379,16,3,5,24.628401430897423,0,1040,43240.397157607455,0,0
27044.708613170027,17,5,19,16.948222853891917,0,260,14438.025205354135,0,0
5474.256620053637,1,6,14,21.442556268386216,0,1089,13405.966034084855,0,0
34461.885681820655,16,3,1,3.693506762549454,0,1096,80200.8104965645,0,0
203968.373032392,23,4,24,0.4026978292385072,0,988,16993.70294041007,0,0
240055.6800274246,19,6,11,53.51246452174992,1,641,52723.46271753664,0,0
37024.76300006379,6,2,23,54.7551511020754,0,506,305124.4854417021,0,1
20774.607359775986,9,6,22,31.02062376488462,0,1756,32412.75023252351,0,0
14534.488449344368,14,1,4,9.313992575342379,0,1155,165483.19631942955,0,0
50156.71506951959,0,6,21,3.268049836826357,0,3648,40382.85360766444,0,0
175103.7680062327,23,2,14,8.842544123199392,0,2802,24398.72858159205,0,0
191503.57421089773,10,2,21,25.90959208532294,0,66,32788.18178629638,0,0
4701.612207298333,7,1,18,8.165379660997651,0,1625,10928.51002905732,1,0
23474.667832170537,11,6,6,31.784172530593185,0,2873,90901.43310292857,0,0
22711.424306392182,2,2,27,22.356715909770216,0,1381,56908.14180438715,1,0
176276.4981615544,14,0,5,19.883943422263663,0,1483,76118.30330345986,0,0
60934.35219126557,20,6,17,53.25298595368408,1,878,28888.238973424377,0,0
45949.144747710896,4,3,25,44.77649189885588,1,3346,84781.70844277876,0,1
313743.1586061103,4,5,7,24.87267799113615,1,1130,14387.463693614714,1,0
259504.25152564183,16,4,11,4.444068201487287,0,1063,84552.96815639801,0,0
58000.90254103154,1,6,14,55.91279936072659,0,488,6769.560262028444,0,0
13734.646190174404,0,1,2,5.152693075340195,0,2684,40902.47893463728,0,0
18753.932989492496,17,4,22,9.322882703739747,0,1145,75278.04254456886,0,0
11887.804187419339,8,5,17,35.06399203024975,0,596,154657.1120687215,0,0
114101.01607717891,4,3,2,4.680478261481401,0,2257,133881.86736578145,0,0
80897.80717804054,19,4,15,20.35557732664841,0,2823,59884.34805138944,1,0
81338.32967066404,12,1,7,12.243748835841819,0,951,171900.3782093997,0,0
10355.975438736654,1,4,3,19.565094542077517,0,112,56401.868357512234,0,0
157636.56587647006,21,2,23,63.42590449937431,1,1425,58246.708146537894,0,0
76695.06596267503,12,2,6,33.04317990059375,1,2628,101995.5954265722,0,1
9537.629795913304,7,3,21,7.0145003430649835,0,1828,168156.1267626109,0,0
137488.28824401935,9,6,26,1.1795976721156507,0,892,73848.41104164378,0,0
397913.04042262747,19,2,9,68.25184082700866,0,734,230866.69417059736,0,0
58192.87760017678,5,4,10,17.59784661097791,0,1,21178.31551904335,0,0
12290.759398914313,10,0,21,3.8015545109618563,0,759,206488.13473506604,1,0
10691.634160214839,13,4,21,19.72936511230011,0,1315,20046.62250479824,0,0
2622.029592815747,9,0,8,0.8626694286525293,0,3148,59793.99343679484,0,0
147140.85416306657,9,4,7,4.153328795430443,0,401,127183.29289031397,0,0
118417.34357513793,10,0,1,20.02773817474756,1,2716,129391.22283071661,0,0
87764.54000582674,3,6,10,10.299260523445149,0,750,26076.059931515905,0,0
145085.1328828805,23,0,18,7.863569788881114,0,951,340899.3242389606,0,0
726110.4942347235,2,1,16,21.31291317281582,0,2851,6723.017419159995,0,0
51391.027230510335,8,1,4,40.25862683057809,1,896,2832.1656325721715,0,0
122353.02271355284,4,5,9,22.70082264918259,0,2579,147374.92515310776,0,0
47346.81923785291,0,4,23,12.451554167212432,0,3165,136749.01851932541,1,0
43395.39166094073,10,2,18,21.50947118112906,0,2547,99810.97521742526,0,0
190327.28543883536,7,1,11,23.79168408619781,0,2640,152183.48042079434,0,0
85510.89511459446,20,0,12,29.837597617979608,0,2820,11839.10682472535,0,0
12853.051577544295,4,4,8,7.335901999268524,0,3477,8046.427373497928,0,0
51670.285744674475,1,2,1,2.430559015657054,0,3582,278947.3058482436,0,0
159235.62361558204,8,4,8,22.906535963389967,1,2673,78303.94364402823,0,0
281337.93681721285,5,0,5,2.581336615415361,0,115,201905.18534073757,0,0
95302.76668372547,10,1,1,12.398477956838631,1,2622,189534.94394391615,0,1
50122.80108452724,9,1,3,5.245527826175024,0,1665,84706.68604486878,0,0
29032.876063656167,11,3,27,8.071469263567417,0,2899,79211.02490683907,0,0
54822.241139254715,2,3,13,12.72114944746055,0,3379,35696.193993779074,0,0
83391.49275344165,6,5,29,45.30128430457064,0,3188,12917.798737201465,0,0
442.65188849934066,17,5,29,22.8151843650151,1,3180,92823.2601788083,0,0
31290.117953981495,22,5,16,3.766068923918894,0,1242,136238.6228811133,0,0
111326.69653765215,11,4,23,42.31338743265915,0,716,62930.50229993133,0,0
111849.7561348997,10,4,12,13.884675607070065,0,37,4176.687798527773,0,0
105844.9871369217,1,2,7,4.569504437665516,0,2012,12524.6051221289,0,0
299458.0132289038,20,5,8,14.99173366930967,0,2084,8603.283606380839,0,0
84059.35916734781,9,1,11,4.237289818744409,0,2373,85796.19260534081,0,0
31433.828103741896,12,5,13,9.155971566266132,0,643,66553.96065936625,0,0
166925.5291661038,12,1,11,32.74891525911904,0,2447,50263.74073701625,0,0
49327.609341394935,14,5,4,21.494919938362763,0,3011,62717.30266776637,0,0
27350.376572075842,12,3,6,12.999529668784275,0,333,25832.121288210412,0,0
81361.91330573734,8,0,28,5.135023819651817,0,2757,130668.6062298888,0,0
34113.127664078296,5,0,23,6.63043374142447,0,3433,31864.692302539308,0,0
50444.60799195933,2,5,24,76.55033727407503,0,2327,82693.67651798566,0,0
118142.08825976138,19,3,19,8.399500279958852,0,47,39658.44328124663,0,0
550857.3466883781,19,4,21,19.14889889467203,0,3286,5992.240584969865,0,0
103488.17014478578,8,5,8,13.852873651011027,1,3618,23759.50870174294,0,0
32362.695659425433,3,6,6,0.4675034122451321,0,1833,268417.64202326996,0,0
9482.239334431453,19,5,17,57.89053389994073,0,2778,16910.749034207205,0,0
44936.62630227214,4,6,18,1.8407545641429233,0,1839,8868.151350573125,0,0
1949.957248638424,21,6,3,21.50032226620077,1,2207,27529.154646091523,0,0
62503.01982462131,23,1,12,33.322732225303426,0,35,168250.16854583405,0,0
107876.19187632677,11,1,15,27.624917951101466,0,1927,29225.711567874452,0,0
71702.18794810626,16,5,7,33.13586547202407,0,2536,43217.62766663248,0,0
200457.38165469357,4,1,13,26.919947662386242,0,2873,29694.01342028516,0,0
68131.76005235933,3,0,10,11.796372569302719,0,1760,360596.75993790507,0,0
62060.34010192478,7,4,19,45.32016359379462,0,510,719039.2212563189,0,1
37059.59359256169,8,6,9,48.70886882797134,0,2677,52741.83617665262,0,0
181777.72388982153,16,5,25,11.487910163852009,1,2966,122904.55408692898,0,0
233923.52924022597,23,0,28,13.263084001179097,0,2709,19883.046165595373,0,0
381302.58267448685,7,4,12,13.296886127534723,0,1261,37510.119952476656,0,0
397437.70393075503,4,3,28,6.539627295834416,0,1383,90989.83060401307,0,0
393343.18522866105,9,4,11,2.4419205118022442,0,1585,26986.589377501314,0,0
124465.21507699665,17,6,24,6.075674160571896,0,3119,20360.288500902625,0,0
82702.81248539714,22,0,25,37.17129864158644,0,3173,204328.070519117,0,0
18915.82302590836,13,1,8,15.66389865145018,0,1947,22408.660867576444,0,0
145698.80168767646,4,0,9,37.96883699268095,0,2826,4888.593677589636,0,0
132757.32786287376,14,3,4,27.342539690708367,0,2646,111252.47318247834,0,0
184770.87926585323,4,1,20,8.573073370919488,0,3500,22299.71982237786,0,0
62073.55007889217,21,0,5,4.099013507975496,0,2995,47853.74961871775,0,0
222953.4077075247,11,1,7,16.75050659116347,0,402,9462.785979450387,0,0
126824.23657754825,9,6,9,54.932714476433986,0,1988,5678.065046487193,0,0
18768.632677176516,7,3,4,36.57866338427447,0,1773,49360.943857048165,1,0
23181.039631159325,0,4,23,28.864533030532563,0,2915,32889.08350670779,1,0
168343.71576120495,2,4,12,28.89322761700797,0,3046,56405.47286100288,0,0
55459.18938322332,15,6,12,15.005075014213872,1,2342,270003.2113967806,0,0
28636.686657292244,22,6,6,3.7151820179306663,0,2596,41857.27018628161,0,0
54917.93141093105,10,2,13,6.7246929901288555,0,3388,73836.45220426566,1,0
17599.489282609786,8,1,9,17.249921212995428,1,2756,8215.382489701009,0,0
222318.88671021382,9,5,25,7.606283960714216,0,237,173666.74627616385,0,1
7422.734979070091,1,3,9,30.425496888703183,0,1610,131134.51315761925,0,0
43578.23389094166,19,0,21,9.343090193387615,0,864,59119.71082714365,0,0
81402.47076585186,10,5,3,2.418429902516124,0,842,16206.206477885204,0,0
206866.48263971214,19,0,13,30.515207424807436,0,2795,44403.0910412003,0,0
152119.30374906262,10,2,6,23.955188499698245,0,3501,28235.58088220863,0,0
2267.8815289955414,6,0,18,5.838001874991257,0,330,416484.66173578013,0,0
174438.82697664216,20,6,23,79.3879897266617,1,459,53999.16869059088,0,1
101644.27958745786,10,3,14,10.323113519332193,0,1650,43886.782998175564,1,0
14311.822646612925,4,3,29,22.817498502333766,0,1767,14815.652993071584,0,0
96096.79591580397,22,6,23,48.25881466301375,0,1673,21861.20779415079,0,0
170316.7537604637,11,4,2,3.3919748422536418,0,3085,99469.1419660077,0,0
92158.43953286837,17,1,6,42.24289675580919,0,185,61241.832695308956,0,0
706645.2855478453,23,1,20,24.342029822335505,0,1002,35457.26001319926,0,1
70725.30453968603,21,0,7,3.667949282432818,0,82,28193.428414477734,0,0
111819.60446544045,4,1,8,21.843392667956913,0,1391,17925.54299842339,0,0
7297.2400371807535,14,6,10,41.52104467673983,0,313,2758.8599502977945,0,0
167770.69710462587,11,2,13,32.09054060997588,0,3237,302304.2230229301,1,0
97844.0172420945,0,1,27,28.592972224880796,1,2991,111905.10456029284,0,1
82380.910324464,17,5,1,3.5189061270748785,1,523,210343.72265234074,0,0
123377.48771740726,5,6,5,4.229836702610122,0,1948,42557.249424707494,0,0
82213.97733008217,5,0,25,15.868919676955509,0,1542,162838.71924638952,0,0
145436.515136785,10,1,2,17.35696573691493,0,910,23684.01737016759,0,0
87590.62573857815,10,5,4,57.51425742852926,0,2735,57041.02641707247,0,0
73408.13330666278,15,3,24,12.647866293693879,0,1821,18099.813112655145,0,0
14504.829799377658,5,3,12,7.205130066054765,0,103,117691.43854698844,0,0
63833.85243087931,0,4,5,4.233513965219848,0,1679,55069.01268221763,0,0
77269.84427734053,22,6,24,1.1138688143529616,1,3568,61476.730330376784,0,0
97969.33608875987,15,4,15,1.4224794082670633,0,1720,156977.9937661235,0,0
60860.782260985034,2,4,10,17.074157109244666,0,1861,107525.45887391898,0,0
15857.781313973173,23,4,26,3.878054198230571,0,3414,271139.82124348846,0,1
16294.563340412366,5,1,17,38.159183060069736,0,2036,41580.698996063686,0,0
127649.95896112607,2,6,14,18.150179085686187,0,1183,49510.69640694744,0,0
108307.53608849544,18,6,7,40.03281082405505,0,2835,76431.3628106013,0,0
30042.872899062357,7,5,22,11.153517544672745,0,1779,48310.22792602412,0,0
59033.357576734925,21,0,2,18.115771214857702,0,3218,43525.14053743283,0,0
36666.421745383974,1,1,23,14.906851450827034,0,3258,33310.567603735464,0,0
19969.91034701939,18,0,3,86.36489248735997,0,710,142648.18930206922,0,0
39476.78952234831,14,0,4,31.87324935779191,0,3273,60997.95668939743,0,0
30474.55863821292,21,0,16,18.09713114800475,0,30,74797.75740542315,1,0
8602.381396428103,13,0,16,18.657855185967684,0,3235,18260.079159718698,1,1
70216.0827037027,13,3,27,5.721712619720776,0,529,23204.281813328766,0,0
59944.56630503414,22,5,22,26.541871966507095,1,2794,33216.17379694095,0,0
125389.27615706781,3,0,3,81.29516720979811,0,2960,50094.27562911506,0,0
96838.87409978139,23,1,17,2.7721721819638985,0,1249,3593.7061259088705,0,0
42064.70343588388,18,0,26,20.28144514708273,0,2372,175420.5461519693,0,0
68578.27666560432,21,3,17,14.591299486533572,0,1503,187233.1376930056,0,0
76804.98660674166,6,1,22,37.997300673888,0,801,86701.02796081068,0,0
249554.63427520706,15,6,20,0.0009374178005902433,0,2554,30389.968580879096,0,0
400054.5101163635,7,5,7,2.9371938485534748,0,754,38932.05709735821,0,0
169033.7828838008,14,2,25,0.7555490543700449,1,1268,105956.05709290487,1,0
82577.51005929662,19,1,8,3.5570296902828136,0,2827,26982.397633818266,0,0
263257.418754898,4,6,19,24.615665649354447,0,772,75107.04641090446,1,0
19615.202042118966,21,3,7,3.0088179606196537,0,3263,189387.8778322394,0,0
119236.07514033993,0,5,1,19.474745288872775,0,1267,42271.36541465394,0,0
61705.26562765467,11,3,16,40.530266863008784,0,517,70754.06124331983,0,0
15636.019612840815,8,4,18,0.704743166136834,0,1216,211145.15052907684,0,0
7818.858039569466,18,2,25,0.5430341994112179,0,2901,33311.75943039148,0,0
65535.40957049421,17,0,26,91.80223138021866,0,2765,114049.31365942735,0,0
27308.145408904245,6,6,8,22.372702216004864,0,1668,112559.56505366067,0,0
28835.73120678171,10,3,7,3.0326322807767974,0,2026,211039.24896290907,0,0
38598.148365648514,10,4,27,7.325618390737497,0,2674,156486.959374825,0,0
126714.05992555567,19,4,10,84.0009737688382,0,291,110529.4437186226,1,0
17923.385053394704,19,5,2,5.155128861419559,0,3098,80961.47408897702,0,0
126427.45733027827,14,0,15,27.95330046567479,0,666,22080.128807544857,0,0
152652.20763097037,22,6,14,5.51986842404728,0,3603,88850.4186997651,1,0
90258.5322404839,16,6,2,10.165498607171306,0,37,25886.12772592104,0,0
28443.073527366614,2,6,7,42.522991792606824,0,651,46388.280434433196,0,0
5290.778459070232,10,5,23,0.5770232431370946,0,2114,98946.85697992716,0,0
52415.593150410044,12,1,22,7.341293454335713,0,1408,89888.38062048696,0,0
188023.1540214535,5,2,26,13.357103085785138,0,1055,41026.08892417649,0,1
10744.075240139027,13,0,12,19.64298849853793,0,402,16137.544455931691,0,0
136582.83117361777,10,5,5,0.5729624329481484,0,2251,52953.9700342553,0,0
63090.46832430397,12,0,6,10.575412409449497,0,1024,25173.892022737946,0,0
229098.33990430107,16,1,16,8.440647263696018,0,1580,23596.35388821174,0,0
44036.420688721395,13,1,12,0.5446821283578095,0,3344,31656.263060764137,0,0
121992.88688378493,20,3,9,8.781504379296898,0,3002,97998.76329213183,0,0
134753.28936107262,13,1,20,53.67348129361007,0,3586,55018.68198474817,0,0
22157.192818133615,3,1,12,6.421425252510139,0,3643,37366.517267649426,0,0
17214.977609766654,3,2,10,17.618051761168296,0,3318,184684.07964846294,0,0
9731.645295294022,13,5,17,7.0791643906941655,0,1504,98146.75184862345,0,0
120926.12412491461,13,5,25,2.2558976582249697,0,2424,54600.769222026276,0,0
79440.60188982193,6,6,24,6.842018400729547,0,2554,43756.07691557676,0,0
9071.142012574575,15,6,11,12.72623273556169,0,1200,136695.07334624513,0,0
36865.23170106529,13,2,18,7.0254597262960665,1,1520,15188.742956013695,0,0
15355.501321771972,4,2,4,19.57233118471983,1,3030,87288.18683233016,0,0
9726.12072161463,6,0,3,59.55341615810636,0,676,1699.141091215649,0,0
35492.100385450445,16,6,19,1.4357546985727585,0,1288,558.804146839789,0,0
10125.341913306436,14,2,6,25.246475804016697,0,3108,214805.73115682293,0,0
30135.64774572885,23,2,23,0.025143940708684906,0,3179,57721.852303714,0,0
80456.86188320596,6,4,8,0.020440422725392458,0,2073,30280.6303676161,0,0
82303.76818211476,9,2,7,2.852465800912501,0,424,126661.15732795223,0,0
18392.5603625546,17,0,15,13.075856611100459,0,3453,335064.32392197486,0,0
21197.307311587094,10,5,12,0.9838896511134323,1,1503,2801.5913637448903,0,0
193082.54729466495,21,4,15,25.613604831265985,1,3047,3095.997662361554,0,0
18264.348708026828,13,6,9,0.594376130359355,0,1645,154361.56623357415,0,0
4682.064505254344,3,0,2,13.681044297716147,0,2731,65083.35385808694,0,0
28080.0273333866,2,0,26,22.54632493485946,0,1179,171470.11529861405,0,0
85902.79945370824,23,4,20,5.424382824368042,0,489,94901.91577128004,0,0
725.0687513137423,13,4,15,17.316617206886733,1,2470,50878.71090618701,0,0
419884.341064696,19,4,18,6.070306251058247,0,3537,14076.557090654416,1,0
26187.0879879606,2,4,13,4.818444710805584,0,109,39525.497584251956,0,0
27196.29719312204,20,0,16,34.117810470070665,0,3494,123771.56248853804,0,0
134177.0426118951,2,4,15,8.096706367766187,0,2680,21317.238196579616,0,0
28525.713075395637,19,1,11,33.637975125791904,0,3520,99685.45262426474,0,0
50443.1734549574,11,5,3,4.890137918278667,0,2777,22731.821145509657,0,0
78508.41709937724,9,6,29,8.796956664581677,0,3217,49820.223804285764,1,0
2211.522057087913,19,2,10,2.166382508605892,0,1933,7144.276884540329,0,0
181580.19440372716,17,6,17,13.723446760280158,0,853,48557.33250552237,0,0
71754.39328044851,11,6,8,9.612211042368395,0,2383,75884.98094659671,0,0
37530.30591849653,23,6,5,0.11948862167037677,1,629,66284.01062839341,0,0
51047.00668345836,3,2,21,12.504355587748403,0,2584,41732.93167693993,0,0
5744.345448712442,18,5,8,1.5465783231484476,0,448,36924.150978451566,0,0
126578.1200523861,18,1,15,36.2747091335048,0,117,25770.702860014164,0,0
77545.19758063027,16,5,11,13.612248372356765,0,1005,116573.08472995614,0,0
245330.8468158291,7,0,9,23.426930640989625,0,3135,122095.32496211246,0,0
62396.97606390714,10,0,25,34.42259027939225,1,1788,52781.25551733136,0,0
176259.80179242024,4,2,26,1.0506792898050983,0,2790,38574.09916827565,0,1
20865.963190472616,4,3,25,8.225572000657571,0,488,81161.4669648662,0,0
5816.884039951908,12,5,2,0.5087732686556503,0,3222,65267.19792722398,1,0
296501.1501310516,3,6,7,1.018006084360816,0,2666,88030.41998558356,0,0
29700.282558297225,12,1,16,0.771333527370375,1,181,29224.455954624464,0,1
179326.294828256,15,1,7,12.998173345638337,0,2378,124225.5383796165,0,0
29750.848743696595,11,2,4,11.981411501026319,0,1292,30470.714579351024,0,0
16941.523694874668,13,6,5,1.2639179746743654,0,3528,43402.267141299555,0,0
131875.12133500923,20,4,14,6.086217119221084,0,3176,11364.055761023119,0,0
150690.89873528524,20,5,22,5.607276869492078,0,3453,154685.7468886937,0,0
185541.98837926274,8,3,7,7.0370214960250355,0,790,82687.50355235761,0,0
200150.8252176751,5,0,13,20.475425352014565,0,1191,21460.380465979728,0,0
65996.61972891031,7,0,18,23.884890373256475,0,2607,152691.18205061826,0,0
51118.71749480005,15,0,10,8.282190165660593,0,1984,97606.28006708238,1,0
139017.77571107872,18,0,2,31.045150212505177,0,1580,46697.55258588081,1,0
84254.39059413206,1,1,13,10.820892253894211,0,1040,367166.0436848008,0,0
336055.88650833064,5,1,2,14.77974702035018,0,1851,32903.73631598964,0,0
47134.21427661899,1,4,29,3.145936484857665,0,2544,8388.81275624285,0,0
4382.183418609534,18,1,15,5.302643377375826,0,2082,105778.19060596294,0,0
88990.33920612992,18,4,5,26.006387684345302,0,2768,113191.65326325771,0,0
43613.50578992331,12,6,22,75.48198243338285,1,974,4862.004663536239,0,0
41957.46921713123,16,4,11,24.392124480016122,0,966,136926.1219220141,0,0
83130.42914519485,20,6,6,1.1144488418768381,0,2615,119667.85299427221,0,0
254824.64219191813,7,0,19,3.08381185381789,0,888,212280.83844621654,0,0
31055.266268083098,8,0,28,11.803818566202551,1,1789,10094.880383370735,1,0
47738.01683806727,22,1,15,26.378162687920344,0,1394,73465.33427367287,0,0
221870.0392812693,4,6,4,3.6288178846013848,1,2122,19817.704156512733,0,0
225588.41163861495,7,1,7,27.79168626906096,0,1560,40791.67822179898,0,1
26734.242570790033,8,4,23,16.23121587794248,0,623,24640.66915325431,0,0
122530.05906312162,15,2,22,29.792532369306098,0,1266,47724.87278870952,0,0
53710.27690593615,15,0,17,16.312517104958406,1,457,9581.67036665328,0,0
274888.0841069235,11,6,10,18.45237311665479,0,2288,28936.780113752826,1,1
131768.40588356403,10,3,22,5.720257753654337,0,1424,5884.7249128884805,0,0
68191.70261416695,17,2,29,25.472870747884908,0,3202,54155.45231205875,1,0
170051.94639117832,12,0,17,37.15982760311708,0,2719,28155.828982682775,0,0
615565.0246224102,2,0,11,41.0039948722281,0,3135,71388.077440411,0,0
59247.55911887695,17,1,21,0.597910062301238,1,1071,48770.12440777988,0,0
46762.63086193646,10,3,22,19.59514594010177,1,3327,22361.56765702175,0,0
93403.75257970646,10,5,16,91.20075154306961,0,2579,8690.62185669321,0,0
114911.36969655378,4,3,7,17.682069708997695,0,3640,111971.9923438189,0,0
121891.22579685923,2,0,8,3.757193458458034,1,3083,80220.37431718454,1,1
64166.14140167001,1,5,16,42.01054024925048,0,3549,2678.751480926936,0,0
40390.54977635977,14,5,16,6.138831429312087,0,2425,363492.59882212395,0,0
172554.90493902226,4,4,25,0.921160647641921,0,2271,82287.41706362838,0,0
317630.2766239414,4,3,22,11.260560935342713,0,1928,18572.804925469452,0,0
199496.69705609314,20,2,27,2.1132710850661685,1,74,146855.34019180218,1,1
114681.84370748959,15,4,23,2.4488288378820737,0,2182,171033.96749210625,0,0
44652.16881120037,16,1,4,12.445915581311631,0,1779,68206.21600710793,0,0
97414.00113797598,6,0,26,18.970257274538614,0,1635,173424.89632036976,0,0
10665.03065304881,1,0,7,47.160277832648035,1,306,2368.4575734501786,0,0
76338.29086276084,13,2,26,24.432753877102865,0,1896,232276.62472065553,0,1
151967.5824061311,17,2,17,36.979699324331605,1,1274,4712.395302587219,0,0
28909.52662781845,11,5,3,10.613235126822246,0,2589,82264.99605786012,0,0
69622.043610745,16,1,17,7.671871718050958,0,2325,33958.94679235322,0,0
7609.7600136588535,5,1,11,17.970994114272884,0,3241,3208.4760291327952,0,0
182323.13769222252,4,5,8,23.781655424617846,0,837,211931.54638965655,0,0
43113.98573877972,20,5,19,16.798191846018398,0,1221,11635.146917137412,1,0
87277.12630359532,20,3,7,6.144673275457578,1,2648,153791.84396403216,0,0
47567.54276067998,21,4,18,9.231945694355424,0,3407,32079.411044276916,0,0
91030.95708139331,6,0,28,11.89518777679316,0,440,108124.85064398238,0,0
136335.1416486553,17,3,28,0.2850599439338255,0,2844,23466.05499799153,1,0
39573.450789989336,19,1,21,42.37841966044133,1,3234,70056.81736433209,0,0
73243.15545871915,10,2,15,14.324638690705774,0,2104,128576.75464515651,0,0
158413.3470182522,4,3,19,27.808453194020693,0,183,66810.01490800934,0,0
116427.59206163051,5,2,26,3.772700047661216,0,2988,29286.38694612117,0,0
5876.637067789917,6,5,3,16.267630478259303,1,3488,21266.93924999261,0,1
84108.77823895674,2,4,16,52.10928693519672,1,1238,15370.902411337822,0,1
47213.97863740344,2,6,15,4.823013861079376,0,3101,146014.97056767164,0,0
123367.67877021633,1,2,5,8.488561505450114,0,3075,75522.27624093948,0,0
1680.8312135759281,19,6,14,9.83102386753421,1,325,56852.43268077736,0,1
40136.871887785426,3,6,24,9.667569064962263,0,3058,22969.851236401893,0,0
9046.432332725351,4,0,2,18.35696859733761,1,2827,45498.02713108133,0,0
253189.64750838763,1,4,27,10.00992467443481,0,1790,77419.9460053306,0,0
209151.06282819546,15,2,4,22.420501574921147,1,2224,5967.682062716553,0,0
344479.4481030342,11,3,20,13.25470022166918,0,2665,35792.38523543123,1,0
103133.21091420915,14,0,13,3.4306219152232114,0,3384,21902.717525327425,0,0
164531.83017027262,3,0,16,59.34998620920873,0,949,83193.11697429251,0,0
94641.17285160844,2,1,12,5.4760131582255545,0,1178,74566.98913573759,0,0
67736.00666191199,13,1,27,16.53219678746995,0,393,28467.22277711354,0,1
179468.64679525414,12,3,5,1.2522802864926628,0,1388,3401.768620434416,0,0
149685.1539691012,5,5,22,50.17292762908731,0,2406,16150.961536276094,0,0
132154.3893533622,3,1,25,52.6206962111404,0,2029,13954.183151458492,0,0
224347.6182996336,0,2,21,9.068246157685294,1,1080,67219.43360143098,0,0
264147.8717493148,2,5,12,2.578956234470197,0,1308,14838.102025203134,0,0
58930.495960965876,23,1,26,29.392138267612246,0,1687,52674.05733587312,0,0
33243.02459345912,11,0,8,6.083077854287863,0,1951,76263.11150124669,0,0
71700.05216826861,2,3,5,24.12054075084633,0,1986,169331.99451777618,0,0
9768.581754601435,22,2,3,49.33698079359503,0,1213,22485.92301192332,0,0
278321.23379433627,17,0,22,17.84358959494259,0,1618,16455.036861955974,1,0
412604.0942372956,13,0,13,39.4998303933477,0,1040,15220.605081449083,0,0
105758.03156207124,4,4,4,5.088774849930728,1,2235,35756.649906033854,0,0
137105.7809058191,22,1,21,48.25486451348272,1,746,83798.83865575287,1,0
39107.71956910207,0,6,8,5.140330136986747,0,3248,89145.78476135473,0,0
201191.34264002158,13,5,27,5.118503726688424,0,2321,18955.25369287495,0,0
230561.5050524026,11,2,27,42.38342982633982,0,2543,11254.46672534478,0,0
8002.014719910214,0,3,4,16.189282617670834,1,3619,47634.89026405167,0,0
14092.30644853078,23,3,7,32.13299744605336,0,2655,12176.724928330601,0,0
30225.837373457907,1,3,3,32.43919433370378,0,2019,134097.83424938514,0,0
121629.6675067384,11,4,4,20.823553056587045,0,3515,7008.759883187935,0,0
20256.26396726105,12,2,24,4.191562642522886,1,216,111576.23221978931,0,1
24856.4055708163,19,0,8,23.559217023187298,0,1705,3486.724065542669,0,0
48104.60684623701,14,5,13,1.3149913074154884,0,1317,131598.62343357486,0,0
94581.31548356429,15,4,13,4.479579157599811,0,2161,78926.68632060925,1,0
374267.544798449,18,5,9,20.595451190822082,0,2078,31132.675691211658,0,1
153198.94618971483,4,5,20,47.678028222197014,0,2386,41605.25384927197,0,0
81713.23222178029,1,1,26,29.54126461399956,0,1243,89574.75820977039,0,0
5064.741608017004,5,0,20,8.08305214956135,0,3472,16427.055339312796,0,0
72740.72387957633,7,3,5,34.71156579740771,0,980,176815.5475299587,0,0
22826.312101732645,20,1,14,67.9823662629701,0,3119,52759.529535446934,0,0
35677.359260397476,6,2,5,8.067855371334394,0,1820,114215.82010098176,0,0
28883.03147267209,20,2,3,4.1361894273554345,0,2965,56530.37714943319,0,0
42686.4641648218,12,6,1,4.4008287742766985,1,41,48159.17303109726,0,0
6428.231989363986,5,6,10,10.227302813735689,0,1277,50732.25450686557,0,0
85999.97338192743,8,5,15,1.0748396474483293,0,1837,36094.513669704516,0,1
4683.2777920161,11,6,17,13.379136592878083,0,353,105566.91428978647,0,0
108052.74370545261,9,4,12,26.357657437309413,0,624,149743.44490106523,0,0
131230.93431318706,10,2,14,15.120016137569689,0,201,154149.53867979595,1,0
66565.66156747146,0,6,24,70.16468364435683,0,1472,10330.89339459511,0,1
151985.8276413827,9,3,4,12.386814672214019,0,2264,114626.58128025148,0,0
342315.7726070736,15,4,29,0.26695056786231536,0,2701,17846.946204370382,1,0
41559.51605199425,18,4,11,12.702258629268277,0,222,980.2486949474946,0,0
96471.16400581563,9,3,26,53.15155944349512,0,2030,25777.358140976903,0,0
39116.54518577838,14,2,15,2.01545120842491,0,3243,27723.101770069472,1,0
58588.253196639336,13,1,14,5.045460920162753,0,225,132769.7264814373,0,0
2104.543275920067,2,4,27,25.144607305055786,0,2167,108506.63845379582,0,0
7725.895759097423,3,1,18,6.965653314951119,0,1134,7078.923294998145,0,0
159715.72767100684,7,1,22,28.98390957211256,0,1909,31557.42102995149,0,1
15071.566427140255,0,6,9,10.871254917672587,0,2618,23153.336397129442,0,0
120114.82227891152,19,1,15,31.799287650684754,0,2520,72399.42115257464,0,0
123397.51834502157,14,5,21,16.038400699027832,0,3348,62385.68812705597,0,0
557961.0815528556,6,1,3,1.721370250383447,0,3186,90883.40472176111,0,0
118939.95322816937,11,3,20,9.759645775632999,0,3263,193287.0329354624,0,0
13782.136916715417,2,6,13,8.10675222655206,0,1537,43726.38815514416,0,0
98494.8801229107,22,0,2,33.22317293913662,0,3095,85351.41979641592,0,0
74263.751251,4,2,15,19.61009584444519,0,1569,200427.5181879322,1,0
249363.37103431945,7,0,14,30.047649444948277,1,2745,62415.113923274344,0,1
117166.7183502056,10,5,7,9.309072211227292,0,2257,29486.03570850271,0,0
73080.4607747186,18,0,29,23.53644539078887,0,2742,41253.67472219006,0,0
97873.51597467948,11,4,4,1.3491892501902571,0,3522,112393.71190853324,0,0
58601.61479904751,19,0,4,0.7482948168062782,0,607,101840.44215884086,0,0
71010.47292698007,6,0,24,6.778605644311178,0,438,110398.07767999673,0,0
128137.5812426248,13,3,10,29.717801810022756,0,246,108786.8061559307,0,0
8158.5692592164,1,1,21,15.275147624754846,0,912,202518.51146468197,0,1
95538.3949056545,21,0,19,10.512755368670248,0,3237,115515.62228790416,0,0
9235.376903622318,11,0,13,45.389705417255726,0,869,154723.23808260597,0,0
193155.123511715,8,5,28,13.75768522794289,0,248,68211.1428161702,0,0
285533.3675902841,21,4,6,19.006732627547695,0,391,82664.48699868227,0,0
151504.8847223177,11,2,8,85.13060824979617,0,2293,274663.29131120944,0,0
126596.0704347516,5,4,10,14.77929809906032,0,2020,163403.03532902454,0,0
287790.1888173561,5,2,17,30.603536166988196,0,2817,120176.01940783544,0,0
24657.636109682622,21,2,9,10.682756937936473,0,1170,92545.42091674414,0,0
25985.025649170013,18,2,14,0.7403437054932447,0,1450,35517.96201786097,0,0
65588.10020709988,19,3,29,35.972306767563175,0,2855,63548.07469292047,0,0
749.1006694766653,5,3,20,57.79309412520172,0,1818,4536.480789382929,0,0
335440.6102804468,16,1,5,11.396727668215043,0,3403,43051.189365564336,0,0
3278.4019891415937,16,2,26,14.008925830601502,0,1217,9493.351687825792,0,0
90661.7601673833,22,3,3,11.037741154423346,0,637,104344.57729187331,1,0
43691.53705123147,16,6,9,115.56462491869326,0,125,178285.55758312138,0,0
10866.145312050934,20,3,29,46.73546893686165,0,1593,15300.879164171272,0,0
2492.2948493579174,9,5,12,0.839399877203797,0,1510,22555.446698332365,1,0
30437.875035640598,10,5,22,30.193541231072096,0,197,155582.1910995,1,0
11281.49363966046,7,6,1,18.367695689929697,0,2262,70518.72110920803,0,0
281890.21333006176,21,5,25,0.5092631150982538,0,2509,70998.55411239309,0,1
28072.140449442708,13,0,11,11.765377627868505,0,2577,66203.13643759083,0,0
9886.160184898881,18,6,5,3.243593483928597,0,498,19698.72381261274,0,0
146829.446696415,17,2,19,41.278885832597744,0,391,22303.3911968344,0,0
53486.57748683428,14,4,4,0.25560150299006984,0,870,239089.59486984997,1,0
185576.05801280742,17,5,12,41.288033412028085,0,268,102834.92118919962,0,0
182282.27887753028,19,0,16,56.54990501222056,0,1318,7583.060144346663,0,0
487707.76562946703,16,3,16,1.5156991361872076,0,1239,20178.83898521781,0,0
162876.31049076602,4,3,21,25.447712063678928,0,439,78918.92924540414,0,0
24099.168918880052,3,3,1,15.920978536320948,0,822,26666.297946461214,0,0
88297.29547039061,10,3,26,61.70295428703032,0,1608,23199.703162383812,0,0
74707.5688545127,15,4,3,32.00457701921608,0,1039,18086.62864808543,0,0
70966.2062334275,6,1,23,23.710483614619726,0,1054,16436.753662610074,0,0
35212.452252186835,15,1,25,51.94173281570499,0,2615,76014.81339709606,0,1
23590.061558555117,5,2,22,3.49539640881782,1,3145,189028.28255954012,0,1
126193.71949246307,19,6,20,9.430815819105984,1,2669,35844.575461388165,0,1
10731.991168435636,9,6,15,37.022784372788,0,3221,10363.93299065539,0,0
5088.916132876141,10,5,20,2.14247376362359,0,1260,10618.476947046416,1,0
48004.36726335717,14,3,25,54.80548189627065,0,2364,217072.80906253442,0,0
136228.6764599156,11,2,17,27.342031458034548,0,1998,60186.85800237677,0,1
202899.9445675879,22,4,22,11.572560276087513,0,648,50231.53977570867,0,0
77680.47540959508,15,2,4,8.271599883427246,1,1199,177122.90410466032,0,1
183215.91948007423,22,1,3,3.1941378141546553,0,1912,56598.017042065265,0,0
2561.6536258206534,17,1,11,1.9671138010955596,0,2980,52406.30785271446,0,0
60764.765649473906,6,6,1,11.018880198126572,0,841,209003.78530100986,0,0
14316.454203061046,13,5,5,37.042740221019024,0,3610,51466.18437865025,0,0
87399.18774163348,8,1,4,15.179353401082604,0,2790,39669.84786635998,0,0
253815.8695923405,21,2,26,11.998557502769224,1,3195,69717.2700978288,0,0
721.643924056121,5,6,20,7.685108204581109,0,2886,302590.2929764397,0,0
110328.64592581007,10,3,8,3.4145781113519096,0,2108,265559.90111424914,0,0
157189.9952518127,12,0,11,92.30298591722934,0,3223,119546.50897089305,0,0
136445.95787288598,21,1,11,0.5213893573034694,0,2535,55336.79459766692,0,0
1996.7113845405324,17,2,18,7.473977843138431,0,737,170601.5387587233,0,0
19101.956424841075,11,0,27,29.339630764196464,1,637,43493.1128421965,0,0
9915.682349420127,5,1,10,14.702653543879205,0,3418,81763.89383967516,0,0
8932.772922214914,21,1,27,7.533323175488041,0,3141,15820.17693716261,1,0
131001.55254309667,8,4,26,98.50559640514307,0,3255,86608.32378532724,0,0
55301.89679969577,17,1,13,19.308025257718793,0,585,25848.815212408186,0,0
129033.50098311919,20,6,20,6.995569392057637,0,2428,118186.14581620363,0,0
44746.34458420024,14,0,16,37.671330744609726,0,3629,42760.32211352814,0,0
12448.592171157356,8,0,27,3.2542413574841254,0,2109,40654.30165482656,0,0
126745.26922308136,9,3,17,12.456535938726912,0,417,109815.82435513387,0,0
98365.24444626765,1,6,18,36.60029474327366,0,2521,44315.163749080995,0,0
11988.341621453614,13,0,26,82.28040004409222,0,1716,100147.05173189763,0,0
258182.83601797663,20,2,26,9.659592044005473,0,2415,154517.9024407207,0,0
36950.08666846451,10,2,3,2.972544615990334,1,337,11775.997271734563,0,0
106342.87222416057,12,5,28,16.737095860071413,0,256,52163.95011148341,0,1
3250.347932868141,1,5,1,57.64558554266657,0,360,231905.18701291637,1,0
58526.62224681611,20,5,2,21.909049894694093,0,2671,133782.3159551812,0,0
333440.45147940575,6,1,23,18.43408413312687,0,2067,290788.47980549216,0,0
217602.80967821606,14,3,26,7.400761739476027,0,1800,157465.48397132484,0,0
25019.010167611283,6,1,26,18.64534457456778,0,646,29710.58470731925,0,0
211304.24697065545,11,3,6,43.200540827426146,1,712,15793.445595907076,0,0
34682.386539364365,6,6,18,9.416911312869704,1,2489,18912.671777614785,0,1
191212.8271817157,4,4,17,5.542853588255573,0,3160,19558.84834240461,0,0
130647.41892614122,14,3,26,13.115392992277803,0,1596,6300.636885841505,1,0
43394.57627907775,6,4,14,9.438118167016182,0,403,189836.39265701763,0,0
241677.21535167022,21,5,25,12.694772945554488,0,2173,55860.59152512697,0,1
66413.08450291485,22,6,17,2.0125378514065155,0,3252,8541.916484270274,0,0
38227.71460210421,20,6,26,8.195788874178051,0,937,115054.72580006822,1,0
32806.78527978225,1,6,21,35.037065232464954,0,2395,31519.381732720514,0,0
279798.22661036684,1,4,25,10.227218981017787,0,468,5894.953231332875,0,0
142122.12269785846,18,6,29,68.77493291406503,0,678,16833.642429255062,0,0
43062.76925125991,8,1,9,24.677977182276724,0,2431,85730.32854338238,0,0
29325.55014218172,1,2,22,9.115280673852999,0,2373,126392.77374509118,0,0
23777.132034189523,13,3,19,5.798055755368512,0,2704,23407.712701955417,0,0
28036.5743554088,14,1,2,23.127030720808914,0,551,68841.66924100586,0,0
11763.486200123945,23,4,3,7.203521027046522,0,2913,69.8350970196963,0,0
66307.38672165453,11,4,16,52.316573869803655,0,1226,26101.355762785242,0,0
4193.945356905669,18,6,16,2.4735648970986484,0,563,16035.631358762552,1,0
1158.1453264163797,14,0,1,0.5832285162955375,1,2949,6370.762748620445,0,0
96252.47228242607,5,0,19,4.995572105416109,0,116,52915.64992213111,1,0
9264.099576104247,9,3,18,18.659540199054423,0,83,79760.05451530211,0,0
186568.34187410783,9,2,24,36.0315908224483,0,2494,3798.8948846511717,0,0
11286.502475006082,2,0,10,3.729677824685105,0,1139,11869.901924286009,0,0
78234.78612895444,8,5,23,17.576183440279408,1,809,215403.10468858032,0,0
112548.09673630768,22,6,17,3.113275479189314,0,2133,20196.81347710942,0,0
26026.862059638606,4,5,1,16.56461947438027,0,2243,114165.22407347936,0,0
219161.7731624865,23,4,5,0.3669921423200655,1,59,110182.01094794835,0,1
65659.71495738563,21,6,4,16.32018081162068,0,1781,31039.392187925798,0,0
37880.238154359984,6,1,24,14.753513963706935,0,2908,18264.236981802474,0,0
231393.53448241792,18,2,24,0.8758601401465593,0,1257,22371.879973698593,0,0
195432.71776926046,9,3,19,23.386075042105343,0,3219,66758.2381604434,0,0
123659.0358683536,10,1,21,16.984540147868024,0,1598,38392.55505624708,0,0
34317.0047966866,5,3,7,19.515363189022654,0,2741,54745.35984775702,0,0
49463.464076373544,18,1,8,15.090834700927182,0,1986,133540.33422925763,0,0
117032.32304677156,6,6,19,25.602224472705096,1,814,55820.04234584857,0,0
20491.609088649715,15,1,8,14.888972207569775,0,358,427614.70299029455,0,0
68341.95911802482,21,2,26,51.09022045952368,0,2700,87689.34531225676,0,0
133835.12705548826,11,3,9,57.47359679355129,0,88,18579.55291623067,0,0
107210.54994845056,23,0,19,25.941910285367303,0,3137,55374.816612065806,0,1
127272.67175182757,23,1,28,48.554350865692314,0,3026,134310.6374471286,0,0
222487.6460492542,21,5,18,51.31925112136812,0,535,19702.896582828147,0,0
345101.7599062072,17,1,14,6.076187454444809,0,2343,104575.63038091119,0,0
61319.71160355707,13,5,18,102.08687277976648,0,1084,2721.699950516351,0,0
6185.609114827938,15,0,5,6.224114028121783,0,1977,228664.04373050138,0,0
179788.01023203516,5,2,28,0.3742642639262344,0,556,87099.70924628017,0,0
12552.459927571255,0,2,26,65.52213602550547,0,748,14193.437129747277,0,0
24774.927812963702,12,2,28,5.064789540725582,0,1094,165905.19963580935,0,0
105891.31909804595,5,4,1,17.547211952469116,0,2972,6829.005657213549,0,0
136937.92087386685,5,4,6,70.5816315494902,0,1943,41660.51015588867,0,1
118628.76089298334,5,2,7,1.014298608592499,0,2594,106832.69122055946,0,0
57712.96032954599,11,2,28,6.2753731900384775,0,1561,221687.66999226448,0,0
250185.41530473897,8,0,29,18.77195244721645,0,2955,34316.33843590764,0,0
178496.02515728146,19,4,5,28.756642683220846,0,3632,141997.48909823806,0,0
108969.98929137005,6,5,27,32.93931166445739,1,833,17527.367332271027,0,0
58174.12039119972,2,6,8,43.05666041045717,0,1894,2859.324510050765,0,1
62329.64191254591,23,6,6,3.688940892435636,0,138,2334.614861882958,0,0
19354.426742308286,14,3,1,9.241894333305428,0,2458,85875.45428327334,0,0
151278.77085891372,1,2,25,25.053056991312484,0,906,13398.479350461135,0,0
200964.22513372253,17,2,12,25.127090870640675,0,3346,4130.778562268438,0,0
175609.31091066689,20,2,5,7.364966844662809,0,3260,300907.49894133717,0,0
79207.93975768804,0,1,29,7.254522556195452,0,2377,22167.04628817989,0,0
181979.56858597544,0,4,5,7.732141287271649,0,45,49674.231024068016,0,0
156259.6471782234,10,3,15,44.52733648022809,0,666,75963.22157944295,0,0
178593.23582849195,2,1,17,48.050487201552485,1,2922,12481.423829561401,0,0
401368.65172458184,21,1,5,0.2987700291359351,0,1929,35349.856244580806,0,0
166073.13877356015,9,6,19,7.861337444790117,1,2084,83463.32981040147,0,0
31565.63502976441,11,3,10,9.95277663170944,0,2456,81679.16564677183,0,0
171960.39354734836,5,3,29,80.78064036429308,0,1960,147641.84202200465,0,0
47102.03154774966,23,3,3,57.708097317638725,0,763,46018.100566851426,0,0
72606.75951225703,6,3,11,19.794715427272138,0,2690,176456.72794309774,0,0
159159.5671765605,16,5,26,0.9377508333147578,0,3460,91704.81332032052,0,0
38084.88389260205,16,3,8,4.24449395835199,0,742,66062.12547674084,0,0
2642.934270922714,3,5,25,11.390513686394026,0,351,9966.803702871357,1,0
126636.08324812996,0,2,13,63.9010497987245,0,1556,68397.57402511645,0,0
232456.61131791587,0,5,6,1.9898749389521722,0,2727,72244.69656287838,0,0
262954.10296960856,16,5,3,31.342166901843513,0,2202,113771.75882865593,0,0
160400.36216761064,10,3,24,4.243869778021419,0,1468,101591.65073835485,0,0
273556.82446607616,2,3,19,14.179479627478827,0,197,60398.43308503029,0,0
171845.00447434245,9,4,7,29.13183166128357,0,68,71881.79642277407,0,0
3056.132467085108,1,2,2,23.585301270228598,1,2902,118393.11230476951,0,0
43025.29418657407,15,6,22,29.89968107938892,0,3142,34640.09299884589,0,0
40963.327391793406,15,1,24,33.59642329114726,0,1765,11599.390419075053,0,0
24739.058465439728,7,2,19,7.298244829654048,0,1142,165908.17880143557,0,0
159917.58979360777,6,0,13,9.052096453726232,0,2847,268235.5037046712,0,0
73415.63707691812,9,3,25,33.82843979800465,0,2431,44872.00640562338,0,0
180965.49470447446,23,1,11,0.788191345547149,0,1733,370931.1285558247,0,0
91966.96593601325,3,0,9,14.44965369413273,0,1415,31170.67718340531,0,0
89308.54336481278,8,5,19,50.61598338450832,0,3070,5511.495320212792,0,0
48474.934010267614,4,1,19,43.257157430186844,1,2373,67976.51585181634,0,1
155875.86807726763,6,2,21,32.62385051146387,0,3332,162117.9880606708,0,0
114914.27048561224,3,6,25,0.43568809514034385,0,3273,76878.32742582019,0,0
41362.6090808172,0,5,14,43.72932718599409,0,549,757.7492049769377,0,1
504729.55544365145,11,0,12,48.532143489281225,0,118,952.2595823607011,0,0
62136.47074040891,15,5,29,21.7932527679867,0,514,103090.1780863688,0,0
38066.05919005783,15,5,1,7.1024914484428745,0,689,149323.63917320865,0,0
116408.90293615355,7,5,1,13.464043085457554,1,3027,23339.138969775442,0,0
25206.712157602156,12,3,17,28.761812125035515,0,1255,50810.04639395883,0,0
177575.2698627053,8,3,4,33.53600072798027,0,1041,259722.17080659128,0,0
114057.11112806154,9,0,13,8.411899351896139,0,1520,49379.985818438756,0,0
204072.36759909207,7,2,23,7.89249543071435,0,2355,11677.389648004242,0,0
39906.269176633,0,6,28,26.64985664495568,0,370,194118.64897355187,0,1
192706.77282288866,2,0,11,23.189926358867517,0,1496,54682.313843505704,1,0
69501.1202310489,4,2,18,14.397923679391164,0,1485,33764.999920152826,0,0
6097.822826273865,6,1,12,10.903527016203205,0,2076,8200.96365943974,0,0
21588.156769658734,15,6,19,21.40981327043026,0,890,49038.75305254904,1,0
24545.20013069529,7,2,20,0.6594187381559474,0,3630,117460.33903875352,1,1
146097.90128378323,0,0,1,1.5741461368270007,1,2930,101036.79870610134,0,0
22705.796990699317,20,0,18,17.02348917669901,1,1389,54907.65312179567,0,0
82534.7469988266,2,1,2,4.721504643278836,0,2687,101704.60581982811,0,0
105711.15770129947,22,5,11,29.813906320541147,0,618,34556.296512146764,0,0
148658.93806787784,5,6,15,29.600146108944358,0,3534,106323.04404155136,0,0
153192.247864958,11,0,15,24.754872161177683,0,215,7170.711560979038,0,0
126444.44282896392,14,4,6,46.78553874257102,0,1623,17774.924092285506,0,0
23976.059719474408,16,5,4,3.035884392873913,0,1994,168117.51604584497,0,0
78409.93585803526,17,6,12,6.0015809662741955,0,2918,27812.165475879436,0,0
34272.918474633654,20,6,23,5.815049562649169,1,3633,18447.84079717516,0,0
149208.85609779312,20,0,28,30.500894506400584,0,3473,7457.217816704884,0,0
137869.45564323186,16,4,11,14.735489551736551,0,2587,39932.18770791394,0,0
26090.716323210523,11,0,28,5.82512344152632,0,1291,5546.469288851959,0,0
102538.80030501274,15,0,8,2.933540190624157,0,2003,54970.10101030984,0,0
6020.435637643811,11,1,2,44.70158233182677,0,1660,201266.95527985826,0,0
146338.45723321207,3,5,16,23.561491333348606,0,1517,123767.52327049525,0,0
151504.66291336092,8,4,2,15.037783656168104,0,172,3321.9267462119815,0,0
42619.63899510507,14,6,21,67.31903782918671,0,1900,28506.361900244454,1,0
164122.03982067737,4,1,4,37.8879338816595,1,1755,16625.356766783218,0,1
195402.58414932646,22,4,28,3.9232510774478557,0,2045,5542.849302625873,0,0
21079.239740681725,10,4,26,14.190840643618571,0,804,9200.600598230461,0,1
43216.09471719852,17,6,2,13.313700877827735,0,1401,191002.97612081966,0,0
30256.653399286555,0,6,25,37.194739809538135,0,2704,29694.743216441424,0,0
46897.74837028734,15,3,9,3.228932949454735,0,316,39835.89458447329,0,0
59222.398111185634,17,4,29,12.021799809220058,0,471,53196.01716472733,0,0
71328.61063340647,12,1,26,20.241751034951943,0,1633,109297.09807935344,0,0
3573.464659209337,19,1,13,58.10124400486928,0,3094,128105.86364800119,0,0
5674.639779735345,15,2,28,45.90522653184718,0,2254,265340.13778327365,0,0
106489.11896130664,21,5,20,15.264864771407856,0,1101,18926.481545542352,0,0
58472.58542636453,15,5,2,18.664709259101194,0,3286,28655.937372876233,0,0
9402.237055929256,2,5,19,38.265169332558116,1,1479,30029.104424107303,0,1
48813.4874632199,17,0,8,27.28191293570837,1,2425,47140.28545890607,0,0
64530.011745755015,22,3,29,42.294844322943554,0,1574,131772.98983483072,0,0
100947.59542611627,23,0,11,45.253948648256284,0,1601,21897.713979486936,0,0
12593.751619073331,10,1,8,35.74571224085014,0,2739,122199.79741305238,0,0
525992.672227416,12,3,16,0.18844924386329914,0,1505,18256.509499713487,0,0
64379.62890669194,23,4,28,7.448360744103387,0,854,99070.68083336936,0,0
114190.78841867002,1,6,23,10.334090330664274,0,2431,128356.55498887427,0,1
238834.09548822878,2,5,29,22.65881450981945,0,2199,153813.4820728532,0,0
3234.073321927778,0,1,20,7.330493921095039,0,1407,57114.623629511465,0,0
91969.39617772418,0,6,17,7.818175284042869,0,364,31884.917847006123,0,0
77730.24397340037,14,1,26,10.22328160640306,0,2383,118407.70444449199,1,0
5912.047999309777,21,1,25,62.170674952457176,0,2335,30960.88967492318,0,0
118099.79095187418,2,1,15,11.495121140329514,1,2972,12821.836398220554,0,0
24946.491459213885,3,3,7,3.0320970021170703,0,323,143992.90379620655,0,0
121026.45115434032,11,6,29,0.1275218161975344,0,2474,42379.058226985915,1,0
45040.364999032514,23,0,1,5.399794479507822,0,2713,67672.87552513836,0,0
147022.4820641567,20,0,14,55.87572212952007,0,801,200517.27576689143,0,0
284320.7656310133,11,5,16,62.01853855631667,1,1633,11675.77166307502,0,0
196978.11330829488,13,4,21,15.058001276818583,1,407,65168.05690012305,0,0
65888.79296576862,10,1,3,20.789705813141723,0,2396,65454.13921378302,0,0
25524.44459625164,5,6,18,31.78466907071376,0,821,158377.1411765433,1,0
488270.65312605555,13,6,19,1.1502015766434344,0,2192,33393.983955598844,0,0
107733.62485651515,1,5,6,9.377918430594626,0,421,41028.092522374216,0,0
50410.266933985295,2,1,28,20.558266407712157,0,1413,58599.8143017639,0,0
65686.10527070449,20,5,23,45.705403182285956,0,2283,14636.939228917121,0,0
13702.926472704747,17,0,26,25.953187208415308,0,651,50890.15726023897,0,0
70378.76499112956,7,6,9,8.61754966692758,0,780,45827.68505857792,0,0
19014.952438228134,1,5,13,48.154983311454835,1,2325,17591.354985306672,1,1
45530.497682138775,19,4,26,21.849788330372,0,2450,143191.70550059833,0,0
67681.51910093498,15,5,12,35.466836729828856,0,2702,45114.73454417707,0,0
295264.86299776466,13,2,15,9.739172463426208,1,3361,29230.263593127853,0,0
98001.11524355487,18,3,27,0.043223488115950615,0,2709,11175.385351327233,0,0
46504.02568767479,19,6,7,3.6344809626004304,0,1434,7522.68550610383,0,0
12001.097188189651,3,6,12,52.39458339080696,0,1497,257965.14467246283,0,0
137511.1475641079,5,5,17,0.6737011660035952,0,2536,426358.8562509982,0,0
62895.78990523925,11,6,13,18.128751676007603,0,3107,182564.0961436202,0,0
7058.8954175787785,9,5,23,10.523100647131187,0,1087,49092.39685090244,0,0
106965.93591735573,8,0,29,11.227600753015093,0,1138,131985.70017589623,0,0
43094.50554133824,2,3,17,10.243809399373202,0,2421,143797.51430113649,0,0
51733.221440393376,0,0,29,1.3961318014514918,0,887,28512.193987815474,0,0
182544.3394388926,13,4,8,2.6097035108957907,0,3197,70556.75816871112,0,0
14769.782367144304,7,1,18,1.3001453960485065,0,1172,251393.96486721936,0,0
41608.35911146622,22,2,2,1.1083062837853648,1,2367,26287.85906796385,0,1
45203.50691807097,17,3,17,1.7899752475694943,0,617,86986.81895264899,0,0
333.4913303064351,20,2,25,23.855197548699447,0,2166,86904.93027063095,0,0
186645.44578871288,11,1,12,2.4253991632368246,0,2815,48216.36469868683,0,0
180370.5954300815,11,0,13,6.0624957470346885,0,3583,53919.16603735371,0,0
108422.52078576866,9,4,15,21.39753381533388,0,243,48760.75416339362,0,0
229205.0030484226,3,1,11,2.381655010186814,0,908,58897.222825020246,0,0
31867.28415845477,19,2,24,48.215937515731625,0,544,12886.56601623769,0,0
24926.973803776906,4,6,9,12.982000285294035,0,2667,126680.99680629886,0,0
7098.141921185537,7,2,8,65.96784735335154,0,97,86558.14142219572,0,0
89651.95085523758,18,2,20,4.276510451444707,0,304,291427.70843172824,0,0
68588.45277081031,21,0,25,0.6220622586456405,0,991,22551.183909471965,0,0
166281.925735138,5,6,15,17.84569432101527,0,2017,12622.95198314083,0,0
65640.46076403513,15,5,24,7.97192666254018,0,3326,33551.41982079205,0,0
22719.703031514015,22,2,17,16.990899631223918,0,3448,57025.782272904195,0,0
165861.19669141024,8,0,26,12.83578425258744,0,1211,18354.014604510896,0,0
60780.39096627,10,6,14,12.218672017746625,0,1300,49383.98238357366,0,0
311971.4447582618,2,2,5,38.10003721565009,0,2665,82314.93950846896,0,0
76458.17822359157,13,3,16,4.25975601832096,1,869,4624.846880202678,0,0
12413.446442086788,4,5,25,13.848345524417617,0,2853,113515.27696236728,0,0
190397.3040841985,20,6,29,10.757231868641417,0,1576,224688.82147375724,0,0
210710.37253134945,20,6,28,22.403017012599555,0,119,24985.113116038425,0,0
58956.502090457165,5,3,8,1.0286590663322135,0,957,119768.19606397249,0,0
2633.6798099704274,0,5,17,15.07580483458488,1,1592,43293.750753791064,0,0
3017.4165476708295,12,1,22,13.022479366558777,0,1806,87354.61064134851,1,0
43255.25628518686,8,1,11,72.67314242328627,0,3236,108699.3380429303,0,0
125959.90516150353,2,5,22,28.197141141706993,1,204,27961.60799809689,0,0
40204.86723018566,5,4,18,3.3678669728828248,0,3418,123866.52021440963,0,0
775.9953448576784,19,2,27,14.234959714032163,0,2082,8884.47722907201,0,0
188763.8604290389,22,2,2,30.625193196728155,0,2566,345748.89948900806,0,0
346517.38702043804,7,0,1,14.87068573491083,0,558,32881.43793714203,0,0
42521.300320706425,3,5,22,8.822905955279767,0,1741,20267.889810993118,0,0
7588.232366692255,5,6,9,9.45311490728702,0,2454,11940.72400172362,0,0
34448.06249651804,11,1,8,9.145821809246238,1,355,133782.60299707146,0,0
160447.91058992324,11,5,21,0.40312510241104416,0,3155,70529.96332307733,0,0
78145.08994844946,6,3,24,26.23087419731485,0,2021,242376.71514686127,0,0
48448.500302385815,15,0,2,18.87754320413749,0,1175,83456.86856563854,0,0
40680.63577482835,6,3,12,6.258015406315053,0,2162,33313.14476119149,0,0
12261.397246812066,23,0,27,19.886308926272257,0,1600,144832.59771941853,0,1
41477.898506836325,2,1,6,7.384477962056467,0,608,26417.66999159122,0,0
63508.28901728177,12,2,28,5.577918354554315,0,1196,27494.005953622658,0,0
111822.65951521033,19,5,2,27.030353854353315,0,11,2295.013905612082,0,0
30391.763163618885,8,2,24,33.12111778155256,0,1604,23230.610762022967,1,0
227671.15289896948,10,1,12,19.654414156932297,0,317,24243.60849899699,0,0
66319.95808254975,6,5,18,30.66311861000753,0,2636,28251.23952337194,0,0
51946.49356794121,22,6,5,9.10466860531334,0,3640,36788.87992207615,1,0
90128.8192890911,14,3,13,1.490242736174244,0,691,68769.01364793838,0,0
18347.071252972542,0,4,28,18.571599131722508,0,63,19507.61065733711,0,1
11270.453500113326,1,4,23,5.913646427836561,0,3303,81015.54448788863,0,0
42547.45242276543,0,1,23,30.054707134516132,0,10,11446.380677288773,0,0
4075.2613254582693,14,6,4,8.866690413791932,0,499,213788.66187225597,0,0
47414.53155086049,3,0,8,22.214084382039267,0,3032,2116.57278896685,0,0
111317.35637840148,3,2,23,16.097944297368826,0,2967,191049.59890851684,0,1
167196.408175518,13,3,10,34.01843513285195,1,1537,63384.426041527906,0,0
86693.6700068311,4,4,21,35.71221881044039,0,1584,99042.45849164233,1,0
117547.98032095535,20,2,14,1.4148395122527626,0,1911,28344.81718508588,0,0
179053.89359892393,0,1,20,6.994430863279187,0,2204,15273.354665336064,0,0
148337.85455999433,14,2,2,40.94012790778785,0,2220,235443.15416645154,0,0
38563.58860557425,6,5,2,10.349944246175838,1,237,46529.01083607415,0,0
85196.1637237762,15,4,4,14.466740586743631,1,1141,52393.064234461446,0,0
30768.50102138965,21,6,24,4.050741292469086,0,240,339678.9354586982,0,0
85880.93587630519,23,3,11,16.089901371234593,0,2434,32766.139823930673,0,0
55512.82801344691,13,0,22,6.147220299483162,0,1641,8445.874354721996,0,0
46648.85051639882,14,0,9,35.34917219295782,0,570,70728.0011808582,0,0
20280.668452515732,14,5,18,4.46898982641185,0,170,64739.8950457327,0,0
82497.27037247202,19,6,29,8.921217779682802,0,1809,118661.21102131721,0,0
130680.31207016362,0,5,23,1.998041742757054,0,421,248226.38020098908,0,0
84695.05640811288,18,2,17,17.733768865231912,0,1964,29415.91041373042,0,0
7173.949883683817,6,0,2,56.93661471203015,1,1047,102352.17840463438,0,0
258133.3364849503,17,4,27,3.802782624642661,0,2344,45604.03338761728,0,0
550.6180767512823,14,6,25,0.39869097782412644,0,3285,122514.04193627862,0,0
216332.68744831174,12,3,29,10.979660041460384,0,3231,14356.64126313859,0,0
145274.7573498647,18,0,24,27.599500266003176,1,1612,55588.91867729174,0,0
10154.257333769343,17,0,25,73.85826602437987,0,2269,6426.286964650834,0,0
26992.64824595952,3,1,7,1.0528117698014456,0,2282,65892.28046244956,0,0
42919.52379895329,17,0,12,30.83202363930007,1,1916,14807.498142297298,0,0
241129.46449460552,3,0,16,9.198660493701261,0,909,257600.2562425393,0,0
390834.0473290308,15,4,10,3.338371816710533,0,474,64654.180415749935,0,0
9120.371731477238,13,6,28,4.271419219721281,0,481,60295.42444876629,0,0
50572.55431832313,13,0,11,51.509873325427684,1,3452,286994.61117410613,0,0
16167.441237518029,6,1,9,33.147110319057525,0,1122,55198.62129264349,0,0
32633.497731067135,12,1,4,7.471454702709014,1,1812,90340.51628804463,0,0
396702.32059235545,23,5,16,56.33173692265036,0,778,3824.5003037854603,0,0
416215.962125992,13,1,19,2.2242924822814607,0,2241,98572.99822320456,0,0
63892.02798131752,9,0,20,7.78799036849688,0,2868,8812.906026497605,0,0
20228.600748384022,12,5,5,21.16406692706745,1,319,121215.58395042582,0,0
79190.41990674638,5,2,12,149.01782797419364,0,1693,167545.4651609314,1,0
38667.06470357047,10,2,10,12.533774464488596,0,2486,30321.575510902338,0,0
264269.57022754767,5,4,14,33.29001747458153,0,638,168384.03931508755,1,0
170492.67984734318,10,6,20,49.50686469918493,0,86,52720.80189199057,0,0
36938.489683356354,18,2,20,0.19350153617214008,0,2610,67811.36872546196,0,0
1847.8782211994505,16,4,12,6.819989782239867,0,1601,42344.0011524677,0,0
623922.6481898057,2,4,23,2.1152064231313528,0,3116,51783.89796934679,0,0
114993.92220390539,0,5,4,29.927564644964583,0,3336,191113.24627141468,0,0
55465.12957666009,15,1,20,16.742680342013884,0,2297,235442.69019445742,0,1
34031.763433883025,11,3,25,2.0087849829245887,0,777,47228.32428724692,1,0
443.42552884663354,13,4,9,10.919537572151574,0,23,57783.2562352386,0,0
16718.79412792803,17,6,14,14.429672737886394,0,2812,9879.694490145801,0,0
588.8638935791333,2,0,5,23.93011127198191,0,2260,31517.05799635384,0,0
91026.99685875278,23,1,9,30.235721863002052,0,2978,57598.26359182164,0,0
108869.14776982159,7,0,27,1.8395033856462204,0,1552,18110.17692679686,0,0
145584.2282598254,17,0,2,13.374773951366727,1,3319,68742.42508104925,0,0
20702.337672964135,15,2,12,3.5138341190068174,0,2006,92486.57597568295,0,0
10089.369585355082,14,0,28,27.98804227708485,0,1533,83976.63801979343,0,1
105113.47086278883,21,5,12,21.439533770779104,1,1262,46745.21478772478,0,0
69293.54410682144,1,4,13,25.67482434642177,0,702,117337.59982899185,0,0
208494.385225763,15,6,21,1.5591066632095036,1,3072,30796.83122109491,0,0
76199.58272886052,22,0,11,14.280251656449078,0,727,50681.19420212948,0,0
58846.509062472905,9,6,23,36.72434299225133,0,2625,25193.83544447972,1,1
66948.49617278509,10,0,8,24.98926626523856,0,1716,74032.2882728059,1,0
152473.7078409126,18,2,28,39.57354040894187,0,2673,46486.548186004955,0,0
1847.4812306825386,23,0,21,4.616069647373108,0,1687,19581.3269118678,0,0
250361.79412897845,18,4,12,6.762691037432874,0,3110,29474.93079196605,1,0
125242.46743991357,9,4,9,11.64210396552685,0,890,26221.244606452066,0,0
216534.5811165035,21,0,12,14.815560261384631,0,2418,193451.09694074807,1,1
320890.0604300598,16,4,11,5.811401170521937,0,776,59043.91144020123,0,0
25618.81700430546,23,5,19,9.600670568513822,0,1576,84595.13364559744,0,0
86355.78579725047,22,5,29,23.233770654788554,0,1730,218342.4467836812,0,0
66561.70873053133,0,4,28,20.7342451937876,0,432,16092.738497296357,0,0
77136.6282009717,6,2,8,2.3413103150400234,0,3341,221034.84634145332,0,0
4844.386550482431,15,6,27,84.95361092253148,0,2171,62059.234099931964,0,0
245324.26314236684,10,1,25,16.54478473543175,1,3099,155154.45209496177,0,0
309409.91355933785,20,5,7,13.216015680432191,0,1710,14713.399640594813,0,0
115557.73583965903,17,1,21,68.37532584144336,0,2631,25499.248494394084,0,0
29878.02833562103,0,3,25,3.02412070411229,0,3,17270.700359810806,0,0
154743.27261645556,1,6,27,15.690927889639582,0,853,84771.74027740552,0,0
131247.33689903395,21,1,14,32.70307311321864,1,3389,12136.690695002057,0,0
85470.25676830801,1,5,29,10.180002115010286,1,1096,125818.61013047231,0,1
18661.81699847879,5,5,24,26.65921957753989,0,145,23061.117061574005,0,0
22461.8265881876,23,0,28,45.884987122640496,0,3482,23600.757467261046,0,0
89014.77930095942,7,4,24,6.066829863774563,0,1309,26405.010960811043,0,0
13791.216779238935,21,1,22,5.527196094092898,0,2120,109756.0092231213,0,0
128709.95400066336,20,2,2,8.947176515657926,0,1958,206389.39615035642,0,0
23901.900608836517,19,3,20,10.84087458821083,0,3251,190452.39212150162,0,0
241329.11192886572,13,0,12,2.354159118982312,0,1067,8540.405319423293,0,0
229984.01970168913,21,1,1,5.260804074628459,0,1224,24352.291167366187,0,0
34757.90982032401,20,4,28,41.307305766271426,0,2824,89223.7278958761,0,0
8706.975615512438,19,2,26,16.721472214247715,0,409,77102.17425938057,0,0
94524.54124846989,21,5,21,6.234585807370961,0,3306,34466.21058652348,0,0
59495.837335086166,7,1,29,57.50385764828711,0,362,158930.51055072277,0,0
15514.48886937477,16,4,10,29.771955820824605,0,1526,11183.852753384333,0,0
75817.96336944093,4,1,1,9.001835027531634,0,1148,81517.25035948442,0,0
492320.7401377164,2,0,22,29.001121531593913,0,2359,25515.600467987333,0,0
7147.765079358127,23,3,10,18.12939681249044,0,2221,59922.33107737867,0,0
30638.303145621598,23,6,8,23.028769039929063,0,2523,39214.75288050975,0,0
77352.08939167355,17,4,13,7.755921983075264,0,1238,311909.19402286207,0,0
157678.3336943822,9,3,14,4.701677108200332,0,2883,53350.38059706454,0,0
1893.9342426056778,3,3,10,5.849354132519676,0,2873,298688.032473925,0,0
131960.81735589297,9,5,1,1.7489813047150014,0,3633,23551.930969441397,0,0
15068.74837425867,17,6,6,12.73675922107643,1,1269,116861.06699893952,1,0
177596.17745834665,12,2,12,10.425375360659528,0,1078,101001.10334450424,0,0
117822.72011407881,21,6,20,0.05085805577068344,0,1126,150523.50733725805,0,0
60974.64705059884,16,4,15,38.809830498297146,0,1521,94631.05607514984,1,0
172363.33110435546,13,2,13,22.90585438896535,0,536,91746.70189167341,0,0
132068.89756543128,18,5,15,11.838586142892009,0,2622,86471.47760389595,1,0
142372.2126849857,17,6,25,68.23782235889908,0,1825,336251.9312230549,0,0
34259.417053038094,22,3,28,56.44957084122791,0,2659,20711.791194329984,0,0
96605.58579059495,7,6,16,1.9985488853058846,0,808,2446.113219140857,0,0
15210.982515862812,17,0,24,19.097473367143245,0,157,90649.060352528,0,0
171959.19126163187,15,0,12,33.96783983710284,0,3080,15132.011407205397,0,0
74811.48402911094,10,1,20,3.7978472857080217,0,2507,91000.87326391162,0,0
174230.46598779756,16,1,11,2.7384472213452375,0,1296,30815.9965327984,0,0
23718.78136384676,17,4,12,6.016096784985644,0,1915,3545.558070594553,0,0
13965.468837167,18,6,27,6.560948574068083,0,417,117493.41992192829,0,0
116786.19518853603,17,0,2,67.03935324748787,0,2368,4242.377759096161,1,0
6017.2096234276505,13,3,29,30.325995484408356,0,1279,20302.48131868683,0,0
27969.531243359517,16,0,29,1.2319323490928848,0,1181,32807.09850333928,0,0
239375.39807970158,7,4,22,30.880628395985525,1,1329,11394.188769110866,0,0
14243.718162041863,14,1,3,3.717907144679743,0,3181,195872.8586200491,0,0
47089.34476340274,16,5,17,8.839738403007635,0,2136,77794.28905432843,0,0
291107.6787764812,20,1,14,7.669755987855558,0,2754,166609.13148116053,0,0
2020.5988867860037,10,5,27,6.359570103705725,0,2053,91669.4103678336,0,0
58935.50984620446,5,2,7,7.385306934140318,0,2776,385721.0134043374,0,0
154392.74650802457,22,5,20,28.064866015576392,0,1461,59580.97668080822,0,0
239668.04705012255,18,1,14,6.200023235782991,0,1580,4420.997421701363,0,0
133020.48713251247,15,6,9,32.26129933863755,0,1263,14030.088448557632,0,0
219276.0155828502,11,3,29,1.9085774335740346,0,1159,71022.61054691172,0,0
3497.271040857437,14,6,10,18.08575668114492,0,991,34183.55620535883,0,0
10522.294656719503,10,4,26,39.755614476233,0,2014,9583.155859402854,0,0
133836.7730881032,6,6,11,1.6523590865747186,0,2560,21759.370276629834,0,0
139969.67826751774,23,6,11,20.15100768467716,1,582,51483.175523728096,0,0
92955.69520219325,9,1,27,14.333096731370262,0,2885,58415.08481891872,0,0
131035.79295982681,18,1,19,8.067579750317401,0,2639,218155.71991443782,0,0
195230.23783375838,4,5,29,2.1222056603940085,0,2459,7604.5907917665245,1,0
78851.88845669065,16,3,28,22.570214281819677,0,566,35429.367872169154,0,0
294360.2198397138,23,1,13,7.403251729989497,0,1225,56425.55079656814,0,0
118494.71145141468,18,6,10,8.277579177487052,0,2430,9616.96094605648,0,0
63862.50663861809,3,3,16,25.288100970768397,0,2839,93129.42013029139,0,1
54734.80616609612,0,1,10,58.13742559162237,0,3258,57893.1447971113,0,0
138696.17660307017,13,3,10,8.11842757825436,0,1653,49222.6153233399,0,0
99552.12338902046,16,1,28,27.466226046151085,1,1623,85387.8300240054,1,0
170069.48441705492,13,4,12,62.75007730624412,0,1326,27153.370883655873,0,0
151862.08234706963,5,2,1,2.0589785229907323,0,2663,33159.71363499061,0,0
74276.33468618793,21,2,28,15.066520877724079,0,3375,14205.68450362364,0,0
291326.4023027045,4,6,18,0.22454247985643938,1,1501,59340.95149606706,1,1
121826.53485094526,2,0,20,34.87974283492591,0,2363,37269.29649565175,0,0
22419.35870602517,21,2,28,6.762411526020794,1,3501,24124.184494566547,0,0
96361.0807843953,23,6,28,8.092334173531667,1,366,10658.94530456596,1,1
22541.24431487343,14,3,11,23.249384890356982,1,3134,1879.932752864275,0,0
81836.87276719624,6,3,7,31.134994184919393,0,822,17189.458061471218,0,0
156033.56650333328,10,5,14,10.216187517834044,0,2173,22740.49678890306,0,0
167400.4926166237,9,2,8,21.903567873215273,0,3019,53154.87479705895,0,0
105218.21018671116,13,5,4,62.63306129559339,0,1394,22059.92423392945,0,0
152926.98524345638,2,3,3,43.590063843843424,0,653,136147.72168333567,0,0
63910.53945016256,13,4,10,24.165916627427325,0,3340,51415.93076306443,0,0
79996.6192801152,16,3,9,57.316510097616764,0,1538,78213.03806453978,0,0
211699.37165769932,3,5,15,41.73948455894283,0,2090,18649.283385413706,0,0
67940.33616571879,5,4,8,26.11339876702717,0,1206,43045.89753232575,0,0
43221.330575077125,19,4,13,49.83808368326413,0,3083,73860.66734406198,0,0
159451.26967931754,4,4,22,34.00810179814242,0,2288,29806.448876728264,0,1
5179.204791364332,9,1,25,13.95331139891825,0,369,32781.638102255296,0,0
317862.24082469055,6,0,24,13.954428657468288,0,2454,131781.64350694834,0,0
41561.42233260331,14,5,7,0.1765931471252879,0,213,145209.47192465598,0,0
99321.5405738371,20,3,13,0.6143339680535754,0,2157,60903.96370198225,0,0
115662.89308529656,20,1,6,27.42634913679113,0,177,181385.74162167258,0,0
14743.116847646443,17,5,10,16.183236122248815,1,2085,106751.42904894035,0,1
173081.6291620837,0,0,19,28.622330223188932,0,1828,4551.163274489725,0,0
84889.60404127154,3,1,28,59.780225879741494,0,3033,65582.76449885372,0,1
39739.07201971723,10,3,11,12.048976215227057,0,1713,95731.5240048608,0,0
190170.2952823739,9,5,29,1.8520801162112956,0,570,62276.33509536859,0,0
98104.36180582647,12,4,16,19.699928730573177,0,3331,142691.80494409543,0,0
154074.32120704747,23,1,22,2.101295907317472,0,962,28629.724752725575,0,0
486780.5452670315,18,0,20,19.420376850662617,0,987,5417.705832443673,0,0
13957.982891648033,21,0,21,15.004462992691261,0,161,80326.8540876398,1,0
138468.15975086886,9,0,23,24.91097835025283,0,2962,104984.23668013497,0,0
141745.90096096948,17,5,29,8.645204970505798,0,1968,115940.05114985218,0,0
207696.19310453304,8,1,14,3.1064693683244613,0,75,889.7716664147355,0,0
52435.921187391265,8,6,23,5.38926091281337,0,1223,89516.20002489304,0,0
203754.2220414543,19,6,28,23.017132240342583,1,2085,1675.6496201641269,0,0
102132.69604865092,11,6,9,13.008098976026353,0,1714,119256.34331433159,0,0
7125.131877868104,23,0,16,15.566150052745364,0,2596,97150.17693727642,0,0
3202.4091383705663,13,2,9,7.801633516160954,0,3359,67037.91245580134,0,0
65678.71201898306,1,5,6,36.24359112793861,0,1448,56470.133581520815,1,0
154099.4861562561,9,0,6,150.29741655902197,0,2486,100451.57097545467,0,0
48488.42393895483,17,0,29,7.48532123880322,0,1856,4711.690531672548,0,0
190940.95393641258,5,1,18,25.363231233122608,0,710,142793.52974152623,0,0
67751.40500562002,1,6,24,3.7531210599330715,0,1397,17974.196962831196,0,0
2664.0193211479163,16,6,19,27.129425366565417,0,1845,51974.66368862069,1,0
363685.87065478467,17,3,17,11.27227336257712,0,2998,53367.08202522631,0,0
67258.35969872877,17,1,4,18.592874262649524,0,2273,120091.00966720938,0,0
105021.07057061161,20,1,21,5.424645795286528,0,1991,17153.64364752325,0,1
22225.546531753913,13,2,19,38.16452668498961,0,2880,28505.399362475506,0,0
35286.88611309361,21,3,23,3.8071223423490252,0,694,87039.42063328094,0,0
66220.00160418458,10,1,27,52.79067226673974,0,1601,42587.33426969415,0,0
193925.67519873945,18,2,21,1.2640867400910163,1,1639,28404.229166969177,0,0
10753.42375839828,15,1,11,6.793029082663753,0,2478,77706.91038728201,0,0
151567.29900185065,7,2,26,16.5539474474437,0,2022,7244.074583419514,0,1
86595.60140840296,17,5,21,39.104671263470706,0,2218,124767.51074726193,0,0
69247.79528915495,2,4,22,17.20883729233402,0,3442,59513.012044322255,0,0
209222.6190173923,3,0,11,4.869825649588263,0,2672,18455.811874579394,0,0
12569.94376174175,20,0,11,39.18464400369476,0,93,42009.64047887405,0,0
468357.9817644181,4,1,22,18.134834916710258,1,3548,11240.04292308586,0,0
192849.67443347353,21,6,25,5.288348629803884,0,824,76690.17500257264,0,0
39413.4932843154,3,2,19,16.503585357807673,0,15,88523.64544261871,0,0
60070.73956436983,6,6,8,22.497026520063294,0,2334,41573.96322944418,0,0
2532.1202566786747,23,4,27,22.82167880684576,0,3095,33203.727734974374,0,0
74993.97722605368,19,0,23,25.7474222483911,0,780,151654.88062376133,0,0
79345.28740991533,5,6,16,45.21697364653927,0,2551,68654.81181809766,1,0
261150.076415649,23,1,25,34.83905920076148,0,604,87974.13368460596,0,0
49090.15583755944,16,5,21,18.714415660906283,0,863,10913.162529870646,1,0
84540.82052522001,13,6,23,0.6538815939897524,0,123,99952.57084178689,0,0
134945.08731173567,4,6,8,27.68771315980156,0,2663,47046.88830968546,0,0
93781.17519713027,14,1,9,73.74515351749258,0,1296,36540.894025695365,0,0
16980.882264382115,22,2,24,7.293180963619541,1,1182,212062.7697090202,0,1
18851.903345186274,9,3,12,18.673754560685143,1,2628,4435.434511045022,0,0
14889.39395034466,1,5,12,29.277907167544022,0,3361,17413.32667574646,0,0
24555.400200454937,11,1,2,20.38247663048572,0,441,37605.421523353194,0,0
39798.77932300948,10,4,27,51.16216864623084,0,865,31329.721597456646,0,0
134579.52313589005,6,4,6,12.824000467158907,0,1276,57179.717998858905,0,0
6286.079339117653,6,3,4,15.179192709726694,0,1692,40986.41407777405,0,0
171727.34886402285,18,4,29,0.7798772973376296,0,2517,124202.67358378095,1,0
30443.82229146044,6,2,13,46.09601335112255,0,1743,116881.62333258576,0,0
95042.59971533036,13,1,4,6.083894835005142,0,1562,118404.3805617994,0,0
80467.85977194489,11,2,9,76.72076204662845,0,526,36880.91714730079,0,0
16726.220395577617,9,6,7,4.5155995236415105,0,1721,41854.59617157879,0,0
33869.073145493705,4,3,6,5.846005825225879,0,1679,101969.34262765331,1,0
35086.4612755382,22,3,18,13.257234365925882,0,1730,10609.252746849093,0,0
97771.50335657949,6,2,15,21.60563116218694,0,2064,152800.00202814443,0,0
155353.26242168483,5,5,16,11.620119992521701,0,2341,62341.42694884554,0,0
559634.9022137398,19,0,1,8.671629848479679,0,2299,150997.45466984666,0,0
10081.224571421946,23,3,10,15.534357788591304,0,1803,126236.29503976111,0,0
279143.3831682372,1,1,4,63.544276326339705,0,779,37521.36421386024,0,0
82445.49710541578,12,5,25,65.37813318628241,0,161,8567.602413505005,0,0
44124.95213950833,15,3,4,7.951271807008114,1,3330,202892.87051885008,0,0
33487.819507117856,7,2,18,22.798603187320168,1,3617,33801.41642177877,0,0
23450.852412468837,12,2,13,25.59637473193192,0,3135,37439.38864795302,0,0
81435.4010994661,13,4,24,21.192666417428214,1,1923,191794.3114488544,0,0
291908.48708424123,4,5,22,2.398437146188695,1,340,199448.52902419466,0,0
20108.35525035575,22,0,1,15.507791020064525,0,2337,24403.208350697234,1,0
57299.72573351057,2,2,20,28.815146745779572,1,1009,7453.151389154204,0,1
22796.532044285897,13,6,10,4.483120185592833,1,802,88.69124362843445,0,0
19313.627896477024,22,4,21,8.560621207305374,0,3150,46142.204832841526,0,0
201546.70982000406,22,4,1,4.5581083955025905,0,3508,67252.63127899992,0,0
30376.070247533156,12,1,2,43.594707972201476,0,861,25213.90960438969,0,0
28498.150192928486,16,4,9,39.11358043749105,0,962,24061.347253735545,1,0
240564.03848887037,8,0,1,3.7073988559175,1,242,35302.104885885594,0,0
48782.59635836292,6,1,15,28.5882326541973,0,3016,24422.629246522825,0,0
875.4889287528202,17,2,27,9.050381743750718,1,1947,156401.62824785808,0,0
127720.9136042632,20,5,15,23.178139514231276,0,1480,82366.24905200269,0,0
72776.34826094127,10,6,24,13.599413310396148,0,839,141262.46815898913,0,1
148780.1844927359,15,2,28,12.772381984306808,1,3275,157562.7818454493,1,1
84465.53383391003,17,4,27,42.62056071807521,1,2420,45675.77212330638,0,0
43273.43649600789,6,3,25,20.265080152397744,0,1255,51942.28265383166,0,0
6888.318798318042,3,0,2,5.3776759219836325,1,606,304683.6963212409,0,0
200944.26287273524,18,0,12,2.3477388300940136,1,2535,135791.57701805024,0,0
23203.881526979843,21,4,18,54.18306909266452,1,1201,127917.16433251544,1,0
355253.1516311693,23,0,23,3.330207141099932,0,1327,70110.46805257126,0,1
28214.44401209097,23,6,10,26.490929999524397,1,2709,49465.48172856344,0,0
175466.94925422186,23,1,13,13.69760956717241,0,1941,180007.53074007592,0,0
155470.45196109393,20,4,9,3.0179783813864236,1,3271,130598.90445030277,0,0
62128.64080683071,10,3,26,29.980806764775664,0,1236,58184.13407597434,0,0
51366.94389431809,12,2,25,46.969342390039905,0,3389,25230.664194172772,1,0
121489.79170059557,5,0,3,2.590937853690403,1,3441,12745.867168846771,0,1
75194.75544926441,12,5,23,1.3889057922585748,0,1934,64363.08247001749,0,1
99955.86429203981,1,2,22,37.92240320601818,0,2964,28081.56524161135,0,1
63528.48816232768,21,3,8,13.90111757744755,1,1541,24545.471275929107,0,0
81453.4614491887,13,3,14,22.450022794390094,0,159,8944.833675030084,0,0
20967.22485855857,12,1,24,11.649309094459435,0,568,2806.4738088200224,0,0
5698.986341413296,4,3,24,10.635138474246,0,3512,122359.18199490191,0,0
43993.81076589908,2,3,24,7.123762255550648,0,1420,9141.792415779071,0,0
62710.095236929985,23,0,27,16.553153880995435,0,194,175577.03473000822,0,0
236477.55097319823,3,2,26,3.4824946397138943,0,2586,19241.775880650028,1,0
53433.22762206271,13,5,16,25.262483094567003,0,1092,114061.27889004021,0,0
56901.76659865472,17,0,6,15.944825492027475,0,2590,138528.20877980182,0,0
112341.14908649129,10,0,9,37.61454775267205,1,1506,125831.47837810137,0,0
23166.247340980113,18,6,21,50.76972119473106,0,3045,164994.68491170547,0,0
205291.34121637009,1,4,4,46.16940024396801,0,1300,33207.407159171824,0,0
55798.88279146241,1,5,23,18.38745525984098,0,2754,340861.08243682445,0,0
267056.6436398622,2,4,19,7.67605789766133,0,1645,26235.304762437,0,0
31644.977447451267,22,1,24,8.83748834047359,0,1443,217810.182465868,0,0
62659.64141060204,15,5,15,21.141888028090385,0,3407,46020.61220323407,0,0
150580.42261145147,0,1,24,24.893611468946972,0,2867,4689.350516735831,0,0
81176.58575971362,9,3,11,3.517699165398559,0,752,122938.30491572303,0,0
108247.96084002333,5,1,21,123.79183966934781,1,270,123871.50151976301,0,0
32947.162262111415,16,6,10,2.2746447524253717,0,3383,17581.72886334205,0,0
39818.04938451896,18,1,8,18.68360790389675,1,2980,138760.39462077752,0,0
70849.1279107257,11,3,3,15.144060654016634,0,821,13718.06944196691,0,0
22624.81698958901,19,2,19,17.88022436780836,0,1718,13136.372336115981,0,0
13502.527519636657,15,6,4,15.261303746164836,0,1014,132404.7491146982,0,0
185663.34017681668,23,3,29,1.1930919599448446,0,2495,27423.918589342746,1,0
149100.77383720927,1,3,13,110.05974765931666,0,2782,6399.495757304095,0,0
268908.5401037836,14,2,9,79.56009524234422,0,442,250513.13813300375,0,0
88322.30615281357,22,3,21,14.861541634096827,0,1179,65142.092678714755,0,0
54518.4671552495,18,4,22,4.672690218874266,0,514,47547.809757242845,0,0
10872.28464260132,0,1,20,4.040906088770919,0,2517,56112.099159637466,0,0
190024.12879142008,5,3,13,1.1748092682620894,0,1908,88802.24260686515,1,0
60928.26085713551,17,0,9,18.92772974824318,1,1102,158246.72971734987,0,0
82356.07650444868,18,1,20,13.01081910386597,0,3541,89320.65066013271,0,0
37618.30394604497,21,6,19,10.767766295811782,0,3351,107620.29916024908,0,0
74207.05262695822,2,4,16,14.897794301561794,0,2723,15891.011131968764,0,1
152212.4669335371,4,4,18,41.24821611078868,0,318,38772.75313446247,0,0
124569.71193970075,2,6,19,1.4668746980341685,0,3184,70321.48269268751,0,0
450285.2080356043,6,6,17,15.709165014603375,0,328,77281.87087516292,0,0
68448.27635955067,6,3,12,24.14736424296762,0,2107,25252.853119654636,0,0
75438.39226487665,0,2,11,70.59572273421735,0,1996,295053.58255877503,0,0
5416.691526705085,21,0,24,26.917806464873838,0,937,10061.927839873828,0,0
49328.50396475338,12,3,17,15.886530909050759,0,2977,9527.763220678351,0,1
255238.48223784525,12,2,6,29.114494154565627,0,225,20820.938785414823,0,0
43151.58073651383,14,4,27,116.57485834082766,0,382,112165.69799548404,0,1
145291.2201587243,18,1,15,43.91669497258191,0,2383,2978.8819158344554,0,0
379866.8169553287,6,6,2,1.866361510697663,0,1329,352938.0482938783,0,0
13564.632958942651,16,4,14,17.105227386635956,0,770,352044.2330728504,0,0
40645.51843491932,9,3,27,30.879948062109367,0,131,13918.200112210805,0,0
64316.571161053536,18,2,27,22.2872423257941,0,2250,41026.647561443686,0,0
27098.883660515938,17,6,3,10.790259406234323,0,787,18244.180291632143,0,0
1251.4345424101055,7,3,25,7.785272505510652,0,745,41941.9472781961,0,0
63224.804198446625,7,4,12,19.723801778069856,0,274,60890.58438549634,0,0
76919.95757357759,8,0,29,10.633112250086999,0,675,138407.3833543423,0,0
98198.84638242616,12,4,25,9.951526758589182,0,1257,2917.1284646949885,0,0
175570.77943040093,12,3,6,36.24844891116971,0,1019,346797.2233420885,0,0
29174.705416029046,1,2,23,7.585874418694959,1,3516,225827.0140527371,0,0
6297.821222463076,6,3,5,20.708465012142735,0,649,67595.28033178086,0,0
9412.924387052708,6,1,7,41.33973854967452,0,1247,52452.140822061374,0,0
68797.95457875564,19,1,6,19.445157262310065,0,1374,63995.32072962703,0,0
255408.2840185068,21,2,21,13.576499586300077,0,3301,1489.046403133029,0,0
402916.47239643085,0,6,19,0.718818198406691,0,1972,107056.03269950206,0,0
22947.76844220871,13,4,14,22.887212603095556,0,946,54883.55468403823,0,0
16483.618799521417,5,3,18,120.03860065924329,0,2060,26954.258225933347,0,0
43613.84772294033,12,5,21,33.05009780362656,1,3601,49523.89398754776,0,0
62341.52954242913,0,5,14,20.12792981354254,0,219,27689.07900834674,0,0
165059.99803249846,20,1,8,12.665308533931896,0,853,96304.69808379564,0,0
148990.89411217463,19,0,14,5.080412517627339,0,305,76243.47383113051,0,0
255962.27887363714,21,1,21,23.560202010065368,0,1712,39293.945089630746,0,0
195263.79007801067,20,4,19,3.90331991129743,0,2587,30178.431886619746,0,0
57766.452307159474,20,2,26,43.61592637736088,0,246,168322.7714479177,0,0
1920.6095075453004,2,0,3,8.738762171189064,1,183,91716.37037248461,0,0
26995.945252331534,14,3,15,10.209727274845964,0,489,100641.04690966186,0,0
94174.81239682119,17,3,21,4.867986677323392,0,2678,77113.69980074232,0,0
69614.04053789015,22,6,16,13.142568356155962,0,3469,6256.865282634026,0,0
27464.770207018453,9,5,25,22.817111489406514,0,515,4887.289818321441,0,0
14110.195583853658,14,6,15,7.213061789502061,0,216,44853.31975592135,0,0
24336.173511338766,7,6,14,24.202339125612845,1,1248,213314.2326807416,0,0
30076.044650955548,4,2,15,19.382346866925456,0,1125,59506.08743831246,0,0
201959.39555879775,8,0,24,9.316671482973064,0,888,166923.42406319708,0,0
123877.80024933378,0,0,7,7.502720728509086,0,1608,8122.74687832474,0,0
80370.44160290672,18,0,5,39.51307205349391,0,2403,103064.06276875449,0,0
2116.339493146006,7,2,9,0.24013606153742173,0,663,22518.809592077425,0,0
172146.7076003858,4,2,16,25.168981915117424,0,1744,59470.425672319696,0,0
80399.74748189417,17,3,28,10.80007269052147,0,1737,27729.038326574704,0,0
98708.99715980577,8,6,2,25.29511597553234,1,826,99676.23754191349,1,0
6790.062808102072,0,1,22,14.165745241281654,0,530,40984.67818140476,0,0
168658.92341415002,18,4,23,1.7517356654051555,0,625,49616.79607657307,0,0
178395.86391185748,13,3,7,80.40592118233398,1,2230,22519.606585351015,0,0
214850.87769066152,13,5,12,1.7994907053707503,0,2847,26442.491308694887,0,0
75096.59151911347,3,5,27,3.4498368955637853,1,486,15824.939318395884,1,0
50094.87112308805,6,5,29,10.906108248737418,0,2368,64558.77931415113,1,0
7585.169518548879,19,6,16,57.87195765995929,0,1061,12532.019988366015,0,0
21552.894520655704,10,0,4,6.936535833574582,0,1135,24980.127618952687,0,0
25562.65713692355,1,1,2,16.81727198848793,0,2018,60480.373760206196,0,0
6474.117016210846,17,4,17,14.739325434011478,0,1775,25708.076821466377,0,0
16767.948368713638,9,0,17,8.013955436950791,0,2665,71035.63455794347,0,0
217863.0234635174,0,2,3,23.836434169590063,0,1862,1141.221706903353,0,0
78834.30099553015,22,1,16,13.921522543023613,0,2916,289616.323238079,0,0
144600.73597599074,13,2,23,17.268588169558345,0,2807,104743.3638536335,0,0
32161.64937448781,9,4,27,4.7183817735690035,0,206,56065.18068338948,0,0
14456.12924734404,17,5,5,52.222751732130575,0,3584,202900.6304987584,1,0
46721.36549060887,6,4,7,2.3435130469034005,0,1385,163073.84544962252,0,0
157496.49441730592,23,0,28,23.441036849683048,0,1368,36526.48229378259,0,0
35286.97750429337,18,2,13,43.41291869833947,1,353,9875.548510164366,0,0
22882.82941083771,3,3,9,1.7552291957308406,0,2931,23253.042709977075,1,0
2265.173337883667,13,5,8,0.5834692179193433,0,1834,18725.164465369904,0,0
97819.59117067614,8,6,1,8.103915242424653,1,882,110921.93037466904,1,0
57238.506425637126,3,3,4,31.20799684347562,0,1565,63545.300299068964,0,0
29942.64869606999,5,2,21,25.272086711590227,1,373,151821.980287136,0,0
73345.71273269106,23,4,7,34.537092416913325,0,3526,53820.63692372774,0,0
120605.49669374686,1,5,11,10.133303974922143,0,2194,117492.39928400563,0,0
28431.0182091069,0,1,8,101.53235580919397,0,1949,31256.702133542884,0,0
93846.12385655128,22,5,8,9.117473932540602,1,2612,73734.57980423988,0,0
30131.168247995538,16,2,20,32.73445578039129,0,3445,81598.91803969533,0,0
431705.3299427447,3,6,11,8.640486712703042,0,1066,113932.0243649939,0,0
131822.5594281373,4,6,7,4.929363642311786,0,3380,128550.65445100522,0,0
92295.8273875788,17,0,28,8.209625553391986,0,3492,25892.71503215936,0,0
18914.16833353893,12,3,11,4.280647797890294,0,1247,38898.18616245024,0,0
88284.11824684878,19,6,18,2.7648059645361807,1,2256,18568.19408212295,0,0
161172.0907267073,10,5,25,9.049999357107861,1,1750,110213.5318010479,0,1
133600.96184660142,22,0,22,3.175089549136723,0,3199,25256.709139037986,0,0
150519.14082699735,19,1,4,13.956312477488357,0,2050,39677.483343165455,0,0
38243.18154428494,0,3,6,0.7210889261863591,1,563,129974.87624107725,0,1
39788.92316050479,11,3,7,11.289020713414647,1,911,33217.31671764994,0,0
77410.55561994006,12,6,10,63.404342626650234,1,1384,27568.452497676626,0,0
32664.196860056483,3,3,8,8.889678089246503,1,3089,84256.26859264671,0,0
11992.510105472471,11,5,4,2.9616801488906046,0,1677,296314.8530576036,0,0
61826.58642142583,5,0,9,7.28253077519679,0,2230,5173.661088305182,0,0
192.60304895625165,12,6,6,31.335032815168017,0,384,144042.2584133904,0,0
143028.09357280374,13,4,17,7.527616598471136,0,3299,10372.696938039782,0,0
138504.28217002816,11,6,19,9.673807317723606,0,2713,33837.16074178591,0,0
80277.43001359358,20,0,14,31.097717739549285,0,2157,43126.751128667434,0,0
137681.54060452888,19,4,1,6.037256086249999,0,587,101477.87963558415,0,0
97957.20693954927,1,5,6,13.012894104050869,0,1953,208909.38349585535,0,0
119552.62855514463,21,2,22,1.3050344164634873,1,590,8607.793277490611,1,0
6684.072561270224,11,3,7,3.8249191969984517,0,1634,109259.26781164618,0,0
213086.50217716218,5,6,1,4.700459382000676,0,3222,31123.147661964205,0,0
103263.14785606459,21,6,17,12.456816372183205,0,3500,185750.4004205432,0,0
94322.73243272217,3,0,21,34.40519739488185,0,644,26082.43922452578,0,0
48978.35093367085,23,1,21,8.754916198729921,0,364,94697.53070536366,0,0
2853.8797480204844,0,1,17,9.576456336564046,0,1178,14402.491378546103,0,0
231731.03172611533,7,6,7,7.16224138512901,0,1665,253506.11376996327,0,0
424506.7008576999,7,6,14,7.72769761983567,0,3082,346.69724713208984,0,0
164914.92930292297,20,4,7,10.333668289276643,0,2660,21206.040565814244,0,1
246556.48770803676,11,4,22,45.93271328587172,0,2,90147.14373437526,1,0
12892.196775431663,3,3,13,0.49356293188695144,1,1565,153671.6204750958,0,0
13774.047417889029,15,4,23,19.59448153011817,0,2969,403584.72116989177,0,0
211698.75175008163,13,1,28,43.72858405700786,0,3543,15221.263453728425,0,0
5922.564484564796,13,0,22,10.789992761053913,0,2038,29354.628977279306,0,0
9783.724671595814,1,0,26,21.048716984358865,1,381,177940.38513194027,0,0
169743.56157659076,16,4,18,17.624002433939403,0,990,2643.1813678708377,0,0
81412.83286696936,23,6,21,8.268881980443822,0,828,105737.01396481587,0,0
49713.16053424166,7,4,7,2.956497691542702,0,3161,44000.24035437236,0,0
80620.03973399862,6,6,2,4.959414759211287,0,781,93390.19142786814,1,0
210988.17326867397,12,5,21,1.1832229639421428,0,2722,59538.418179242406,0,0
141523.84625178075,10,1,19,28.94021329037413,1,510,78918.14952450737,1,0
117638.14416101057,18,2,14,15.220262918348533,0,1615,87888.27355407432,0,0
376729.9046291688,18,6,25,30.80136910790458,0,2599,79810.02993818915,0,0
73669.5315188785,9,0,26,6.855346698039153,0,2602,87385.68431143937,0,0
634.4156123029726,23,4,1,32.661515918542456,0,3028,67210.83318928843,0,0
56042.36493384826,10,5,16,7.398225576740232,0,3307,100111.81241797197,0,0
10155.879814990922,15,5,7,2.5870074866222863,0,1238,119697.12190095539,0,0
12381.1678316103,7,5,26,15.263271310553927,0,1817,124069.15378976824,0,0
29423.806547478343,1,5,16,58.11620740159399,0,1678,153665.54128624592,0,0
48024.33984720062,13,3,20,10.702163084291536,0,3411,30430.86948514952,0,0
65700.73293554097,16,4,12,14.48816115026666,0,622,109562.3524010754,0,0
18611.281324673593,16,4,5,12.003682767344115,0,598,234487.43750511468,0,0
37356.00980315093,10,5,17,12.228940384800985,0,1239,36641.96732537698,0,1
32370.922408872848,0,0,21,4.825012442888228,0,509,120277.00852726563,0,1
45452.004403157596,18,4,27,10.980326206401402,0,423,27564.21477877564,0,0
11427.855757049138,0,6,24,13.739365005358371,0,1669,15444.971962934942,0,0
50640.36758955517,23,3,13,27.318737519787103,0,1758,47308.916215297926,0,0
80822.24817805807,23,6,14,3.0125472933728474,0,455,131411.51818338668,0,0
10197.527772299887,3,3,22,16.954608578761786,1,1470,29352.167317026433,0,0
73557.51059624729,23,5,29,21.705618369495056,0,2301,27957.71818716388,0,0
141022.99756644075,6,3,16,9.651005204764827,0,159,26022.412124898812,0,0
827.382237485196,19,1,13,15.933049377599291,0,3207,19684.4209861815,0,0
4869.479858865761,0,3,18,24.808728677861925,0,3199,75556.9043732136,0,1
62824.80188216612,10,5,18,12.513554594476277,0,758,22306.972103053526,0,0
206181.81908541845,12,5,27,8.109829789869913,0,285,218549.9264373896,0,0
611418.0479943976,2,5,9,34.825497397125936,0,1075,33963.39999676835,0,0
9804.712087842756,23,0,28,89.86699776803187,1,2009,62540.56980161646,0,0
1851.22583157484,7,2,1,4.8831448292841255,0,717,42098.21865586714,0,0
25976.853501836846,11,6,28,44.03575397842543,0,3312,263134.70934545866,0,0
63011.649784381974,1,6,2,15.76801726034477,0,1909,44133.40717484445,0,0
84815.53553602783,22,4,8,11.88136450159453,0,1017,66352.99794136819,0,0
363004.13427645335,0,4,13,44.72904582661556,0,2127,115318.61132856984,0,0
219340.5108994612,19,4,6,48.23435783542866,0,3251,15031.43140512584,0,0
82576.17302745057,13,3,19,6.367135546224256,1,1886,2654.9144617719817,0,0
44896.8574923311,14,3,19,8.874940114146842,0,967,48545.80405488949,0,0
38757.1829808652,22,3,27,38.200625109787794,0,837,63994.664591431334,0,0
85009.26640010056,3,2,25,13.499251750595151,0,2062,27068.757640800304,0,0
127780.89614963473,19,2,2,6.794353387623657,0,94,49666.81597141204,0,0
65713.51161818752,6,2,10,65.49618900632188,0,1047,76394.30399748884,0,0
36297.87421771534,0,2,5,4.893424431366113,0,3152,289766.35129329085,0,0
94975.795876081,4,2,23,18.849471148703813,1,2392,73659.48162731511,0,1
81631.41423141422,13,4,22,11.169403595046813,0,3627,47660.92104628417,0,0
55751.25996417908,5,4,1,12.004125190187976,0,2616,1822.8909905024366,0,0
137973.90471979932,22,2,13,2.240725463585105,0,1429,29752.744199431116,0,0
33159.37503112254,6,4,12,5.944907922290933,0,3179,35513.93717393554,0,0
66344.27609006988,11,2,10,3.654362937917524,0,926,51845.42681280241,0,0
281908.55505033745,6,2,3,27.69589931400299,0,2508,121923.61726645785,0,0
128311.95068040151,17,2,15,23.929645173405312,0,2805,119648.52548517258,0,0
49097.70706011396,21,4,5,31.60767659892057,0,365,149294.15365355712,0,0
79004.9639278634,15,1,28,24.030375012724,0,2472,27398.386282558426,0,0
52000.41128171993,8,1,19,2.7556174981654014,0,94,34028.04250832091,0,0
11940.086251162094,6,5,19,76.87979344273396,0,3174,13024.00133866189,0,0
40787.38084121181,22,5,21,4.177832003483311,0,1558,155825.79276358188,0,0
196928.31266138807,13,1,29,8.62949906359936,0,386,84498.30315337547,0,0
61841.453856595166,1,0,13,24.54327715453015,0,919,6457.760238555823,0,0
87860.3647216935,12,6,8,3.0269007117672015,0,1642,28953.033665395797,0,0
20021.68376682066,6,1,26,3.7387929957358716,0,3287,13258.401781304776,0,0
44041.58186866632,18,1,8,41.842455247183636,0,2518,278492.4141279878,0,0
264796.66888730985,1,1,24,8.069789719860266,0,2238,31396.346352911918,0,0
37723.55803097304,5,3,6,21.90740572192968,0,3614,54888.53283420859,0,0
28843.043911558896,11,2,9,39.144264633837736,1,155,30606.556749042433,0,0
5752.299228523679,1,5,14,72.38761186045468,1,2018,51441.437984516364,0,1
10228.837102799236,16,4,5,4.72168065829566,0,1483,526978.2314835798,0,0
87896.92684763085,11,6,16,2.6233264052237,0,733,27105.542025017454,0,0
107890.61330327012,19,6,14,26.998241590314276,0,37,26572.196410089,0,0
102605.1134319032,8,6,10,4.170070464494775,0,2374,37138.21250287824,0,0
77615.78210736022,13,3,23,17.359070676544547,0,2576,14840.540175426288,0,1
67525.0874295581,2,2,17,15.213329935031174,1,3196,107456.25819053587,0,0
7487.540860105857,2,1,16,16.416124992444068,0,2068,38157.78690928876,0,1
183693.67548381764,21,1,20,20.98460829693437,0,2890,69563.78950531868,0,0
71965.6998959114,15,3,17,38.0616982644577,0,942,86611.97097160849,0,0
14146.526191532788,5,4,16,6.344087504214718,0,1894,2886.9604885319827,0,0
14600.828431262247,7,3,10,16.204559469796074,1,3301,82626.5912983202,0,0
71940.18820583318,12,3,18,8.210106552078347,0,2427,60874.58124800797,1,0
28047.68928606926,21,5,6,7.676050217791476,0,1354,6918.775254113493,0,0
255059.7579509395,7,2,17,0.4126182251911767,0,1772,10635.578507406732,0,1
69104.72490255556,7,0,9,18.295959082087286,0,3481,46499.62164282037,0,0
383591.9834728335,6,5,22,71.87542937955075,0,1339,34009.48399507725,1,0
132485.5771782975,4,6,8,28.64729617167615,0,2774,46028.534970161076,0,0
166441.63548423027,19,4,26,5.5623889327482265,0,1696,80741.60902633393,0,0
49245.991423700034,0,4,26,25.184412946400478,0,2705,13419.054919021673,0,0
14389.43656614489,12,3,8,7.056659865100406,0,1242,86882.05420620592,0,0
117020.38829906123,21,3,12,28.019987150779638,0,464,136355.4606823139,0,0
52268.095609215205,7,1,18,38.6111038594693,0,2442,234.60222007778862,1,0
297361.56344068464,10,3,2,8.139208123701811,0,1169,36767.97591195079,0,0
21521.536536397747,19,2,3,0.043783813262302476,0,2946,25745.18480412032,0,0
98484.65070557638,6,1,27,7.277371444142839,1,2626,45250.67748238354,0,1
201037.216287484,18,0,24,4.609819007350715,0,3101,76418.89166504506,0,0
51555.1857245088,20,2,11,19.278896340956987,0,2286,16617.972987913094,0,0
307191.4194950077,6,4,24,6.851859340322583,0,1915,11518.463237594671,0,0
7971.072793550534,15,4,21,0.734240252631708,0,644,104403.22917148397,0,0
88412.79175405308,11,2,13,15.157323062401499,0,3358,92606.11404477798,0,0
150231.9185015351,10,5,18,41.53860196139619,0,1213,49420.09930379872,0,0
22540.474952595327,8,3,11,12.005490814023643,0,3002,55663.69131203438,0,0
5959.869114826841,6,3,14,9.441634806100259,0,2252,25161.6546768484,0,0
8327.032371273552,19,3,20,3.9328635807307153,1,162,31940.250709163756,0,0
38452.96516867558,21,4,4,9.800282510853314,0,1358,30862.713967917356,0,0
25253.593517560064,13,2,23,8.03700196813125,0,1176,103668.07562930621,0,0
25346.121632021044,3,3,4,105.66058314322333,0,856,64890.17717281876,1,0
61345.09387758036,2,5,10,0.6188670103024358,0,3323,104595.30350278872,1,0
8875.884392139616,8,1,22,5.458453993091387,0,1618,71467.80781846007,0,0
540381.774505888,4,4,27,1.4219515393006368,0,1561,63108.58557878178,0,0
119009.49771336744,23,6,2,38.956803823144746,0,345,30921.49289402101,0,0
3076.1683315193595,2,5,18,10.801978784186868,0,105,40263.764084014685,0,0
117734.44093939422,0,2,28,31.819169729430612,0,2329,174711.57607917205,0,0
156938.95733682366,17,5,11,23.563118566861302,0,158,68628.5395709839,0,0
21166.251259795416,12,2,5,52.63055762429985,0,951,59463.55116871289,0,0
183431.29529278315,3,2,17,0.4810233230076308,1,601,4367.602409547225,0,0
94614.4478222016,17,2,2,4.6473399856040345,0,920,88908.85719365388,0,0
171956.38277833813,8,0,3,24.215436804071565,1,3066,92673.42890431902,0,0
126122.65047989402,6,1,25,17.600322952763232,0,2280,93864.25557931462,0,0
121952.1781266498,14,5,25,23.72660375310965,0,423,7652.365183223008,0,0
17226.157976961433,12,0,7,17.13591022472404,0,205,28586.042157815093,0,0
37950.04627304718,1,5,29,17.39869978361069,0,770,37118.67686861055,0,0
74075.3399473548,10,3,21,53.934499581652034,0,2576,140124.78310806115,1,0
11939.927313026354,3,5,2,50.8402686132333,0,3248,315699.0751950197,0,1
65103.267122449026,21,0,2,0.7747474264119107,0,2200,42856.964852809106,0,0
58936.41935582424,17,0,8,10.677400040693925,0,3202,64645.273099847494,0,0
26386.571803788418,2,4,16,14.29030201356756,0,477,589.1447004677095,0,0
22279.08532307617,1,2,3,8.860363937804799,0,3111,705.4437091673071,1,0
28418.70563719595,11,0,23,1.0165716204130444,0,359,6193.711556975091,0,0
92913.98348432218,3,2,29,12.784483662522053,0,1233,101684.95405446316,0,0
53606.201893218575,13,1,22,74.34259959559358,0,3515,15694.486010622553,0,0
53436.568547499766,15,0,29,1.4990249028257407,0,524,113455.50595700771,0,0
20056.684758111605,20,4,6,33.930268727262614,1,3149,45233.267270857694,0,0
154818.33282203722,3,4,19,4.3544795012303315,0,2629,151753.07180849678,0,0
120523.82333257225,11,3,22,17.197969006370965,0,2191,163412.59501949095,0,0
56049.753624903205,18,0,13,9.788808643875441,0,1525,169509.76581635606,0,0
15338.654430263146,18,1,4,8.585166364092885,0,60,62733.78863062039,1,1
125421.70720466004,11,2,17,40.86814935286028,0,2368,124285.23297878627,0,0
229109.47807297015,14,5,28,72.59316492997907,0,898,86755.98028587403,0,0
19633.358238506207,2,6,24,9.776949104961993,0,966,16533.71646597891,0,0
92296.40154925872,18,5,9,20.45767195027669,0,2212,38438.81036551964,0,0
55218.38768113226,21,5,3,16.257260383896586,0,1239,262380.03642182704,0,0
9173.198464711288,14,5,27,1.6008221937880895,0,2317,118471.15862584024,1,1
129399.60190262439,19,0,1,0.8406397682087291,1,2818,24412.726300721828,0,0
7380.502103369869,22,3,1,29.691813620592747,0,888,26388.658398926855,0,0
121143.89045197112,6,4,17,10.035145800417924,0,1797,23461.800022047184,0,0
33010.659236591746,3,6,25,7.351082276510235,0,3112,31896.840808039447,0,0
83392.70718402149,0,5,26,84.78662003607175,1,1472,210829.39307398838,0,1
17489.3821324644,8,0,13,1.7816521899711875,0,1063,45468.228290350526,1,0
46346.00768396912,6,3,5,6.268547861713576,0,675,36236.29345685312,0,0
10991.474643954818,21,1,19,38.87049409018714,1,1977,21868.923965134323,0,0
62980.366279295005,4,5,26,10.722826172185806,1,1577,178352.7668991134,0,0
23989.647920392905,8,6,25,17.553283648639646,0,2221,252428.07613972,0,0
20816.932478083232,5,2,10,0.9918353677304501,0,162,31270.728428791925,0,0
11333.939389414854,23,1,9,50.58768233568319,0,3307,76705.26390718378,0,0
145001.8319098982,22,1,6,2.9449282838998787,0,382,254436.5643437154,1,0
102031.84619260614,11,5,21,4.799846363906944,0,1754,55368.617840647275,0,0
17067.44101367834,12,2,17,3.4109322604395294,1,810,50588.60896791097,0,0
63947.25604456092,0,6,22,13.763214628956469,0,1899,60010.29815671648,0,0
108141.48620850068,14,0,21,33.949418582872646,0,2065,2698.6106749305773,0,0
210429.73865119583,15,2,25,6.210085813724118,1,1137,28547.597889202003,0,0
6142.035241438741,1,3,7,3.0704944781519976,0,2083,96049.53292809364,1,0
44997.34775295338,8,1,16,10.549998536014575,0,1228,272246.8677267762,1,0
95699.0976003891,9,5,19,79.9680551245041,0,1187,67284.40541330888,0,0
1574.0677362982378,19,2,5,0.22239347760927772,0,357,16904.692374275928,0,0
27908.769245661606,15,4,22,14.023504500067387,0,262,44523.49890606747,0,1
136610.17509192758,14,2,27,22.134993716944354,0,1460,53870.65219861535,0,0
43964.75763621039,2,2,18,32.872385416836714,0,2122,13211.173316284745,0,0
8827.916893613929,1,3,7,27.423451762294846,0,2859,31952.615436072974,0,1
98509.25263002022,7,5,25,1.5468593656445775,0,407,47112.2771541259,0,0
28775.24662472243,15,1,26,12.39311878724912,0,2164,24294.313664576777,0,0
120950.17044887568,22,3,25,1.64046757872673,1,1195,34942.39501037066,1,1
230433.53411553742,8,3,5,19.34406733449004,0,1461,25864.11664289343,0,0
75047.77657151563,2,4,8,1.603204523184244,0,1609,75909.56080932685,0,0
91415.26670558375,16,3,9,0.9925212343585097,0,3523,69134.3196656997,0,0
72238.22712947428,12,5,22,7.306477464588386,0,2913,64182.56455598853,0,0
170068.78419446584,15,3,28,55.88256644199134,0,1218,8139.172463192565,1,0
27669.549674651676,4,4,20,24.75724811378869,0,418,16223.917720422925,0,0
51340.19971602431,4,6,4,0.08068219392813636,0,1490,9397.092139657549,0,0
225409.43352823684,2,0,3,6.701847878140832,0,1691,5229.7519617505595,0,0
128607.2709066045,12,3,12,0.3530558644658921,0,3569,22677.132320107346,1,0
38578.87421237973,7,2,9,6.9716113132153,0,748,17305.498586625872,0,0
178756.1932427635,7,3,10,23.134926512746322,0,448,103277.68694906334,0,0
27289.09499105768,16,6,11,28.523891585522364,0,2855,95228.42738052645,1,0
100561.21003658383,14,1,16,32.60381621121912,0,1212,17985.514201197195,0,1
313400.53451481654,3,2,29,48.15671157783879,0,209,14479.911986507663,1,0
85498.62939561356,21,2,11,9.107605002111216,0,1097,12522.551341181232,0,1
160677.6520517317,17,0,22,39.696845665799884,0,96,30858.877577726806,1,0
132965.2226796983,6,1,8,26.014720921747745,0,3052,27872.381008881945,0,0
200783.57841461455,9,1,14,15.433241232146166,0,2894,2316.2179028346145,0,0
346618.9746515104,0,1,2,61.85841881983638,0,1547,67122.39146005728,0,1
2256.9339313225246,3,3,4,59.030837387617474,0,3076,182647.28300739438,0,0
2826.550343004259,10,6,15,45.57820746553216,0,51,61923.70886155486,0,0
90244.2805871194,14,3,18,4.518631737335717,0,3366,5274.786946553759,0,0
308446.1866264492,14,2,11,4.661018071839523,0,563,73213.49976176795,0,0
66491.56133583881,22,0,27,46.25330489370899,0,1584,53080.241192200316,0,1
183120.46865849252,2,3,19,10.147071529446398,0,3353,189951.27748709702,0,0
146062.03704776586,18,5,18,31.934803440453194,0,133,36106.41463534418,0,0
68965.78234252305,19,5,9,23.227247871552095,0,842,111540.3262016681,0,0
71984.50741109822,23,3,25,28.73969715896683,0,1897,3135.885985151281,0,0
57276.02714330846,13,6,22,0.5325031474868853,0,1362,102264.99135810748,0,0
29061.801147750553,2,0,28,11.240873769014303,0,887,3393.0773177822284,0,0
195695.68186122572,7,6,23,38.91129498173877,0,1047,33814.83578135621,0,0
23517.835205751766,9,1,5,13.463975365989342,0,486,236653.07044408703,0,0
237430.1849649731,8,2,10,23.432301391817163,0,3598,97177.0360650335,0,0
44586.158318794674,23,3,17,28.20779908070265,1,87,207246.02349814103,0,0
2685.4687336659354,14,0,20,2.573910781865156,0,1072,54790.986117634246,0,0
18437.73012895987,23,0,13,3.3860274078849155,0,1891,74556.346506344,0,0
218769.302625237,8,6,4,25.78724578885457,0,1849,58343.12908627238,0,0
13747.578114678314,3,1,28,1.1223202065763291,0,673,52139.62881259838,0,1
134236.80852815593,11,6,14,8.36782540282641,0,2497,69063.73055347228,0,0
20188.819160294628,18,6,8,50.04112016894079,1,518,3174.091690813539,0,0
69101.5247478353,23,4,21,17.083031873165964,0,1685,16432.53644874768,1,0
22967.358907656868,0,6,15,48.265540781495055,1,3099,19327.166158350225,0,0
40521.329646793616,13,4,3,7.404366326237368,0,1349,38611.31533004801,0,0
13332.824114826533,9,4,17,20.246475960497662,1,475,45611.40003094467,0,1
81193.58429646854,0,6,15,6.758263111702983,0,1530,107679.21203445349,0,0
45543.06686164609,3,4,1,2.3559011567946913,0,492,14477.64509327794,0,0
45489.30920204096,9,3,5,93.544743848141,0,646,67497.6064276571,0,0
3933.7851432902958,2,6,8,3.8773304707703895,0,808,25428.118718872454,0,0
14633.111976036897,15,5,9,4.1769878969709815,0,153,57996.417916125225,0,0
122939.48421029195,17,5,26,36.892874538708924,0,2547,78811.6876427222,0,0
34576.366002450945,11,0,26,32.41371721930955,0,2885,69868.18073631905,0,0
58352.025060936365,20,5,2,76.18018276189179,0,702,19404.541749435346,0,0
143998.1513658301,18,5,5,1.4889547761885837,0,79,98879.22972794241,0,1
58835.02132058114,8,2,4,1.9770921165348978,1,3118,84856.28501938721,0,1
25567.840560202094,23,6,12,11.91003078661428,0,1456,215063.66870728118,0,0
79811.72016555835,19,5,19,17.917385111967018,0,2470,80442.97008813151,0,0
161548.61967457095,4,5,27,0.7754232895710127,1,3645,101929.99581066894,0,1
91539.5841255755,4,6,24,3.44876625134874,0,3345,133292.36690868804,0,0
54503.97224522603,7,6,2,24.30306565352015,0,2608,8964.343548627952,0,0
13424.538164702319,6,5,16,22.08494914223528,0,3105,95346.22089945842,0,0
28596.777580641818,18,3,2,1.879318153791203,1,530,30686.14089801962,0,0
292097.5099370262,21,4,21,53.66701084976409,0,3108,138595.71507545738,0,0
147756.81072245835,21,2,10,5.881081412529725,0,1923,52341.893038556256,0,0
9164.597759458022,17,2,26,43.648213309196464,0,1113,69517.43717757621,0,0
552.9867481490405,14,5,10,51.275924797651825,0,1891,24124.91025265224,0,0
19288.031428482773,0,5,17,13.46962500066577,0,877,84115.04431381171,0,0
288045.4387126627,6,4,12,10.619427495668274,0,2660,2904.0228032681002,0,0
86759.32332245965,18,2,7,6.518399655623343,0,875,110448.61583777836,1,0
182423.98162883392,4,3,9,32.94092639295826,1,2079,14262.778094176765,0,0
62590.920559922255,7,1,14,4.377766802269643,0,3093,20657.582502902118,0,0
175236.27294201418,4,3,18,19.46381364545297,0,1664,72.85419149242887,1,0
3450.4924452689265,4,3,10,16.74654358837763,0,2405,30054.01746849373,0,0
55655.45107034987,4,1,16,5.724196138795882,0,3362,39314.42387685547,0,0
47416.344318629934,10,4,1,81.5464106880367,1,2790,21325.817105835493,0,0
399249.6116425181,6,4,9,37.45820146557672,1,1209,20931.045115634974,0,1
35735.47925884937,1,6,13,0.41484128074998267,0,2725,178779.9023358299,0,0
53942.54758129727,16,1,29,10.97236450602092,0,2817,31615.7411605735,0,0
142213.23323262914,10,5,16,8.893640574251275,0,3641,102491.95658764754,0,0
212622.37584668607,19,6,16,42.87904819766041,0,311,21679.789106704884,1,1
210692.10629563226,4,3,2,6.143972370331074,0,2583,132455.81830598312,0,0
50171.86693479177,6,0,9,129.39841398579685,0,2417,90592.22277862823,0,0
296724.1090890764,0,2,13,4.464860963790366,0,331,112913.87499518783,0,0
105989.80776057285,8,2,8,5.591225025773415,0,999,46319.33106007149,0,0
190471.9106686667,10,2,23,21.93717388785714,0,2864,169331.31844820178,0,0
260744.3538004268,11,0,11,3.512247236489445,0,3476,37473.98036175721,0,0
26605.069125851944,9,3,17,43.928894625301886,0,357,73482.46913763272,0,0
69154.54345234124,19,4,20,2.329084464975699,1,2147,81748.12679517386,0,0
88624.00500895703,21,5,11,81.86780376590048,0,2690,243344.41904634787,0,0
162170.12661568736,10,1,11,41.531812776155675,1,251,11557.929584088235,0,1
51277.03419517322,0,2,16,36.6087386193474,0,296,11658.04871648343,0,0
23629.106791382637,19,5,7,10.458548974747695,0,2456,49599.383472052934,0,0
135959.2192849487,4,0,22,14.416191943184584,0,2407,199961.62780814132,1,0
89730.8258495812,14,5,1,12.189282624601656,0,2670,1753.8948224756675,0,0
228571.76156741648,23,1,23,87.52395981219594,0,1033,25867.570570855933,0,1
106429.77659749822,21,3,15,0.7089364486670711,0,634,26679.801535343133,1,0
1697.0183181206664,9,0,18,9.615920357573858,0,2347,29102.01906682633,0,0
340073.9489524007,11,5,28,69.0845724023875,0,1889,2001.220638064236,0,0
89921.41050129812,13,0,29,9.221360308358285,0,3635,139715.20665079547,0,0
90603.66480253778,18,1,14,10.162695889395426,1,725,715.950332734212,0,0
239977.23748016244,9,1,13,19.95547996402059,0,974,51961.65711334408,0,0
109007.53352815278,23,2,24,47.561007113427195,1,562,4640.760495473699,0,1
65262.19017781226,21,3,2,6.977598517637285,0,1367,128214.47523347822,0,0
11348.82725395873,11,1,20,58.97903494888678,0,3276,109818.40965796725,0,0
327541.3936467179,17,2,22,6.6413662356652505,0,1174,102275.8431705603,0,0
8173.8804603119015,20,5,24,33.79067952503317,0,2652,106624.82047392701,0,0
18669.08304331752,18,2,28,6.454806848883506,0,603,225392.9034718784,1,0
171222.87463957758,3,1,11,1.5156815809064752,0,1034,43139.50483405355,0,0
67413.9630796883,18,0,19,33.458478083417525,0,1234,158194.0159842931,0,0
19634.15592926464,20,5,28,11.95951795043529,1,2008,16290.047070328283,0,1
33709.91093466618,13,0,22,9.910496975700369,0,2755,48011.09954082434,0,0
511839.76988482004,7,0,6,11.23827259084459,1,3460,715.9214153264204,1,0
87711.84188954241,22,2,17,18.913169698460827,0,1054,26741.685727911878,0,0
51351.830940301355,3,0,22,6.0950307476033,0,1493,49022.68457805436,0,0
208922.89405062198,15,3,1,5.417142378740813,0,2198,192006.87145101928,0,0
65334.364319651795,11,0,25,13.211246389446632,0,2140,30495.160576701433,0,0
36807.606324648754,17,6,20,0.7256746905001215,0,713,89279.04276205841,0,0
17939.27122653362,11,5,5,20.59195434911963,0,364,143645.40344297665,1,0
136441.23868626083,17,5,1,34.614500406549894,0,297,31624.91428646031,0,0
90689.2763919785,3,0,13,25.996227195255827,0,1513,14832.010622714655,0,0
9690.08480715908,15,2,1,12.671261544061199,0,3000,71561.19325214381,0,0
89560.59519816439,17,5,12,16.666138545462456,0,2533,26768.908551069962,0,0
17369.98557662015,18,6,9,0.5305920054202614,0,581,84548.22465520898,0,0
400193.5666311765,15,6,22,48.68893380672458,0,654,11574.417369594128,0,0
30071.206566443172,20,4,29,16.331738689393024,0,3508,13151.758288423436,0,0
119078.08018256177,2,3,26,7.607913067128699,1,1038,90141.94785035013,0,0
106724.46469688573,16,2,13,6.950972323657513,0,687,290628.48665051296,0,0
117555.20526710703,2,3,10,21.55609071946488,0,2832,22684.18909512317,0,0
56210.99944378631,12,3,16,17.557219638711477,0,2407,100116.69915942677,0,0
7723.942244179687,5,0,6,4.161221743913557,0,2603,60749.9011349905,0,0
391239.195118707,18,3,21,10.549913230609796,0,1604,148550.71778912895,0,0
21260.65541021651,8,6,22,22.55143378211596,1,2815,39397.739629021984,0,0
146846.0578986908,18,0,8,7.066603272766068,1,933,285231.0524812144,1,0
14800.535136830833,10,3,23,14.237491883073135,0,2702,6879.224071859234,0,0
33016.797064328995,2,5,7,5.884180431362724,0,1065,334119.91192287055,0,0
82072.29686334606,14,6,25,1.4876080571374586,1,87,149787.5878474214,0,0
53353.03739853563,15,4,25,9.828493231222959,0,841,161067.2160391611,0,0
317645.1268712618,2,3,13,26.34113319848141,0,3480,147817.35310750015,0,0
188180.58120778232,4,1,25,4.8121642915925165,0,1099,158361.13974179502,0,0
254836.22057845062,6,0,17,28.089444713235622,0,3091,135057.97070640724,1,0
102358.80211790948,20,4,12,22.142508627101698,0,2003,183821.44605967184,1,0
24707.220652068627,8,0,27,14.159952901875082,0,1839,49413.607548170796,0,0
73084.7859999384,21,4,11,71.1259426005962,0,2188,224132.99592103186,0,0
145044.2115811306,0,0,6,42.98261520833955,0,131,38885.80891942135,0,0
6690.742680158489,18,6,15,16.564508284819762,0,926,104308.3498333535,0,0
198862.92393013253,23,1,5,16.31895000260887,0,3258,99127.2701739952,0,0
99791.00813885566,13,5,16,6.508268657172362,0,1391,137583.3152941645,1,0
128580.2964463881,14,1,24,50.5642388875756,0,3246,107269.78277997783,0,0
118513.6136605832,2,6,11,45.253550982670774,0,2227,2881.6421173252106,1,0
188231.27263488798,23,4,10,27.100326965066678,1,867,107505.64869470474,0,0
9159.015141996391,3,2,29,2.7366123527505835,0,3599,1885.794064969128,0,1
47327.930777694215,16,0,8,24.324008764439135,1,811,60953.545300364836,0,0
69839.41146789612,13,2,24,5.836853087595938,0,2454,146082.88800777757,0,0
79097.43921493294,21,3,5,4.185054407221396,0,1289,141556.8723463633,0,0
285693.01362814615,6,1,10,28.47674230976539,0,2396,147265.7212223642,0,0
4339.179389557983,7,6,27,64.24442940895064,0,2909,73786.84275038895,0,0
201285.54710274615,15,0,10,2.306100980423473,0,3111,16248.849150239652,0,0
80274.12494896658,21,1,1,3.5819605120133513,0,231,56738.567025426026,0,0
80884.5771031263,15,3,13,4.949608309442144,0,2535,58088.66057744859,0,0
38614.83652831601,13,5,20,65.88873765527991,1,977,31415.885962229382,0,0
103175.82369564263,16,4,23,23.840772246186994,1,1348,44145.59897311896,0,1
103962.60746125525,4,0,18,22.681968343114974,0,57,164568.49520387626,1,1
20984.977401303382,8,6,23,14.065033191121927,0,3524,58372.91661567012,0,0
113012.13649366525,2,0,5,15.426316834128638,0,1287,97592.95159896484,0,0
31020.90042811081,20,0,16,6.854687138969499,0,3586,54784.402402622094,1,1
116727.66407746129,21,4,6,3.3576785143758547,1,2102,76876.12709938729,0,0
94660.30324162684,4,1,22,30.30760947222614,0,2469,7772.6066118572435,0,0
125861.19704459551,19,4,21,12.723724468629637,0,2002,214343.26777126922,0,0
1989.6427020008077,17,5,10,5.914518504232316,0,3484,45806.588632880885,1,0
13394.933096984365,20,1,7,20.03594194937341,0,59,110362.23855455083,0,0
183383.63502160116,9,5,20,4.7007609757490405,0,2478,87993.32143057973,0,0
47920.30324584014,0,0,29,13.4189612136792,0,2495,128464.43487780071,0,0
181227.8682463325,16,4,16,4.219855850685322,0,1443,2839.63866898923,0,0
6472.441449373011,7,5,1,28.51496152050942,0,867,219103.68200178083,1,0
146694.6457192843,19,6,25,7.736848795317385,0,1907,141637.504065189,0,0
8748.461734280923,16,6,7,11.657139335574474,0,3166,143546.57128997456,0,0
63172.596843361054,17,6,25,28.12024862468696,1,3285,50355.7371738015,0,0
277376.76848384493,4,3,12,21.552463859082867,0,3642,127297.946462515,0,0
8086.0950954852115,6,4,27,10.206622160306715,0,2701,68487.56161467539,0,0
43180.20961204207,4,1,25,1.4735336163236956,0,2887,56010.20469911441,0,0
73053.46602997383,9,0,23,50.92041112504215,0,2260,122940.35251016298,0,0
229717.28649918575,5,1,15,0.15913494661796634,1,2861,79065.92186021167,0,0
40437.64918555599,6,2,2,26.529901734801772,0,133,6423.988730732458,0,0
164528.07163367947,2,0,27,58.155890194886524,1,3238,30209.665267611665,0,0
126646.19878580987,9,3,18,7.325014454027362,0,2988,77848.50912996505,0,0
36682.250129808934,20,3,4,1.568797551016965,0,1256,187306.83499412044,0,0
41674.83905616043,23,2,25,5.741512341570273,0,2073,216246.01095954666,0,0
21197.142381686204,5,1,13,7.520600651630797,0,1874,146064.1708076242,0,0
118078.4959578529,1,6,23,12.004807997223203,0,3032,23475.897631992055,0,0
82805.64119446331,1,3,9,14.898879047468196,0,3471,51302.36906466338,0,1
16836.197503113286,5,1,4,25.843716196726938,0,712,45446.779132508076,0,0
96776.8981388501,17,0,9,46.23558349248413,0,935,46197.88544168183,0,0
69045.01109419423,9,4,23,12.50205557268221,0,48,4085.3252150745025,0,0
9716.083919614672,6,6,24,27.43429803598321,0,2100,15257.791005924548,0,0
307268.7475313772,16,0,1,2.720952376185464,0,2108,13308.949993513452,0,0
180033.07395231683,3,1,25,7.973261839050378,0,2521,76833.7396208011,0,0
7367.251242808758,11,5,28,2.5130610282392136,0,791,42454.83766369578,0,0
267753.94911114045,7,2,8,23.53631092341334,0,1477,31370.906895534958,0,0
248504.0590483196,8,5,1,47.642387609778055,0,2868,46945.30388619232,0,0
4309.855969300077,9,0,29,43.9749789994714,0,1878,31350.311565643464,0,0
22499.394449802927,18,6,16,7.903811926695646,0,2799,113330.3297009763,0,0
121203.31576590397,8,3,24,5.337192522277202,0,3609,14621.758356247801,1,0
272682.9050488399,23,6,15,6.405490712550208,1,2231,4621.747992129442,0,1
173225.39020625586,3,0,15,6.774865670847479,0,1263,84147.17211729013,0,0
33114.34553509791,15,0,5,1.7165126636881336,0,2112,20969.375381764447,0,0
3401.0409174689166,0,0,19,2.862266246504076,0,2369,82480.9888927815,0,0
64034.1118500435,9,2,24,4.828280073945789,0,3588,4826.024072987165,0,0
9646.876978144712,15,6,11,0.16405103777270474,0,1844,22705.523270403588,0,0
28142.996713215125,20,1,27,0.9676348867698978,0,629,13367.891485470953,0,0
102192.0884081163,22,2,19,23.983040645887847,0,2976,27475.12671612603,0,0
68323.43730225014,20,3,24,19.316120178799682,0,1589,31901.635771318837,0,0
47275.823104239586,4,6,21,58.16257896982794,0,3610,54686.93111386395,0,0
265872.19866982894,20,1,24,10.275169220571092,0,612,58740.6448942947,0,0
21438.969717676253,2,3,3,11.751674117388438,0,1743,79561.3822831345,0,0
66841.21164848152,21,6,26,1.4027660123753085,0,2979,32235.717207702484,0,0
85213.16104808301,3,1,22,3.303405090647594,0,2779,60746.58997295761,0,1
38852.25031889379,9,1,28,23.52763189884003,0,1550,369357.78259875457,0,0
122178.8699636148,1,5,22,5.35862771543565,0,3490,18922.549688649568,0,0
201950.36559375824,19,0,4,29.680556973090212,0,572,13256.58481581321,0,0
77974.90309653764,21,0,21,24.46175863888203,1,1689,147898.9521722807,0,0
152022.3286987718,5,2,16,27.508070288244397,0,2614,42260.20747125686,0,0
6289.895367055287,13,1,12,23.461283791392123,0,2815,150124.59376203787,0,0
16697.893464251545,23,3,28,24.596943516349967,0,2459,44227.56266928694,0,0
61994.41713352906,4,0,7,15.828413932841583,0,21,1753.8746960370777,0,0
253855.87976813375,18,5,1,22.678803786699618,0,2992,37584.04084039831,0,0
75841.44081738625,19,3,24,14.938527803554846,0,547,75355.49429291634,0,0
56616.58989939267,20,5,11,4.615667502113479,0,454,47472.07739475327,0,0
91655.96934396325,14,0,15,4.907976634522039,0,1507,49197.61233132985,0,0
13292.10587802403,16,1,19,10.394054590249729,0,1178,510923.9159051849,0,0
106039.39033066551,11,3,23,0.2803035093878885,0,1015,62843.3107534941,0,0
9873.931162657424,12,2,15,44.01805916233283,0,2053,95505.89323712699,0,0
85989.46054855983,19,6,9,6.246770029828795,0,2010,102115.71572962112,1,0
125312.81791614252,23,2,13,1.0582723919017403,0,2721,13.701602708016262,1,0
53019.10351635082,20,2,18,11.04773589757946,1,2969,64319.32364031721,0,0
241802.65494376476,15,0,29,33.812732324502896,1,2681,263868.7588380331,0,0
16491.243237159884,14,0,26,10.128464725821791,0,948,111167.28645153926,0,0
18748.503029100306,10,2,26,6.094748870699128,0,2732,33293.06084030768,0,0
72756.14349232714,4,3,23,15.744866790983696,0,788,36276.41991528525,0,0
268319.2341671877,17,0,17,17.08418930573179,0,746,28948.461333088104,0,0
49544.22288765106,23,2,5,28.474914920008857,0,312,79585.22594472191,0,0
260910.85923986457,12,0,27,32.16412915534428,0,1346,8190.573289595295,0,0
118245.56082319695,10,4,16,24.497647741227063,0,2679,27399.27134143327,0,0
152581.03790810198,9,3,7,0.09097906411376516,0,520,55166.59944523652,0,0
277853.7652549068,14,1,21,0.04161199509244652,0,2899,61294.78402711068,0,0
84939.95208266046,6,3,5,75.84039205950624,0,64,74798.68262928186,0,0
102625.32939951807,11,6,22,6.136077474220008,0,1693,127652.65761908032,0,0
86509.97290419972,17,1,26,6.635476913782248,0,3504,14257.09741535637,0,0
153645.9604102882,5,2,26,26.353366963541518,0,2697,20392.95142020177,0,0
31938.782218869765,8,0,11,17.425664142790616,0,2632,164653.74241665401,1,0
155139.46731940025,15,2,16,12.45617654183292,0,1393,142303.79160112236,0,0
125017.6026958804,7,5,27,2.475914725998888,1,15,137885.03780199602,0,0
92146.95617329353,11,1,22,1.6999989262113169,0,3554,18717.735063235676,1,0
3956.418618892876,18,4,26,24.322472206006424,0,1348,4801.801397733642,0,0
148963.01361720287,22,1,13,2.661589541558844,0,1343,59288.71131528432,0,0
14205.441402542645,15,0,2,11.447293135269263,0,2139,163244.00587646058,0,0
326943.0524937199,3,4,12,26.64567679683854,0,2982,21693.99300939781,0,0
8500.586342737752,19,0,12,51.33073737569569,1,1327,187639.65903485322,0,0
127395.03739792189,15,4,10,41.363870480876905,0,3341,12208.516650688653,0,0
44695.24546598063,6,0,27,39.90695874517015,1,1504,28316.713702684938,1,0
133063.41058380375,12,1,26,8.878853841930974,0,3171,28338.6042741843,0,0
73178.96997089314,22,1,13,52.392767437099614,0,2036,13105.126827717451,0,0
99291.59527462696,11,1,12,23.018900724677906,0,1392,164945.8436475809,0,0
7843.380497901227,0,1,25,43.516878964073776,1,1326,42562.5711022353,0,1
339558.59263781214,10,4,19,1.8625916600425196,0,2852,16922.64234335772,0,0
385.3892493372216,16,6,17,0.8072369906762834,0,2058,12742.569085586021,0,0
283292.4043881813,5,3,27,11.229974674745169,0,1463,43704.35664317068,0,0
83990.90063996203,1,3,16,35.20697278801809,0,3607,1395.16640162806,1,0
29877.018385908876,2,6,17,10.502978705110111,1,2327,10322.735931371895,0,1
101535.9332289774,1,2,25,43.19518903443274,0,3140,296.3952270921234,0,0
111748.05867582536,17,3,6,5.351665711940226,0,133,1975.0172395839643,0,0
131056.23893422645,23,2,23,0.8027807017873609,0,516,475375.15921875264,0,0
1657.4353259176266,23,1,18,28.64980601685893,0,414,47665.55441507518,0,0
406182.3382312103,12,0,11,19.678996401895215,0,3177,104428.7141260123,0,0
96210.67766454937,21,3,12,11.599604367206851,0,225,106872.66585269068,0,0
47406.98015549116,18,3,17,37.31988129142637,0,1264,169893.19579406918,0,0
84548.37349414917,20,1,2,34.76540226730925,0,909,8762.494645332783,0,0
19652.81818810156,6,1,13,7.847055626516378,0,1142,59668.5817219123,0,0
28404.40989364541,20,3,19,36.39995688581613,0,3602,31055.53236100417,0,0
8968.349268061718,15,1,19,8.46723847547629,0,416,63611.26266122562,0,0
211389.75689467762,22,3,24,19.45208043676548,0,417,32291.68427400249,0,0
28981.78384152132,15,0,4,4.276185067771348,1,2874,16233.746410513215,0,0
134596.06904074026,9,5,1,6.13572627284497,0,2686,89381.35118336797,0,0
32047.896939800085,6,0,2,11.879729068064186,1,1735,3134.9449782715083,1,1
15781.079428778896,19,2,25,7.554937955271961,1,1640,180597.8696260169,0,0
11443.990957643318,15,3,18,2.765537106189355,0,2160,12650.797449019978,0,0
196785.97436056013,9,5,12,13.168069941283303,0,1038,76390.93063078789,0,0
12753.430799455899,13,0,9,14.322479157700965,1,1641,112260.51614628156,0,0
9118.281041739756,21,5,5,3.456280334394113,0,1979,6057.878459257247,0,0
939.8816376083155,8,6,16,3.8307976348903408,0,3572,186886.8563241264,0,0
45640.06496983566,3,0,4,0.5957263355196337,1,1831,35226.537940214395,0,0
285923.1129501141,11,6,20,0.6164147740395316,0,3301,457749.82763468224,0,0
239305.54535264292,16,6,3,8.883012958007097,0,1938,5700.942949253752,1,0
12222.719025325512,7,4,18,3.171764792736554,0,403,100920.63805545804,0,0
1257.3440955731958,3,5,8,50.28876378247513,0,2024,14016.342178305997,0,0
139033.25937122898,7,0,22,4.448230704137782,0,2026,41225.87265650588,0,0
36597.1293736939,8,2,25,1.3647542978164606,1,107,46845.7250900591,0,0
179985.4020407856,11,0,2,10.355993768825837,0,3311,41690.934130513175,0,0
24261.876658919606,15,1,12,4.275400923168777,0,1027,32947.60211334092,0,0
67768.45469329292,7,4,1,1.2751890500604812,0,2999,116609.31684923351,0,0
3350.098230661633,14,3,24,27.945283766193285,0,647,137134.79113764092,0,0
225108.26847205582,16,2,24,16.288157479636197,0,327,32711.379936848392,0,1
19598.568177458175,12,5,21,1.1740089443011679,0,2805,52722.065229023116,0,0
34913.633483632766,13,5,18,12.622948140775508,0,3636,43821.02469717291,0,1
65335.04729007715,14,0,10,0.7921402304226697,0,438,72017.02718800944,0,0
31645.03974549643,8,3,21,8.748845536514404,0,1062,13026.555949820213,0,0
4099.226528729105,20,0,8,9.02871685309846,0,575,131061.9537861652,0,0
2951.751677671124,23,4,4,34.63019022160159,1,2038,127568.95622338542,0,0
310584.3228355655,11,6,18,26.582029913466883,0,2880,71408.50649661297,0,0
39377.81537553554,21,3,3,45.449606461415925,0,1400,109679.11998067048,0,0
40705.37604501211,22,1,3,3.02849698938319,0,6,357268.6181947188,0,0
256265.16092347042,18,5,25,15.261281996763365,0,640,204606.45418331033,0,0
180882.63625286712,8,1,29,0.4079416195089568,0,308,75626.45696452937,0,0
116136.5541449119,12,5,12,34.91913268001497,0,3194,57297.122729785246,0,0
107442.44590835279,17,3,19,9.132440528784482,0,2220,61176.10544072673,0,0
161488.138236854,3,1,17,1.4365085859921396,0,1444,50280.86865067323,0,1
18497.561560655813,19,2,23,7.8506983211599755,0,933,52348.8907310795,0,0
109146.24818610973,0,5,17,6.763020460584633,0,1344,105352.51262108366,0,0
10358.275488311372,19,4,22,29.04878589871293,0,3319,387490.748421739,0,0
13526.172632557213,2,2,26,2.707494310263327,0,944,3709.847978943275,0,0
27806.98855925837,10,3,4,16.22849625737478,0,1217,20928.728656739906,0,0
123719.79780583961,1,2,7,31.58973781014246,0,1921,18878.81596215459,0,1
223068.492943201,5,5,23,26.90597367852053,0,432,143112.05120823078,0,0
117372.26145590574,2,4,7,54.94781551508935,0,165,43540.0935358184,0,0
53892.169253725784,9,4,22,0.012598975348796681,0,3323,59577.51766576055,0,0
72084.98171643395,8,5,7,8.73297201807492,0,1372,50662.41461511718,0,0
124592.66858834447,13,6,8,9.227492897565098,0,2097,153757.4455935383,0,0
95005.92517633142,15,3,19,0.6775154031815155,1,3383,55406.955175934905,0,1
75389.03198605348,23,5,21,33.994541056770096,0,1063,88172.5229639854,0,0
27022.530430952917,23,2,26,23.35221792117452,0,2212,1574.065954446988,0,0
95961.82678190887,17,5,27,15.019017294054242,0,1218,84548.76222388538,0,0
1884.462540623211,21,4,9,10.384514011033989,0,1474,22055.19095556542,0,0
82110.32414480808,3,3,24,45.15523529529666,1,3140,161313.4970379639,0,0
171894.63432150928,17,5,22,6.1431491183274325,0,2881,111402.44158549972,0,0
19814.677736848673,1,4,29,8.14557976131374,0,3057,9258.632063668369,1,0
12127.585341698577,9,5,9,60.995936278855716,1,1640,8738.024935269375,1,0
351442.7286383802,11,0,14,1.3361557125632797,0,274,27737.775255461467,0,1
185446.5028549119,6,0,26,30.33829559942699,0,2729,10752.356302069553,0,1
35953.783865674784,15,4,29,25.321201360336694,0,866,107866.84850360997,0,0
23391.733169913936,16,3,21,46.43299919291827,0,3195,346303.121052018,0,1
40652.47139445962,13,0,18,1.898598235935911,0,740,85196.4233263248,0,0
56427.03031641485,23,4,9,70.42934775034215,0,2551,22912.94454953463,0,0
172083.2755330153,20,5,5,0.5852383740325446,0,1191,66459.03860195781,0,0
27338.967201685387,23,1,8,8.240837001813027,0,1483,131047.21104619511,0,0
127598.8322828802,17,5,24,1.772832594760207,1,2664,262051.4511908119,1,0
264918.2155698151,0,2,4,1.0506432211218382,0,1539,406.7714050545975,0,0
47724.93516021224,1,4,20,66.88938935129931,0,689,59334.959032835795,0,1
2639.214321445338,13,6,14,25.43563119742341,0,1052,48295.86304992521,0,0
175803.3182176161,5,0,17,14.091842322872093,0,2192,42822.13384058708,0,0
123241.97832350362,14,4,21,2.290022766575933,0,483,56068.176062845356,0,1
16142.51794334681,3,5,16,14.93194723022853,0,1147,41334.89061974759,0,0
90858.4396032583,23,6,9,7.714785498802471,0,2164,33729.44976535894,0,0
174192.10810421593,8,3,28,6.337749294921206,0,2070,9756.035097653998,0,0
19971.003815050462,14,0,5,19.252115460932956,0,2384,55427.0747028719,0,0
25218.86474300858,4,3,5,31.30126575054402,0,333,137652.54003104538,0,0
22537.296921104848,5,3,6,11.71309620930106,0,3121,8850.602757144838,0,0
599208.6075252121,10,5,6,13.596666241584309,0,1533,107303.03645543904,0,1
26074.368202577934,12,3,8,21.078253686509058,0,2332,24932.4244650645,1,0
31049.825079820064,11,6,16,2.662356252468696,0,3308,38403.453015465704,0,0
4911.216825318514,6,6,14,35.275887530161,0,1424,354394.578249806,0,0
409105.70832260494,19,4,1,36.27257604422408,0,64,89966.4672065695,0,0
28336.3630244461,11,0,16,15.576132591076043,0,1212,101584.03230558724,0,1
129183.23966687458,9,3,15,4.1542663447364605,0,3266,73782.88064942746,0,0
2672.241792845788,2,1,5,13.893509907616819,0,3098,31131.541291440077,0,0
152971.67571860756,1,2,9,2.239631773904522,0,1194,89942.9379404756,0,0
138873.93145415673,19,6,3,28.81834786408463,0,2012,48891.21831676989,0,0
8790.576304953971,20,4,27,7.454747767777453,1,1411,142742.74362714743,0,0
13079.438457756876,0,1,7,7.45302789812582,0,1644,67714.52871366021,1,0
34971.248977791205,20,6,7,58.026199538427576,0,2325,118005.15034472135,0,0
43799.02616389249,5,0,16,10.958736411336915,0,1824,150977.85394178305,0,0
153016.34282592565,12,2,28,31.172547794092683,0,3065,137683.04628244796,0,0
6314.1075925601735,9,6,28,20.276014135289422,1,197,41147.51321851923,0,0
105050.68160849305,12,6,26,7.601085450012621,0,24,36805.09724789749,0,1
25946.26035306749,21,3,3,2.643007172619006,0,3327,162645.90177460367,0,0
48202.64008530753,4,1,15,31.96425372685517,1,577,12354.739075187856,0,0
220.63840598201347,7,1,7,28.752063065255303,0,791,26214.106149455216,0,0
34407.41596163828,20,3,3,3.7064607979943585,1,592,10318.498556104141,0,0
18794.28747380501,10,5,16,5.730078814753924,0,2056,3440.227014273225,0,0
70112.3223356488,18,5,6,29.068975819628772,1,557,76540.0769377622,1,0
17220.37188511216,18,3,8,82.24720406555547,0,2521,184833.6928807429,0,0
180677.73850248384,3,6,16,37.112049333228796,0,366,11087.282852137047,0,0
214477.55178834248,9,1,24,23.049855445248998,0,1675,127056.79649392182,0,0
186620.06073608308,23,0,6,49.402553777897424,0,1593,38157.736490578754,0,0
400648.8753104056,8,4,16,6.716047944646338,0,1036,77015.8710976825,0,0
246095.2745776083,6,0,2,0.19398167410336892,0,3144,115426.37573775844,0,0
32820.954445691816,17,0,1,7.741742635869288,0,2954,99051.91399686076,0,0
37754.992214910046,8,4,19,71.46415495609708,0,63,11759.80812280693,1,0
76069.70855885581,5,0,14,42.736384967114134,0,1187,9808.293543078222,0,0
48606.41423252865,5,2,19,1.0333674227633587,0,2598,206365.56322326182,0,0
350359.64722080366,12,3,23,13.941434682275506,0,3349,6624.554974007866,0,0
41480.52673320421,21,1,4,1.6461190643184187,0,1587,19712.94276724448,0,0
134739.05499255765,16,4,2,31.120921085674805,0,914,46149.74669453148,0,0
85651.7536794017,14,0,2,9.323916131865285,0,2450,137634.5192513649,0,0
313455.083004404,8,1,12,48.595893629809126,0,3578,73830.18143096835,0,0
136460.18291040155,5,5,23,1.119822829925964,0,666,67738.07213427851,0,0
36189.68966067519,22,2,24,26.484914247009243,0,3604,94200.71092380368,0,0
21948.56955052103,16,0,11,10.195382625212508,1,793,129623.14167755439,0,0
192839.22512834912,4,0,21,6.245682467962904,0,1503,21171.687574546457,0,0
241928.11546513217,2,0,18,14.573379010571799,1,3282,1526.583794508886,0,0
177841.4580440159,15,2,19,13.290677393543076,0,2512,10883.648639053643,0,0
133731.20970198026,1,3,17,8.57910398988103,1,2293,14441.594951457506,0,0
38820.990104276134,19,1,26,20.931208255192715,0,2477,3267.6794358592533,0,0
70395.16149689707,2,6,4,21.65376983717409,0,3320,110113.23717608521,0,0
247340.80809058304,8,6,23,1.6055153498801333,0,954,172973.47423670714,0,0
14490.724167884653,18,0,26,18.097872119820313,0,2027,99209.42096972096,0,0
68303.68677227295,13,5,12,24.808249986351644,0,2834,16721.82000559672,0,0
43929.497187968314,13,0,25,1.5784499786535136,0,48,74602.71617974412,0,0
113161.9818905193,16,2,3,21.525119632360163,0,2062,58818.21041065157,0,0
100531.27287695142,7,2,16,32.59048985861162,1,2439,137167.62577516856,0,0
82111.08944715674,16,1,4,35.66915919710712,0,2726,228198.1016160182,0,0
32797.03589539977,16,1,28,0.8507895969744892,1,3185,108674.05782058406,0,1
17381.8107632236,6,5,6,23.90802446280555,0,1088,57483.53663039368,1,0
153404.45628049324,8,0,1,31.88867784841069,0,1309,57239.3185825623,0,0
479745.7354106031,3,6,5,10.110885174756612,0,1111,131932.0364265002,0,0
18523.868997432062,9,5,10,15.654470232781883,1,495,10455.574383333142,0,0
7881.843889683019,3,5,14,6.160840774428129,0,2794,13314.00743254819,0,0
136936.19320951498,20,5,5,7.42826678593191,0,249,33668.15982959403,0,0
42137.463021065465,4,0,10,13.927830726541433,0,1649,109993.22676637834,0,0
23953.158187905214,1,0,25,3.27718066164255,0,3298,5460.309526590687,1,0
74470.50470239407,14,0,9,9.257122706187172,0,3255,33767.0391649285,0,0
112459.04187301768,8,0,13,7.174559231059368,0,81,30681.47145108483,0,0
24187.926592723554,8,5,17,5.4427268057530656,0,1965,53201.732516518125,0,0
520365.63602604764,0,2,19,13.228657134581788,0,2434,49847.38861699923,0,0
39783.06017352413,23,6,29,36.48696151378446,0,3165,100254.49703996321,0,0
37826.78634125058,23,3,20,5.548354538371299,0,1730,78586.12586881695,0,0
54991.451905822585,11,1,28,21.56032540507129,0,2514,186454.06492412547,0,0
136660.66043754533,12,2,1,5.865758365505185,0,487,15940.143105639985,0,0
206559.63034544623,19,4,9,3.064968993294985,0,2154,45262.11035955645,0,0
39154.16567095524,12,4,18,57.40734954783533,1,2084,40878.79877092769,0,0
12641.0976887912,13,4,5,20.060719341503294,0,696,9549.407656911015,0,0
29589.009476021016,9,1,14,2.2096103992380263,0,2197,14409.372019366205,0,0
8804.422060126824,16,0,29,20.028477336663126,0,575,32833.86329632717,0,1
99518.37660083943,16,4,19,3.880119466138523,0,386,106182.3833277181,1,0
134975.47997949892,13,4,15,43.74881897467277,0,3455,13016.690492085923,0,0
56083.29764957992,16,3,4,5.68631002616107,0,2250,24665.446461895746,0,0
305325.6480572234,18,2,4,32.880367958182546,0,2703,90264.79315895538,1,0
130020.40959674957,2,5,27,4.442761982210378,0,2494,72636.84867583541,0,0
47748.57442596728,3,1,18,16.34204927979177,0,1292,8820.363315161056,0,0
10782.338766021772,10,1,27,48.68320862414842,0,259,230172.02646215502,0,0
68063.40076935751,15,3,18,7.019612970297846,1,254,12816.216257478833,0,0
70084.78293951707,12,6,8,1.6980320878771382,0,1289,5069.883606160164,0,0
79981.29199635402,17,4,2,16.085685638176294,0,430,29021.583925248266,0,0
114711.83554507211,10,5,16,3.782828945760839,0,1578,2145.9294786937276,0,1
30704.526923437137,10,5,14,26.064425787204865,0,714,2496.452883139994,0,0
248.7557777539705,8,3,26,17.87205881270261,0,3103,69158.92259070312,0,0
167581.67383361215,22,0,23,8.5044330662267,0,1189,178757.31420392427,1,0
173464.23229252413,1,4,1,24.459933091915744,0,779,41206.02391901522,0,0
242612.95716176782,2,6,17,5.450036888044647,1,283,28779.226530224103,0,0
347495.0703930749,13,5,10,49.78710547497407,0,942,196858.26957139152,0,0
17336.749573521272,15,1,16,8.52013396982208,0,70,5074.495115093689,0,0
43675.7144939389,7,5,3,28.791212217252024,0,1259,51291.84313610503,0,0
190622.28513137723,15,2,19,5.9821241012060025,0,3166,23292.63154663107,1,0
271809.1295992902,3,3,11,25.093069285458334,0,2347,38463.96270404877,0,0
1463.6120321763356,8,5,25,0.6407433815884861,0,2019,42318.34225331009,0,0
49026.18086795937,3,5,15,7.005846214561949,0,2861,63020.82954409558,0,1
12034.544635322973,12,5,18,1.9498369965813493,0,1938,48301.22945794875,0,0
155333.29758813386,1,6,20,12.00117196710723,0,818,354158.1002866091,0,0
137488.1363992081,22,3,19,11.422414107641476,0,3334,2067.3794534040953,0,0
140365.5011332574,17,1,7,8.89477142409037,0,2047,113392.71277890808,0,0
49468.191855246514,23,5,6,79.44370830158248,0,2189,4187.322916837495,0,0
52129.28254076837,21,6,9,5.596673626119054,0,1254,45119.871666182145,0,0
30362.809637025573,4,5,13,31.31331357623774,0,780,18036.382354079167,0,0
44768.42309822285,16,4,8,11.864123563294246,0,3335,232474.69022978668,0,0
407935.00816056144,20,6,18,8.15366569395179,0,2702,102551.97806558864,0,0
4768.797111798003,9,4,3,4.549726943813672,0,1737,49717.80888433821,0,0
39157.34085385738,22,4,1,20.069891367382617,1,1123,243328.89155894046,0,0
156028.09639173147,22,5,24,8.119648704147947,0,303,102208.00333789291,0,1
48182.68195800168,3,5,29,33.52424631957944,0,3335,242825.03467929573,0,0
299542.0661240452,5,5,18,69.13304881318885,0,551,97547.18797002171,0,0
40368.29036574291,21,2,4,5.152928903283569,0,1720,6471.715974995367,0,0
189551.02586514436,9,6,18,2.754698836719976,0,213,76632.66215577084,0,0
168791.2297004697,16,2,16,7.581852814626517,0,403,314373.03566538903,0,1
925.0278381391197,4,4,18,12.588871421863573,1,1659,19282.41546793543,0,0
51581.989789527885,6,2,3,7.161141285378805,0,3355,125902.37687059212,0,0
32938.96303683453,4,3,14,70.44480859477565,0,3133,16329.265013031301,0,0
65317.39611503427,7,6,10,30.21010781393536,1,820,48153.03233833021,0,0
62133.095336787126,0,5,29,67.71085103444477,0,1020,7077.101058311236,0,0
235946.7649842427,1,4,5,9.343830372838172,0,2488,33312.314725863675,0,1
20282.80017464089,15,2,8,7.267514338240446,0,910,119769.66550965441,0,0
20112.66154406741,7,5,26,10.463448242122233,0,357,3705.9725105594644,0,0
11436.396954892394,20,5,18,14.79779137683342,0,1825,30876.135400110892,0,0
134189.93271755087,14,3,29,27.061463191024686,0,108,79486.64631646518,0,0
249933.41006231832,22,3,5,42.58976491548136,0,2188,237383.12591910508,0,0
45966.35419391044,10,2,27,12.441844080957807,0,2291,22520.284708074727,0,0
6381.611178108751,15,4,12,6.826685229485635,0,3413,15210.559243421203,1,0
16962.82673528314,6,4,29,7.679354071508681,0,606,18219.391841813824,0,0
10801.315433178648,16,6,4,23.87703447154827,0,2390,21619.728524436596,0,0
89732.18755093426,23,2,12,16.766142885055928,0,1858,81359.97888409178,1,0
33170.05987502311,2,2,13,13.329876404570257,0,3037,529676.9950867826,0,0
227738.17562098528,14,0,14,4.532343516773198,1,1688,59318.3312049961,0,0
17707.462037380585,3,3,14,41.66187405399206,0,2272,25333.811364417583,0,0
266149.105746664,2,4,19,30.37553842276779,0,1197,109936.54354205096,0,0
40457.37565139928,10,1,10,3.031314514616661,0,716,13781.933599225087,0,0
201970.7785612813,1,3,22,9.157974351383166,1,2807,2437.905518310187,0,1
297584.9026376376,6,5,9,15.623491010520006,0,1207,74363.24373423548,0,0
429501.14174871164,14,4,24,12.115133677195026,0,3071,18887.721826991205,0,0
162756.81201254865,13,5,18,10.143175057166182,0,1915,40764.41473027912,0,0
10723.6208845027,20,0,17,25.3760511838852,0,1479,21027.360842966795,0,0
5697.119973619191,6,3,24,1.1209019423542788,1,3637,200143.13242565727,0,0
134603.19766158,16,3,5,12.750856729090156,0,962,32997.805243701456,0,0
227341.18194295294,9,5,2,6.081153552639211,0,872,47692.3081074209,0,0
18159.012871742,17,6,10,1.7682847067395489,0,691,21413.936438762623,1,0
283136.16304220754,13,4,1,12.505552694118425,0,1122,7093.471849678725,0,0
94219.27885458582,5,1,27,3.759599294333146,0,1662,57486.49087505562,0,0
13239.981393002798,21,2,8,5.974166964098742,1,1218,162435.8188107166,0,0
18276.205360354248,18,1,8,14.14527624026412,0,557,34669.87358480106,0,0
6823.11759081446,9,5,6,72.7705568083144,0,384,121483.2159910268,0,0
15456.859996403871,16,6,21,23.056407494745848,0,3430,2652.476580526833,0,0
131723.0858357094,18,6,5,6.5595784909143315,0,424,21483.56502233685,0,0
24688.10042432902,19,0,22,9.638481609480467,0,1747,11278.585027315015,0,0
82474.7057741342,16,3,21,10.422002938082217,0,390,41251.29571287507,0,0
127683.48526521176,13,5,18,3.3361533977463513,0,2995,179796.95716508914,0,0
225644.31403208728,6,6,7,3.502649736513115,0,2991,37410.04383264191,0,0
89141.97663281676,18,5,4,3.2126429996628065,0,1169,73970.76137146837,0,0
84331.30612852378,23,6,23,14.748843050187038,0,919,182734.14106584177,0,0
243981.52607539258,6,4,1,22.42857757628275,0,2600,35676.29154931405,0,0
34942.256569612386,11,3,22,17.86714866626043,0,3582,36425.67601548204,0,0
22778.127808500743,5,2,2,76.12371897469441,0,421,7367.735475270902,0,0
206196.29078762865,7,1,19,2.6906280724098055,0,1894,34345.752738892945,0,0
7744.595625209642,8,1,3,86.06343117857462,0,3157,109684.05312022373,0,0
21032.8658852845,17,0,26,12.572445711100135,0,698,148955.352861481,0,0
52975.88106523856,9,4,1,4.934201150797675,0,2965,102627.00092924264,0,0
44824.304452261684,20,2,21,57.39285919460525,0,2971,555.9557022128553,0,0
122448.85075288043,15,6,13,12.645305865755017,0,907,9952.304373107141,0,0
9629.827793866505,16,5,8,8.534192317733336,1,3623,105038.15836641712,0,0
64847.561417944424,0,2,12,4.811138350741818,0,1758,228333.9762293296,0,0
165315.43515885356,6,4,8,6.236092614911558,0,3100,95090.25900989679,1,0
114993.7806216286,21,6,26,77.47481448315187,0,852,20505.351508060892,0,1
99871.9160458878,8,0,28,7.247349166389466,0,2223,9103.532599105381,0,0
27359.491762513626,11,5,27,76.15859723458429,0,3309,167656.26552087624,0,0
50026.941005598055,0,2,7,8.015969872582506,0,559,8342.710919545803,0,1
19933.364605258186,9,0,23,5.264172522111998,0,3182,13099.170527791553,0,0
71115.85229554086,9,6,8,4.05124079613641,1,486,72644.52239816637,0,1
87747.4622073039,9,4,29,10.615618433630626,0,3460,16857.393916231656,0,0
99744.96679355153,6,4,24,5.404872164442082,0,3261,20659.530133720385,1,1
208711.68451638203,23,4,15,23.876355091688005,0,3346,12276.206978866185,0,0
6382.3917182963905,14,2,21,5.482730851839232,0,1714,231059.64892570575,0,0
49153.374857404844,9,4,7,36.084356464613954,0,3580,10675.671128975215,0,0
89396.853864634,15,2,12,35.916706302869954,0,2653,214277.83130660464,0,0
84425.57889812847,15,0,18,6.724183897740321,0,2293,31585.397015684037,0,0
2194.3120903890635,19,3,4,28.011121998330996,0,2561,137880.00087451114,1,0
20986.839912691823,0,0,6,38.97470535608187,0,2083,239654.69315853895,0,0
186914.6790351041,10,6,11,17.838443627780652,0,2309,58593.92140598387,0,0
72441.45958653666,18,2,10,9.124615387972586,0,2040,117633.96947228367,0,0
53368.309727931875,17,6,19,11.630942151449917,0,3334,24740.84086424336,0,0
230433.9289397378,2,1,18,30.85698598046037,0,3132,38626.257772527824,0,0
7790.9725557704505,14,1,12,6.943474872561052,0,100,64413.35904718354,0,0
255503.36551630145,5,5,17,8.14320090534493,0,1669,152015.93856630614,0,0
2817.6572377795555,9,3,20,3.5057511397176624,1,3308,77562.24995875267,0,0
82706.78557181299,2,4,2,10.184950825634903,0,672,1787.732888108619,0,0
80988.57590563541,9,0,19,1.809769368696317,0,1959,29082.68031066902,0,1
101906.64312534482,15,0,12,7.743697516322073,0,3327,160181.7511224397,0,0
3007.3996004462106,3,2,26,9.351471873834935,0,749,21979.880165075774,1,0
75612.7231606362,0,5,11,5.90028796541063,0,2655,36700.178929957,0,0
12060.280217429985,21,3,15,2.137413532764511,0,2088,39493.193584245964,0,0
16957.802987655905,17,4,11,14.748972868373784,0,3309,13421.696768752508,0,0
24252.37315619651,3,3,11,40.061638776387696,0,1260,34439.50424381173,1,0
94978.82372832716,4,6,22,8.17876502387563,0,810,136045.6626987779,0,0
49444.16689168482,20,1,10,5.404744356776626,0,74,151287.78245706265,0,0
8920.004800667382,3,5,19,6.710523780641825,0,2783,69571.18913201564,0,0
34110.149652040054,18,3,3,39.59368802074077,0,2952,90840.2628178856,1,0
7971.586587502415,19,6,4,15.007374546537896,0,859,61183.95024520568,0,0
109102.35917127409,18,4,3,2.8034185992114278,0,2077,3622.601268874595,0,0
81523.62440865082,2,5,15,24.703879652793223,0,1468,95438.63760793277,0,1
52371.86604622126,19,4,6,3.3534421156773724,0,2894,453570.79026295623,0,0
262661.0162563855,12,0,9,1.242708813096006,0,3095,20683.352206458367,0,0
73131.66310356076,23,0,8,5.905815614562795,0,516,322065.51521262823,0,0
218511.82069535917,19,4,2,3.6806246575538033,0,2292,488589.5700687463,0,0
86532.44767066254,17,0,19,18.577262402265493,0,546,12206.848927018456,0,0
47287.63805406807,5,0,15,13.254936100909688,1,617,208441.48936300905,0,0
77435.04578843582,23,0,8,25.751766384323926,1,1853,90045.62533111988,0,1
16471.24050761091,19,6,19,14.331225277016777,0,27,50244.47864232188,0,0
112317.16845611,23,4,5,10.860294753781917,0,1107,33808.17511090081,0,0
402480.9920129945,5,0,12,14.940188719670038,1,159,79497.29468915725,0,0
28427.204676946418,5,1,27,11.400408537070419,0,1501,148012.1321326585,1,0
39037.59952700676,21,5,12,0.7558420754476995,0,1869,2775.7930315596727,0,0
52103.001461074564,16,4,28,22.83242802603428,0,667,61336.99997560574,0,0
66064.62880505167,16,3,9,65.47209302331238,0,3243,84046.13200112309,0,0
126976.7239323247,4,5,18,10.964789383018623,0,3004,2074.940813999757,1,1
14696.190915356181,16,6,25,11.023683117088224,0,2853,175913.95341127092,1,0
36020.33650680414,8,6,10,0.93698742592022,0,633,242574.97120988788,0,0
77364.27517344856,19,2,5,44.214541790488894,0,2243,75841.36114949774,1,1
89056.79297657163,1,5,15,52.93573095385004,0,3303,9954.503616881353,0,0
76922.98856453458,18,6,25,33.547817711856844,0,646,215545.64324813886,0,0
57179.52242635931,8,2,20,2.2487202397059116,1,3643,130783.36943332845,0,0
124297.3739239383,7,1,24,46.09648819866274,0,1155,2317.0924241724124,0,0
22875.26575582744,18,4,24,0.48494533502938497,0,1019,69239.75428010145,0,0
33229.969898735806,12,3,19,11.76040948117411,0,2548,9731.597139129684,0,0
58785.693940726334,23,4,21,13.887905345981224,0,461,12165.092380237324,0,0
118909.39252352713,3,3,10,35.91560294981731,0,907,17105.963173652683,0,0
8594.013317941979,5,3,17,27.794742689696506,0,2075,40359.45660377254,0,0
12292.610363451615,3,4,29,31.900534731092197,0,2293,167245.2861866012,0,0
152513.50690804946,10,5,6,40.48406511301166,0,130,2525.4796300993926,0,0
30239.64096537416,20,0,9,12.927978965454967,0,1344,93491.27654895396,0,0
331008.09564587806,9,2,28,30.305509048999095,1,3304,267172.34275060333,0,0
325463.062960895,15,0,17,1.4091594789143458,0,1196,82006.66906241949,0,0
115818.7105336525,17,2,18,11.759404854049242,0,1612,135254.03242933092,0,0
126186.04995586118,18,0,14,0.611919901116533,0,2615,185637.3749179949,0,0
105268.4001012274,20,4,23,49.376351199035824,1,3311,100364.55147616622,0,1
19520.1269837967,22,4,6,63.599729271021765,0,1356,86267.79282011802,0,0
69405.89030167967,11,3,26,1.7534477690241876,1,3479,1450.4084417659417,0,0
157511.48039971787,13,1,11,15.212537281631002,0,1728,58532.596106143,0,0
149022.52477300167,17,4,19,7.864988674069025,0,1977,50673.484682404836,0,0
229036.66708573423,19,2,16,8.387253205274414,1,2570,59169.74755091613,1,0
231059.88613061793,0,3,2,11.982213007351316,0,1013,45318.39804653857,1,1
30311.445703862737,12,2,7,2.6721356865749883,0,2339,189632.73298662403,0,0
127912.93155630973,2,0,26,3.987812938419328,0,2694,175879.6953181493,0,0
105365.78646375105,13,1,26,17.225100337809785,0,1625,10746.40483695642,0,1
217006.82426390992,21,4,21,0.3786806452065856,0,3039,60895.719873477814,0,0
20269.70053237867,17,0,6,18.315868211887746,0,767,256632.86052155122,0,0
134627.6183335016,23,3,15,7.68142752776564,1,2230,73036.53481169869,0,0
55048.87596596172,22,2,25,35.700414290949645,0,734,129425.20024231005,0,0
50167.67973722563,18,5,13,18.32614002656423,0,1404,37390.64809339102,0,0
3644.7184130339997,0,6,7,24.62627713410946,0,1006,37888.680950938295,0,0
325606.9390402227,14,1,20,2.4303666418164167,0,2883,31524.904350866065,0,0
112629.76421505422,15,4,27,6.181175077770798,0,82,1767.008784225013,0,0
89331.24955582949,9,2,25,114.09331112137643,0,632,207063.2495605874,0,0
28923.77093320748,19,4,3,11.370939693885155,0,3409,34418.54686259411,0,0
107424.77383729043,3,4,15,8.890311121263085,0,60,36593.90544835144,0,0
291144.244631832,10,2,20,41.406521715809404,1,782,114018.58665377073,0,0
17827.506151348356,15,4,26,0.6726788296565955,0,784,59874.716775767585,0,0
412327.61403617007,4,3,3,15.304611957757432,0,3443,35958.64572382669,0,0
55761.91289369676,18,1,26,4.720959472136762,1,3355,172069.79973690043,0,1
382718.19337241666,10,0,27,9.182153453859602,0,1771,139611.08724070404,0,0
100476.0145806219,17,1,15,4.457298599413029,0,421,301093.6594023239,0,0
39172.01832100249,14,0,28,0.7711320730695188,0,3041,81959.45276964798,0,0
46911.43806695167,1,3,3,10.77463245238464,0,3133,93719.57428337852,1,0
34327.20610808189,23,1,28,31.13719588925303,1,3476,31384.11328265925,0,0
40763.30180022698,12,3,15,60.71210796241311,0,793,8391.515601784098,0,0
103997.32576376064,22,2,1,19.55550374098425,1,3250,8956.509618614487,0,1
1674.451594531051,11,0,21,9.847834614425476,1,2618,83063.21546285473,0,0
343055.9009006882,13,2,20,29.380938450086695,0,590,9617.326873875258,0,0
146329.6600695,0,2,11,14.073002211898945,0,2469,189691.8723307394,0,0
283037.5390788303,11,1,25,9.165304845986299,0,2181,97356.17496134512,0,1
126422.91672554302,12,4,4,3.9468284686135324,1,2870,20516.043758150907,0,1
65591.62505533194,2,6,19,31.805453326900057,0,1829,26192.780056744872,0,0
21038.461327685545,2,4,22,13.879982487901835,0,1354,99022.69844125453,0,0
72633.49474711707,0,3,28,66.37599033251688,0,3082,139036.2372334164,0,0
124373.82383042603,10,1,28,32.38063577171661,0,1289,146322.01721696006,0,0
192540.07923481823,3,2,10,10.895099349049637,0,3361,73508.95720327736,0,0
39175.61436073453,10,5,27,27.00696784089026,0,1432,13495.458344171675,0,0
71433.15874304902,1,3,21,12.080448837105939,0,1094,136458.06620028242,0,0
96753.36667798347,18,2,4,1.6647134442506775,0,1531,125480.3889224536,1,0
88817.18374374669,11,3,16,14.541569890462194,0,3129,144318.34756071866,0,0
5379.407850885532,12,5,1,40.15784599364803,0,538,13726.082709680843,0,0
66047.44598370533,16,0,27,38.68139507275539,0,2727,92251.66518751292,0,0
165564.5776619861,18,3,13,17.111765256580224,0,172,257999.42654998202,0,0
162102.39675150727,3,3,19,9.561475272460173,0,2368,23663.761972618813,0,1
70753.45750084062,5,2,14,0.20303919024671188,0,1519,100907.82451988562,0,0
304400.6601241132,2,6,13,7.462178587373317,0,2480,23971.45850925203,0,1
175002.4292655991,10,4,29,91.72417649960292,0,3267,29349.15259461951,0,0
133684.50054749873,21,2,4,25.92841745245526,1,3120,53128.72399319413,0,0
72484.58754074112,11,1,10,25.28780555625664,0,3624,180268.58755861822,0,0
89324.9102885427,11,2,27,28.632814029142498,1,174,3154.3215308558183,0,0
25261.765493109113,17,6,8,19.357648960013734,0,2400,365594.36613956356,0,0
76015.68820666605,13,6,9,17.6309591126673,0,3034,118299.84662161156,0,0
74659.39762203145,10,5,14,12.088784235217796,1,1795,35675.33517163805,0,0
22660.260641867353,23,4,8,11.737365507127302,0,398,34976.30393344733,0,0
301896.6163981598,20,1,25,40.93537600126176,0,765,52774.088909342776,0,0
28070.93040467342,16,5,26,9.99956874563974,0,2771,166662.18059452923,0,0
11006.319040875085,21,6,1,36.688135580928225,0,2308,1446.3839897101666,0,0
62925.11300711775,15,6,11,36.37041876039404,0,1791,63570.046102144835,0,0
115859.65176933793,2,4,16,29.47177659696508,0,652,4617.655221010944,0,0
21710.167471304932,3,6,1,0.7673834335128671,0,3043,9827.734002160718,1,1
20198.348768186235,7,1,19,3.2027235138476673,0,3583,93866.65930807496,0,1
30309.39958114427,23,6,29,7.5581216794782,0,374,21358.11479120041,0,0
36056.4481311946,10,2,20,37.616186892129704,1,1787,3398.770511994374,0,0
28262.826817060148,12,4,18,41.3122530778874,0,1943,14352.842721927173,0,0
63619.735996063,23,5,26,0.8489098660361332,0,3312,18719.989837722987,0,0
1843.193435028767,11,5,7,7.852692038163685,0,2691,117498.28593938047,0,0
9158.548858219641,4,4,9,37.99369270090479,0,1027,78450.1565902074,0,0
130698.22798923109,15,5,27,5.745463095673178,0,637,106279.4827924286,0,0
53160.66203568286,0,5,6,74.59678466013033,0,298,36940.27228049574,0,0
44678.28380252877,8,6,20,13.439606413518781,1,1273,9604.799770959908,0,0
1049.9711218972693,13,0,6,55.39192469150349,1,2512,130899.56305038884,0,0
35413.228901664865,7,0,1,11.20124155294146,0,973,12103.685589629147,0,0
172141.12189708854,2,3,6,7.825296040611308,1,3219,38589.64905067659,0,0
41607.206049585315,21,6,16,9.001202204841729,0,2204,24335.08373563795,0,1
331575.720997183,6,0,4,43.13519359264919,1,1318,28138.955752367707,0,0
49422.901841264684,3,4,3,8.030140621451869,0,117,73675.45537164647,1,0
62386.16343043504,14,3,22,22.133668746272107,0,1528,14363.839161400625,0,0
161903.11304356746,11,2,9,12.691629806002311,0,2158,47229.03866007451,0,0
407597.2560871013,22,6,24,56.8331823552663,0,913,81441.16077327752,0,0
46457.3280731643,8,3,24,3.4719180552928663,0,3528,162551.64456529723,0,0
12776.077266997605,21,5,25,11.195305035656219,0,2661,37118.86434116401,0,0
74035.89165014034,17,1,22,2.662259589787239,0,3191,30699.238260694205,0,0
89590.21526592442,21,6,8,17.26160427381394,0,716,36689.93451548967,0,0
320537.9060471895,12,3,7,10.31338642228754,0,54,55579.40748286229,0,0
53430.32720611603,2,0,12,1.2574591388677376,1,2588,30044.69498369792,0,0
9520.162355031509,6,6,1,37.92082597310941,0,1408,23062.800605072825,1,0
105249.63596588631,18,6,22,9.416552424404014,0,3522,37639.09554254127,0,0
2133.8173677863474,7,2,12,13.60978229746539,1,240,120344.72921775823,1,0
55411.29417983035,10,1,16,10.468538267428407,0,2304,23315.374571325152,1,0
52703.39931640517,4,3,14,13.414124594824504,0,1180,148955.48383461096,0,0
29412.82529006848,15,2,11,0.32919843974583496,0,25,26849.74050969612,0,0
333285.8299803545,2,0,20,33.79772972423346,1,2302,73921.01695905066,0,0
51652.251124161296,0,6,19,8.07856615021151,0,1883,283171.35442715045,0,1
225100.94280901493,20,2,19,25.780577478141353,0,2147,242579.8504424669,0,0
72383.43474203156,9,2,13,1.3417536512737627,0,719,45622.4158927681,0,0
171778.15803334612,9,1,12,14.839407510417592,0,2737,5592.2430706997875,0,0
60037.699227804806,15,4,10,47.89224720471423,1,2992,186337.91365148034,0,0
477207.35912423144,10,0,15,10.158198753712531,0,2428,10857.878940453533,0,0
102173.19855843463,18,1,29,4.394463401959291,0,3299,205688.66518493387,0,0
16953.999481549654,19,1,29,2.0868019984062736,0,2991,105529.92636096118,0,0
645.1588908199855,12,1,28,39.19238875615308,0,574,217738.41235937199,0,0
264367.30986690574,14,4,13,5.45734649141017,0,417,87583.60153311801,0,0
116091.59656124622,9,4,13,73.83455934448088,0,492,425688.8368333647,0,0
11237.469203064458,3,6,24,5.6956664465531155,1,170,50338.960685498925,0,0
136057.57493408816,18,3,15,13.11668093447169,0,599,31993.024982254607,1,0
25766.849243100332,14,3,17,12.249569013245907,1,2587,39979.244203159025,0,0
165668.88184912666,5,0,23,1.2803117043334276,0,2278,34498.20206900436,1,0
94141.02810610745,21,5,11,15.178878437370479,0,2056,40972.42528111041,1,0
13200.111077548016,16,0,10,22.333955778361066,0,2238,173166.57112931833,0,0
7359.178305650431,12,4,4,27.106433181320302,0,372,71731.03655044624,0,0
62758.04386985019,19,4,17,14.787665946797574,0,2982,103482.02403159146,0,0
276293.08382488205,16,4,14,33.48861501477272,0,2931,27159.950208469356,0,0
83156.52277301798,14,6,2,27.894395254366803,0,3076,367385.7122131603,0,0
142341.01719013756,6,1,7,4.312793322476929,0,1078,26362.005060404088,0,0
63388.50159930036,22,4,16,10.269973259701779,0,1200,13855.4815256105,0,0
48463.91595942968,21,1,26,3.076591156052351,0,2501,120476.38334604054,0,0
172713.81351060097,10,1,17,2.8641012992210246,0,2194,146145.51539208952,0,0
62247.727500780595,17,0,22,24.904742003996667,0,1273,40043.00047531502,0,0
15261.834664703169,19,6,4,15.119998782656904,0,1645,62308.91755320649,0,0
32092.24514111148,18,2,3,18.373361534312444,0,941,42772.31322517928,0,0
82412.96223288978,7,3,23,26.349123182893017,0,786,27842.36029293379,0,0
51513.010404973844,17,3,25,6.493421007547218,0,904,134293.19284236676,0,0
45632.62490173641,9,6,5,10.261962701052873,1,3101,113187.80612951692,0,0
110492.48600773973,17,0,6,18.668894935024547,0,1173,53138.135838973234,0,0
101148.20349418203,16,0,23,2.032438733192343,0,1511,48638.46899022095,0,0
37691.57127717172,8,4,26,35.801707170105416,0,2870,15892.046914214689,0,0
44539.157386343584,2,4,29,8.415117085487738,0,1627,81128.46290976962,0,0
139459.44877826743,14,4,28,21.50297353891277,0,1583,205823.25328646903,0,0
254195.43456760218,23,1,6,108.36411068448713,0,3266,101507.61764390228,0,0
39187.993072293655,22,1,6,12.900952539087378,0,836,56461.39768186832,0,0
34513.82756359451,11,4,19,4.842665638880618,0,2992,3154.0466845425176,0,0
30826.58317522386,16,6,11,4.877984321063853,1,716,213064.7084385823,0,0
15257.66354605814,5,1,19,1.2455142763314018,0,1104,29458.671816840477,0,0
47348.845499757444,23,0,14,29.141402219504084,0,3161,28528.569526476796,0,0
72568.30096355818,21,4,15,6.946697968236869,0,3223,50729.311992458046,0,0
77096.44198543683,8,3,5,3.7923806754279594,0,785,44852.53559576034,0,0
117451.21846778755,9,3,23,25.01402427455008,0,509,262352.71728108276,0,0
5398.305094463609,2,5,12,7.3962643843459555,0,2365,14426.598568262945,0,0
82418.73652706423,5,1,13,18.349275775948914,0,2228,93468.41796725032,0,0
29435.62444596967,12,3,22,10.819725483316162,0,554,9032.284662659182,1,0
27328.421628716274,13,4,18,8.133899171679596,1,2927,25936.35240192917,0,0
155934.35024751636,3,6,3,13.444534762645297,0,3635,102450.21876546813,0,0
16661.8194379597,9,3,12,7.531525926722665,0,1774,130388.97965037751,0,0
39913.540601957546,18,0,5,40.89151659316581,1,1921,50628.0885152194,0,0
101511.25517612479,15,1,13,1.516903854114944,1,3477,124602.72556639693,1,0
102966.48542549551,23,3,23,0.6123519252294167,0,3257,218825.96415882488,0,0
4928.261851127159,6,1,29,10.43075681752779,0,1316,219644.50938104693,0,0
7532.593701549796,22,0,13,3.795230536955498,0,1794,33541.73317057048,0,0
106526.43225196825,4,3,6,27.230197398258554,0,2839,29933.577568884833,0,0
306082.7252417783,11,5,29,8.721597194706751,0,2748,103700.10472073311,0,0
650436.8054848699,14,4,16,6.060996736930102,0,2536,84927.17364958486,0,0
435129.0614130441,0,2,26,8.906422112164702,0,1723,39841.32203570893,0,0
43321.69734972364,21,6,3,4.955999031024547,0,3266,20771.461210803474,0,0
27682.159738569768,5,3,7,7.123572171237341,0,3115,77077.27247276012,0,0
10386.092304996833,18,0,21,16.785912593509288,0,2491,45003.06327946728,0,1
39426.82718368228,4,5,10,39.90679460805479,1,2250,11335.541277310815,0,0
32414.36496976705,8,5,4,9.26832694743834,0,1097,81565.32968496127,0,0
85990.1446075158,6,2,12,7.733017536527794,0,2269,95700.05885585924,0,0
46010.95328161783,23,5,6,30.445936419604877,0,1626,36233.72623285895,0,0
26335.363315636347,8,3,18,0.45363358040380475,0,2680,142681.5960118223,0,0
94815.53640635699,21,1,7,7.192910618526264,0,828,6122.245184489129,0,0
39018.396135746516,15,0,2,12.035835065971483,1,388,54800.00151787103,0,0
43639.890256370665,4,3,23,18.35892587366815,0,1557,250495.70682060273,0,0
91239.96405496418,9,6,8,3.3935137925018584,1,1633,16903.437484726226,0,0
12581.105443765726,20,6,18,11.342784293338555,0,991,15130.703825702767,0,0
148832.33335989973,20,0,24,16.70806609300567,0,3036,38074.87100812868,1,1
336489.6622743187,14,4,28,14.277223165919189,0,1889,24967.166710276215,0,0
67496.66164338097,14,2,13,17.092207611739887,0,3076,20034.334681433942,0,0
82065.99673110982,12,2,23,21.71776768693464,0,2436,239407.8735881291,0,0
48555.25808190516,19,4,3,9.540489770208643,0,161,33831.013047668515,0,0
314002.397475653,17,2,13,1.3150142688054933,0,2702,4936.252607784149,0,0
14265.230320911298,22,2,7,1.143183666819672,0,496,184032.36986501305,0,0
167944.1261276831,6,5,1,39.13947307373447,0,2953,47572.245645621195,0,0
105103.95181989085,7,6,18,22.628033673193645,1,3160,106526.84821092848,0,1
156779.8360793928,7,4,21,28.894126667004073,0,2880,36626.68649755962,0,0
300496.630689286,10,1,16,52.8465469865916,0,2238,218877.75725265886,0,1
68548.12603323538,23,5,11,27.769486975796536,0,89,27151.749344045562,0,0
34014.14675009809,8,2,29,23.572682378138204,0,1159,86958.4107932322,0,0
151191.03713274712,5,1,25,21.328238921138,0,494,139138.64051297057,0,0
186156.30662369024,19,0,17,5.983581803441414,0,261,21737.64143031339,0,0
115917.5475265368,1,0,5,63.068350668648485,0,878,129361.66373238283,0,0
189048.60639454846,4,6,6,15.61965684099853,0,3085,125723.60453033062,0,0
131054.6316512575,21,2,14,5.022474790884505,0,3458,266437.3497930329,0,0
315761.6592442507,22,0,14,4.710047434612895,1,250,204920.81424976475,0,0
84555.51239973899,21,4,19,33.77675694646095,0,1527,39361.45122052945,0,0
47879.96622916476,3,2,5,5.759204928272197,0,596,71434.01837258483,1,0
114106.21080171653,19,4,18,0.8461786116524674,0,91,207535.9338711613,0,0
7161.883334407057,14,6,11,11.186746083525136,0,1287,350.8219310170805,0,0
68993.37692646646,6,1,24,34.00372030769334,0,2722,78969.2815132707,0,0
148457.11779434493,0,3,12,10.703720238168975,0,1874,19402.77909488788,0,1
18508.19835040349,18,3,19,32.54670004381086,0,2442,107387.10087076422,0,0
51150.43447728885,17,5,21,35.11367883537899,0,2470,127355.22777234875,1,0
43122.40895592905,1,6,29,38.99736221977663,0,186,99850.48336721575,0,0
40792.167539981965,22,2,28,17.778367954840302,0,3640,443292.32476071845,0,0
105161.39834343067,20,6,17,24.044205181930213,0,3559,52199.98745581035,0,0
68815.18321012825,12,4,21,6.07240996277568,0,1964,65923.45120136795,0,0
159610.37332068547,13,3,17,2.100499061891337,0,1237,42074.11523317822,1,0
5959.015073164489,2,2,25,15.219123241571742,0,976,291920.8826994518,0,0
60497.00766300106,15,6,2,0.21276557918370784,0,3443,204863.246429515,0,0
1409.7627859294632,13,5,6,12.537372893243061,1,2496,345219.93065574544,1,0
24956.429364424148,14,6,25,2.153789401795791,0,2708,335398.2482037222,0,0
149332.68070661178,2,3,19,2.295208911368074,0,2031,180652.37996010398,1,0
11210.647466460941,1,6,6,40.92530671702666,0,40,213750.03142848454,0,0
11157.901500144215,2,5,1,20.461834151377985,0,2200,10215.867980127527,0,0
51322.587610211136,8,3,14,20.72595407183539,0,1519,15247.142611141304,0,0
150032.17684743647,7,0,23,10.366294460190224,0,1621,173156.44924942157,0,0
101617.42635730267,18,6,2,10.663276271588316,0,1644,103804.22741569707,0,0
152213.82781350988,19,6,21,7.222487784229249,0,314,166348.09919504068,1,0
5081.806893112773,20,6,21,11.395897050798244,0,1823,117585.73607982918,0,0
82948.41231845143,19,2,12,17.69221088002186,0,3579,12027.101296061335,0,0
60384.16569281259,14,5,17,4.130376661251803,0,630,198695.66537777593,0,0
226356.9490190197,11,5,27,6.0676522526376235,0,178,118002.53593309628,0,0
133689.2253757409,13,3,23,13.65419426568645,0,1162,67667.73665371498,0,0
55223.98914865657,17,5,4,9.715516849782373,0,3156,60804.78910484037,0,0
80709.81115816606,1,2,4,34.23899572987572,0,2830,68227.47618059162,0,0
55309.538873975,20,0,7,34.48429995592755,0,19,39598.405512083635,0,0
58186.87219371651,10,2,26,8.189222857544232,0,3102,130053.2455181686,0,0
100534.70032083878,23,6,13,11.985680216604067,0,1337,191767.04858629615,1,0
24402.8619246656,0,0,17,75.08970256459848,0,272,23326.107216653625,0,0
40524.09119227985,18,6,14,35.14438809008789,0,2070,3103.192068521285,0,0
32733.65932617683,13,3,22,4.858264203153153,0,1334,18144.761423648502,0,0
161345.79985558707,8,5,17,6.576442829400969,0,1108,113287.07169906283,0,0
284633.8783072656,2,5,29,1.7434351768197525,0,838,162239.70099334573,1,0
53494.85858848126,13,3,16,22.653092753767297,0,2669,34286.275530861385,0,0
8023.565778278462,19,3,16,7.622142738401311,0,939,13226.490697951123,0,0
9822.049154103073,2,0,6,15.383085620424307,1,1761,156455.70008609764,0,0
51014.078055588034,22,1,26,29.2326275916483,0,489,19329.336490046553,0,0
50250.11606142738,3,0,2,36.1620539901555,1,403,22152.474055823546,0,0
15800.723377169876,1,0,26,7.871650056704786,0,517,7774.862758300741,0,0
164570.47628577106,1,6,27,5.416418795168674,0,2631,192924.36496057568,0,1
69341.6745895941,14,5,17,37.74819532207826,0,3554,31647.916020889188,0,0
11547.803930172326,22,4,24,9.601752011251603,0,3348,15084.043195455994,0,0
10393.953517648042,20,3,23,34.519225628734695,0,2447,245713.95373575567,0,1
59052.64858869389,20,3,2,3.2448064401658177,0,2045,32700.090538989494,0,0
12424.488969509544,12,6,18,48.58779132911879,0,1574,110103.03887025874,0,0
82370.2709035367,19,4,21,13.199109691057341,0,3201,20950.29182074423,0,0
48615.8434040577,10,5,20,3.729806039048627,0,630,103811.64020621398,0,0
252166.61864462894,13,1,12,15.317288876798132,1,3077,21134.143354753673,0,0
54284.980452010044,16,2,4,40.806875480028765,0,1506,81231.44371383902,0,0
95303.29430409372,21,3,9,9.863809776326114,0,438,46508.86477442138,0,0
166788.3836828675,14,3,11,3.9217942543303552,0,317,128243.78584222063,0,0
36079.21669003119,13,0,17,17.18668790164839,0,2173,104827.24869668948,0,0
71721.14156733148,18,1,13,35.97170764704479,1,894,219269.37591649313,0,0
12890.210810684473,1,1,26,2.587458757858826,0,76,37808.21578658735,0,0
56698.935193528865,3,5,25,0.8458011747505374,0,1307,112302.95802869632,0,0
47131.86115785522,7,1,28,1.1588013079085462,0,966,277498.6725864314,0,0
55894.68890906924,11,1,19,5.239993331039646,0,3568,32795.091265026356,0,0
11362.820533797283,12,4,8,0.14657582757492318,0,793,27399.702893418606,0,0
50816.36401326974,22,0,5,11.195863002308359,0,347,117244.59587975584,1,0
204227.54532911026,17,6,10,23.929979655512128,1,941,47178.165630323645,0,1
276549.5445327067,16,5,15,24.78911136927648,0,2178,40686.48682712008,0,0
27671.22514937383,12,6,19,20.251161170208828,0,662,63104.39613487595,0,0
35739.132575145864,11,4,25,7.025224906701789,0,1376,219325.3394104787,0,0
960.2450620233078,6,4,9,26.631404808901472,0,1169,7006.029603981795,0,0
12282.428376419457,15,2,16,17.18344818126787,0,2749,50141.70744767878,0,0
42330.272387986966,13,0,16,39.49142725885086,0,1016,9335.382712294551,1,1
115552.7928863857,4,1,8,13.001965145684117,0,485,172048.23911168482,0,0
34559.96906724519,10,5,3,3.972612022012962,0,2626,11759.556925964313,0,0
7839.109615132733,23,0,3,20.138144701536106,0,3317,7518.782741753468,0,0
131255.23605423936,20,1,10,3.2688395629122367,1,1268,265394.9752344106,0,0
62879.37484016114,20,2,12,66.01519536097146,0,1143,66288.55409734392,0,0
73229.80867091511,7,3,15,24.29967672814532,0,666,139846.7863877794,0,0
39456.23837998013,8,4,15,28.238142707224185,0,1464,50829.03086242376,0,0
94944.47791982093,17,2,27,22.74301550178584,0,1697,45765.296982041604,0,0
221438.49953940927,7,4,26,2.0530519281806643,0,1537,194079.49751458084,0,0
80689.49270980935,6,5,19,12.520981987420367,0,2600,367400.6136023005,0,0
88555.84825442899,7,1,14,21.07747745869608,0,1195,77098.2399313377,0,0
46770.629444180784,14,5,11,5.210571707364854,1,300,200266.84090597613,0,0
8624.526218196026,18,1,6,22.757591529269583,0,1214,158857.80106173054,0,0
55956.330560678834,3,6,12,34.28324763476585,0,2340,62822.73239417969,0,1
258546.94530357362,6,2,18,6.429740973566494,0,952,226558.15323950822,0,0
114010.65417641014,20,3,25,4.452955991032427,1,2983,18863.474196549687,0,0
67377.5597606523,22,3,2,42.93899225227336,0,985,172918.1444822287,0,0
96991.11679561065,21,4,26,0.10416062090920092,0,909,29610.510271121555,0,0
81766.0633868893,3,1,24,5.907486264715458,0,1831,2479.2677744620282,0,0
243500.99400625026,14,1,26,10.442126854774791,1,1662,123749.94056845114,0,0
25340.662222046645,1,3,16,22.310676196545145,0,3044,212760.82517718148,0,0
219540.3188775021,11,6,4,116.61069992584115,0,780,19547.586144794812,0,0
116626.24695612366,5,1,4,9.266706872157743,0,533,61100.26605173378,0,0
13667.50947718793,5,5,21,59.44372383841913,0,2135,110694.7643723963,0,0
46506.33492084906,13,1,17,9.138566722616318,0,1426,32232.301851949323,0,0
57323.112049608004,5,2,20,23.783605550247493,1,781,12712.001517131992,0,0
8657.542918597992,0,3,22,3.61526384927987,0,558,39838.81946342808,0,0
80788.30854525485,5,6,28,12.338834369545244,0,624,48788.360059455605,0,1
30024.59195428755,17,3,10,41.00130850334221,0,1209,108452.1900202061,1,0
61272.49584135165,20,5,18,7.713084324975937,0,1954,17719.978521773457,0,0
57762.08531887172,15,6,27,2.223159071465102,1,1524,135040.48734725866,1,1
73746.31246360428,22,5,19,14.792759911424863,0,1214,55801.19397989892,0,0
187214.94267131967,0,0,11,11.579758458473465,0,1592,187381.38249559738,0,0
151759.3729131904,20,5,14,5.215341196670996,0,1153,66737.40981913084,1,0
206357.92500434062,18,3,4,47.20751025543561,0,2489,47370.7479540351,0,0
84944.41275593858,17,3,16,18.410329865824554,0,3182,27038.75873014446,0,0
95660.5272882773,1,5,3,8.528881368354334,0,1878,8985.654802696175,0,0
56297.271605827984,18,0,25,111.09641984364708,0,1692,37179.42243394874,0,0
126308.28687722025,16,1,22,2.9599378088743538,0,132,42703.422852644035,0,0
22928.148062590077,17,1,11,37.67111625688827,0,1509,67199.52961276025,0,0
64470.69031201935,21,4,5,5.243533971560898,0,3271,157204.02334643333,0,0
125236.90269500508,23,1,21,5.475763698946597,0,1099,49862.0816017338,0,0
150453.26012581488,3,3,2,13.789566311292148,0,1228,30183.399707972138,0,0
28495.216184460744,17,4,12,21.690754226104303,0,2984,165248.52675253837,0,0
20034.13858581663,4,4,13,23.453559227411706,0,53,105916.07121084577,0,0
34042.77154268868,11,5,25,0.4475224945321401,0,2087,29341.44647745568,1,1
252767.53425562824,14,5,2,6.761493085668274,0,3363,14612.516096532709,0,0
13825.15857855992,14,1,5,21.61175867084317,0,1506,27515.07252766656,0,0
305963.4369884294,2,4,23,44.09733696863502,0,338,10558.047480509487,0,1
526152.382244795,20,0,19,22.166640759566842,0,2442,186987.6542249072,0,0
152990.7537294255,2,6,29,6.181691338361438,0,1020,75683.69973354606,0,0
142887.85193843363,10,4,24,14.176295536557099,0,2099,159321.80640237455,0,0
306372.2731924789,19,2,5,20.858429419988603,1,2934,137344.42279934298,0,0
34324.457860372284,20,0,26,2.908363244019111,0,1216,13306.62073175311,0,1
13809.28725837757,13,3,28,15.7450654551375,0,2767,46815.38483890977,0,0
173217.27974480405,6,1,3,12.760541023099464,0,2363,286225.3921268565,0,0
18745.074811419145,17,1,19,8.208991239931018,1,3185,21304.36883271124,1,0
4647.326070818721,5,5,19,19.538745704869687,1,2163,4123.58395933921,0,0
21873.016405644015,21,2,11,20.223915991624793,1,1795,33973.07551791593,0,1
57608.722562468516,5,1,12,71.13591640795342,0,2893,57222.55767953301,0,0
68339.9371826932,22,3,19,11.182999838156118,0,3089,4599.943874418391,0,1
6454.033274112038,10,4,20,15.154446014649363,1,3069,44504.031551492895,0,1
58589.82963944196,2,1,10,3.4276936045394035,1,2881,23379.414239815844,0,0
92711.81251447275,20,3,17,15.897501106235186,0,3278,19072.55124977276,0,0
268540.5698160511,13,5,12,0.7350629448316098,0,257,24511.91921471636,0,0
25788.974129034526,11,0,3,3.247498196367222,1,3160,8910.174976536726,0,1
23695.143177236525,13,6,26,3.7566576093998467,1,3446,6379.567614472775,0,0
49335.42697813449,14,3,26,20.02821166060326,0,3385,72476.64012058137,0,0
411380.3921615236,22,5,21,16.753964923781773,0,523,236260.91787704677,0,0
40981.17121159938,8,2,29,31.993411069795496,0,2627,130673.89007121143,1,0
4485.914004238642,18,3,8,12.487332088668266,0,1229,143612.57213178065,0,0
30872.166672644435,11,6,8,12.881664386731195,0,823,106266.67440362167,0,0
81712.7947927031,6,1,25,3.5241504838178237,0,3158,249853.9939263599,1,0
53195.34623778922,16,4,25,27.15036232749093,0,3113,240544.23376673803,0,0
148820.77479185417,13,3,13,0.07319227755079591,0,2031,120515.5358262293,0,0
93463.69678453835,14,2,22,11.063909407188081,0,617,100687.34626959586,0,0
81974.76918488987,13,0,13,4.173107550552463,0,3614,29139.655710445535,0,0
39007.507186768366,22,2,10,29.481532299566492,0,2329,7647.460133845062,0,0
80261.84477873497,18,5,15,22.379852930421123,0,256,7797.382085932622,0,0
95604.7458854851,18,0,23,24.535871902899107,0,1344,106623.64715414729,0,1
19748.16036094528,13,3,28,3.216945037570122,0,217,2302.7343155869344,0,0
133130.59961782975,22,4,16,22.101507006192072,0,1127,135603.69421679742,0,1
49911.61062128527,7,2,13,23.481401601371473,0,1433,36516.64833956509,0,0
135586.49092430135,12,4,11,0.05281135872640416,0,450,17063.43219445897,0,0
19566.285445541507,3,5,12,7.642810835226829,0,2999,41884.30337039429,0,0
106862.86599590733,11,3,14,1.8267018063648743,0,1722,97195.21210231214,0,0
2725.120956415102,0,4,20,22.876015575114028,0,1280,25738.896536109834,1,0
17312.29443474951,4,4,3,4.767902089622844,0,1110,15255.887741317267,0,0
221751.71487181395,3,2,15,6.148427409303591,0,1921,107117.53458286525,0,0
61891.57055518458,15,3,11,1.6313406792285416,0,3319,170076.58033771624,0,0
70899.78088120162,18,4,3,13.225478079401142,0,658,70463.23145848444,0,0
238138.8284008358,19,0,18,0.6718142651785814,0,784,59362.72560127627,0,1
66345.9079299805,18,1,8,37.3631641583182,0,3256,112479.10664239724,0,0
106301.89708685351,2,0,23,0.5343971415860584,0,2762,105534.69125830483,0,0
25097.100851608935,15,5,8,1.2724256478049303,1,1183,503.85556806948466,0,0
8509.301263235904,6,4,13,20.45562845309201,0,503,26485.53261564065,0,0
43595.281896512955,4,3,6,49.762281287047244,0,1584,215075.09121947258,0,0
160285.69492301857,20,0,29,44.53492596833964,0,1869,257915.42530702366,0,0
59210.31260600641,19,3,10,1.7467124677023085,0,674,57114.88754823982,0,0
18410.35804710878,23,5,15,6.80609965023209,1,1698,65694.81223708062,0,0
78767.33317285725,0,0,28,14.72263259928811,1,3306,52.53896510995227,0,0
30630.828261504244,10,3,26,0.5396913856300567,0,376,89262.3073590719,0,0
293121.5133204591,20,4,5,15.042773893270605,0,60,19104.835850401218,0,0
86135.90858917401,16,2,1,11.875655182364378,1,2636,10949.18504583416,0,0
407233.41430103505,11,6,8,17.754599791328825,0,3493,29071.12378942481,0,0
4402.794665532252,17,0,2,50.593449104243014,0,552,87464.23801659615,0,0
1162.6921667017766,1,5,1,6.421173327430076,0,657,45863.38287158694,1,1
64835.658376286956,21,6,25,20.382895799709765,0,3241,34346.81404990511,0,0
198049.78764074703,9,3,27,11.236496279815764,1,824,103806.34863302005,0,0
74319.27216799342,18,0,27,11.423148089014031,1,3246,134440.3874443265,0,0
208898.01132858,15,3,24,20.841127253780275,1,3144,162728.37673112494,0,0
13991.293019489665,7,3,27,60.4564772516696,0,3211,47067.35103209337,0,0
120173.29308326909,1,2,16,39.76008695929144,0,1576,101219.05503603512,0,1
107844.8982725321,4,3,25,20.406511725472672,1,1198,173174.44426127282,0,0
78737.83350980496,3,0,5,12.380770328977082,0,1089,191669.41751152414,0,0
51937.00132962862,20,5,19,11.032678093710661,0,1056,54201.024598267446,0,0
104148.08430228879,3,6,11,30.941746063171998,0,3436,35120.91113677177,0,0
79871.27867998953,0,6,8,4.923655650788159,0,1651,184355.80310809865,0,0
31831.399514652152,14,4,4,17.71845796315731,1,3515,24243.202303083228,0,0
11050.196180198982,12,5,14,14.062082465452866,0,2959,127503.84514738277,0,0
48881.73669144375,16,1,17,20.959537172446133,0,3203,191448.85243246763,0,0
71833.39552491542,5,3,9,4.150843460179313,0,250,107679.41541266456,1,0
71032.46223069128,23,1,27,23.79858580771574,0,1161,91119.79114604923,0,0
55439.8624779479,22,4,4,19.723526152125224,0,3208,4160.507866330966,0,0
39653.78286025163,19,5,28,3.9725830303394716,0,3583,18199.53911771812,1,0
43154.33208344042,12,1,2,11.942987991096865,1,74,87865.69643497902,0,0
30903.548707778096,20,3,10,22.702580958262995,0,1404,123042.19023484044,0,0
86728.21773798419,23,0,19,46.37515729014966,0,520,5239.147571185085,1,1
189636.9893955944,21,5,22,2.6044432710454783,0,784,1539.4741175862487,0,0
211768.1148730389,23,5,9,0.17555661862045757,0,779,29860.657896777513,0,0
507117.4787976252,21,2,22,3.6101638325007457,0,2327,82840.87587838212,0,0
9301.291843887082,23,5,28,90.7011965509046,0,952,57402.180814893654,0,0
24112.7118621915,11,6,16,29.252302403267848,1,2872,671.5560580847223,0,0
131010.01750442277,11,3,28,19.057487483051936,0,3066,13153.391938869825,0,0
103631.5246822055,19,3,20,2.85462747996844,0,1686,111610.94074821426,0,0
14371.532663110207,9,2,17,10.758656164905602,0,1426,28267.20715401994,0,0
99700.74966682108,1,2,2,25.122091679843464,0,807,9971.505101488567,1,0
52165.3802864059,14,6,23,45.24502350066019,0,1923,4176.20616067904,0,0
314329.27014400845,18,5,19,9.619617337563316,0,2696,152005.7983261217,0,0
193269.75114194318,20,2,2,161.57085619563327,0,2693,51042.12900917011,0,0
7606.3106549367,3,2,16,3.0103287880659098,0,3419,56042.533741075225,0,0
9429.928604145072,20,2,16,9.785716301925326,1,773,5064.263099049678,0,0
53966.55336471611,13,3,28,41.65252557010632,0,531,53645.11698038619,0,0
840.640147319241,0,1,22,20.991620754010288,0,2001,83025.42118296515,0,0
9914.312130707773,0,0,14,33.311647833898796,0,381,10481.49756267996,0,0
269704.58051449445,17,6,20,47.67571615210241,0,61,186245.12511317397,0,0
157229.54736407252,14,3,1,14.157761736827492,0,1838,122357.02202887573,1,0
111690.55347611761,10,6,9,5.350979560991748,0,1981,129512.64232444447,0,0
177335.33066646138,17,4,15,23.664256177192463,0,2236,61521.62082449436,0,0
28775.5215714458,23,5,15,16.57840726910541,0,2434,32507.86555938252,0,0
129304.79915688711,9,6,25,29.625222016721025,0,2551,81832.65681001045,0,0
95598.61615613815,3,3,11,14.33706953148279,0,178,20429.597927312432,0,0
188814.31724242316,13,5,5,33.33195374786768,0,2046,11776.561027732185,0,0
33224.35932119744,21,3,8,46.45932284725035,0,959,61832.50144569757,0,0
144271.9950732737,17,6,22,27.692557142379464,0,1351,52103.04042851843,0,0
191495.40985948363,0,1,7,27.224633717206856,1,3249,13028.097185446708,0,0
79630.31828104508,6,5,29,17.695324890219773,0,114,60470.58060085753,0,0
53406.90701805095,3,6,6,12.75962435326069,0,208,63255.20375789262,0,1
296914.0517711616,3,2,7,71.93523771266943,0,2039,164155.30922633447,0,0
18508.89214752805,17,5,19,20.7190906327791,0,455,113906.42627967372,0,0
3694.7264234618087,8,6,14,36.696241773035375,0,2578,19627.622106350602,0,0
19740.30291794404,1,4,11,14.080483565885995,0,2924,136270.01243786572,0,1
115028.66015331901,4,1,19,16.18723254939301,0,602,277938.0014459826,0,0
155564.09651758993,5,0,26,21.74686192101018,0,1757,100877.1844811598,0,0
126169.92729117871,2,6,14,26.079720891727423,0,3216,123718.23508867102,0,0
54449.7122519122,18,4,19,11.897037995273891,0,1582,24786.55985665881,0,0
342878.0666316375,21,4,26,8.810913832756665,0,1127,385296.4785751591,0,0
58753.015568903946,20,1,6,5.473477538396639,0,904,15525.094193251281,0,0
397949.5839248841,4,4,1,11.02064444720737,0,3136,111179.2470622856,0,0
250245.72499901385,20,3,14,4.745810757999892,0,654,40231.14892397355,0,0
52280.45058252452,8,3,12,10.78318670648243,1,3350,35312.55578236366,0,0
17555.486984050778,23,2,29,41.53442056477493,1,1908,26855.6367893057,0,0
9413.20245275626,19,1,12,75.50634202823224,1,78,46537.165745790524,0,1
75816.57149796805,5,6,29,17.212483886864497,0,2651,125185.69773550205,0,0
144057.29944594254,4,3,9,3.1566077061138165,0,35,226380.2558672315,0,0
19364.263354790313,5,6,29,11.156792661899985,0,2664,43060.986441838504,0,0
38303.49630087735,14,4,9,18.429910599211627,1,1971,84368.77469554196,0,1
99568.97144405048,10,6,14,9.265224367402972,0,588,124178.14736637319,0,0
61779.5343743553,23,4,20,4.592192571317513,0,427,8405.393015280322,0,0
92600.72293051428,21,3,2,5.144978440204246,0,2005,258604.85622694017,0,0
112814.69302003949,21,1,14,12.846377667889051,0,1355,19023.372086415086,0,0
47915.75492015558,17,1,23,4.877864282908703,0,2179,197282.9949368992,0,0
154162.17889538984,22,0,29,5.740917279955094,0,2505,345017.04893680505,1,1
121356.8985913773,18,1,7,41.28462541192323,0,3179,8464.814352147352,0,0
116332.11558008193,11,5,15,30.1973109881621,0,1463,178605.38380675655,0,1
16191.14935791121,11,5,22,1.138032104480372,0,3347,81934.4162338083,0,0
64290.206964350946,6,5,8,7.718448234700331,0,1962,136267.69002472208,0,0
86079.19715555602,15,3,19,15.182883117814649,0,3005,9241.636861485787,0,1
25668.25197836418,11,0,2,1.2504620456533546,0,2327,143787.754993383,1,0
142116.36468067195,20,4,26,22.987878253917067,0,2308,78687.29975456464,0,1
12906.218711476682,3,3,1,9.704624392165066,0,608,57169.069658900946,0,0
16235.129041288681,9,2,28,10.122682282903614,1,1028,65684.38623298434,0,0
53327.45519064025,16,2,19,6.166605514632787,0,3259,109152.51103344989,0,0
14542.446548041245,14,1,24,8.127179964216545,0,2266,28264.36230400732,1,0
1171.2273587087745,7,0,28,39.56513985905774,0,2907,229848.95412412068,0,0
53001.17215036401,13,0,8,31.080345606893182,0,1659,29411.542082021067,0,0
104569.39140995657,17,4,7,54.906288204097386,0,1896,167697.8196578321,0,0
68347.07476261335,7,6,28,24.01272628111998,0,2896,974.8348305392957,0,0
5359.034910226421,13,1,18,17.248922623788104,0,286,198613.5953480579,0,0
26457.163709502252,22,0,19,6.0020115877068045,0,3430,152615.55973826308,0,0
74307.01017510163,15,6,13,21.983568206643277,0,1185,10607.613707977782,0,0
133976.4932334593,18,3,16,47.322874075255925,0,1232,106824.6599285064,0,0
157947.61055076125,6,4,23,1.433477763288352,0,1441,37487.100946312996,0,0
73265.43681617647,16,0,11,11.706322713448355,0,3604,52280.012018646994,0,0
103881.84696798859,4,2,24,3.235342195597692,1,2015,5684.7351783755075,0,1
233735.6215083299,12,2,25,33.27962237826846,0,2096,19118.849350536293,1,1
6742.132919306142,17,0,22,19.043449131771837,0,1563,245715.87494935677,0,0
10444.155309282947,17,5,10,42.34690879625881,0,2518,43295.98088649542,0,0
61223.11633235563,18,5,19,1.303577135862589,0,3044,2110.0106242631114,0,0
94092.83691488061,22,2,25,47.23198955051946,0,1179,57901.396073532895,0,0
464.49570683485587,17,3,5,1.391216766129621,0,1817,419190.8002116137,0,0
60248.1096480419,19,4,12,6.782477405573849,0,2114,32375.707521330616,0,0
18966.14950929122,19,3,4,3.3959837305454506,0,230,12178.800475417793,0,0
103593.23010020454,16,2,25,3.142099618319816,0,3287,82525.6736454825,0,0
31161.358810643924,22,0,26,3.7668706021563247,0,2804,201882.82532843904,0,0
232215.66483281538,3,0,28,13.086910787583621,0,12,156804.45968699764,0,0
6597.682513184436,16,4,16,30.68311075593432,0,2661,85599.0749971562,0,0
165656.1243828872,18,2,2,45.71009100051378,0,686,16281.731664067913,0,0
49811.92789448296,7,2,26,16.734687084863396,1,1253,122731.54405454213,0,1
194603.4257630768,19,2,4,3.4336049128483257,0,242,138628.82515556185,0,0
168806.24197023833,0,6,29,1.6500458376888314,0,3582,151528.7778822444,0,0
27350.661370936337,6,1,16,13.629496153700256,0,213,41393.29115500732,0,0
5189.111862378515,7,0,22,28.995781914895623,0,3184,42056.04943832054,0,0
118915.45109275801,4,2,11,19.360158761674455,0,2922,13488.367401182935,0,0
22865.188321391386,8,4,6,17.482908285109463,0,1227,118514.10538071874,0,0
266653.07574579696,6,5,28,0.9870659532438176,1,341,106916.94337637481,0,0
6959.728148797438,3,6,11,10.605109617640075,0,3109,8406.5967048672,0,0
39153.26984170121,21,1,10,15.987222055862693,0,1668,1627.1741486514609,0,0
1272.9687265181751,7,2,15,18.24057447704838,0,1114,242458.90805591698,0,0
38128.91252671285,1,0,21,0.09639316204486764,0,1748,1393.5397488318172,0,0
77926.88014819438,4,5,26,4.451748531371472,0,2493,79237.76160216294,0,0
106381.25573398208,2,1,7,59.829232490924355,0,2375,48358.395049626466,0,0
129621.173533317,4,6,21,14.211720677223557,0,3174,120195.1546171968,1,0
179246.08630813207,23,3,15,24.323755548978554,0,475,7345.431723741031,0,0
11741.524800970905,21,4,22,7.368784079866867,0,2607,91750.35313652673,1,1
143494.96234162562,0,0,1,17.607470588989266,1,2577,76349.01908450153,0,1
32624.104118959858,6,3,8,8.815648020142152,0,1824,153709.83162097883,0,0
14878.638124721283,9,0,5,7.046797899605312,0,906,58475.423097852705,0,0
30877.65277878139,15,4,21,10.600100245823112,0,1202,104242.20956892257,1,1
195187.9485645528,0,2,26,12.317350809550822,0,971,46040.94578386561,0,0
98722.7501952477,16,3,6,8.043846006993203,0,3003,330706.0468172115,0,0
90976.57953625661,3,3,22,5.967840676999847,0,786,65571.43694316162,0,0
87860.2244263931,15,1,24,19.553770566971213,0,706,112044.17694507644,1,0
52530.92420690128,8,2,4,9.584358264169344,1,419,7803.306207411573,0,0
53957.592467714865,7,4,15,4.508573970019817,0,3590,49704.222052438294,0,0
16054.964376460817,18,5,4,28.406763263097737,0,2563,5328.601052841448,0,0
40438.51843879386,21,1,3,25.728371011616918,1,711,10382.364546007137,0,0
71750.5738822291,16,3,25,43.57477895895771,0,3107,56439.50793900068,0,0
93144.9284548865,9,0,16,16.194474746448286,0,3311,34746.808472479584,0,0
7433.430998445561,16,6,16,6.554448767458812,0,2637,49268.67570363005,0,1
40618.0724471649,21,6,8,39.85906562431716,0,614,54837.211076836415,1,0
41463.82116646016,20,4,21,6.578447549664125,0,2498,13924.484373773075,0,0
72375.11398675425,15,1,27,21.31906515852384,0,578,36435.23656416686,1,0
123799.33496569093,21,5,24,4.22412757470687,0,2099,157631.1981593327,0,0
100849.55281929519,8,2,6,19.840485159705768,0,2684,155375.5131532203,0,0
84603.08059056252,4,5,21,36.75906599483807,0,712,53964.405090936605,0,0
34449.04288119003,1,0,13,15.52814551742044,1,1097,110630.75578722823,0,0
182670.1594357325,13,1,9,12.731084514126747,0,167,112048.57286206375,0,0
153847.8991884845,16,6,9,100.63592570293567,0,1887,3608.723700348526,0,0
20286.651717263696,12,6,11,0.4541595358089135,0,2013,75511.7040385091,0,0
106459.22944781203,12,4,8,8.061307214872253,0,2223,130586.4637210153,0,0
237144.84946251867,12,6,28,50.16719663349568,1,1316,72106.4952819601,0,0
57199.43477827629,17,0,13,20.58038231838385,0,2070,62392.81143606454,0,0
258719.55054075163,23,1,26,15.62197018301869,0,983,60609.00449188372,0,0
2220.8570924281435,0,1,19,20.30519592061516,1,2893,56733.86255965692,0,0
72616.63605039088,21,5,29,7.770423915838141,0,1763,120517.36404086342,0,0
29607.72526252229,20,4,25,1.476550892522745,0,3244,82274.4391826509,0,0
30402.475192734346,3,2,22,6.435751109940677,0,3261,19416.988472641824,0,0
210002.9614308128,20,0,25,8.204410935676343,0,2293,45440.826968590845,1,0
37323.91888863226,4,5,1,13.073342719236896,0,1523,60168.1483708567,0,0
2360.7712180735402,10,1,17,10.014090780550402,0,2185,43433.595418146026,0,0
77585.22512517172,1,5,6,14.721186487711686,0,2352,21700.773796693626,0,0
353574.79084189236,1,5,12,4.365144757084371,0,3346,10658.808925544521,0,0
8239.893093162184,15,5,4,4.068006310181959,0,2138,9982.708056262109,0,0
33729.24310786458,2,4,21,8.668419473983251,0,382,28110.87680954843,0,0
63394.13095134145,5,1,16,12.838253137931137,0,3229,41220.855939588095,1,0
177478.50159434148,19,4,21,8.362759188924262,0,1968,91877.40789941353,0,0
31319.83927208519,3,4,3,17.186974469419212,0,167,335534.6907376218,0,0
42111.48060316859,4,1,25,7.421450834098646,0,1431,182119.03750382812,0,0
48531.21682701422,20,5,17,3.9000887785324583,0,3096,134430.8074752191,0,0
47744.58552337823,6,5,22,39.73040936251575,0,3052,134447.25074909575,0,0
22357.520628616956,6,4,18,4.477929157946619,0,1899,72520.09787594288,0,0
247296.87702457394,16,6,18,68.008787265767,0,3372,23309.474424350825,0,0
157460.32495299238,5,0,25,87.48763741156445,1,862,51083.66094833723,0,0
371492.6948561676,3,5,26,23.86750286995572,0,95,12303.767262712812,0,0
46361.40754565064,1,4,18,13.94314396440388,0,1747,66856.27259145016,0,0
4635.31992121243,5,2,25,31.73580938292776,0,3541,1861.54923878379,0,0
12273.399294696444,6,6,28,41.30331309245689,1,1647,16804.872510132886,0,0
44236.297414828,1,2,28,24.729354997490045,0,458,99665.49327544161,0,0
241983.94165742284,17,4,8,2.152701018765168,0,3588,25935.774376290425,0,0
396778.59722272516,9,6,23,0.05984684035525545,0,3646,43572.9662808731,1,0
172595.54711173553,6,6,8,4.2614220437653225,0,530,142732.3412480995,0,0
27236.724141445706,8,0,13,4.178203946084085,0,3516,3646.501851257683,0,0
107792.60271930571,18,5,12,4.030515581148944,0,2669,1839.7154256659542,0,1
90784.46972628219,18,6,25,14.25770680285724,0,896,20804.0190488827,0,0
173303.2311862295,23,3,15,14.68290312984969,1,1662,92273.36965244252,0,0
71283.84923206909,1,3,10,25.676347339367346,0,320,21547.653100146155,0,0
38291.60593539937,22,0,9,4.499600055443414,0,1637,159430.82021605907,0,0
1946.584707180848,23,2,3,1.9447598181625447,1,3476,34690.427913047846,0,0
158487.3084201324,11,4,10,21.93775459404572,0,692,26671.412462717595,0,0
75555.10834743135,18,1,17,13.232854880262828,0,2340,21212.414737854997,0,0
76397.18235942871,5,4,15,21.951495544006537,0,2750,68259.7076577981,0,0
314800.57649035286,23,4,24,9.584609148008582,0,2352,155208.47746816548,1,0
66597.46460475252,0,3,29,27.78963145362645,0,1269,41678.46893308148,0,0
37950.695440972544,14,6,29,22.951898416115533,0,2617,23283.496544171387,0,0
41526.99703591359,21,4,10,21.015986625521204,0,1593,43697.74352630763,0,0
1181.6435118529218,18,3,20,0.559128970343102,0,244,188133.41717945167,0,0
13050.857586031392,13,1,21,39.05605921857584,0,859,32581.849142209114,0,0
4479.734752027758,23,4,14,9.45156356144383,1,2473,85310.4860882858,1,0
27873.575248445897,12,0,27,2.9147526984855503,1,733,32007.11073927101,0,1
6683.6978831846955,4,4,16,28.17804178721977,1,2136,89854.81878957871,0,0
40214.502518392575,1,5,22,13.32912824696178,0,1086,170297.76920562252,0,0
13482.31010600441,14,5,6,0.6505750263053776,0,2461,73015.53116402017,0,0
250004.92700460515,15,0,7,30.453416032495877,0,2599,235667.0039472195,0,0
278683.22527835605,6,3,10,11.419917126420888,0,594,73607.27362057088,0,0
92496.94172152458,21,4,19,28.123896261840592,0,10,294714.1978694018,0,0
163726.0147685537,5,3,18,28.178246139078972,0,2031,102910.25954206864,0,0
113075.73071438493,16,0,28,2.1057928173849034,0,3517,84625.65009100828,0,1
166658.45660940005,0,3,9,18.99828557330466,0,1080,141678.12032645903,0,0
102111.5843356921,5,2,2,8.930025774793183,0,3337,892.3808177945343,0,0
56245.87509228673,5,5,9,15.810874041496124,0,1714,23791.60340149009,0,0
206952.65164934858,3,0,26,1.8543045317729416,0,1995,19476.950012865946,0,0
57637.15670061257,7,3,4,17.743551216904706,0,268,9403.471274309115,0,0
50453.2946510941,8,4,11,30.060161441795184,1,386,222174.83857139485,0,0
97918.56502380574,21,3,17,86.57169515152658,1,1498,11233.168523141767,1,0
277952.15126222133,9,1,3,7.721473360748462,0,2633,24395.663557457123,0,1
58375.98975312986,23,6,26,3.371325933536693,1,3089,32657.188705616325,0,1
85553.61677969786,7,0,15,9.111010103588134,0,2083,78387.01191446181,1,0
67792.90064313654,1,3,2,0.38982419909874344,0,1966,116696.90183462272,0,0
240498.23138669418,19,5,16,10.511115708398828,0,1731,74243.96614504895,0,0
112931.38006880801,16,2,4,49.2057211678118,0,2758,110569.65098427671,0,0
54401.94575491174,0,5,18,4.322144640555385,0,3051,41149.77968647113,0,1
93369.79786494818,13,1,28,12.991015265686245,0,2851,437400.19572248386,0,0
16967.292574881652,21,0,10,17.00149675273733,0,2511,14915.265490603313,1,0
41846.50729463741,22,1,6,3.966753534111665,0,200,40834.08412996333,0,0
133249.28380182973,4,4,11,8.012701541238583,0,290,142790.50109494771,0,0
82643.66236153648,23,2,10,48.46289001985498,0,3083,22669.73115174164,0,0
37727.54153595638,8,4,1,7.011833643770938,0,2058,111173.76973824667,0,0
44988.40412085112,19,5,16,20.177059857423178,1,3154,36239.81467244247,0,0
165958.843936222,16,5,5,2.9456975066648337,1,1362,15641.90842514228,0,0
77845.02058683913,5,3,9,22.165180140486132,0,3547,41312.6896641757,0,0
27280.139481369002,0,1,17,6.54632905936441,0,2934,122890.7234841255,0,0
35213.23040287515,17,4,4,5.260121732869061,0,179,9498.642212735842,0,0
63089.28497048514,10,6,2,2.6515553886269077,0,3425,58070.417120537895,1,0
143901.00045991692,3,3,27,0.9591223277546441,0,1113,108184.3437335434,0,0
596791.5517467057,19,2,2,68.75289880336095,0,620,111408.19148275297,0,0
20550.069266592334,5,5,5,10.685458042301248,0,3259,39489.5226699737,1,0
140620.7406100439,7,4,2,30.066948471780755,0,514,50254.45695795532,0,0
96029.360271434,18,1,13,50.53691031860258,0,770,155462.0199273775,0,0
75756.41448188378,14,4,5,4.563635343663089,0,133,18693.68568238104,0,0
339492.8651234385,21,2,1,40.78113721801831,1,1528,392420.633665692,0,0
38972.00394480453,18,3,21,24.62171096648394,0,2977,43473.025408694644,0,0
19477.26426686127,1,4,29,17.253911933965487,0,3564,25776.506148425757,1,0
210043.76890601768,3,4,15,33.11778615042937,0,2373,208.21885671516247,0,0
7116.192613771726,3,5,19,2.3456162748875964,0,1692,10684.623814174152,0,0
169892.3299565526,11,0,14,6.11964572509618,0,3514,113014.03181190167,0,0
88973.64218709078,17,3,12,2.809413964237094,0,1678,83810.15481311752,0,0
17913.132108299116,11,6,2,45.26162881936787,0,1131,22642.78055758003,0,0
25794.485026187864,18,6,27,2.0805094724588633,0,562,209387.0832476256,0,0
16941.393097266417,14,6,20,78.1909429793391,0,1738,144479.06050702653,0,0
126704.94322535113,9,5,1,2.328231860986518,0,169,25097.3190155377,0,0
15936.057857196653,6,0,3,21.683520612784285,0,3018,32048.69818455328,0,0
114372.74697615532,1,0,11,21.605276046870834,0,3396,16341.194020768356,0,0
13713.822688177266,12,5,17,53.54445891967954,1,2859,82302.76340250464,0,0
162083.55690116016,15,2,24,7.8055951190142725,0,1975,96621.7130637839,0,0
251938.35563107507,20,2,5,8.069698697206135,0,817,40318.74090142372,0,0
81941.82010156121,7,1,17,37.454181583392135,0,2557,106896.38889754642,0,0
338682.23162957345,0,5,18,76.86445227122768,0,2194,382044.9100567761,0,0
49491.99636572995,16,3,25,0.6120457715394565,0,2897,75729.31696003403,0,0
28051.111934696964,14,3,23,20.17453157270647,1,3167,83822.2470851379,0,0
19515.97218361138,21,2,3,5.584747268743822,0,3064,37452.25274640358,0,0
65193.4889377905,22,2,15,26.036291511750626,0,993,851.4231433528457,0,0
14012.094369638631,13,0,16,29.631363641740958,0,2457,246192.4780667918,0,0
208578.66572152832,6,2,15,28.75390538938957,0,3468,118393.81278678217,1,0
153602.7228465927,18,6,17,11.436693884210454,0,2999,95144.63587752907,0,1
82580.67347464847,9,4,18,3.4347881886074862,0,2863,2421.113941493668,0,0
127820.42662241861,19,3,23,17.57819530375747,0,3029,113840.69926153739,0,0
5128.308706394373,10,1,8,31.121552057713636,0,3025,88713.43512150258,0,0
22755.04832070201,19,0,21,48.65273644580967,1,2653,67314.3514991346,0,0
97077.8314229257,20,4,29,12.053129142354319,1,2115,78168.38052586025,0,0
64907.194605664765,21,2,28,5.638649916550026,0,711,200440.90254335135,0,0
92791.54881956635,22,1,14,2.529923344805009,0,960,537.0300533674385,1,0
9317.840077424586,4,2,4,31.950296295057377,0,1596,13660.423939934111,0,0
105676.7784430787,6,5,10,15.32715154348018,0,1889,180118.8150042686,0,0
162768.46616388994,11,4,20,22.428455159571318,0,3290,659.5647741568453,0,1
79026.4394662593,1,5,21,3.4689902164222013,0,3284,187169.92590396747,0,0
44224.37546928469,6,6,7,0.13201106012887587,0,939,2406.3796249058923,0,0
19194.514361358244,20,5,29,68.58058656887466,1,2469,120889.77526624639,0,0
30836.795211251272,4,1,23,33.30833723988553,0,1184,177256.25278587738,0,1
73925.99254893298,21,5,20,10.217392811000128,0,3555,75848.78218601065,1,1
29506.63754080975,11,2,1,12.218363197936608,0,341,82052.97639834185,0,0
150483.26000760187,3,4,21,52.91992778429217,0,2228,4150.949804116686,0,1
14126.52517602175,20,4,7,4.655048474094018,0,3637,18948.08761616167,0,0
72654.733953543,20,1,12,32.47364622537904,1,1278,183785.3420880435,0,0
68511.19125700183,18,5,4,0.36184419056257827,0,1020,138852.72612190156,0,0
14953.565268664406,2,5,7,41.70320305934288,0,3256,4911.545816170653,0,0
529583.6599186355,16,4,24,17.79706632934475,0,840,134125.36359922437,0,0
173237.07400244207,3,2,15,12.985590217154934,0,2434,44060.24527954036,0,1
48862.793421250346,8,1,2,24.51467069710787,0,2291,65809.94630491732,0,0
115488.5982452325,1,5,2,1.400964233550095,0,1552,9179.503922994896,0,1
126082.96146111401,9,5,5,4.351779056055617,0,1956,40685.45910431963,0,0
105310.91428734589,19,0,3,10.450714474076419,0,138,45661.69424201886,0,0
56648.62413442366,8,4,16,19.239688180564794,0,3420,88569.06851185764,0,0
216379.1720629721,7,2,4,3.122512680530629,0,2641,85726.93616299702,0,0
147644.39592646126,17,1,15,9.544345337394201,0,126,63680.77313146476,0,0
78092.96639826587,10,5,17,6.046246820126609,0,3417,2556.082213619118,0,0
256.6075059497104,18,0,11,20.744852567442308,0,3279,14091.35741277585,0,0
25279.668985100845,21,0,4,50.33499391030603,0,3474,13973.91057450634,0,0
71095.62281100426,17,3,27,3.6299371387135055,0,258,174949.62093239796,0,0
229193.2601000866,18,5,4,4.196185581951149,0,1152,185586.37449846035,0,0
99053.20240075797,16,3,4,18.352256094117482,0,3368,131397.49981413598,1,0
54104.82575921688,19,5,19,12.086707161980383,0,554,15378.05487590292,0,0
4909.778476007397,21,1,2,25.32438437173525,0,1247,146682.36499400524,0,0
90951.43119247367,16,4,16,6.7903264639503735,0,607,16620.443861485255,0,0
43194.079804815156,14,5,20,15.741229813989076,0,2713,64708.11570260041,0,1
77084.16168379612,15,2,13,9.782200781338759,0,1665,105903.53976495245,0,0
145432.35474541195,16,4,8,6.605227540398873,0,1746,4235.024759922045,0,0
162831.67772891087,7,2,19,26.134616522271337,0,3600,72890.18981042522,0,0
199714.83672135702,22,2,22,31.782291609912768,0,2218,23135.56611912434,0,0
101072.95136077332,6,3,2,7.978275942310905,0,2725,55109.54339051542,0,0
236040.3788752185,22,3,17,19.508707866678098,0,2409,38747.97242944556,0,0
117321.08742974607,20,4,23,3.934691905279062,1,1002,92816.50580719845,0,1
153207.9233082636,3,1,12,31.305347359260104,1,549,53740.65817928241,0,0
115671.4677928226,6,2,14,6.604854749116738,1,711,28720.5247206719,0,0
205466.1625684642,10,3,12,3.7496107244104877,0,2182,192955.16979766014,0,0
25217.321650034864,2,1,22,56.255350361915305,0,1486,255639.35503510686,0,0
142664.59511393151,1,3,13,10.980392356437953,0,3478,129521.75485006224,0,0
12460.73795304771,0,2,10,20.628415921374458,0,370,69541.31216320377,0,0
9650.432538247467,23,0,4,33.13199082324726,0,863,172609.8820561538,1,0
67653.12996439825,5,3,7,23.176312706386625,0,174,73638.61845202118,0,0
35701.37954676925,13,1,22,16.63256136174269,0,1320,12891.481378168663,0,0
82864.21165542437,3,6,2,9.291995817467326,0,1334,1406.4816878058357,0,0
113237.77321845114,15,6,15,50.14869910407846,0,1070,103545.23375690734,0,0
25691.093175367303,9,4,4,2.8668330189004827,0,420,111702.86606119412,0,0
120372.6361239253,4,6,9,43.06946531597137,1,297,208107.31360933676,0,0
539462.8205789016,10,4,24,24.747064336832704,0,1766,139089.7375997223,0,0
142692.72914197884,0,2,6,16.945122117986532,0,2914,81639.34683967268,0,0
19090.206655075097,16,5,29,7.8533794244782404,0,2883,16887.65705892009,0,0
100429.0117316024,13,0,17,3.1575158230561993,0,1918,72122.11748060909,0,0
953.0036984025497,6,6,7,11.70956661944311,0,791,45629.7968269737,0,0
63434.664081694034,13,6,16,30.627283199830977,0,3243,21128.543346531274,0,0
76208.22658040702,0,3,17,27.354141604416156,0,317,128407.4323064871,0,1
358912.6539379854,5,5,8,20.737678146086328,0,3345,12959.726312730754,0,1
133638.2466061945,6,3,3,97.85617047956107,0,2781,79613.55035183263,0,0
122404.03233223716,10,6,25,71.9696414702321,0,1539,75483.48260299859,0,0
76015.19061997051,9,0,29,10.21667495673949,0,3150,28948.081857278557,0,0
71985.26467096283,20,2,21,4.2770950881070835,0,3275,44862.79743977772,0,0
483871.53019824665,2,2,22,12.466388560334492,0,2078,9915.614594778253,0,0
2149.741888094614,18,1,20,37.23204668877234,0,3093,2069.1631738160995,0,0
36126.53291692351,1,1,6,12.27057449555117,0,144,1048.342399531449,0,0
14362.077495576084,11,6,25,8.188919376202191,0,1774,15324.089742005108,0,1
37829.546697158956,11,1,23,27.0364288343421,0,830,161376.29404609645,0,1
62291.18875120489,0,6,18,21.004296134729966,0,2620,59153.50958118585,0,0
41844.75657193652,13,2,11,69.28125491465671,0,2675,9964.91230444708,0,0
328889.90826165874,10,3,6,15.937291219592781,0,3465,188728.2745888319,0,0
114127.34014166793,7,4,27,68.51319792055075,0,2807,67311.13135448379,0,0
130211.84095081444,8,2,27,6.876198552090975,0,2970,2262.537002064404,0,0
135592.89855372196,17,0,13,40.023576639740014,1,2410,115084.15784942076,0,0
229488.47356903745,12,4,29,8.644144770162416,0,3395,51310.46313385417,0,0
146109.89768348454,3,2,28,33.18052084899427,0,1295,60890.64477348868,1,1
1633.7543093622032,15,5,9,52.07007014209486,0,1804,75993.35584498812,0,0
30299.301674077527,2,6,8,19.520341511789884,0,531,7937.057645698963,1,0
451939.4924049124,3,2,13,26.07947915678682,0,526,236122.20654471518,0,0
105591.05833773682,3,1,27,63.70867502062747,0,1167,23591.839427991457,0,0
7054.879370833557,7,3,29,9.405080019021877,0,3339,77793.38609410927,0,0
62855.529120673345,10,5,14,14.331744308227671,1,2111,154792.9295970146,0,0
395464.1413985557,2,3,1,45.712970744920824,0,2859,32267.493002587747,0,1
493898.5807877976,18,4,5,22.344645208498576,1,195,79012.83402217242,0,0
56642.08243759438,5,2,6,41.36466851126034,0,2731,359900.27496642823,0,0
223542.19786112654,2,1,9,19.260022766087324,0,1665,152734.98232275975,0,0
89646.92601388757,20,5,20,26.920874510491963,0,1156,120870.52550716435,0,0
71218.59711860202,3,0,13,0.2629699394805616,0,853,46285.57077269334,0,0
53093.052731225696,3,2,1,8.300406174023072,0,3097,48011.83379596933,0,0
222682.8849120218,1,1,22,29.43013873366343,0,1876,53170.981207816934,0,1
97055.3353589943,15,0,25,10.350559030988382,1,74,93806.10165398552,1,0
40616.18162964889,4,0,6,9.014900694043932,1,210,12470.314963736997,1,1
67714.08426133094,14,4,7,60.54538175816575,0,225,157878.6387648408,0,0
58712.960364691084,4,3,10,16.083742176793614,0,3637,1459.5573540507091,0,1
59993.76011348664,22,3,4,4.276048442416768,0,419,14905.705024766556,0,0
37339.94565051507,11,4,29,12.781768448973363,0,409,52593.73663088257,0,0
100227.70461623125,18,2,18,14.624096532246039,0,131,23240.69196023594,0,0
5365.121990449907,14,6,29,89.7151190649374,0,2995,36403.74084263874,0,1
217299.03371436676,5,5,16,25.332540365413205,0,2226,32347.230300765532,0,1
53682.22391967191,0,1,19,14.654487777030724,0,3597,25063.48600761009,0,0
161375.9580190984,4,5,11,11.3123518912181,0,2339,38278.53086786972,0,0
130745.29191647237,20,5,17,49.4188809393667,0,3545,56302.420046399304,0,0
63837.80380654604,20,3,2,20.765838570090786,0,2999,51755.88516304513,0,0
22153.305564041337,23,5,7,8.803826535519502,0,2194,133672.04790005382,0,0
82601.97904225545,18,4,9,12.495957163112408,0,2995,29470.317578232527,0,0
295790.2250031745,10,3,25,6.5180597033239565,0,1054,26492.882497860213,0,0
20551.542211792585,21,3,25,64.59301405004831,0,2088,56166.76646909312,0,0
29573.097172076374,13,3,27,24.209550619864196,1,1054,3929.702604160553,0,0
496262.49077013833,13,2,14,9.961421606177538,0,1210,9485.594025605278,0,0
223092.4880132052,1,4,17,4.047543518159393,0,1368,129999.86313759022,0,1
79750.78628839085,21,3,15,3.8964453600147086,0,602,54451.5670754705,0,0
118659.52977614565,4,6,7,12.991879594055092,0,2881,5508.177539136427,0,0
58530.195097856216,8,3,7,12.605966095525044,0,1377,46440.20175534205,0,0
51767.01216092149,16,4,14,10.818434670976691,0,1096,40634.96650463653,0,0
58552.67939441437,18,0,9,38.184664922729056,0,1036,22603.30277823872,0,0
53514.658374870596,14,5,9,77.43981866144763,1,3464,37230.36235517068,0,0
112563.92842519264,1,2,17,8.764616986589498,1,1995,16695.41785366304,0,0
40115.93298635367,8,2,26,6.980106732866469,1,2126,47690.28636865432,0,0
18726.544529261326,10,6,21,29.40315494815037,0,1298,42011.28979792804,0,0
122610.77972777326,21,5,2,11.949212144395734,0,3308,74817.57074383022,0,0
3179.77596945358,5,1,12,4.906980379862364,0,1128,227928.859333457,0,0
126852.32327930008,14,1,22,3.9919407436167527,0,3649,16410.785870006715,0,0
30549.810021679365,20,5,16,6.585858627296459,0,2442,43225.975515902144,0,0
21103.327922837438,19,0,2,0.0264901088427937,0,3109,66083.19940023318,0,0
47635.44262898066,3,6,15,56.75063220492376,0,285,63347.505956749235,1,0
12499.644590532038,14,1,6,11.251112780723666,0,1710,86620.83891367169,0,0
48530.34765741095,17,3,23,1.7296231956089334,1,1128,24950.37273491655,1,0
10794.354007160397,6,3,22,3.605444242980278,0,728,80530.23821056164,1,0
66065.8176845839,15,5,28,7.811662210508104,0,3372,17968.584089879645,0,1
19379.07768580383,21,1,11,16.04558234323776,0,2980,10724.172162054128,0,0
13925.814231110362,2,5,29,24.328741860401607,0,1554,142534.43481016255,0,0
86538.28826936563,11,2,17,7.359086030095428,0,2639,51356.777294546875,0,0
98148.29344833485,6,0,4,63.2199144783433,1,1952,40503.84788710534,0,0
553.2818707603701,8,3,19,28.568335919620395,0,2022,211061.0083470209,0,0
49049.60451517051,9,0,5,34.950883062167684,0,3307,98963.04914963087,0,0
8116.2431877615045,0,1,23,7.820764226089755,0,2413,90440.13691879254,0,0
134187.35799399228,11,4,12,9.591746720566658,0,1556,17279.506437409476,0,0
114420.47988409703,23,5,19,15.446482584021204,1,2850,18782.70383013175,0,0
5100.821191582541,17,5,1,12.018543107222253,0,585,52792.67758983428,1,0
283447.41747514706,0,6,27,6.019177501245148,0,3497,84514.08630646535,0,0
321788.5108407058,17,0,11,118.07579657161419,1,3575,40238.189605906686,0,0
40747.45694143636,22,0,25,37.724600382110275,0,1378,5307.020622231647,0,0
13996.647980086354,6,1,22,5.4358423022093625,1,163,91915.58210541822,0,0
12142.580969070197,16,6,6,44.58642212216187,0,3257,118889.62037283828,0,0
183709.495042481,12,1,4,17.680632271582365,0,1400,231025.56765186178,0,0
61463.713437527535,9,3,27,0.252832369447022,0,2843,42043.705426484186,0,0
955.3934461092224,13,6,17,8.497588473715279,0,1770,23877.6642146685,1,0
259497.27056225244,0,4,12,0.521392773115036,0,2322,208087.9219981728,0,1
89829.69110971935,22,6,25,1.837274201084723,0,1941,100460.2704675986,0,0
117246.4408350054,5,4,10,3.944090571548309,0,2706,5290.013489864898,1,0
173474.00435174804,3,0,23,13.248427546549523,0,667,69405.25331886043,0,0
170693.33316603897,18,4,28,9.6023304886026,0,735,2315.3161632160572,0,0
7883.205270912187,14,1,26,3.2267730415992313,1,1948,20548.85405197574,0,0
85329.78413989749,20,5,14,10.03584512791251,0,3169,5887.666411311117,0,0
119153.25983687706,20,6,7,7.257870245374933,0,2553,18342.123273957637,0,0
8950.951781845277,18,1,27,10.557941605011724,0,1167,53855.44016944079,0,0
25154.419250067196,21,1,23,3.782353232164635,0,3501,28404.555699359964,1,0
50387.394033337376,11,6,23,18.817357744924117,0,3631,7370.331068021764,0,0
217617.32878833634,13,0,24,0.9110639151522965,0,2423,52631.717241298094,0,0
190135.15844790355,2,2,11,9.816447646053433,0,1828,98614.01987610501,0,0
152373.28114484219,3,1,24,45.05413396290674,1,1555,4367.079389209003,0,1
463323.1414007984,2,4,3,10.88317693606708,0,1891,171238.97133040914,0,0
27793.85637680887,11,6,8,11.634976306451549,0,736,84690.54166091284,0,0
63076.37487979432,21,4,20,1.4086350034230668,0,1069,58624.50071830195,0,0
59189.65210100311,8,1,23,18.595844103455743,0,1127,40376.46530893709,0,0
113611.9200875772,18,5,5,55.103716560479754,0,1018,39976.0486375785,0,0
189814.24180151016,15,2,28,6.895220985470711,0,2300,32704.709058635002,0,1
67664.95288392983,0,0,4,9.992823029526564,0,3641,9839.368280709446,0,0
67635.25887350253,13,1,13,17.742314921307873,0,1868,6604.633028724256,1,0
93730.45150971002,12,0,4,1.956913352384127,0,1181,29549.59022133791,0,0
135663.67374135184,22,6,6,60.02834764424294,0,3554,87984.41063432426,0,0
22477.08565006723,11,6,2,12.60707889720287,0,1040,27218.511523359586,0,0
326647.98946746514,4,2,29,2.4455291682150646,1,1174,133817.89061584405,0,0
9656.980148345168,19,1,5,8.16620074206478,1,2376,38280.37547250224,0,0
2337.1061306555416,2,5,15,9.362696913305278,0,3383,79798.67141280511,0,0
44440.045695479705,22,1,8,8.473931902628353,0,3554,45238.518489110924,0,0
120876.740491657,1,1,2,23.63272594649566,0,2704,55104.76679996394,0,0
382012.6107070919,10,3,21,8.478307322451293,0,2871,23031.695083362494,0,1
269949.37498577737,19,6,23,7.8269240090393755,0,2863,57702.18441918246,0,0
116631.56439525387,1,1,5,7.774771306950079,0,1532,9381.429800973541,0,0
57366.90838091821,15,1,26,30.087915379248734,0,73,39120.9011962525,0,0
90584.98974510451,7,5,9,7.374416146486535,1,2044,47580.20845124878,0,0
346277.36441230896,2,2,25,0.2819398029180814,1,2671,97390.57017250042,0,0
30856.673492471902,20,2,8,9.099467422275564,0,1123,40895.54572142599,0,0
65062.56072321368,3,3,14,6.5211739557413235,0,395,87594.16835836731,0,0
118058.73569795555,20,1,16,47.941707111924465,0,1235,15352.536428202473,0,0
1035.2282573537161,3,4,25,12.99815934515455,1,863,2043.9741559140678,0,0
48007.24173359494,7,0,2,5.346489607966394,0,2485,56409.07467216495,0,0
83912.64714409635,5,5,3,79.88999677643876,0,2681,51376.67487687878,0,0
231181.0307922313,13,1,4,5.667008828002325,0,859,88633.03124112717,1,0
482802.1480035436,14,5,15,28.795940420164193,0,3617,30097.199061890788,0,0
81266.16282577971,16,6,5,20.97078006560946,1,199,2425.6329750860905,0,0
289281.9926667773,4,3,15,12.406415459667969,0,2775,102863.69801156833,0,0
10454.475421920639,0,4,26,10.41196785904341,0,356,228077.36987729213,0,1
120821.7885188429,11,2,28,41.17435215985503,0,3094,40104.822709423126,0,1
51174.99916329787,18,0,18,12.89027918778698,0,1857,75560.35792576666,0,0
139019.57920705594,11,3,13,9.411504306756553,0,570,62941.652088532865,1,0
202286.11889179432,10,2,11,8.746863286063302,0,1819,66777.12844650795,0,0
5522.129865145643,21,6,10,6.45563178809909,0,1908,161619.10652387113,0,0
274067.9963419822,8,1,4,10.517633034745453,0,3531,106646.61142689204,0,0
7059.0066908947165,18,3,20,2.5548036014070474,0,1011,117499.82063766703,0,0
139998.1088517288,3,1,5,1.3468068833665896,0,3516,7548.1515987763805,0,0
7157.093293329998,12,3,22,15.59448343783217,1,2517,12692.227708587814,0,0
197820.11031475416,9,3,1,12.112308169682848,0,2376,87086.13339016521,0,0
22938.986245049087,0,1,13,3.808500747452568,0,1485,62201.95762662949,0,0
56928.54685778753,9,3,14,2.25887747359193,0,3301,119076.20358423353,0,0
269742.0498650949,17,6,22,3.092584704592193,1,1569,7815.49358729175,0,1
157054.09474921555,12,5,16,7.573868756420159,0,626,66866.70193955606,0,0
154072.9572426625,6,2,13,12.010800922987062,0,1218,53253.36293353994,0,0
144108.87970138114,7,6,15,4.297310907532187,1,3465,154309.15142854492,0,0
84265.71879976224,16,5,9,28.18102566499299,0,1485,16576.59397197759,0,0
302475.0156768207,21,5,3,4.296672965468869,0,1306,34304.40700751631,0,1
178162.53537683023,0,2,2,2.650670954555141,0,567,13045.899455128549,0,0
58033.30870790417,15,0,12,104.26067012958734,1,2415,48079.35772100296,0,0
135695.28468541542,19,0,24,11.873696775826811,0,180,170563.82431226913,0,0
626984.2765951814,3,3,18,3.7267606527466093,1,393,88773.8939223365,0,0
204794.64942338108,22,2,24,44.99168526998919,0,1277,109099.65085625302,0,0
122.37398525990348,16,5,26,5.255669285759511,0,3023,7838.745447825407,0,0
133897.64512948814,12,1,4,51.96059912424394,0,3321,48122.185529779985,0,0
228162.29870513713,9,3,25,2.5330644006644047,1,1159,145944.4424984145,0,0
39712.885947406976,8,5,20,36.87976245287839,0,3051,145356.14397271737,0,0
379387.8080951802,13,6,15,4.073366332068341,1,1337,353962.63115441066,0,0
51299.358148111816,16,1,1,55.72163443832857,0,185,59730.727866085195,1,0
54675.84248407834,2,4,8,17.07776055166319,0,119,165.8862049729791,0,0
17539.21321151411,0,0,17,4.212289770637122,0,2377,183458.71288003278,1,0
10158.385803871648,0,3,5,37.26339790719918,1,2894,250243.7175994108,0,0
76915.53883847309,19,3,7,9.904820347191444,1,926,210205.63261984073,0,0
92325.37170210182,1,1,3,26.396161357114458,1,1587,118241.6401716379,0,0
45712.13897751005,15,6,6,20.62509548012294,0,3375,19051.9411698732,0,0
93295.22807858315,8,0,13,25.055875949991457,1,880,11978.165278161012,0,0
50198.29234993516,13,1,16,8.423199447492232,0,84,96554.44151819103,0,0
202635.5738061266,0,1,27,55.880492678203424,0,1007,12105.190497003718,0,0
307527.65681221435,2,0,17,16.411119495480605,0,438,245147.7286489182,1,0
90027.15011023637,17,6,6,1.6146721423109514,1,663,47222.3805989196,0,0
184689.899091965,0,6,5,1.3813004966581026,0,1487,2503.9862988735626,1,0
192237.9666125639,10,4,18,26.80575203397311,0,2746,13057.402161802687,0,0
125093.40579895438,4,2,4,37.93899147480011,0,1336,27453.460502859558,0,0
21319.55585654533,10,5,12,23.76721518581515,0,3615,97325.39665411784,0,0
16834.537874059024,5,2,28,6.5006827572330605,0,2372,106937.06928924097,0,0
251930.23818243705,23,4,16,5.121186646698953,0,985,19164.724433226016,0,0
30796.819601795145,6,0,11,16.66826811870031,0,190,83656.28517113626,0,0
28280.179673725896,12,3,28,4.382520100326151,0,1651,2587.5895330318403,1,0
18167.62505422808,22,0,27,9.531696967817545,0,979,8682.837385713441,0,0
74962.02831897975,15,5,11,19.814426028949793,0,572,61259.266441692074,0,0
113009.51801978207,2,1,23,6.706974783721145,0,421,97344.01527101726,0,0
112751.02509495261,14,5,6,9.414123013786375,0,2850,196615.00483435474,0,0
30252.867269141338,7,0,27,8.941932819272978,0,3329,46065.04739182297,0,0
9958.325179036445,21,2,26,12.343121632570167,0,1321,10222.402639019385,0,0
37136.7345239544,23,3,16,22.439245234233688,0,1759,211579.70506742637,0,0
70004.04508259527,19,5,6,30.497263851991782,0,1452,46020.26954727068,0,0
94788.4591611491,15,4,9,21.877419697511698,0,803,55048.48875424151,0,0
31553.350184566603,16,0,18,0.5303260151827474,0,1179,154167.58431083997,0,0
20231.00969720036,12,3,1,45.42942285672176,0,2709,70508.5844516145,0,0
184247.8437495929,2,5,18,17.40670045542932,0,1224,28699.910848821593,0,0
195140.67498845636,2,3,19,50.576291482044475,0,3410,62258.14673053747,0,0
32844.3351824386,12,2,9,66.4139031478379,0,2327,78436.71325082291,0,0
82123.7052237358,16,1,14,12.616476568952654,0,2601,176436.59044039194,0,0
57950.865423268995,13,6,12,49.626007788075206,0,2020,21413.047313356266,0,0
15311.295547953705,4,3,10,9.094755405846692,0,255,65565.62023587483,0,0
282322.9233067876,11,3,9,6.032327571584782,0,2525,202558.89313384675,0,0
983.1103112851217,15,0,12,1.5296370086468385,0,464,3723.1303765828698,0,0
20773.33634281498,5,4,5,12.023412997163925,0,3506,17310.10137333392,0,0
42398.28913374626,8,0,23,23.339146940864556,0,505,34010.36511635214,0,1
194115.0281497854,15,2,19,75.30283218116759,1,2250,90772.75596196704,0,0
155425.70713013457,23,3,10,14.734011283237463,0,2513,147535.52647295478,0,0
86722.4569048758,3,1,2,26.52091294701514,0,534,17768.611927567734,0,0
118751.22107004293,5,3,6,45.295606205786484,0,1064,22663.813497764757,0,0
41689.76069712038,18,1,22,15.669548875576771,1,1154,138657.5585713863,0,1
282247.7466101599,0,6,5,3.6487980687995805,0,1834,12845.760814492834,0,0
2715.260667056936,7,1,1,37.70493703314768,0,3486,24215.745748520872,0,0
10639.291127196853,5,6,26,17.07447554009564,0,2220,105548.77282257077,0,0
259767.8995508162,2,5,18,28.418647775004928,0,231,14536.983710578368,0,0
290136.1194857071,20,5,23,21.486859372363423,0,2285,140836.458569995,0,1
67446.47956413917,13,6,26,1.2595948652593534,0,595,53948.64025422103,0,0
85910.91727353063,22,1,15,3.7052767483063183,0,10,47474.58461262669,0,1
232829.1233421567,1,4,2,6.744443423658849,0,2132,11625.667699357271,0,0
192028.18548865378,15,0,21,6.701283527414344,0,1471,91069.3597093808,0,0
198015.29578978952,21,6,15,36.551593013081515,0,2968,172333.92302013838,0,0
46487.37724714799,12,5,11,18.237975870160284,0,1926,94240.46648234574,0,0
177518.46221780957,15,6,26,1.7411439821153487,0,379,30487.318190599362,0,0
7182.967835087585,10,2,13,9.794286660854368,1,3117,95998.1083847252,0,1
66741.01859894967,10,5,20,16.25351562114584,0,2685,57058.59716543516,0,0
27103.073064064974,15,4,15,5.793757119619954,0,1682,153784.3237545328,0,0
3645.423974160148,9,4,10,0.8129796923432249,0,1680,49242.626639324335,1,0
96027.09852495595,16,1,17,9.569225547524015,0,2550,21671.51894361461,0,0
7923.791564816876,11,4,5,12.36780468785289,0,1895,8540.583380212618,0,0
12801.43383597534,4,2,1,47.028142955659646,1,616,26398.942343727813,0,0
8528.024820774634,11,2,19,47.79909411562851,0,2088,66324.66274882061,0,1
369078.33686377143,2,6,12,13.879048989611602,0,3472,14910.465694539715,0,0
4002.9277493598665,18,3,25,12.754043514815338,0,1640,3245.856531938672,0,0
31437.717704130107,9,4,7,20.46093663373984,0,1871,47658.85348746788,0,0
105554.8429743743,15,5,2,5.971465104760801,0,3432,34147.20899219279,0,0
173377.29400440745,18,3,21,6.7294417397906034,0,710,43632.071502059174,0,0
93701.27686554268,10,5,15,0.051222585221768355,0,3041,48430.4539903132,0,0
375082.9599097157,15,2,20,1.6287976579998318,0,2288,116218.82927645411,0,0
41204.90479788669,9,6,13,3.9325552375116675,0,3469,259385.5907232369,0,0
63866.939735163854,14,6,7,20.46486905740748,0,1988,24335.755606904735,1,1
172205.4892214125,2,4,14,4.781832386435108,0,1504,228337.06069642873,0,0
114475.27540895218,23,1,20,2.649587604815097,0,562,20740.592166123548,0,0
24088.38122282231,9,1,16,19.158131856964967,0,2205,112501.84310620926,0,0
69048.62043374818,11,4,9,21.09669468096543,0,3002,91491.96452476452,0,0
372800.7748162136,8,5,19,1.2305545646739244,0,1671,4290.816781747283,0,1
198794.3532913101,18,3,22,29.647128178880937,0,3297,103255.98953015763,0,0
21294.993021842147,0,3,5,18.63606205913762,0,2821,185110.0405793222,0,0
19818.98723695479,12,6,10,10.118932361941773,0,1192,212995.260628288,0,0
176255.71423813325,6,1,8,81.7064577999951,0,2564,92463.74487421081,1,0
22176.263200956753,21,3,29,0.20503445330207998,1,519,123562.47042543732,0,0
60292.15289738072,19,1,14,15.742640802427285,0,976,5938.397753853242,0,0
19937.653046225376,20,0,11,3.48000729249492,0,3621,14067.659644850068,0,0
1477.14243253099,6,1,1,7.989643876839832,0,1649,24356.929184214154,0,0
208267.59357651588,5,6,10,2.8589928748085858,0,587,60629.93985464953,0,0
150961.26780018752,11,0,2,22.065332763865673,0,2235,39052.72308786994,0,0
63598.91331548232,3,4,7,10.268967650588333,0,1586,85633.48798201802,0,0
17385.232224312553,19,0,17,85.80645999245863,0,2885,47202.31948944529,0,0
164205.25763311144,9,2,5,21.21749488005851,0,3229,119340.29821329695,0,0
44529.89596450334,18,5,24,49.859135435507646,0,3511,100025.9385316299,0,0
108455.89840233856,1,3,10,5.510516869758276,0,2935,110038.2922237465,0,1
38081.31456460041,3,0,5,7.677518704299969,0,2649,141216.63391757055,1,0
56613.94545032792,14,2,5,9.009738173054027,0,3267,143768.65901657022,0,0
76673.3075137859,5,6,9,36.46686216857611,0,3552,120967.61324952055,0,0
143555.29803856974,0,2,11,4.756916287266578,1,30,5456.0190473951,0,0
178419.96441575568,17,3,15,58.64417711904866,0,2452,78083.97047161961,1,0
58617.21133312357,7,1,27,0.8911435873206597,0,990,1599.0292058426062,0,0
26532.080277294495,12,2,5,44.119699341779764,0,1091,108930.96206203052,0,0
16682.149991439604,18,5,17,12.008219968610703,0,573,5040.103402671539,0,0
41664.922471092395,15,0,19,14.926657249129427,0,1324,326981.548515186,0,0
161839.534153095,0,3,14,119.02521320090946,0,1592,76169.64359873775,0,0
32018.023046447397,1,0,21,40.81179952205119,0,79,16071.249209187406,0,1
4868.613403514713,18,1,24,46.87264035339692,0,956,50530.98573016339,0,0
83074.64633027377,13,3,26,17.615335249610244,0,3241,140207.85865182942,0,0
3419.1552523605324,14,2,2,62.627275133620955,0,846,15875.87639066779,0,0
216217.24127190118,1,0,14,23.282573443914707,1,1832,61563.47179161127,0,1
113339.15757325635,12,5,20,34.22133381673078,0,2866,286.97550955311806,0,0
29685.112269557834,19,6,28,25.52613270011865,0,3210,124254.53089572757,0,0
63316.55967503673,19,0,4,30.365857972855927,0,2063,17314.053467601418,0,0
134406.59822552485,10,5,3,20.320616706955626,0,1629,39174.48585459236,0,0
247318.1659610523,9,2,15,25.922391729423296,0,1717,60443.298448841546,0,0
207508.11558083573,1,6,22,11.451839031235727,0,1506,12519.35100835856,0,1
7206.707805169822,16,2,16,24.542603804576856,0,2019,209023.76200871586,0,0
8462.29236651128,2,1,10,6.481681226755743,0,1993,50610.25898446913,0,1
91061.61265714596,3,1,18,20.153914411648802,0,3123,21094.70126932979,0,1
68616.37592345505,21,6,19,14.836349204094832,0,2769,106285.14850945784,1,0
34663.56122402277,4,2,2,45.7613432381779,0,3193,179706.53439539444,0,0
373693.9630905749,1,6,10,22.36953637141976,0,3138,195045.7367542749,0,0
137147.3022154708,3,3,29,18.15755137109338,0,3098,45128.821394938044,0,1
116256.681520945,11,2,24,7.510577165094708,0,2854,35635.655764493175,0,1
20007.383145863252,5,2,2,39.72688245870387,0,1003,211896.60722705547,0,0
33397.859108029326,19,6,16,1.1135883065631793,0,2941,4342.824235837545,0,0
92891.68167453502,14,4,5,46.00197010474943,0,860,111076.5700071898,0,0
158765.9123178838,6,6,4,21.167318036184625,0,1310,15633.402191859674,0,1
267452.3787371049,5,3,17,4.2018960675149595,0,747,50114.07718391022,0,0
119642.42989404808,21,3,13,46.65995868993504,0,3127,245795.67827076354,0,0
54238.002376981996,13,5,23,7.901009993934482,0,649,69619.03552031502,0,0
117466.60428393236,17,1,22,3.6850106394403186,0,3068,59293.057766608385,0,0
7168.435496346687,6,1,26,7.688149538031698,0,2832,5103.435331976239,0,1
91649.77677683704,5,1,12,64.9209985665186,0,3096,25985.374983175483,0,0
225022.861766606,23,0,17,27.947793688519674,0,214,244.4613621900558,1,0
101320.51143096272,5,3,9,49.728507770850925,0,788,166358.99366383467,0,0
756.8843477467705,5,4,28,7.101297107361527,0,2110,82818.2571538023,0,0
118586.81034772101,19,1,20,1.7207304098474245,0,2100,10047.567198122455,1,0
129624.94035423874,21,1,1,16.54524238554291,0,3406,36138.23630430423,0,0
77920.44375104131,9,1,24,13.194278004588512,1,3124,133456.66036751724,0,1
169329.91425991297,3,1,1,25.50255908160951,0,299,12094.040638991379,0,0
22601.174336480613,9,1,2,15.64722751922397,0,608,20936.74996265967,1,0
52590.34966745165,21,0,14,10.099083737938022,0,650,62367.29061187234,0,0
164810.60779221077,0,4,5,0.09393734219547964,0,322,12527.312798691055,0,0
92555.80494752985,22,3,29,12.612710182117258,0,2375,38592.83348228958,0,0
517880.21338272677,13,4,1,2.5712823216803966,0,1985,321960.3852047867,0,0
7177.996571805734,17,2,1,51.02121189541185,0,613,62794.9192693188,0,0
28012.55334629537,21,5,15,50.945770578752835,1,15,96726.27359893454,0,0
22205.08391522831,8,3,22,32.557028851949894,0,2379,87080.53341194225,0,0
374617.9161004144,9,1,27,3.436338504591002,0,2644,19031.75036745562,0,0
203456.4976483225,18,2,1,3.1902059931590716,0,1330,149723.13811241378,0,0
14285.880850692425,3,5,21,16.570645061148774,0,3113,10413.264902426045,0,0
43665.22702113118,20,2,16,25.999527556668017,1,60,203669.54416998624,0,1
5403.093791301551,23,6,10,46.98080631497285,0,2337,19475.03554285487,1,0
100121.51571994073,12,2,27,44.892810686801845,0,2868,247634.10809803454,0,0
40226.231021875996,9,2,5,3.3761279269304323,0,1702,127944.53779403528,0,0
29781.896691782695,12,1,2,107.95811402779849,1,468,15001.192742437153,0,0
74048.45167961955,21,6,14,3.410962289104565,0,2426,13986.631650806783,0,0
158743.95306526538,11,5,11,36.66641605093841,0,192,7065.3657377405625,0,0
51737.63812728245,23,2,19,17.683517385876346,0,2442,22732.97017674486,0,0
141654.28328356217,2,4,19,22.681876019707417,1,2400,86094.87343613179,0,0
59082.93541980087,18,1,19,18.52539600900701,0,612,58767.959787859196,0,0
24146.28892244767,8,2,3,40.755559740149174,1,315,76018.99446856324,0,0
59096.21468061178,12,2,11,20.272431568365565,0,3212,2530.8623930545264,0,0
77230.83836446561,21,6,20,37.76503137994603,0,2618,6668.04018364718,0,0
61911.5191649809,7,4,26,3.35341954095011,0,217,94205.69870713695,0,0
32065.20402257026,3,5,29,40.30407092585185,1,9,150661.7548643553,0,1
20469.255976356697,20,0,16,99.1039750988616,0,945,35630.722953353004,1,0
293656.1845520008,8,0,17,21.665025213416374,0,1469,14568.037664542475,0,0
35309.03065823319,6,4,29,74.89723601419634,0,2129,29494.65663046679,0,0
122203.36310851021,20,5,20,4.966241218180375,0,1742,42486.34347951361,0,0
41656.81050668066,22,0,4,35.354975383279054,0,2520,79569.57709173969,0,0
349472.897359313,10,3,15,3.7036404815235335,0,2811,42139.25115374511,0,0
444635.32346400677,14,5,24,14.511042434248706,0,2611,181874.0510525034,0,0
174352.00094700235,12,3,11,21.814965314320816,0,429,41027.866074488156,0,0
87101.5145346605,2,5,16,21.591625761958948,0,3139,16010.189301622999,0,0
78103.30990334826,2,3,20,22.22549896747069,1,370,22838.185092034004,0,0
39892.862292236045,19,6,21,7.7404649784043205,0,361,50063.948040676936,0,0
13014.12150366595,10,0,4,72.77977658629649,1,3152,122030.7866821828,0,0
8236.162468694105,22,3,5,0.1314911824218683,0,1554,162853.491192131,0,0
62632.534405893944,20,3,19,19.404299615826154,0,3005,16393.91522418352,0,1
385322.2116153713,4,0,16,40.214692322130034,0,2226,278.2359021438427,0,0
28352.792811462274,19,4,19,44.34893031641715,0,654,162854.68282583717,0,0
52924.83059372672,23,5,24,25.47399042886564,0,650,20722.020190072453,0,0
102560.21339158418,18,1,28,17.104486718945253,0,2438,137926.30409603668,0,0
43242.0907650656,11,3,16,12.225263901565773,0,771,64013.68799127512,0,1
363.63535867378926,17,5,1,11.939147569835493,1,1649,41416.67958281216,0,0
50454.06402507686,3,0,3,11.071153110732247,0,386,12696.8799154229,0,0
163291.86266951787,7,1,2,24.072300523687954,0,2892,89188.38052104418,0,0
288168.887736632,13,1,10,26.276381359422977,0,2996,136369.09000021112,0,0
32170.886786844905,15,5,27,14.462330112139501,1,1125,49457.14676106005,0,0
254651.36918832175,19,2,6,27.00401411330185,0,141,47298.57761810453,0,0
201852.37183497628,7,1,8,15.034822536321595,0,544,112610.95180831788,0,0
52209.529327526216,4,3,6,2.0484456862554596,0,921,55470.754778632465,0,0
468.8791417607383,8,4,20,38.158909992583204,0,2547,123197.64392257777,0,0
186353.00181141464,1,5,19,40.87846919960222,0,1446,4450.862614944279,0,0
33795.487824424745,7,3,16,6.197496188850301,0,3461,155946.4249338093,0,0
141012.23009520222,6,2,4,30.876132389701,1,1893,24312.57463926883,0,0
84749.85033721908,17,1,16,14.314850826674416,0,914,14828.777239941432,0,0
25059.764168310878,20,5,29,2.648404321308772,0,138,2626.1158303383154,0,1
104472.56791497112,21,2,24,10.149913342510997,0,3253,143696.63546343928,0,0
144749.01341115142,8,3,9,1.5928148654373038,0,1747,4959.844888639114,1,0
64330.07319925536,10,3,24,30.8792774349062,0,3490,247081.1838842842,0,1
137797.0213066713,11,3,9,4.3689285710894765,0,3614,66563.690593175,0,0
51914.65434664522,7,4,8,3.5919111408757716,0,1952,95967.44207973855,0,0
392468.1388438292,22,3,29,4.67745890773292,0,651,103369.09011019413,0,0
27418.491100900173,16,6,5,5.127053736508502,1,598,27702.2755979985,0,0
150442.36627293265,18,3,21,22.41422448871065,0,2206,131381.00267166947,0,0
138470.3854875981,0,1,17,20.35545236683181,0,1537,233859.05261749603,0,0
75383.79725813815,21,5,24,2.7699971373714725,0,2054,36943.93228723084,0,0
43130.34529684639,2,5,27,25.77748716044183,0,2638,144314.3655400025,0,0
59015.73432265836,13,5,16,8.586667130156991,1,3267,118286.74350665891,0,1
99286.79025428368,17,4,18,12.230338576931427,0,2106,71249.03414821664,0,1
75576.67623339455,1,5,22,2.667427190198906,0,999,36660.675167491245,0,0
143355.43698225357,7,1,6,24.66295612331794,0,1231,42916.81788551537,0,0
44735.2990422904,16,2,28,9.439219582665569,0,1631,29408.300771138714,0,0
11344.313103030081,8,0,10,20.000491713089133,0,1280,44447.777165663036,0,0
70440.07693354807,11,6,20,11.145104588035817,0,3582,365483.29027336487,1,0
29977.051860956206,6,5,25,1.0020653319737762,0,892,36130.957230910986,0,0
95877.577834424,0,1,16,24.313457402443944,1,2195,87611.804674844,0,0
73464.21418965752,20,5,19,16.081939532433495,0,957,30806.709895987056,0,0
150845.55160149973,20,4,8,11.39188037592563,0,830,50285.853157527745,1,0
85620.08938936636,13,1,18,4.501708478275505,0,982,6999.3774493624815,0,0
56345.23352187084,1,6,5,19.5815871564727,0,1243,115254.71709492823,0,0
12766.97471954336,16,6,29,6.437120021452483,0,2979,86546.18319505986,0,1
12799.402941876522,6,0,13,11.213427349177731,0,3243,34153.69312271398,0,0
102262.67572817398,14,1,15,1.1628634388635481,0,1541,59529.08347818213,1,0
212656.0815088277,8,5,6,29.988948279314545,0,1152,164596.76900676836,0,0
53578.04981438635,7,5,2,1.887028604231933,0,3118,3636.00798751145,0,0
75670.32179694696,6,0,23,44.29873980512362,0,803,212988.6112190327,0,0
89455.9875305256,3,4,15,40.43471909634205,1,2404,50911.04764445093,1,1
64874.30626900288,9,1,27,70.8713024477734,0,3173,157092.35931125496,0,0
6141.127244413557,6,6,11,47.8154871531364,0,1660,158140.93388486287,0,0
88950.1091782683,14,4,5,71.09232453834919,1,727,4840.5138323664505,0,1
14745.93056683962,12,4,10,43.65630183984291,0,1796,121712.17451649142,0,0
81148.93931952406,7,2,29,2.3871290700415244,1,1469,105600.80500706127,0,1
149333.30986910954,8,2,20,11.513750188689375,0,1282,3532.332116584031,0,0
546.292235002001,8,1,20,1.5842488879933496,0,101,225793.25165180847,0,0
56295.490994355954,4,1,18,15.76226948388876,0,163,80529.67850304004,0,0
136920.2436283097,20,5,12,15.090103787643388,0,2606,14669.032731610234,0,0
75191.29695305017,5,5,25,51.06671477736349,0,1028,10508.729497258491,0,0
26828.058412963434,15,4,17,69.92868305910801,0,2811,66037.97673595334,0,0
119589.6873914232,15,2,17,6.012483812640749,1,3456,4850.8822304525675,0,0
153003.71035360897,23,1,4,17.46045142177281,1,1468,14369.348119776803,0,1
45024.05869470081,13,6,19,12.48891384412881,0,1584,237219.66836804524,0,0
35296.84659470073,18,1,25,15.825574421842838,0,1400,109238.0807647613,0,0
78776.15251115792,18,6,29,15.174123167524101,1,1540,76047.61925858032,0,0
45479.67132961192,15,1,23,49.0971129745371,0,1734,18738.34422363097,0,1
180750.43598490505,4,2,27,45.29148978307554,0,3635,19724.82886564473,0,0
150981.93725882415,0,1,18,2.618961660586007,0,3089,47222.60490574159,0,1
37380.352519165346,4,4,20,8.465765376388982,0,1284,112211.54888840322,0,0
61060.648454354625,8,1,21,27.94913447002958,0,2390,314.98762097011036,0,0
220263.03219699513,20,6,10,23.039445237849115,0,2745,3622.8274584047713,0,0
15943.73630330648,6,3,28,19.94961204125738,0,981,163286.38548565528,0,0
140336.765000882,9,5,14,101.69780065215224,0,1996,134588.94375164926,0,0
38097.33549690884,23,0,20,8.217646816007958,0,2695,94911.89161413947,0,0
12723.924201628544,14,4,13,14.482386299916914,0,2992,55376.93133524611,0,0
12440.614343779745,20,1,14,77.408384652747,0,2908,12544.167940614534,0,0
32336.0835896134,11,3,4,23.78511786623532,0,238,8627.59383238912,0,0
79424.9183093946,12,2,4,20.92117129380355,0,845,188627.8077049198,0,0
238477.0724161823,17,6,24,3.3623914430737183,0,2027,38568.926302698266,0,0
36096.24886034705,20,6,23,5.664690308793117,0,1515,95185.24402869961,0,0
22217.879292016034,9,6,4,9.479371646248355,0,1185,48733.61762296297,1,0
65134.32439371855,23,4,11,12.504055584078497,0,3560,105022.37567180273,0,0
17034.81079824397,0,4,1,13.751663356753934,0,845,17185.154927591622,0,0
31702.959970511292,3,1,6,46.48377182936275,1,3268,53019.979053445,0,0
431483.6000512345,16,2,5,2.2681222459682933,0,1152,37839.54092272126,0,0
81655.98274328509,20,1,27,5.709758162521798,0,440,22488.692697909475,0,0
153205.9215871165,12,3,5,3.101143894552196,0,1305,72846.79085789452,0,0
23801.62460761116,1,0,27,26.583973819645234,1,1011,61597.64375768507,0,0
73411.1660233226,14,5,12,70.5214760686989,0,3156,54765.324819941496,0,0
71443.01030404368,11,5,15,44.87892947720774,0,3430,71543.30764435914,0,0
167487.20164671002,1,2,6,25.696483413471682,0,2211,12301.59868449895,0,0
2180.7468148952585,6,0,12,0.4351559529702985,0,1353,37032.496825218535,0,0
196954.5141543439,3,3,24,8.524508498774074,1,1630,31404.811728269236,0,1
8294.141634763651,13,4,22,39.84591747455554,0,2471,117287.7803319642,1,0
248406.3150135866,17,3,14,21.1726596103159,0,2071,2910.2236812758492,0,0
15413.01555560235,10,5,22,4.7043560834341305,0,395,26495.17948640859,0,0
75979.64927942667,2,0,23,12.565441871412443,0,3151,200370.53094030984,0,0
10468.388323336387,2,2,11,1.8405105000730888,0,3189,28574.07971732127,0,0
59274.33322750333,17,1,8,14.712808774463195,0,3409,13180.488578291543,0,0
35564.524001567006,22,0,20,46.25845640991513,0,1967,113289.2984983367,0,0
54489.12989049166,0,2,7,0.7897669831009315,0,3340,3922.1273738563887,0,0
78753.1469691519,12,0,24,19.03273851772539,0,2291,44454.661417363146,0,0
61514.71246627312,4,6,6,5.308047645515412,0,1443,154679.35146229088,0,0
2343.5300806797145,3,5,25,92.8887681374171,1,1314,246494.16895771326,0,0
199108.74737989652,2,6,13,1.3463509561608866,0,2177,22910.07480735519,0,0
9976.998436928861,18,4,6,19.2096274138368,0,1273,28101.138237564748,0,0
394389.5139784949,12,5,20,5.924252090907323,0,1184,67007.81104687744,1,0
190594.953854448,15,4,22,42.820052670097866,0,1924,20551.701366882484,0,1
82411.1022101316,18,1,2,2.600574666971596,0,3480,13071.574821088987,0,1
28129.355708742278,0,4,11,11.21617142852125,0,3527,44407.4937984729,0,0
9019.406148256636,17,3,8,4.100217552360835,0,2557,5999.272722483856,0,0
111423.91876723789,6,5,27,32.13320770539689,0,1356,179711.48328240102,0,0
22503.20752457611,2,5,22,8.660125142963043,0,2966,32540.87041366117,1,0
132133.19943311534,21,6,4,4.133429244325084,0,1265,32792.089571572295,0,0
178682.1353415821,19,5,7,25.885323446974834,0,931,125376.62823698166,0,0
450669.4734260593,9,1,15,33.98914721889859,0,1493,33429.1356953237,0,0
70161.40085966434,20,6,24,12.412641915574877,0,413,114472.16664904273,0,0
367584.36458555865,7,5,19,9.52363436018782,0,113,15997.339055855567,0,0
16171.889561690914,1,0,10,20.001284894183264,0,2961,60229.793918179224,0,1
180939.6105412742,9,6,3,21.076407218318028,1,2204,117057.996075986,0,0
44597.77835404318,20,6,10,21.62008816348415,1,3375,47812.285483092666,0,0
45383.46619860498,17,5,19,6.452583879020604,0,425,5961.787381321909,0,0
31285.97269127018,11,3,3,56.70715351912958,0,2065,106818.40174634942,0,0
19044.71139040979,13,2,18,4.801833449312042,0,2564,54506.42110000443,0,0
58378.376484564484,1,0,5,9.373155534655508,0,3576,30432.47308891825,0,0
436511.2534632992,16,5,22,6.672954970317314,0,3113,394646.563756642,0,0
40033.88364453972,19,5,1,53.50880703536542,1,646,167044.50781221854,0,0
61819.14235235605,11,5,6,35.24830224363896,0,1964,3084.5108345840313,0,0
25942.425551434633,6,4,7,33.348962432772275,0,1176,72044.02718245008,0,0
41116.15585728453,14,0,2,0.09442418530231794,1,1078,35026.92414402164,0,0
5671.976124740722,1,4,17,23.160909299035293,1,2760,3049.817022421061,0,0
312435.1467880284,11,6,23,5.234405510803529,0,3063,908.9058426415276,0,1
71294.6309823477,16,3,22,68.6811836013522,0,873,70119.03476558055,0,0
132032.36901428777,0,6,3,15.132452082567283,0,2395,30868.371631379352,0,0
72008.58424263193,7,5,29,16.63453450924923,1,2687,97207.07004760024,1,1
147053.23194445288,4,3,2,8.816131241017061,1,1289,48472.6550050627,0,0
76376.36781568562,7,3,29,15.388931695985102,0,821,116365.01992136535,0,0
120913.50399672217,21,5,18,27.70487327584556,0,636,134159.64572158657,0,0
115455.10897455605,19,1,14,16.507081772627767,0,2,85656.67695766216,0,0
76263.22449206542,13,6,16,20.503308851309686,0,3286,43299.021430042936,0,0
26212.7522669033,5,4,12,12.790917994751839,0,404,357074.55735033966,0,0
23806.40312768874,17,0,18,25.203789286129087,1,888,29301.71094147637,0,0
207389.78571448277,4,5,8,45.963699173661084,0,874,57819.15298522417,0,0
12861.388353856892,9,0,1,1.0480086652348934,0,3302,58784.91277658532,0,0
81925.86699511304,14,6,28,2.270016289677142,0,2878,44736.70883589188,0,0
69823.01245152716,2,0,3,23.14236417996279,0,1293,10355.438673360162,0,0
160147.0193479953,2,1,24,9.486801650317052,0,3185,34949.29109527969,1,0
14547.981195877735,16,1,22,6.615088553641445,0,1172,19385.06439533615,0,0
116250.52650814096,13,4,7,3.9347380110834322,0,1158,184092.64336135314,0,0
93102.66170051224,23,1,2,17.00239634996784,0,2703,85223.89204055525,0,0
120796.91677516731,9,5,16,8.539875788650907,0,200,27153.31393352846,0,0
97081.4724885913,18,3,9,14.183938878692853,0,2624,66727.58872339831,0,0
82678.68885652674,15,6,23,63.67076639668768,0,2558,153498.83239905603,0,0
260732.175263594,16,6,3,28.398482773829876,0,1630,217976.4443185108,0,0
42871.976663772024,19,0,25,31.787889544783305,0,1956,6239.9990869948215,0,0
20418.396887795057,12,3,19,2.6523026061477784,0,1188,123682.69086583171,0,0
158672.83818492098,0,1,14,7.860268623934715,0,2179,271239.8050503232,0,0
13890.74901901823,0,0,26,2.2462586005344916,0,347,50375.61028889351,0,0
113856.78207466785,16,6,24,69.16864806660429,0,222,432901.1495682416,0,0
79753.08449284371,17,2,15,22.925881100140355,0,3195,251869.64408517972,0,0
128.41874452238767,16,3,23,0.3884242859541837,0,2512,85576.64900503894,0,0
27425.56120953582,11,2,29,12.9063808872932,0,2088,150505.71517260006,0,0
68498.83721991481,5,4,16,6.1176170461654324,0,422,28142.170089843552,0,0
40005.217439379514,6,6,19,15.528786794650262,0,980,199561.31844298192,0,1
55668.07073955306,16,5,15,3.936306187557422,0,2093,71697.30822294515,0,0
91947.08783156273,15,3,14,1.1707152759268156,0,190,57013.411783198535,0,0
131239.54970712756,0,6,5,7.806925485056552,0,1749,144466.28506930362,0,0
16394.047492301906,10,0,7,7.005540819173443,0,1234,176215.1109172332,0,0
33255.74431796437,9,6,3,25.24359427512112,0,2665,96651.60419089701,0,0
101194.9803207444,0,0,29,12.869961388185533,0,2936,2028.4017796614064,0,0
88780.207916319,10,5,2,6.887244107850229,0,2655,72746.42926193624,0,0
133502.4124020366,23,2,25,16.899435549665565,0,1602,137923.234277749,0,0
102306.87142421473,2,0,16,1.4797648714100657,0,2072,63043.99907834022,0,0
40070.226356235,22,5,2,21.71506316166027,1,3454,218495.65236925357,0,0
69162.0007621741,15,3,3,3.1867004647243014,0,3566,182088.9971339963,0,0
216058.02235446364,0,1,12,6.561732230176408,1,1361,60346.7196371646,0,0
20590.5215645819,6,6,1,6.629137532636915,0,2906,41378.45979427515,0,0
47279.92005693637,10,1,15,12.541643495985566,0,2031,4532.100401343688,1,0
184344.52669196553,16,5,29,61.2192303404845,0,2548,80103.83706684093,0,0
45286.21402608718,18,0,1,7.850758026313582,1,2533,24735.853280150746,0,1
53141.12883284539,13,4,1,6.606833655721834,0,642,88318.69000950837,0,0
38452.02565496908,22,3,15,3.697744553407616,1,538,128261.05618214193,0,0
229785.15891071255,15,4,26,9.950584943001708,0,3116,42033.66413334788,0,1
108868.54348043689,16,2,3,4.018864053106782,0,997,1256.596572419074,0,0
23417.786864650778,13,5,14,2.9646490566686805,0,3585,160348.76380348255,0,0
138483.22681063061,8,6,22,38.94843062643609,1,2690,63704.296059823726,1,0
3927.6930732410683,20,6,10,1.081495488128981,0,3297,30242.561328275362,0,0
50485.76398275421,12,0,3,24.814473018139147,1,779,80365.18778503056,0,0
240539.06214521854,1,5,20,4.527247047514877,0,414,89765.4084169893,1,1
117049.11274382987,19,6,18,0.23568369713705353,0,3618,12763.441358380232,0,0
157549.90713193465,7,2,23,31.70905332101908,0,2877,83167.46205116015,0,1
267822.6288103037,3,6,4,24.23240739930221,0,347,27026.79500933228,0,1
148966.37922259918,4,6,27,8.138290351125,0,2155,130218.25265085183,0,0
9275.581952914372,14,4,17,1.6531273070196213,0,1223,227112.75132750196,0,0
26219.9359563714,1,6,20,8.946739436521248,0,3431,8666.292654110544,1,1
69313.56702020268,20,3,4,4.001425021785835,0,3330,199458.78419315416,0,0
1395.4704322867244,22,4,15,53.91360650061781,0,1088,187012.2067203364,0,0
97975.64447279867,8,1,11,15.084419910799278,0,606,33594.45264521367,0,0
107073.83413675416,7,6,3,66.39804698747946,0,387,2340.7542531148524,0,0
119220.3868096497,10,4,24,8.656133770796487,0,2431,87067.31002048506,0,0
81131.10855861945,21,4,7,16.259472892243323,1,3522,33814.33519875666,0,0
60217.23944350308,12,6,10,4.21746851521401,0,158,17020.563877010805,0,0
193480.92065026215,6,4,26,33.04994545540912,0,2149,9193.771578833968,0,0
145814.58171245438,18,6,19,0.8393762116126274,1,477,17455.103916402364,0,1
94767.4121853617,14,4,20,23.789266419081056,0,2682,21688.741840008686,0,0
4710.5960648809805,11,3,8,9.940429892216054,1,3302,127102.42808650054,0,0
118393.80985228044,12,0,15,17.274713942508345,1,1686,122531.30570502976,0,0
81680.96921144328,0,3,13,17.94246881921669,1,1275,54563.002773421395,0,0
118250.24406719526,20,5,26,24.8123978884449,0,229,64473.974336051884,0,0
37310.89440048312,7,2,3,4.569710968929815,0,594,199904.05997469687,0,0
150051.83141557453,14,1,21,15.159514180111685,0,1512,190912.29556868225,0,0
54117.70153285636,21,0,21,11.134806295245363,0,2614,141134.87642744274,0,0
224874.55764584316,13,6,15,6.630759650091167,0,1506,37507.39008218146,0,0
10982.6488382635,7,5,21,13.692782449587808,0,1724,36526.23953638457,0,0
66271.35794773165,23,6,21,60.73735519877249,0,3565,175056.73631614368,0,0
23034.148903131045,2,6,25,59.473524987968204,0,3185,208852.35707353856,0,0
60416.579800924585,11,5,10,6.537256068359534,0,550,128139.2676526855,0,0
43659.08934155164,14,1,29,43.119051776635686,0,3358,113220.29691339828,0,0
162675.7650009706,21,1,21,41.87158976434634,0,2434,65345.32309588668,0,0
18292.488401802435,15,0,15,5.742568450917592,0,20,33039.65952197195,0,0
91308.99485423011,6,5,27,18.273420646859734,0,2512,22021.561441910253,0,0
52169.18744913517,17,5,27,40.79453582372739,0,2765,12097.307322516952,0,1
72996.70935015615,12,0,14,14.471913409538786,1,206,104215.62931944484,1,0
125317.52647804676,22,5,9,9.233392019540585,0,1545,120039.08207360361,0,0
44176.792890871184,5,2,29,21.04137465286223,0,398,35533.795263011154,0,0
45736.84461617032,1,3,25,3.7851123611684563,0,1803,484.7610290223391,0,0
7991.228358269518,1,6,15,3.528333657665264,0,506,223222.78804375898,0,0
80284.65917581666,21,6,14,35.752894740143184,0,266,45970.745387808754,0,0
53940.38649049102,18,0,15,0.8555388324050197,0,2014,293812.2972173098,0,0
167285.30378228746,5,5,27,32.55509076857274,0,1223,90497.34363675246,0,0
57850.54181517667,9,2,14,6.86373097158673,0,1337,10592.3676003271,0,0
353349.1028966769,16,4,10,13.198987179029098,0,1030,31675.115077114468,0,0
18848.312487700343,18,0,12,15.683991175708405,0,1293,85613.69837118348,0,0
31069.331277726793,15,3,20,29.140283612243095,0,2619,83815.16610153497,0,0
49743.816700111856,17,4,14,43.05883165453988,0,2863,21115.725526049173,0,0
18683.675588713155,18,4,25,32.61569541927601,0,1404,15570.013616107106,0,0
358693.8922275612,1,4,27,16.988712388421064,1,1144,25924.53983740189,0,0
102432.25886535885,2,6,15,8.554633681375934,0,2820,123676.48931570924,0,0
1126.2210167754897,14,4,12,14.95450992436625,0,538,22152.011339773977,0,0
86395.89763868382,14,1,29,0.6096312604129037,0,2592,96794.09916106149,0,0
151982.16340881272,11,3,2,5.620223852982454,0,952,163217.42634986193,0,0
5266.274491408177,19,2,19,9.119028223624037,0,451,39756.75559031027,0,0
86256.79218248535,12,0,17,7.706031041195137,0,1419,561.488964644553,0,0
46890.33007232355,22,2,15,1.9996542782739888,0,2934,12248.153811328963,1,0
87102.30346518406,1,6,27,1.0417475899843094,0,2004,29905.324000137185,0,0
29116.27077490547,17,1,23,10.91920628041494,0,2490,16853.16178884261,0,1
109666.38441594942,14,4,10,1.5549016395583661,0,3229,27344.43782727533,0,0
111270.95161847038,17,5,11,6.743275152498095,0,3202,62828.36320563901,0,0
77545.43283382116,12,0,14,12.880499859024802,0,1259,1704.5183220779309,0,0
257378.76871706816,5,3,9,4.713466222508961,0,3524,5315.246921689919,0,0
240217.88311357782,7,0,29,1.6575244365373374,0,3121,154890.67548326156,1,1
4870.159511394993,15,6,3,11.31737038419786,0,2417,59105.09415968684,0,0
34234.08359031352,19,0,24,11.901416548027262,1,405,219325.79905333338,0,0
45296.38174732194,2,2,1,49.447145590180035,0,3601,262.47887283528104,0,0
5685.449031484032,16,5,6,2.735593653968463,0,3181,12.096138490759737,0,0
74157.59557690719,17,4,6,19.08999877468581,0,2765,107641.86636293824,0,0
2488.8807425992395,11,3,5,7.704503480813286,0,1120,51739.68016017948,0,0
113341.73544506359,6,0,4,2.638603913569023,0,1523,196085.2734487289,0,0
269.2079295190733,11,1,3,9.98937735660224,0,2947,123560.94202611857,1,0
3245.7691294235624,2,1,13,11.170143541179677,0,1578,56088.326337009705,0,0
179428.1684811034,11,6,4,9.03744448003915,1,1712,52087.362422608894,0,0
29116.72343196958,14,5,23,29.025853652136906,0,1140,133357.06853025488,0,0
8471.830431033139,16,4,7,36.55268318157407,0,351,130251.49123088853,0,0
50993.69047425474,11,6,19,3.2205599301296846,0,671,25941.577970778304,0,0
5229.243715707807,8,5,11,3.6761749614090466,0,1662,89825.0692842741,0,0
138793.640392326,21,0,10,10.93657378438783,0,385,82446.89556544059,0,0
68150.96945105398,0,4,19,7.718808068034814,0,2396,155082.31571187076,0,0
80281.13423105427,15,0,19,34.248647409673985,0,1623,162348.29693116318,0,0
139841.63202168464,14,3,5,114.96223170721079,0,1652,24988.658316671754,0,1
153460.17568901443,10,1,1,3.9961193573349405,0,2551,169449.56961250817,1,0
14648.169200215174,4,6,26,28.755471421230418,0,2561,206765.20591245213,0,0
32889.250177585345,6,5,11,18.691477909851912,0,848,9290.052687848203,0,0
19317.96330783441,2,2,13,20.68032913167642,0,203,68217.62015509092,0,0
5555.359741268139,12,5,23,6.142503244692097,0,36,45881.87958485193,0,0
77114.63267406855,23,4,29,2.0450009888616667,1,699,41131.115638778676,0,0
28741.48928707491,12,3,8,15.672649039215544,1,573,97616.14123330559,0,0
16721.34404958072,18,1,23,19.01277088134926,1,2380,11101.284213298812,0,0
71365.04803936191,9,6,16,65.96321882806576,0,1758,137159.7930006934,0,0
100516.30260119154,6,3,24,22.492826318723978,0,2796,2156.767483368555,0,0
147885.83249140723,19,5,9,11.728386808503375,0,3332,69077.05299681096,0,0
1764.8238932586428,20,6,4,102.32367917900527,0,119,20428.549838734114,0,0
74714.84721120176,22,5,19,9.343799023141866,0,1329,88081.75577194094,0,0
31070.654768958895,14,2,7,3.548077413925754,0,1833,59628.01109439559,1,0
477842.080984091,17,0,12,19.24564907795314,0,1212,664241.0820489194,0,0
17071.321628263482,19,0,9,6.191755422136694,0,1224,158627.32688132298,0,0
57597.90302530817,6,3,13,51.07352041380217,1,1224,32834.12067427357,0,0
350743.5696465705,2,3,12,11.167723640740924,0,1913,60143.912931071216,0,1
23965.053811978738,19,6,9,3.2413535649089997,0,2837,30596.005910025822,0,0
164453.46026577178,9,4,12,3.0544140252027145,0,40,104389.97799028318,0,0
27844.40427974597,14,6,24,20.97584772636821,0,3016,43911.71480743896,0,0
7824.659270523843,11,3,16,9.110887257284523,0,2909,9812.99230780244,0,0
4369.61057425841,15,6,13,9.042474145653962,0,2895,86494.14412169441,0,0
297082.06571919704,23,0,3,18.951704488294652,0,1614,890.1376711627195,0,1
23939.15947776097,18,5,6,5.008030867910735,0,1638,28224.88796882655,0,0
34524.76095392984,11,6,14,3.143096448514302,0,1482,190135.62725399088,0,0
340852.2056187941,20,3,2,21.415809244728017,0,3240,7912.671032627707,0,0
107116.59926854493,1,1,22,0.10501595946740316,0,245,56163.04548436813,0,1
66967.86406855995,7,1,21,47.581760839932564,0,170,126814.16224008745,0,0
57167.61232965326,23,0,20,4.041611841842329,0,1896,187892.0995365474,0,0
4978.312140071546,12,3,3,11.878930122202165,0,1274,65649.0488460042,0,0
182600.82637109628,0,6,16,4.751913011141893,0,2942,13301.502040955009,1,0
143563.6386562893,1,5,8,4.923629684048813,0,483,226224.32963525786,1,0
9507.749738207885,13,3,26,36.03636180092423,0,420,110666.7304158292,0,0
43611.581875999385,3,3,6,17.591150333366947,0,651,40290.83714729897,0,0
216639.401269129,5,1,25,7.46335682711026,0,2125,25945.55359468107,0,0
26976.5451815597,12,0,3,5.782962396651708,0,35,3911.3986626438646,0,0
94477.72206343434,8,4,5,4.787045106981584,0,1525,16999.157219295794,0,1
66930.54760662539,15,5,4,16.168842168404293,1,1877,120289.94277705472,0,0
170661.9266749418,0,1,6,26.24522706592106,0,293,9199.44141314896,0,0
3671.9488103133376,8,0,2,5.847926873162153,1,3564,11086.963819121758,1,0
169361.92332420914,23,0,22,8.078343979430548,0,140,17445.78474030969,0,0
14585.753063264203,6,4,3,25.48544458226765,0,1458,40247.3458613095,0,0
1518.7257677891396,17,2,8,26.733178070010588,0,3036,16765.99635984962,0,0
90510.55173355833,15,4,15,4.6467929159901535,0,831,187725.88755610396,0,0
29927.040373901997,6,4,10,9.631885400568722,0,2423,23835.332340779245,0,0
123538.5521037142,17,0,15,40.797913791542975,0,504,201547.53791701904,0,0
63446.92554324954,8,2,26,26.95626663389921,0,2514,335673.0931553047,0,0
93019.70795075364,19,2,27,3.5465686409692347,0,3338,112455.58108144735,0,0
117023.61012019934,1,3,6,9.753999497053371,0,103,597.1881899211245,0,0
261630.89759487158,4,4,12,72.45717707265848,0,1539,21957.065322752336,0,0
173222.9315300196,8,4,8,14.904714945509474,0,709,24885.163395194024,0,0
68341.86655326813,3,2,23,25.412665009669624,0,1847,62602.8021209319,0,0
57628.16890689453,15,2,6,1.930989344980269,0,1932,13795.436386513555,0,0
106327.24172570865,20,5,25,35.736628090234724,0,1998,6428.733887668685,0,0
132250.90819031454,23,6,27,18.566503221159504,0,301,15521.519711337934,0,0
18953.1745268882,2,2,25,3.8619990826220896,0,3424,31722.645390823665,0,0
3306.5172846159853,5,0,26,9.567548509788745,0,1569,4036.962361477574,1,0
60633.2717950937,16,0,16,1.7335580034543,0,2886,17389.245416952686,0,0
10475.305828163246,18,0,26,30.012614401769262,0,478,14667.683246743389,0,0
31846.23178202709,7,6,15,27.32034672949804,0,1542,118398.95099267187,0,0
87884.94841148466,9,5,20,13.475952733542336,1,479,14865.316727277675,0,0
16422.86643364799,9,4,15,12.030198218557487,1,3226,125440.46596724744,0,0
2890.6846246049317,15,5,8,12.450964447679382,0,2096,56771.74870274173,0,0
80878.43088979894,5,5,19,0.7637339550773663,0,1849,113457.21362755178,0,0
62778.56549343,19,2,14,9.185071322423223,0,1093,47878.89046750715,0,0
36572.010975380144,7,6,27,2.7508796489228953,0,1198,185055.43228735274,0,0
63258.99694563086,2,0,21,4.086248557744054,0,3504,25894.444439590978,0,1
115050.35703628507,1,3,16,65.46490253021321,1,2601,116471.05644818726,0,0
11541.167774517291,9,2,12,6.070409054711496,0,107,14274.65137839702,0,0
29529.691693651246,7,5,3,13.21843967667045,0,3600,171403.7593305788,0,0
158455.23717996036,11,6,26,43.74810515584013,1,1204,2308.2540518750657,1,0
110903.44904820494,19,2,20,10.671358406974537,0,2828,48915.95636851932,0,0
30959.17097874225,11,5,5,15.041735390653745,0,2319,43751.91830458677,0,0
50774.79334382806,8,6,13,3.697401494115089,1,213,78208.76815478694,0,0
12754.892793792587,18,2,15,6.711675618441798,0,357,46518.927939907844,1,1
29186.093460551867,21,0,8,14.109017627677396,0,3605,71128.81382995658,0,0
183980.65075988512,14,1,14,9.079503040119842,0,1945,158268.11135023006,0,0
58055.205663929555,13,3,26,0.780133294828719,0,721,12254.754063333436,0,0
102246.50436272942,4,3,15,10.244166030503873,0,968,22392.703102229076,0,0
17404.56615433571,17,6,24,33.75942629385412,0,2039,129891.02796069285,0,0
20249.038385139855,11,1,19,2.467309236054881,0,926,20708.288142065096,0,0
282888.17707808764,5,3,8,0.37818097843877796,0,1825,188862.9088501982,0,0
184158.1780578811,19,6,10,2.5272063387335386,0,3010,62263.53161224585,0,0
156222.4033630673,20,0,13,23.22274921656164,0,1825,6832.808821402298,0,0
39986.62367895457,10,6,4,31.660266623889548,0,1780,1670.1341340978418,0,0
82726.38515575939,14,2,11,0.9990744843667204,0,1180,115143.40958592312,1,0
67794.54381463025,21,1,2,43.70509271222164,0,3162,155230.5028574071,0,0
312882.1632016311,22,2,19,19.74099046118013,0,809,21940.696153758367,0,0
27395.594851495935,3,5,24,14.601674184838032,1,1921,22037.084981664284,0,0
294186.8831498144,23,3,28,5.849655227184179,0,1087,246506.88055369648,0,0
122707.23515643844,13,4,21,9.294760410109593,0,3491,85412.6217257038,0,0
53390.925394557686,4,3,18,58.739184069517556,0,3504,14676.731073324467,0,0
30972.982952005186,22,3,23,48.50555077252785,0,2539,47621.68783514192,0,0
141614.9057309342,21,1,21,19.64137660616799,0,3111,193024.2493395721,0,1
173123.79684144256,20,2,6,17.298231662666712,0,148,77654.30382895308,0,0
44243.108153146975,22,1,14,4.72824039199811,1,1869,41868.24790922363,0,0
18859.710025423945,10,0,18,61.2710328993678,0,2527,13098.844133347331,0,0
67775.53983628523,19,2,11,28.161943538900175,0,2214,103570.71230146843,1,0
63205.64656756634,6,0,7,9.633742660786766,0,2071,25877.219227526642,0,0
129244.91920510739,12,0,15,33.838085442343406,0,908,66760.40176357502,0,0
361878.84072058176,18,6,1,4.76196287471338,0,3334,73331.30350460396,1,0
75775.43877602788,23,6,26,4.796352226393758,0,2776,64855.326321490174,0,0
131572.14159003922,3,1,10,31.304711272567054,0,1122,22641.335549957505,0,0
43167.50897386363,19,6,21,16.388180336440186,0,1505,98555.38482569068,0,0
91522.81542200297,11,3,9,16.231196271138103,0,519,66786.07775708646,1,0
12253.82474622473,13,5,23,17.050870507861728,0,1843,41358.620540008444,0,0
168704.3211773218,0,4,16,2.689077891775129,0,2318,4283.105311348217,0,1
42208.88639502036,7,5,16,8.602095979682584,0,1764,32189.248823244205,0,0
8342.655292872123,15,3,25,17.023157271758986,0,16,34764.43358296192,0,1
466294.5786777523,20,3,25,5.689435993210761,0,3346,125296.23876032472,0,0
232062.92028945195,18,2,17,14.023787027011796,0,221,57632.76643359039,0,1
21994.036907906702,4,1,24,16.285301133845714,0,1927,215199.7690979104,0,0
45130.25500503368,13,2,12,57.228880783846314,0,1604,111137.44931233063,0,0
276014.955523117,11,4,7,5.641312394064818,0,3353,61776.03600809845,0,0
159124.79957648544,11,1,27,11.573429194043683,0,2593,14799.046036313977,0,0
236885.54678611612,19,5,2,79.81181411870436,0,2611,19982.948389065794,0,0
82679.23589570163,11,5,3,4.13531495983095,0,2008,13955.830134223404,0,0
27854.556503285487,10,5,6,30.284326179519034,0,818,46793.76740585177,0,0
25754.54790248815,14,3,27,3.89974754973257,0,3047,102561.92186608497,0,0
74585.23875166655,6,0,27,37.94861036555916,0,575,113944.56616998337,0,1
257702.15589243456,9,6,19,13.387595032532776,0,1941,8087.457789977661,0,0
99855.06405419618,4,3,8,71.62669550073802,0,2170,54800.16908588299,0,0
3499.5800621931758,14,3,4,3.7283980897667495,0,3440,52536.057038674044,0,0
82206.23369887081,1,1,29,23.29032095406733,0,2587,46226.58784685716,0,0
93761.87624908569,21,3,7,23.76718993859452,0,3281,28673.08751042962,0,0
87120.98978125009,12,4,4,25.379148501617138,0,1013,51671.789413352104,0,0
117466.0549389302,13,6,18,2.128749991543791,0,154,58153.9783923005,0,0
34745.16665012348,19,3,7,6.809311658803815,0,1299,73242.51491187619,0,0
15521.076826764018,5,0,24,8.2503028433926,1,3297,37903.60602792881,0,0
138648.889583236,0,1,1,7.839754982815196,0,58,232180.28036648338,0,0
21859.527036671185,14,5,5,22.479876989093558,0,763,33100.59081509405,0,0
12121.775803903834,10,4,10,1.1278024998702227,0,2288,180342.40000564794,0,0
44531.44315515953,12,5,14,26.192490802144192,0,1524,129258.01843240422,0,0
178829.019621988,16,1,24,14.955631511661185,0,1287,50079.57235951024,0,0
8567.587780018595,3,0,1,3.7989432190013837,1,3039,54863.92031984877,0,0
21761.05848697953,22,2,12,5.126735265599956,0,1255,163132.53563385137,0,0
64485.11922900316,10,4,19,2.053511700337099,0,2447,54296.16242240225,0,0
33918.16635855934,22,0,2,12.288895810040554,0,3138,90999.78627284754,0,0
127891.55157920491,0,5,14,18.073483293567953,1,450,132565.5129227192,0,0
112362.99162749833,13,2,3,17.396353061326774,0,3281,190774.1125652556,0,0
184843.37182180377,20,5,19,65.59794272272545,0,2530,19688.83901657182,0,0
22795.909652422415,21,0,3,7.01857347989009,0,2479,296289.46920951694,0,0
104673.76136599555,4,2,13,28.716402946499485,0,2094,268958.6792534428,0,0
149047.55765675782,22,2,17,25.680355013209493,1,2032,28232.275892368725,0,0
6471.680132600934,21,1,3,1.2657616516306378,0,1739,76097.10413119887,0,0
3751.802392782594,20,6,14,53.18665128319657,0,3628,3844.342679945222,0,0
81929.63757748349,4,3,2,53.56126248518599,0,2697,14697.226862477359,0,0
88637.94870540872,2,3,13,10.094723447928725,1,1095,70130.45098263586,0,0
49891.14793979087,8,0,9,10.814628726036483,0,1803,84010.05721603289,0,0
3674.003923075384,12,2,10,34.251233030974305,0,1651,61189.154548091145,0,0
51403.37983891831,10,3,8,13.665151109080506,0,568,97587.08220715263,0,0
102746.96447939872,17,0,29,32.108987396697586,0,2180,125960.71360903226,0,0
121026.05946669611,9,0,29,0.7358767254352129,1,2429,14757.860877371197,1,0
67883.30659510104,22,4,22,5.760859081383455,0,2341,86214.76369378048,0,0
74449.30603841801,5,1,7,1.9096335643307274,0,858,66152.2511630517,1,0
111679.95056735838,23,1,1,12.109982041321226,1,885,10007.537651047433,0,0
59656.94080214401,8,5,23,38.50482680272735,0,3362,20764.324281863694,0,0
30586.634020150756,12,6,8,16.86953144476622,0,3408,43532.534422068675,0,0
25227.61752378014,21,2,8,14.693285773919948,0,1641,159466.06091528095,1,0
139736.70807628514,17,3,6,9.117498822377856,0,1071,19572.440748376805,0,0
66854.94732159004,9,2,23,1.3144618194349036,0,2078,16161.82307884878,0,0
97839.48727111852,14,3,27,29.083728530476044,0,3118,102109.63948955837,0,0
63696.685244493434,11,3,18,16.915064158740527,0,2896,297688.88558997907,0,0
170836.03991009452,19,3,4,53.46298005062364,0,1606,47439.356220001224,0,0
68686.1671281902,14,5,24,11.311452747032,0,1569,34479.57223913228,0,0
442741.1014672211,13,3,11,10.266562933084122,0,3122,23436.003437407144,0,0
27786.985637638016,18,3,20,73.26188762290286,0,2836,4081.6445190751238,0,1
14911.120113246554,18,4,24,3.043394413185349,0,3532,15721.504668675592,0,0
46776.05770312319,20,4,26,5.816715008026824,0,2045,7845.644719050867,0,0
250907.57115288774,9,3,16,13.395028773727955,0,2943,54513.54646446023,1,0
191265.73900959513,0,5,12,14.827610659525845,0,88,306058.5498518196,0,0
28415.890695197977,19,0,4,15.913195993900091,1,1064,123868.33725086985,1,0
91553.49380482546,6,0,9,4.7679340734529605,0,2592,73641.99138339095,0,0
88901.54536357879,22,1,1,52.30432946439839,0,2537,53341.9644075705,0,0
34728.6149589966,22,3,6,24.314302665534562,0,97,76815.6460110997,0,0
26837.849670115178,10,0,1,5.979980014952542,0,2672,37731.80870099657,0,0
49437.74503553188,20,1,28,6.968268966647875,0,750,15718.697669981266,0,1
155409.21442474384,3,6,22,42.46510434864064,1,524,71283.69657780237,0,0
21284.061128912508,3,0,20,9.572184063836358,0,2319,60079.61199796599,0,0
59009.15085369182,20,1,24,16.2549886704757,0,1211,231362.68148732843,0,0
65719.82531984459,21,2,29,2.566369298052616,0,700,83947.57269493127,0,0
279892.81600023754,9,0,8,5.799902868514575,0,584,118776.28615861082,0,0
36171.97350569008,22,3,13,10.7768453631725,0,27,7782.721120641942,0,0
1984.2132218382808,4,6,25,21.350261113007587,0,3173,114482.25327710094,0,0
118329.22701581621,15,3,23,6.576211688990991,0,3514,325255.14417253947,0,0
140973.2920213608,11,4,29,60.22159380407161,0,693,85717.65291905362,0,1
121413.22081665233,0,2,27,4.974795958681339,0,974,108409.6143764424,0,0
120643.91137934425,4,2,29,30.183427075853086,0,3067,311069.3869079089,0,0
66015.23755444807,17,0,24,9.069973772297818,0,551,39711.057459307274,0,0
1883.7114124385462,3,1,29,35.843296250789585,0,3471,139062.88638617485,0,1
130902.9571108703,14,6,27,51.30647364132602,0,2323,40825.064166040735,0,0
275703.3361444098,22,5,19,4.1408662091897845,0,629,44398.7287921746,0,0
17124.673628013425,5,6,26,13.524898323311634,0,14,85892.16464232498,0,1
7033.047183653057,6,6,20,3.3533697601640426,0,3399,23702.22300577192,0,0
30816.41229591651,18,4,4,24.471624703033953,0,1926,394492.18958120845,0,0
189574.66138131692,13,2,22,35.70418909702345,0,1954,31946.50468989073,0,0
11221.414587063138,14,2,7,9.868489392485372,1,2776,10486.177576262027,0,0
125585.71529101262,20,5,25,10.108501426050971,0,1661,31154.041468372823,0,0
6501.589819761371,15,3,26,4.559096658401666,0,793,155016.5996014411,1,0
3333.86223017102,21,5,22,7.321080300426482,1,1449,30141.820436308226,0,0
221918.07440308132,14,3,18,7.8280803752195744,0,1625,75607.2424506426,0,0
147211.47369385464,5,1,10,3.381970003007115,0,111,219064.5203016955,1,0
91275.95961387156,5,0,26,7.419889039957263,0,1706,24084.737933545206,0,0
18873.639245717568,5,1,23,47.55843972984234,1,323,11266.611412587317,0,0
32690.621135352798,11,0,15,7.8722871042434726,0,868,8149.175087301055,0,0
4982.541522659853,1,4,13,6.416152582194567,0,3522,46438.09698062313,0,1
103666.0132980912,3,5,26,9.711030529086964,0,3606,8810.791825430777,0,0
115863.56441993346,22,2,25,64.51450356352602,0,1692,48382.83701758926,0,0
39572.58319016964,5,6,24,28.927608769783873,0,871,158856.827767524,0,1
41311.87984444828,9,1,20,4.506376248295897,0,217,120220.43976357441,0,1
99149.2966088449,18,6,18,27.931063675364403,0,513,69724.67526369431,0,0
291258.2338558762,23,0,24,29.068765330365594,1,1964,151995.2533381278,0,0
50204.66490751434,4,5,22,59.96955063871194,1,2455,8452.849115239009,0,1
68040.94222919761,5,4,12,44.34560672039794,0,1648,75209.32529118999,0,0
119824.24899803294,13,1,15,2.0007161893723655,0,611,9831.40876929906,1,1
41903.82409452817,14,6,8,12.12385595403907,1,1099,52643.93653350626,0,1
203147.70192566028,18,2,11,24.28003035620717,0,1679,49809.48746542932,0,0
187198.2273720932,18,4,25,72.51343701752182,0,2501,24647.69463777638,0,0
112172.63193689042,6,3,3,1.7800063776649875,0,742,141688.1707098514,0,0
76986.32264321747,21,2,24,9.184684525515296,0,900,20725.254121007285,0,0
410566.39634275297,17,6,14,13.554289698837177,0,2988,64218.08135370232,0,0
121193.95208372983,11,3,26,10.662930966198852,0,2634,52662.77529016491,0,0
103065.44453660055,7,4,8,12.167976823896538,0,3017,45201.739482170866,0,0
209409.18579853923,20,4,21,9.212225983095559,0,3105,2729.4072293473832,0,0
80966.00400450676,22,3,6,70.55060177192968,0,1212,95451.56054837328,0,0
27829.104890832034,2,0,21,32.515897112529835,0,1642,1021.3191414829124,0,0
14823.587040688155,14,5,22,26.686179419733193,0,3630,137427.44651176612,0,0
63682.76196043747,9,4,1,10.576443835010936,0,1018,24782.71832817735,1,0
72495.60738189009,20,1,26,42.660826654514175,0,795,10227.163499503016,0,0
175848.46885969627,18,5,10,1.9597395030271978,0,1899,43171.02912833317,0,0
15021.203888132204,11,1,26,3.096116833986689,0,2076,65562.26487805769,0,0
114328.61420180682,2,4,2,61.607447081199254,0,2478,29727.152937964493,0,0
36258.80129017473,13,5,8,16.739810769270967,0,107,10389.086565426178,0,0
279737.73545311665,16,3,14,3.4741618047590572,0,3106,1479.7839229845333,0,0
63567.35888463133,2,3,1,59.57581500070091,0,1437,97341.20700011263,0,0
97391.51297440518,6,2,25,73.65260026355733,0,608,174030.9525921184,0,0
105013.12864928361,16,3,7,42.65567647749669,0,2175,8475.170636644789,0,0
9541.576810549805,14,0,1,5.450821691165522,1,3641,20975.05412361988,0,0
191186.18641971325,19,0,5,6.528291305539618,0,636,1634.9257401267316,0,1
17940.950484400735,9,1,18,10.450302023744113,0,1174,173071.94194943746,0,1
50653.33935088121,6,4,27,17.317738637644965,0,763,47065.29549669074,0,0
111646.17057377429,21,1,28,97.02501985056024,1,2959,207429.86700480804,0,0
5680.307815304826,19,4,17,62.53210831559335,0,539,50503.88145834936,0,0
86851.0241980601,2,1,17,50.801384284647106,1,714,158546.34660464505,0,0
52749.06036253129,21,4,13,1.8703143901318158,0,123,242519.41504677705,0,0
6598.234296256452,14,4,21,28.30757236598059,0,2137,32655.707537859234,0,0
129605.56414651641,19,1,4,41.886370966384575,0,572,81890.26832075587,0,0
69581.75279947373,4,2,21,8.107688113459862,0,1355,87829.80571638425,0,0
36160.159439521965,1,0,22,4.958307967266656,0,72,1731.2981106484335,1,0
8809.683471079332,8,3,16,27.601593756315424,0,1941,46132.90230313954,0,0
79291.05129773756,17,6,17,1.9046342982686484,1,456,154662.80488273286,0,0
36522.954001055485,12,6,18,56.55634730169179,0,293,233925.42986035845,0,0
293152.31453784014,19,0,2,3.39389568364689,0,622,183585.92203196115,0,0
89530.29754307083,23,3,21,12.232739391749025,0,1150,288651.6227042702,0,0
33556.38010673158,6,4,12,81.25441767244247,0,2608,84684.0917910473,0,0
75208.65787527277,3,5,10,88.82740965354508,0,1943,21200.556311839428,0,0
77543.2410260938,7,1,9,29.9213173020178,0,3324,68525.25926380759,1,0
129741.061828147,5,6,23,36.5504462606789,1,3061,43736.11696467069,0,0
232485.4456485424,23,1,26,68.32870309673176,0,2520,23942.87236541411,0,0
328591.4042359702,3,3,4,52.463938110872945,0,2317,118549.0889105874,0,0
126546.09435215908,4,1,15,19.462970233208228,0,1910,79367.12160353277,0,0
78946.69998489309,19,1,21,26.53162283060249,0,3303,124891.52816040024,0,0
25480.46231105419,22,1,27,18.01703822080175,0,315,25121.06182482576,0,0
51588.744093821515,19,0,23,14.124456872048562,0,2949,187376.41282473283,0,0
67097.2840332777,20,1,10,42.54391962480759,0,2575,21819.666304186037,1,0
13739.157996687682,8,2,9,26.790132553319197,0,1560,73688.66819551075,0,0
29625.714214654603,7,3,28,39.296012977879805,0,843,4686.1839100187635,0,1
416386.22609438514,1,0,26,2.0165486326357156,0,952,62290.17802875495,0,0
141341.91419531638,6,0,7,17.18333484369029,0,3025,8315.446971955724,0,0
65779.2976899491,17,6,11,7.99513349566096,1,2824,32303.108501864906,1,0
25622.547958963805,9,4,29,14.406009473409538,0,1496,157683.86336278167,0,0
85202.02093383006,2,4,2,18.984825991873354,0,1655,179189.3445537849,0,1
26380.30194208496,16,6,20,37.384710847752245,0,1894,116639.91150030025,0,0
21456.639776597458,1,1,26,0.6479376415644071,0,987,36671.78487500397,0,0
9844.711489651789,2,0,29,3.5821355391674885,0,3242,69157.1412198147,0,0
42442.32396774884,4,5,20,50.87931398153846,0,1139,20286.05232088386,0,0
78028.18847471272,12,6,27,68.38969761992374,0,647,90743.10230851446,0,0
17355.325250399597,12,0,25,1.1403547050117977,0,1019,34143.64160215614,0,0
22368.80475168353,5,1,24,8.062982129738081,0,2420,19979.39507228978,0,0
49616.56553556475,13,6,16,0.19555238547169052,0,2200,70352.42676439238,0,0
67242.6619734922,22,3,6,28.330784260040005,0,3355,9484.86426622078,0,0
143667.51421436612,4,0,8,22.910316028863058,0,1509,92847.266186614,0,0
83615.91782505673,20,4,23,16.63922675284749,0,2687,16562.467374847965,1,0
96155.24376143955,23,1,24,23.5311202765619,0,365,64497.27266089603,0,0
119142.00947087602,0,0,29,15.434771382307204,0,2563,39873.36580084384,0,0
59962.57531863568,8,5,23,5.458264760171875,0,2006,66821.98028840336,0,0
42027.42257564035,2,5,18,28.07562620575691,0,2608,22584.987332881923,0,0
161154.38327156662,5,4,11,30.582775927945235,0,1942,29730.24566114981,1,0
176212.5429328752,3,2,28,38.51064887066963,0,2984,12095.705994060198,0,0
16721.47516101518,1,0,22,61.6156439287366,0,1328,120034.35705975353,0,0
306550.0981990305,15,6,4,27.53017685640043,0,2225,5815.292543163058,0,0
265815.6872041737,5,5,4,1.1218810772043715,0,3357,37784.118989977425,0,0
204699.6135018416,13,1,10,0.4211751775330347,1,2762,47695.69176071115,0,0
54932.11922943716,9,4,22,26.931527025437966,0,2065,17373.535849856824,0,0
184629.0064660695,23,0,16,1.1536620512881264,0,1770,38867.439775230894,0,0
98901.88538438725,3,4,24,7.5943273599338825,0,519,43314.91402977296,0,0
22990.981508081644,23,1,21,2.9273516461492544,0,2219,20322.288883245383,0,0
149113.5098787589,6,0,3,69.410887718325,1,1315,81566.8798801297,0,0
52103.58968247185,16,6,12,7.607475559799438,0,1704,2507.2010493988687,0,0
34554.3656844854,4,6,17,1.1345164390918712,1,1229,17608.320417386552,0,0
210613.2322853011,13,5,5,59.75827536393748,0,134,78269.24381268481,0,0
198251.28448485126,15,1,3,18.767883388743392,0,1489,79007.35286849448,0,0
199784.86089573416,7,3,16,0.7355426525679193,1,2599,24659.36968378993,0,0
196271.5493929832,15,0,19,35.83851444731491,0,2940,91920.70762061595,0,0
80795.0123516684,5,0,4,3.3099661643317257,0,2593,50758.39117906759,1,0
95951.22912715029,10,6,9,32.43388158297813,0,3434,59934.52092899442,0,0
297329.7075147622,22,6,4,18.46387738624618,0,2199,32350.499249365577,1,0
13850.503538791396,1,5,21,3.8987816317595074,0,1908,332186.6525025493,0,1
164124.5382489972,0,4,10,27.934818964206443,1,2081,106965.97421704492,0,0
74711.29662580034,8,0,21,12.12123189860938,0,3161,22847.263471266302,0,0
383541.0541707379,4,3,17,20.327798902890205,0,1507,21594.003095077565,0,1
101949.73074461006,1,4,16,40.729812091710144,0,2590,119039.059586485,0,0
17738.67804511346,13,4,7,6.030160652822918,0,777,39283.26725050728,0,0
169005.69195650629,19,2,15,9.113222432640939,0,3198,7677.8840437740255,0,0
111679.12215538109,12,0,18,118.08215616809514,0,1095,2899.9233958078535,0,0
16125.830001900007,11,2,6,14.190185049589076,0,2110,42748.83482428514,0,0
903.2834904237098,21,5,15,16.35166632960079,0,1736,42851.5590245381,0,0
78448.9297752784,8,3,11,6.721725337619965,0,3399,98167.49746140637,0,0
27639.812413177056,23,0,20,10.758019253186824,0,2794,68410.31779951909,0,0
201922.35080709166,5,2,5,13.925110014650697,1,731,117615.87442309783,0,0
28892.276389500897,3,2,16,5.980111544252548,0,1177,30588.992147514036,0,0
108724.5599640595,9,6,12,5.439994020743203,0,1199,78306.81353279798,0,0
42331.87001145196,4,4,21,18.349169061110565,0,1331,173516.24775672416,0,0
43127.2343430294,3,2,4,4.0582772730438945,0,3032,5744.3502133978955,0,0
20066.66078109957,19,2,2,16.124424484928827,0,354,98603.86665113582,0,0
69860.54983778132,23,5,28,24.498074964765376,0,1396,100669.53546980032,0,0
86576.80168299768,3,0,16,4.419358936433989,0,1226,126402.09286240971,1,0
86991.70073155816,12,6,8,27.398821106691035,0,2685,25072.524341835477,1,0
194218.81697579252,15,6,17,8.915881196784287,0,932,43099.72996302042,0,0
105655.1249945657,10,0,9,97.86914977831144,0,975,21924.25305546626,0,0
134798.880972314,18,4,6,77.33794341127089,0,1382,29520.844702718518,0,0
39074.6258080827,17,6,4,32.048713063332514,0,1740,276642.9897730011,0,0
54590.99969886044,0,0,22,8.392927062229838,0,3262,47197.30017766687,0,0
1846.1985447909751,20,3,27,55.35923282364561,0,2714,151001.27208282994,0,0
8241.396776594844,3,4,25,134.16178698854137,0,960,126732.75147128981,0,0
48632.75585320477,8,3,13,12.408292632324486,0,504,47034.6824004294,0,0
23538.534545655988,8,0,14,19.068919398434286,0,1769,388076.76670788886,0,0
167642.9551461175,10,0,12,0.1200999388390221,0,3305,146997.73157122004,0,0
112851.44105115691,4,4,28,0.8901842277001205,0,3334,52729.82017825504,0,0
351679.2753065467,20,6,25,13.88687035640113,1,3139,29650.977858139366,0,1
218066.8060257723,5,2,3,18.79701575957462,0,3291,6262.402084103448,0,0
380142.2302569308,19,1,29,7.490756578149522,1,3049,50009.16742125093,0,0
45456.365364749174,5,1,15,2.0878823306173726,0,945,35704.20614845548,0,0
66237.80693166069,7,0,15,30.490187689503646,0,2866,99410.68289615802,0,0
46621.20190446811,20,3,15,10.85183185236216,0,2123,1589.9649153852063,0,0
333276.50119645393,23,4,15,20.930744373413795,0,1780,142440.7199608863,0,0
51535.03348668864,23,2,8,21.00794267406585,0,1267,43114.436273074876,0,0
12416.046529279824,18,5,17,15.830142177662408,0,1681,50749.90699866941,0,0
28836.21617340844,21,0,25,3.9322129233037644,0,695,16148.751752756423,0,0
55307.25220388451,0,3,23,19.146491608076435,0,2236,221784.19133052806,1,0
92380.38698302412,4,0,14,7.774638123704856,0,174,40651.29821018806,0,0
96256.10762415969,22,5,26,34.19900472467795,0,959,147980.65016415573,0,0
142206.08957542505,20,1,23,4.293511356890815,0,432,21687.338623512624,0,0
104374.57807989743,18,0,6,6.882182059392614,0,3134,8132.235907369067,0,0
67635.69407785771,1,3,17,11.607300259143544,0,1780,80795.59605656202,0,0
3063.6079492074787,15,1,29,26.94248300044989,0,1168,332923.3574902211,0,0
118753.6566898721,1,5,2,25.51299815681862,0,2428,83289.73683284686,0,0
8933.198680806005,8,5,11,8.222922905440587,0,235,75065.14304966397,0,0
63263.80899360254,17,6,16,14.297716474490539,0,3521,46704.790021352586,0,0
226718.1454792018,15,0,19,5.337588462249282,0,816,26703.810352123706,0,0
90851.82495077692,6,1,17,29.4253079108667,0,2614,45086.54745037464,0,0
22185.03349847874,8,5,21,4.380786823247606,0,2494,12903.40468159242,0,0
165004.22663073556,11,4,27,34.22353471766818,1,3462,24294.810252479943,0,0
35725.95769131518,18,6,21,55.249314899879224,0,1999,53458.481821651025,0,0
86102.35868272264,22,3,6,95.6287748308543,0,161,12513.178171956695,0,0
101018.63321502307,0,3,14,38.89292099685254,1,2247,125437.50884656052,0,0
131349.56534217065,5,4,13,5.012838531971676,1,3400,930.2937426248993,0,1
6719.010837993934,1,5,23,10.774683785254659,0,2677,31040.680173465564,0,0
192598.00075399905,16,5,26,1.8606660891783975,0,938,58161.381723092156,0,0
12086.940844211205,20,3,25,3.595728097757886,0,3195,211547.2411519304,0,0
9930.547350441282,13,3,29,1.0194897036553143,0,1566,68162.46922189933,0,0
61043.33770827427,12,0,7,20.49355598861176,0,519,27953.702496849874,0,0
46550.432823929674,21,2,13,15.236536358613392,0,2984,34732.711722545086,0,0
5616.162426081248,10,0,6,49.781382044494976,0,2365,33139.35498607732,0,0
18152.25009043953,15,4,29,12.435429605637173,0,3565,15912.120248844203,1,0
57841.491775008035,17,4,25,20.561587577863165,0,2190,12518.147168131236,0,0
176651.39085964777,19,2,2,10.269832534956958,0,1213,52411.93518626892,0,0
12931.672041462372,2,0,22,35.37536090820393,0,2368,25205.471951097334,0,0
11040.697673595225,0,0,5,52.17560243652134,0,2615,7707.029017203711,0,1
163388.12410768835,13,0,12,11.303233547147267,0,2883,19516.558139408637,0,0
67789.51191822524,16,1,15,1.7264429198521767,0,3162,58838.63788972593,0,0
44667.662646666926,2,6,6,3.571431834641508,0,3500,23753.243292631763,0,0
61869.6031446212,11,5,26,25.49823210511518,0,826,21717.634979271457,0,0
52906.88390997923,1,1,1,7.868778031550246,0,3234,77545.05125904545,0,0
152277.48781975682,1,0,11,30.77818851478235,0,3584,93544.16471666555,0,0
937.1134648581558,11,1,21,27.706662106545906,0,606,22086.201450855795,0,0
56767.569448420254,20,0,12,23.703130121826675,0,3327,51114.129631982185,0,0
17299.082562512685,4,4,24,33.66350662115697,0,1502,115706.22864185963,0,0
36858.24825172915,22,0,3,28.257356189835612,0,1465,93669.93487779042,0,0
11897.634227944232,15,1,19,20.02542340637166,1,669,5744.665772128479,0,0
55684.87976807909,4,2,13,0.08472336971212893,0,1189,35711.81919155778,1,0
103084.65473817612,2,4,29,14.500073382689882,1,345,102778.68367673937,0,1
108350.66559588724,5,3,11,18.089856684645124,0,2116,15821.214929305374,0,0
159328.76681056342,18,2,23,64.70310277914253,0,1854,17445.235596111106,0,0
168746.10843257786,11,2,7,21.024007851546145,1,2299,79577.31649181356,0,0
91064.0359440232,7,5,12,17.135628999716936,0,1025,26698.187384396584,0,0
43564.08448290976,5,3,18,15.582549501718814,0,1736,31295.44644541364,0,0
5267.897490596912,13,4,29,2.1805221535005948,0,3508,59188.18562457238,1,1
3652.9125753574845,22,5,16,11.159039165824076,0,1593,111089.56241881626,0,0
12020.696370129466,2,6,8,2.8856237031910186,1,322,55178.460028426496,0,0
412468.611771087,10,6,21,1.0827414312517483,0,2897,179113.91716023974,0,0
154167.38158002216,6,6,25,7.993712594608723,0,3049,9021.324824175701,0,0
51897.91938767083,8,3,13,20.737676229321963,1,1341,112242.44363606251,0,0
62773.623249062315,23,4,17,40.317670278812976,0,3067,62757.54789486449,0,0
133705.22757948464,10,4,27,33.25317360559984,0,1387,135724.6040977123,0,0
72237.13601119898,12,5,4,6.982352894649119,1,1585,30430.967844061266,0,0
44693.76934002969,17,6,24,0.9417612568118354,0,535,52638.07195557126,0,0
43010.723594984745,9,4,9,10.305984841059086,0,2773,138799.05672783422,1,1
23526.88463082447,1,2,9,7.56028578412287,0,2781,142599.26847919988,1,1
216815.5586402571,6,4,10,9.280893493834517,0,2373,37727.17107858828,0,0
53469.80306825886,14,5,11,16.378695688653284,0,1024,138165.87456976413,1,1
139579.10597544062,9,3,1,0.6177122196238011,0,149,91756.60847227623,0,0
85275.76295608585,11,2,17,9.266304495413829,0,1722,42133.30398276613,0,0
140280.4515349682,19,4,7,16.357585025483317,0,3337,279743.104058247,0,0
38700.153269225964,21,1,11,11.276473055713975,0,199,2510.5290625620823,1,0
139436.18299333414,8,1,13,22.006010827165518,0,3154,38587.20262137687,0,0
156049.6775006218,18,4,28,4.119136652433344,0,79,29332.555938737118,1,1
11012.75073510022,21,1,6,3.340655189500561,0,1978,219610.89474354254,0,0
9592.052414749309,5,0,23,7.359757434757927,0,2777,8380.254774473904,0,0
423331.1419488851,23,6,8,2.145674874249358,0,176,79114.17221018359,0,0
12551.107382231889,22,5,27,5.390606190331936,0,2384,100879.58770857503,0,0
115467.75942899719,18,2,22,1.818295143759413,0,724,16284.513428637554,0,0
137758.53221281595,0,0,10,10.282546487705686,0,2541,12996.574664178315,0,0
6561.730664489719,1,2,14,24.858158854921868,0,2085,3921.0471102883394,0,1
137243.45850426212,14,3,26,6.752524303915747,0,2018,13841.218865480363,0,1
54389.12246956985,10,1,12,0.07475784000682414,0,2163,132110.44121061752,0,0
32113.40747692699,17,1,26,16.286754899835913,0,1029,230529.69220319018,0,0
109461.2231169534,0,5,23,23.549314645101763,0,2977,185352.7689432215,0,0
179050.71877732186,3,1,11,9.929126579344597,0,2497,36368.831092622335,1,0
85049.0122478427,21,4,7,7.047964936084651,0,2800,103533.83447623708,0,1
204506.0208718639,3,2,23,13.491918462344085,1,2929,140377.2919134684,0,0
2260.9641809823906,3,4,13,2.134777409458631,0,2055,133911.9233659071,0,0
134172.17969106513,17,1,2,20.652346447707835,0,1322,5178.865303609503,0,1
18560.992766162533,0,6,3,26.432403142625184,0,3388,19348.439986084828,1,0
33697.590104782255,6,3,26,24.39057527759936,0,3460,223678.32373281097,0,0
84922.19510024598,13,1,25,7.969798036581803,0,1261,107737.0250883782,0,1
32081.854716917445,15,6,1,36.993365361430925,0,2381,143831.4134105564,0,0
18410.77762743556,14,6,29,58.6922808640842,0,2923,57744.02245319122,0,0
216716.4900138947,4,5,24,7.050079462130807,0,1938,39945.50632322882,0,0
237218.65457674154,12,4,23,6.095728760878579,1,1140,84265.95213532263,0,0
3704.9346739487155,4,1,6,24.3550636977025,0,637,51222.63168284272,0,0
69338.94982864754,17,6,1,24.6393511153912,0,946,37441.99746447215,0,0
22775.26960640892,21,0,25,14.284042657024202,0,2763,34201.59051292386,1,0
199076.27112734955,4,0,2,51.36228815449804,0,1805,13749.185019505503,0,0
62086.606779612266,4,4,10,3.1638606887256246,0,2027,60301.986372800355,0,0
65096.49777054354,5,0,12,12.977519134315543,0,2335,58691.96654654995,0,0
98744.48563921015,13,2,5,0.7168315047229695,0,487,71478.14668443165,0,0
5723.096846791726,1,6,9,1.0818587635125867,0,2346,9884.100162807817,0,0
13616.121823652255,14,5,12,1.1035858418152173,0,1606,197135.88164242284,0,0
68992.27085353856,15,2,8,13.537138724038314,0,3046,108401.05994723657,0,0
340240.55886379164,4,5,10,17.781516449940106,0,2930,11229.667427758292,0,0
185537.40630089282,15,6,14,0.06987184009703293,0,2187,6613.5006799116045,0,0
220148.40322679043,0,5,20,20.023164754850974,0,1173,82383.78528317879,0,0
14752.024095166313,7,4,15,13.455159296599227,0,2714,33423.59101311995,0,0
318505.2208781054,0,0,8,5.066949798317271,0,2063,30741.14183582189,0,0
130930.56599972186,6,2,9,0.30430579509229566,0,3480,146602.0477898522,0,0
39405.797745112955,5,0,28,3.3945013311906025,0,2492,33867.0953933051,0,0
199854.13162702802,7,1,27,18.342433319660575,0,1362,80013.36706028087,0,0
137559.12518176893,4,5,5,21.508086014583057,0,3528,61615.133588698045,0,0
133373.89718053018,14,0,1,20.82921226958893,1,105,24409.850461672508,0,0
132659.43377585575,21,0,11,3.3249248781800285,1,1955,32234.27480282127,0,0
161371.52131861311,19,4,22,48.4305967139177,0,2844,229447.5026684087,0,1
296673.98543064046,15,6,4,10.584954589239766,0,2717,32202.298662355573,0,0
14719.1955348488,16,1,6,29.220997974542936,0,239,122599.4204468712,0,0
764679.3243300989,10,6,17,3.641974185443779,0,2868,158021.2204537038,0,0
205838.18018537207,22,2,4,12.719037817400187,0,622,5894.995252531098,0,0
58272.84477260451,1,5,5,14.74286653856205,1,190,87038.83637250084,0,0
17130.78780960469,0,5,22,29.424434659078173,0,1592,110667.27755646575,0,0
60474.8808078821,16,5,14,19.431784675274535,1,2306,45535.96102377629,0,0
150783.73152955607,0,2,21,10.193275616026384,1,1106,67392.13687669559,0,0
92244.32884815364,1,5,18,6.640054968665538,0,193,14120.44233931281,0,1
32788.053366659195,16,0,3,72.20635742026923,0,3391,30676.40067180561,0,0
52221.47571942864,3,3,21,6.696312006985265,0,2046,98388.92737374129,0,0
308563.1814586984,11,3,11,2.7731512183713787,0,2620,73819.16513085495,0,0
162872.70353173243,9,5,15,7.145407872747875,0,1986,11730.325792158643,0,0
13246.83872400038,9,2,7,7.918309020260717,0,3437,354153.2048404083,0,0
78831.96856885176,14,0,4,2.7360950912310313,0,398,222178.0343649429,0,0
267342.96173689986,10,0,27,24.62997052416556,0,796,20300.312778005693,0,0
3491.1152454975854,6,6,6,19.307782117671543,1,2092,166432.52107430933,0,0
4347.903119249026,9,6,25,7.613951746474043,0,2937,24867.24609038379,0,0
126136.44140854156,18,1,10,99.23717125746442,0,3516,66361.19117844317,0,0
85695.0768053797,17,4,7,21.28485917197039,0,3477,121879.53633312459,1,0
4709.104601397346,1,3,3,24.292950654688575,0,2516,33737.34041308368,0,0
552559.0740819394,6,5,15,16.291957933492213,1,290,64800.981834896156,1,0
86772.74879950665,13,0,27,16.04026514094804,0,2530,47878.41051250583,0,0
67713.55409334357,21,2,21,0.40450857147778674,1,1390,114235.54138163304,0,0
59365.854099469514,10,3,25,29.472481765576223,0,3510,52110.638750297345,0,0
120625.51963682036,0,4,16,48.32420649842712,0,167,66944.99889654563,0,0
61314.82172200189,21,0,21,2.6081877697042866,0,260,149434.77614557956,0,0
107609.79856400478,19,3,3,31.756510906181255,0,747,95957.44730015636,0,0
67008.36271474574,4,0,24,15.284573542570094,0,2204,59977.95713007311,0,0
94345.06471177888,3,5,23,6.718104470526151,1,1831,49486.46790057868,0,0
163571.0690698632,13,4,12,50.73682009394216,0,2753,10844.10554444401,0,0
169918.8055209477,2,1,5,0.3504709298028607,0,173,4641.3929415513485,0,1
189079.4832003696,17,3,5,6.405718525013118,0,840,244227.2718572589,0,0
22686.2605531747,17,4,1,43.47501462545452,0,2365,16515.36040270502,0,0
6306.749755134887,3,1,24,13.11758644851186,0,316,25933.490228667684,0,0
180873.35610923686,2,1,6,18.271977388496865,0,2448,75523.49182665818,0,0
4321.845262028134,21,4,15,27.707335392073954,0,3635,140786.32196549288,0,0
24015.079127772235,9,2,21,3.2027557151653867,0,112,143248.95463769961,0,0
74696.74513141265,15,6,13,4.8458929662373,0,557,141590.79805101024,0,0
193401.5187319003,2,4,7,131.8421511370349,0,1823,305657.69550024293,0,0
227090.50525902482,18,0,18,5.421814956840384,0,647,4585.167454277845,0,0
98899.76023073684,19,2,19,15.495932174958867,1,1331,40845.812226066744,1,0
340396.2001686857,14,1,25,7.096597796733821,0,1413,195890.06267170125,0,0
130912.19908591185,4,6,21,38.13258957198147,0,1218,50389.42879065296,0,0
75019.2569658743,10,6,6,65.27528230919967,0,809,164019.5942957429,0,0
14429.838518443608,8,6,8,3.0465365412621193,0,3568,1425.1348193510248,0,0
55999.05072644288,12,3,3,18.354508329975,0,1653,56153.69578027674,0,0
172788.84442097542,10,1,17,33.381267303436616,0,1604,204548.8771054353,0,0
33358.24960222242,20,3,14,34.63525953734172,0,2826,24227.218134757954,0,0
86339.2694920092,13,6,29,11.612365078126974,0,1635,212351.24990511447,1,0
410043.3288725209,0,3,20,5.107559398610705,0,2881,681.073902401629,1,0
19167.387592513456,8,4,14,9.792372671194288,0,999,6577.325451207077,0,0
10698.100295471604,12,4,2,27.81831719820492,0,3331,51827.08330644157,0,0
158766.01724545425,1,1,25,101.59293136006717,0,1451,8997.936954664361,0,0
2523.7623632229556,3,4,4,16.16169970913979,0,2989,20453.0621227635,0,0
103073.66602565232,15,1,9,4.3413511682522055,1,2458,28251.639682338486,0,0
40908.91580588325,9,6,23,0.856788203767936,0,1105,52544.60438713469,0,0
128668.00439210355,5,6,16,57.5376059297723,0,2554,39611.09613089468,0,0
12812.110874227672,8,4,23,13.195532551310404,0,1322,204235.28392865055,0,0
40054.31542711975,1,4,1,25.21740164654672,0,2078,173734.83587135337,0,0
1718.3701539271547,0,6,2,21.58684518978631,0,840,110288.6035991211,0,0
26799.839863089193,11,3,23,44.304544281795486,0,221,86142.18788977356,0,0
66021.28240884517,21,2,12,6.187393076469069,1,371,18286.77220654944,1,0
19554.469337554627,21,4,16,11.65789634862903,0,1274,73669.34657740063,0,0
91542.9938514684,21,5,21,48.980174863506946,1,1779,12725.54549237818,0,0
12572.947577363764,15,5,23,17.61732274875978,0,2002,48223.44898874712,0,0
136736.87815588946,1,5,15,1.4807178175154823,1,24,49520.951251507075,0,0
254675.7777615439,12,4,19,4.325448645823129,0,2377,93619.82359722839,1,0
48763.89676955634,7,1,24,5.415581843362434,1,3412,144206.2505059422,0,0
75121.29724724147,0,3,20,101.61737852450563,0,3500,30912.110816077202,0,0
67043.38184828269,4,5,24,5.075637714783575,0,2853,3364.2598560615766,0,0
153895.8353866841,9,6,6,40.755871167768774,0,3347,3848.742900229651,0,0
514835.19649986835,2,3,25,1.6262760523536866,0,261,166242.94680322087,0,0
133061.7410099534,10,2,22,4.0110310019731665,0,2776,53293.294719259626,0,0
24147.330563298496,21,2,20,41.12312898577493,0,501,22802.855040283466,0,0
119099.12691223137,4,2,19,45.84012033202329,1,1975,2625.5553259387007,0,0
95649.83173485218,11,6,15,3.876458945704795,0,564,60191.75729951077,0,0
23587.409909314847,11,4,4,5.223456279689831,1,2978,11796.033595840065,0,0
27570.321961286383,12,1,16,15.124608026724914,0,1391,43169.29892006209,0,0
105781.63041445552,13,5,11,1.0824289992462635,0,1160,58066.47626983861,0,0
164931.58765037367,3,0,7,58.11204336411144,0,3310,20826.141209222882,0,0
143718.37940281426,2,5,24,8.9907452326681,0,1028,17735.249204208743,0,0
93245.03239523144,16,5,2,13.438987628949379,1,1772,1600.5504208890395,0,0
277326.5551820246,7,1,25,2.219711804846471,1,2041,70458.59605352083,0,0
131321.31938673407,15,6,7,0.6617197807612202,0,2406,17895.617381954755,0,0
78070.26095759818,10,3,23,12.615353761587007,0,2760,168448.67970935578,0,0
169393.4247246871,4,2,29,2.5945981506351523,0,2121,74062.15668994475,1,0
34317.22023362741,15,0,12,19.902279280320315,0,1065,65029.14618678688,0,0
30583.619207657197,23,3,26,31.644365357042794,0,2544,56204.85424338963,0,0
355627.6822536196,8,2,14,0.6436701889683766,0,2473,19397.331484328537,0,0
299217.2626873338,12,5,15,18.946471274990877,0,1783,278967.7315621586,0,0
212457.42368577592,7,0,20,33.815860947442616,0,3615,273008.0832928613,0,0
24126.81857861695,21,1,7,11.575951029439466,0,95,31002.835706780774,0,0
88597.73206038642,23,5,18,64.23039089680992,0,60,119765.99833058639,0,0
76582.55979537732,4,3,11,2.3575462025779013,0,1459,10158.159583581932,0,0
22703.672705268313,8,4,10,7.801221144440637,1,1479,121322.75762255181,0,0
59382.35579782737,5,5,14,5.229244311044297,1,25,26986.985348403345,0,0
62576.119626286905,1,0,3,111.40858854880271,0,3021,27301.76027591621,1,0
27525.64429290901,6,0,18,6.967797323696139,0,2757,56617.556901639706,0,0
309844.78541958204,16,5,12,9.818066229314063,0,2877,39849.72790523806,0,0
67868.2286672716,11,5,21,37.62709683547654,0,914,10029.743473890449,0,0
74421.28453630467,0,1,1,53.17477716580307,0,2887,71930.5321498421,0,0
91274.4258390847,14,1,13,55.5310447158639,0,3648,19247.962887465776,0,0
217994.66555359185,23,3,2,16.336512942589927,0,1462,47028.021861906425,0,0
76208.93767369495,20,4,15,21.77139128412076,0,362,21014.256841879946,0,0
77863.04846449493,10,2,11,8.590189215263454,0,3407,155920.93160892703,1,0
27469.126634403852,9,5,6,18.68699280351098,0,1201,33001.79749641858,0,0
92335.8629075001,15,0,6,7.212169644793645,0,813,174777.64052661596,0,0
47989.16050884767,8,6,28,27.41065314811303,0,1726,31573.556540547357,0,0
104066.8421605568,11,0,24,7.3405704850756575,0,993,15827.023997405859,0,0
35774.173637256165,21,3,25,42.30729580049619,0,1076,68761.57950816122,0,0
125782.50533428899,14,2,25,3.097643028765133,1,3103,64799.25234546468,1,0
96470.07774953023,15,6,23,16.963537625852602,1,184,77178.32362974458,0,1
64337.45896557617,0,2,12,14.707549002806736,0,2165,28778.895534592746,0,0
10167.00380009624,5,5,16,6.1228273519792005,0,3145,30849.34159128917,0,0
98609.15044322005,12,2,16,0.568032889182204,0,3219,21684.88647758967,0,0
196097.5777950325,0,3,10,3.2159068180645085,1,124,210933.90045886306,0,1
18762.48697136537,12,6,17,68.80988988054288,0,1718,91897.10934330116,1,0
8852.466542697657,4,0,20,56.70785373938158,0,1636,112930.86033432627,0,0
4037.291154166057,2,1,23,2.5407810879233432,0,992,17269.917123514155,0,0
3233.5954905871567,11,0,2,9.395599448994416,0,1467,86677.00008175723,0,0
184559.81480109887,9,1,28,12.514504627386458,0,830,115062.38056893146,0,0
130053.85537842268,8,1,25,13.004509980834875,0,2226,33539.500788790945,0,0
22602.06046997204,16,3,13,7.099807856569804,0,678,13728.820524509261,1,0
249033.16965732345,5,5,17,48.82610308043819,0,1034,95522.91986884341,0,0
14541.869780008232,13,2,9,47.82627170038172,0,1187,75563.6107760655,0,0
46866.49045327027,2,5,15,0.3821971252779715,0,3630,68569.7496539409,1,0
60167.76480080971,17,3,7,20.99652109112376,1,792,16126.87228619957,0,0
7893.039089544793,6,5,13,1.5454498155136913,0,610,24358.277279661663,0,0
42690.46031907103,8,5,10,18.201087475417705,1,2675,78441.71025992246,0,0
10745.236521998017,14,1,22,40.33202369241078,0,1353,76067.72202603161,0,0
155957.39951977762,18,0,28,20.969657555145837,0,3035,64724.66756765321,0,0
4796.00229784864,15,6,23,12.657138973147472,0,1378,116929.50426239363,0,0
1728.5100417944225,18,1,18,63.35212197167458,0,719,134843.85474016969,1,1
131863.07903635514,18,6,10,27.455608384609278,0,91,25893.941647603107,0,0
151799.11692890842,16,3,28,5.735233196637343,0,2395,13720.74381245201,0,0
68444.51782997912,5,6,18,9.785748273620932,0,2687,17968.347830824903,0,0
38253.88190324199,0,5,14,28.53194098006062,0,2464,26425.879460165725,0,0
26978.076679730395,18,5,19,0.3900641041164966,0,237,236135.04560204415,0,0
12446.167551035835,14,6,22,1.3220119318782055,0,3611,11802.276491931647,0,0
66209.4677741666,2,6,1,39.24002334211238,1,2074,168799.64206588117,0,0
67548.23896643061,16,0,27,0.8779090391501582,0,3244,18189.944990484048,0,0
60873.38862053484,5,2,4,22.696015763452063,0,1936,34271.56478352344,0,0
150626.14749568436,3,3,24,7.681097740020613,0,483,10762.33759075087,0,0
10511.261330546991,7,5,24,34.961557230225814,0,1690,8728.098136643892,0,0
110869.30007401688,21,6,14,37.5916357137231,0,1894,7998.272517928801,0,0
51344.12463595759,3,5,5,61.29697794612812,0,1336,33576.34935010872,0,0
27568.74781066223,20,4,23,2.0085552130609847,0,2270,59335.26096170166,0,0
114442.83323389113,1,5,5,10.992957979408416,0,1514,17932.278891375834,0,0
22024.51293777364,9,1,20,17.064374615188708,0,3493,215856.97798183296,1,1
26255.637457683097,11,2,22,49.552316949484435,1,3292,70632.10907308245,0,0
653319.8790108904,0,2,14,6.198939328581993,0,1256,173070.91165895454,0,0
219524.50727197385,11,5,8,1.4864443177064937,0,656,12890.418231468298,0,0
119448.17155636252,22,0,12,4.507035267268789,0,3330,12391.562066432029,0,0
37945.05762775726,9,3,26,13.686854029981983,0,980,150056.1868946339,0,0
76942.00925931048,11,5,17,22.854481414628726,0,2974,67142.92247590462,0,0
13537.972279897742,18,5,3,23.467192218814876,0,2377,223210.43249758548,0,0
40639.28170214138,2,1,4,1.5519523073675492,0,1463,12709.985232834035,0,0
7039.085126572029,21,5,5,28.660195804071137,0,3263,2108.9948063725196,0,0
94242.51075847093,18,4,1,21.59028073003674,0,1907,198690.7239131458,0,0
194838.33969318296,22,1,25,10.469545968820144,0,1344,96008.31856313004,0,0
165837.2417779123,6,5,24,16.929989443416805,0,3137,131674.89489684653,0,0
193850.65071073145,20,5,2,29.19799533366352,0,667,28079.746296226105,0,0
19188.682071416555,0,6,5,6.078742741539988,0,2294,245.69044644815386,1,1
105006.39007189237,12,3,25,56.279385255728556,0,3209,52758.402571953404,0,0
314057.39744872134,8,2,29,2.964608896490243,1,3028,368488.9766416472,0,1
152901.6036215603,15,4,19,46.50127955301382,0,167,190476.09801129467,0,0
339.61391554358335,17,0,5,27.007578713031762,0,163,5979.847947728041,0,0
213967.24392291903,14,3,25,21.606723537445987,0,2721,16639.083656178234,1,0
122342.69823216253,19,1,22,1.730949632303923,0,3469,29827.586218590113,0,0
13017.936656940885,14,3,13,50.26726018662363,0,846,141945.21920324623,0,0
37661.90589070263,14,0,5,7.000523366313505,0,3509,139307.10531469513,0,0
12501.327482761984,9,1,8,27.377908589082406,0,1025,16365.815256484155,1,0
130863.17061620456,17,4,21,43.221955874584935,1,2226,60927.80059345242,0,0
353.0109922772165,14,6,9,5.601779288038781,0,3553,55739.46966903027,0,0
62459.5811815769,11,1,15,49.208364099145385,0,3062,42793.141261718345,0,0
856309.8109864338,0,1,27,18.93199120889523,0,871,61415.94481622308,0,1
190468.54196454585,12,6,29,21.519320185215772,0,2292,27714.081697025238,0,0
88484.46691971157,16,0,3,49.187792660905885,0,692,60665.93123687995,0,0
118395.49846231901,16,1,1,14.961992575238149,0,3310,92569.21970880251,0,0
92542.93393175404,6,3,20,11.619510344595064,0,3189,5163.361357358237,0,1
166519.34999470922,10,2,7,20.060502993982393,1,1372,273644.851335257,0,1
217142.3713632561,11,0,13,16.14978114366031,1,7,14454.976945897777,0,0
145496.89245827644,8,0,3,1.2689308834395072,0,1198,35740.30982635842,0,0
20084.713602705135,14,0,29,3.9810235212757803,0,1140,50885.014113507685,1,0
46604.57104200874,0,3,10,0.2731868892049006,0,2303,3347.838363753711,0,1
153436.85304349693,21,3,24,2.289434371170719,0,472,63589.915275078616,0,0
173260.93272065505,10,3,18,26.175533186189824,0,1615,163201.52450493947,0,0
99102.16440298186,4,5,16,0.09444588613130843,0,536,185025.51278357874,0,0
125227.13629919711,18,3,9,7.259768487533754,0,2651,31584.76179402953,0,0
19176.427477612797,17,6,15,11.932079021064801,0,2599,65459.94440329627,0,0
46627.58774442008,17,1,14,55.551944589583364,0,958,119974.04331330053,0,0
76493.59888469076,17,0,19,7.920407540284763,0,2243,23318.685721343452,0,0
411710.6010908787,22,5,27,30.569214040883097,0,204,60142.22970473838,0,1
160552.3534794457,19,0,6,10.510853794356617,0,1193,36547.61140563554,0,0
21396.055662734583,6,4,7,2.073713492668235,0,2205,38007.720917755876,0,0
43449.21567422239,13,2,5,2.081532315245677,0,1736,7909.422922965185,0,0
24449.269721225468,0,1,26,11.327958393097855,0,3018,41789.98275928162,0,0
16518.02194930923,19,2,13,1.192518957864506,0,2833,14032.053571449516,0,0
12781.074786790225,8,1,5,16.95485711318538,0,905,28679.278492969992,0,0
337269.8584505983,15,1,14,13.610532531502454,1,490,32071.776896215204,0,0
237122.33775398994,22,1,1,24.249186644774134,0,2554,45053.76067239035,0,0
66018.49840423476,5,0,20,4.106601389022309,0,4,199030.07369832278,0,0
79527.87681191982,6,2,1,17.975365697563074,0,2709,79756.05896066874,0,0
182401.0486688444,17,2,9,3.835864870923582,0,904,293407.1397657741,1,0
104650.86475438108,0,3,9,25.61950429638603,0,558,71455.0757784831,1,1
131922.6230561226,15,2,15,7.339085001744033,1,2772,130981.7539958701,0,0
156610.00585666948,17,3,5,19.059934731526532,0,1671,143734.42837625404,0,0
65976.8029505949,17,4,21,42.85653361621855,0,1134,107459.95588995311,0,0
368062.9226329066,18,3,29,13.397760724488876,0,1222,88672.39988266995,0,1
98984.30121805336,12,5,21,4.271096160312418,0,393,43291.10238240645,0,0
100371.65174668471,18,1,7,43.45270980753937,0,3022,67012.44025354122,0,0
15203.890367953622,2,0,22,8.881402184247955,0,2480,17225.60613579687,0,1
440118.59791850194,19,5,2,26.20540668408267,0,2148,77038.44400574364,0,0
7340.494912418652,16,1,11,7.716063888621971,0,2100,57772.557524774966,0,0
424305.4628510353,10,6,10,7.082576408446762,0,1437,130504.11726073743,0,0
241424.9718169782,16,4,19,20.546024646553995,0,1027,186268.03451073918,1,0
194086.48000588556,11,5,5,3.399437030845773,0,2669,11398.34926318961,0,0
111962.7655459844,11,0,23,40.344194205319575,0,3231,93929.25359525176,0,0
93868.48418122718,19,4,15,9.808175683972879,0,3416,239732.70911871127,0,0
568988.4750918273,15,5,2,0.3893133752190865,0,3135,199966.7107491619,0,0
364956.20614234457,0,1,11,7.289433005755962,0,3224,143867.08527378977,0,0
167042.58570544707,19,0,4,30.739212666997556,1,1200,3963.8801672174177,0,0
9086.768590644615,12,4,17,39.230874122100516,0,100,23279.978024058684,1,0
46548.04543290084,1,5,23,16.781051848794732,0,1910,12840.590647803729,0,0
200937.68915521205,15,3,27,6.9658978979620025,0,1561,209311.87550860055,0,0
121240.93759161654,6,2,2,15.009344776211934,0,184,110549.07634280475,0,0
13011.347298863779,21,1,24,36.203597597038424,1,2407,60706.15281062455,1,0
42809.19880281204,1,3,10,7.597053390186135,0,3319,310598.0505165284,0,1
1961.6658850423698,17,4,28,9.73687579782628,0,2581,17325.096220056734,0,0
223308.9511617931,16,4,11,15.51728164366697,0,655,82082.17972761401,0,0
137438.66822573764,15,5,1,43.631823584907295,0,1993,75201.81527928512,0,0
57245.43569102028,19,5,18,17.452604219597763,0,1155,33296.314463433446,0,0
142873.47583805528,17,0,24,4.654161805405845,1,1913,53146.16658598536,0,0
270938.39958819555,20,3,5,1.8665318039832621,0,1034,21470.749459340892,0,0
32835.36514112302,19,4,5,1.9967151484174552,0,2226,90436.66398721671,0,0
33661.58244202141,15,0,27,60.01472496623328,0,719,43335.88067626589,0,0
65903.85144806471,0,2,23,34.56583389525295,0,2557,1906.5466057072567,0,0
122724.01602273733,20,2,4,29.0362674796986,0,3198,240924.9085242054,0,0
496720.7386407801,4,0,9,13.718052880784356,1,1872,55679.162460613225,1,1
17784.93186600881,14,3,19,22.327764000213413,0,3597,97834.47834053957,0,0
41875.63945817946,12,0,24,2.723963009117503,0,1068,17545.070680266577,0,0
45167.6564803732,4,5,3,19.39887910462062,0,3457,10886.631518746715,0,0
129398.49437526272,17,0,15,33.29697582569882,0,1711,186168.19998489035,0,0
217681.44518021835,19,3,24,1.2830650323081483,0,3322,71510.01255092643,0,0
20308.989969026603,4,2,14,7.023812274146316,0,3127,54394.92559740839,0,0
125054.16879950804,15,4,1,2.336939628503328,0,968,58909.436597783715,0,0
240375.45784075957,10,2,10,6.028238907114634,1,2320,21556.216365579905,0,0
12930.680762106638,10,5,13,29.61419955056102,0,2608,195059.89463971095,0,0
100802.22678437023,21,3,26,8.07081420763546,0,1315,19288.328930219464,0,0
22612.808084602908,22,6,23,23.403273113386977,0,3123,13758.617650196871,0,0
58185.792841444316,2,1,12,29.682776834219275,1,1980,212793.2634149626,1,1
13560.066037626126,18,3,1,33.925934094656434,0,2894,23826.550641693695,0,0
115080.87044774972,9,2,2,41.330576363271334,0,1371,158721.61861627625,0,0
51312.055495722605,1,2,27,18.207953204576405,0,2476,118452.90710900839,0,0
83760.13099245197,16,6,11,6.587862352310005,0,2992,38494.04735694581,0,0
74137.6383361071,2,3,12,3.2635248379715827,0,1409,23442.5894542054,0,0
118412.05143254771,2,3,28,14.011842680091043,0,2802,113832.87505072194,0,0
225931.815226114,7,3,1,2.1864165355848644,0,1899,72824.43256765368,0,0
32815.59864301936,15,2,10,48.320446975793345,0,350,23446.70147270283,0,0
90428.01827327286,11,6,3,11.685146572803891,0,2339,177224.1753601938,0,0
85276.76762844081,21,5,9,41.26886726781059,0,511,102118.4384271888,0,0
37854.86080008658,18,0,17,24.707231942794753,0,2399,191996.546715415,0,0
69231.98323594233,0,1,19,38.92866451318024,0,1548,46024.920071403234,0,0
4129.416185130795,18,0,18,43.07607707198243,0,2595,10975.574556377316,0,0
55675.276592037626,3,5,5,1.0953231647689985,0,226,206241.122441989,0,0
31543.27672441699,16,2,28,25.83844499303978,0,679,73588.97426501726,0,1
199492.1365863941,18,0,7,5.1378254796489164,0,3424,74524.43180092839,0,0
44284.255461904024,3,3,15,90.7444476834533,0,2764,70216.66419231406,0,0
21345.28169083571,14,4,6,30.137894906902567,0,2477,51152.29066413511,1,0
75432.33084805917,6,3,26,0.0754421653322266,0,796,23554.311001862472,0,1
166582.01737269392,19,1,5,52.46030401277913,0,723,75950.96959233347,0,0
43702.66118689993,16,3,29,6.914866878228093,0,1944,101439.03093467023,0,0
187620.95455298992,21,4,19,10.779482007206962,0,2964,198674.07734543696,0,0
39471.74084993143,8,2,13,18.949724770503686,0,470,5990.618163029047,0,0
133028.47317953836,6,0,7,49.61266644007627,0,523,23518.499791866354,0,0
12245.149064194733,3,3,28,52.43560337167668,0,3356,119934.03770145922,0,0
6421.916056015413,16,5,25,16.57804431203526,0,744,119385.98799817018,0,0
133779.3403425328,14,0,2,7.617142542313987,0,20,19064.07836661862,0,0
45949.61688218552,22,1,6,6.547592368737567,0,1779,16337.665555155783,0,0
49921.87023723227,8,6,15,9.06362559580311,0,3444,36600.51047940875,0,0
85367.43233609344,15,5,28,3.9815515672341704,0,3386,5198.534032511929,0,0
433286.7768180666,5,5,5,22.16313494816798,0,808,104853.63650236523,1,0
18815.02729332839,16,0,25,15.007139965510826,0,1799,88646.65372341088,0,0
35646.65064669182,6,1,24,29.6970899500748,1,2902,156564.03460456926,0,0
104612.51144318542,16,1,25,1.976776936234398,0,1445,44976.41158905858,0,0
120718.89895004594,13,5,23,10.213373532995602,0,1792,81010.0368967531,0,0
122466.97120815226,14,3,5,5.485128508014142,0,3049,246241.31319281738,0,0
90486.93749287249,19,5,4,15.322367943246608,1,2461,255149.85635452456,0,1
88742.11583253904,20,5,13,12.631410215483774,1,2124,5898.40716576594,1,0
16029.42876829474,17,5,24,11.940944479284209,0,1373,150.88980497737035,0,1
179954.19116109732,18,4,18,7.5858220696573175,0,2468,257478.86213578543,0,0
893.5615181605829,17,0,1,25.954359649125415,0,2595,61311.91757519196,1,0
54055.87387052197,13,1,3,13.138916740135656,0,2667,96424.70662747246,0,0
24259.303699928998,19,1,7,4.519044333823039,0,1686,194978.19841032516,1,0
11019.430513406725,22,1,1,15.85702881179484,0,3346,45413.49391930312,0,0
38491.39447331712,4,2,21,18.160110783342066,0,1465,46478.86009107534,0,0
107057.10242576744,6,5,14,0.432230663820678,0,1110,14615.961065405385,0,0
68732.99541078226,11,0,15,4.557561350595879,0,595,189010.82888000555,0,0
206771.74334058687,16,0,16,5.552097966528836,0,2594,83455.71407568762,0,0
91550.46773429526,18,1,5,5.702378194252301,0,1481,15902.347439853555,0,0
29186.954236581398,15,0,3,5.458388119289395,0,330,65640.63756725013,0,0
72406.20491432899,1,0,27,6.339229120391804,0,3155,31819.273932620876,0,0
25797.545433343596,11,2,17,6.095946832762831,0,1545,12736.726675768741,0,0
19681.38345346318,16,1,5,43.095173784513925,0,2867,16058.668428177392,1,0
310154.9013741074,20,0,24,7.702895598166725,0,1564,65543.4958323643,0,1
63117.35064840295,2,4,25,8.60835855775184,0,222,66479.7577525618,0,0
105327.97831339178,7,1,28,6.1897556338169855,1,3282,124829.26344230858,0,0
206697.77558825692,4,0,29,68.57611594020813,0,1460,22799.844526790792,0,0
38887.004903052235,20,2,22,15.335478303742264,0,1024,197996.55200165423,0,0
155601.67740442496,22,5,1,18.860196280489035,0,2586,58486.68930946573,0,0
155507.72655961366,23,4,13,26.59731740583544,0,147,18269.844996352338,0,0
173733.89129998354,16,3,21,8.120727488675286,0,3063,42656.684457004754,0,0
21006.019326095982,20,3,18,69.33420259357726,0,1243,205490.1317551914,0,0
329252.86687705095,13,5,1,3.3051870930387444,0,68,52031.01013001706,0,0
32128.20069796227,22,4,29,12.24294541049938,0,2353,166173.20150063935,0,0
149975.32411031035,13,3,19,3.143353984022859,0,26,13932.342573269552,0,0
17710.228048813242,3,6,27,31.248772376461535,0,1837,196233.94900723954,0,0
258001.40231986277,14,4,26,2.270490390916817,0,323,45056.41052423987,0,0
55834.58656190563,1,6,21,16.144224956808586,0,2677,220068.61264138386,0,0
110459.04781567442,20,5,25,2.2143026323304866,0,3172,160840.12935306228,0,0
189839.96117173298,3,6,23,12.053770943947562,0,493,86296.84551028714,0,1
33182.417817413865,16,5,6,6.578638471809919,0,2710,89386.04363361151,0,0
49265.17936665911,22,0,9,46.72216700588129,0,1278,19010.640248160948,0,0
37598.76795258308,2,3,14,1.0911469454127467,0,3038,73871.22573870068,0,0
33249.88605922029,21,3,22,20.992878796075694,0,3542,63790.98981302883,0,0
71396.5280859224,20,4,11,23.76535112859454,0,2077,32534.912648172987,0,0
79130.03840872958,15,0,4,43.961277017172236,1,1931,56356.31279101004,1,0
7993.403170150705,11,0,7,42.03038236421837,0,1151,211767.94465684978,0,0
111869.1107048994,19,1,29,75.49422612514493,0,1215,425.5831047580596,0,0
54472.9437529318,2,1,18,5.858163544837951,0,976,43182.4773942279,0,0
220300.53146723213,4,0,18,6.426855852877274,0,3193,32473.86353725522,0,1
216737.62558465372,15,5,6,10.12647305980751,0,1260,260010.88478292822,0,0
127329.70999223614,6,5,29,15.425503610050056,0,2873,291647.9172431143,0,0
192266.47451529425,19,5,5,9.150181639531166,0,1926,70485.57431283599,0,0
255765.91251842785,15,4,6,26.96428677728712,0,3109,63881.85454091001,0,0
86116.0873495728,16,2,2,0.17163540376840286,0,3341,186818.99138527326,0,0
357221.2033205632,1,2,2,0.356240235526206,0,1249,525.1175643580092,0,0
310999.5890907955,11,1,1,25.179618387097577,0,2095,66094.17758786789,0,0
11640.198736320313,12,3,18,42.93235942948243,0,1523,1995.2689545057983,1,0
73972.5369483371,4,2,27,29.97112416842326,0,1480,275768.26047087833,1,1
12156.607972476831,15,3,10,2.490676724544955,1,1867,30871.772119517642,0,0
115243.58286600631,7,3,7,54.65937006471228,0,2529,58851.19591008091,0,0
144934.4010928904,23,6,2,14.759235134536606,0,2752,43243.49639336444,0,1
216002.67705738972,13,5,19,27.118806985193405,0,3425,179262.1166738159,1,0
104984.93777180892,7,5,27,4.489043084812611,0,2988,688895.7676842965,0,0
60512.307169853,17,5,29,15.916697912637169,0,1456,5667.1069088250915,0,0
16952.81291857817,19,0,22,8.011366454414699,0,3560,105350.75874102564,0,0
13365.023591745772,11,2,22,73.58711777434597,0,2651,36709.09660324664,0,0
66488.49245822767,10,2,10,12.85654050325453,0,494,11979.637605369442,0,0
178705.6755012767,15,3,27,28.17709778395748,0,1142,41594.35902877239,0,0
138917.34231815973,21,3,25,18.48806783175715,0,2221,503259.98227180046,0,0
212696.73004939008,14,5,12,1.9809154408843979,0,3309,35399.457101757296,0,0
166595.64692914754,12,0,27,15.658276322695205,0,2072,25991.900188743617,0,0
23000.01991672492,21,5,12,15.5399635349665,0,1110,149753.28946336728,0,0
22354.91466134178,20,4,15,25.1551629152832,1,1970,161958.70146898716,0,0
61251.38179169275,17,2,18,7.769446630469869,0,571,33104.28067121412,0,0
21214.888012735264,23,5,23,39.415633950284025,0,1791,28382.497979720963,0,0
20760.76969558736,0,5,1,19.489178438301813,0,2307,83366.79415605518,0,0
31167.28105246519,0,2,6,0.8027219721337376,0,3139,18371.01578865008,0,0
2282.5722729830477,0,0,9,24.540447560629012,0,3086,52883.12115545007,0,0
84709.74306579106,8,0,24,47.496000862220875,0,1120,12190.923500246721,0,1
50518.61843177171,20,6,6,22.986352716849957,0,457,29079.25268597394,0,0
27101.61452911067,13,4,29,9.56062906403685,0,3289,28246.68322605509,0,0
14412.895296935818,17,3,6,17.863637729095966,0,2238,94969.24580591945,0,0
60853.08267811313,0,2,6,3.76031325424656,0,3533,26533.28430687434,0,0
92119.8731082168,19,3,16,18.388687035424542,1,2399,183012.33202150563,0,0
362224.31361314247,10,2,15,13.90269286652308,1,3221,326180.5640803314,0,0
29279.36023335352,1,6,8,0.530117724939891,0,424,6762.903875390547,0,0
2668.7883359210546,18,0,29,7.768911890343669,0,2099,40553.01406038433,0,0
133186.34003412508,1,5,2,4.2452406350575345,0,2761,28744.67995277072,0,0
26810.11376642198,23,6,11,9.907312514273166,0,3157,34707.94791731977,0,0
66215.96186257934,18,0,9,5.5370169658612465,0,1225,24669.418765088532,0,0
165143.35085361573,1,6,16,35.94533587924505,0,1034,38587.458226501476,0,0
3767.783102903838,5,0,26,23.925615215271886,0,937,12197.529547204567,0,0
15259.102924058165,22,6,24,26.950301187322474,0,492,26260.13629939159,0,0
10333.595444016053,14,4,2,8.95286387669705,0,2316,110208.29967800244,0,0
26621.596399347924,10,6,11,0.06904635115688988,0,1995,33733.23326422838,0,0
18998.913818760968,15,2,24,4.9475387499386185,0,212,18638.835673553665,0,0
38067.761198400294,19,6,17,28.154299414525763,1,1522,9182.965714230539,0,0
137162.09349441674,20,0,6,18.468160360507973,0,448,34217.36623515973,0,0
4326.6380619295805,21,5,6,15.468852248709036,0,384,82493.28486039459,0,0
7662.609220934939,2,6,25,6.584529208784073,0,255,23367.86435364311,1,0
83085.6037636869,2,4,9,1.5752875849468464,0,3495,43916.22394429594,0,0
73451.0475276237,18,3,21,30.7299274991136,1,353,243591.41447900928,0,0
64259.68014138148,20,4,1,0.7884504846046989,0,2240,64301.78494974785,0,0
72548.22386165702,10,4,12,1.2191435054542252,0,3271,60732.46631857213,0,0
135494.64374724423,5,1,11,6.989312320720151,0,3329,42202.93330451391,0,0
85829.08185898406,8,3,17,17.016319111218657,0,14,65105.94787568379,0,1
61059.649601564415,4,1,7,97.14073799364465,1,941,333701.1988096228,0,1
8528.667747717842,23,5,27,1.9003191204752694,1,3477,23421.669792339886,0,1
367976.56700288266,6,6,27,12.81757760517465,0,881,227685.58786448545,0,0
27356.04513888183,19,2,4,18.4136724832564,0,2760,12914.125342940159,1,0
203376.41349704162,0,4,9,34.644006041039745,0,2897,9422.125573373069,0,0
47638.83000441634,2,4,19,23.398766426024075,0,3646,85060.2669736668,0,0
115181.21102702877,10,6,15,32.9782974479395,0,1581,23140.42738272754,0,0
60537.39013402568,20,4,6,14.782524292184851,0,3510,47015.425652719685,0,0
43720.774463900736,9,4,25,11.382192363882098,0,1407,104644.4401475452,0,0
95270.85093821074,12,1,4,19.284861599146506,0,3441,61230.16624475315,0,0
76810.00981301318,2,2,5,46.22662649653822,0,847,1107.579766509008,0,0
26452.87342949979,10,1,21,16.007841061674625,0,2946,29204.596391727024,0,0
40983.73507835988,19,4,13,18.607444202748198,0,909,5349.895464758668,0,0
3498.1571211763007,8,2,5,8.249074027126516,0,1268,208419.14870823026,0,0
21515.508014042745,10,3,2,18.13282108018496,0,1949,126642.60711329334,0,0
40922.16693874352,8,1,11,19.764550944027825,0,1180,330025.63353710755,0,0
357989.2667198813,12,6,18,28.001820866037473,0,1800,173102.07091437632,0,0
74884.79309290102,8,0,15,16.98090014914232,0,2467,51599.170940029086,0,0
120663.04080738472,13,3,17,4.401721968437472,0,3079,171371.7778952213,0,0
111963.2778022718,15,3,29,17.44194060332743,0,1564,89286.38410020291,0,0
395743.5146660052,16,4,17,7.072774275548902,0,982,59487.84010220752,0,0
81117.71251857672,14,4,20,1.827497556370167,0,2138,37044.91643690266,0,0
88066.88601020344,10,3,19,34.90894819878486,0,1745,91396.65202167346,0,0
35677.52013980799,11,6,20,1.3671210465247747,0,3263,71353.88752670994,0,0
98381.46006387462,10,6,16,19.977324784819565,0,1766,76191.78030996044,0,0
141767.94484445103,17,1,11,89.29879836932366,0,2566,40843.56388264069,0,0
10898.193248865007,23,2,28,1.8339560185759471,0,2424,107555.43484152475,0,0
65416.63604698478,11,1,28,4.972608085893268,0,1291,6787.376410175097,0,1
54800.8767507353,7,1,22,28.609457368175313,0,1062,103616.59976625978,0,1
12056.947638622389,20,3,27,2.038309835531698,1,450,104972.55862366398,1,0
41746.85434927477,9,1,17,35.76232533402523,0,1471,58044.27419299621,0,0
76610.21195941351,22,6,8,0.005403176926858209,0,3104,24444.13229209177,0,0
104944.89834212034,2,2,8,44.13592610970007,0,1818,58597.043856441654,0,0
34093.431649651764,19,6,23,1.3832109748316097,1,3295,10507.725155585405,0,0
64683.549760620896,3,3,12,51.01576268548614,0,2848,26853.907277259135,0,0
132455.7770122517,12,1,15,39.983236277137905,0,3235,43757.668848954534,0,0
54861.01322077257,19,4,27,15.511589972932773,0,899,89480.82420664336,0,0
282637.972891539,7,5,27,30.096930405301073,0,673,16583.266559247637,0,1
3118.747229209793,1,1,4,1.5565682581986269,0,7,13774.246266912698,1,0
30141.224601619702,1,5,8,2.9039342752262938,0,3285,74877.92718488355,0,0
14316.76579986421,20,6,25,9.218097964238908,0,944,91041.20850646688,0,0
77933.85422947364,5,5,15,15.42038373524474,0,601,6989.053536243819,0,0
19525.30184641628,19,5,5,40.53155710562485,0,2128,2698.044005156925,0,0
135417.73828834208,6,3,22,15.647457857218686,0,2967,12733.713812585765,0,0
250531.36872558208,3,3,10,21.884748396981774,0,337,185032.4142744973,0,0
23218.38615606282,7,5,24,22.781463232198206,0,353,89335.22572846143,0,0
237261.17948869767,17,4,21,42.004010945242754,0,2002,203090.837427942,0,0
99900.74179635572,9,3,28,29.989686172102033,0,359,87421.9020405457,0,0
21836.827972483876,19,6,20,75.47158513464852,1,1495,268736.68807409843,0,0
133387.45196348018,10,5,24,0.4043120702204688,0,777,46229.44195909091,0,1
9527.122403321418,6,5,19,4.6595518616424005,0,3395,73123.2488692685,0,0
117813.68628227669,4,0,15,53.312960918243476,0,176,73540.7008103293,0,0
197516.3128057594,10,6,6,31.425530270706666,0,1187,251.58850732034634,0,0
300328.10962481424,17,3,9,6.222091564343635,0,1944,2227.070175436409,0,0
5607.430244286392,15,1,6,73.1838152414833,0,1747,12557.123699855203,0,0
6393.666304338344,18,2,9,40.78612143852819,1,2808,57252.62108604425,0,1
266506.0948784504,19,1,8,1.3368442825272175,0,590,45043.44520466873,0,0
155870.94955312245,4,3,16,33.352980009457475,1,1283,62078.67312603731,0,1
148840.31325538337,6,5,28,30.694737848779887,1,3590,128951.59186801707,0,1
135720.8405818634,2,6,25,4.998814482877977,0,2001,138185.80159779452,0,0
126347.37807122947,9,0,10,22.127638551125017,0,2468,301832.5662733327,0,0
94990.6664787778,18,1,9,70.28234060177464,0,2134,65233.82744717579,0,0
167525.74912541063,4,2,8,22.532137918549605,0,2869,34120.65620658987,0,0
3476.9929412449737,4,5,25,33.61493958817487,0,132,29456.748808826927,1,0
134823.62795159264,22,1,14,2.0935820632396043,0,1546,33331.17413196714,0,0
87447.12348467656,21,4,23,25.999308891435703,0,736,31304.813324019393,0,0
238010.44809345336,10,0,7,4.58209351397569,1,2047,39927.57271817526,0,0
275473.0584572111,18,3,11,1.4913283357763485,0,3567,6226.668505518613,0,0
27618.90487232838,11,6,20,16.062697679117356,1,2036,80285.80222610725,0,0
155808.00250220165,16,1,16,27.774836081120302,0,2097,67154.00952626529,0,0
314652.55660182,21,1,17,15.826002022094984,0,2987,49585.922485961324,0,0
31013.154230657525,21,6,23,53.646735065984224,0,2042,6766.698706010005,0,0
190437.7880327888,19,1,8,23.792612639215434,0,3012,7827.435731339704,0,0
88316.9489574246,14,1,12,2.5016256033283444,0,3085,63015.12329207441,0,0
50251.88636344197,17,2,25,54.51965892104768,0,1875,2981.2964876667675,0,1
173505.4413678243,8,4,17,3.318446819102185,0,1390,103217.3560592838,1,0
204252.395154421,21,5,25,28.397473247364104,1,1399,406374.9379380999,0,0
33218.69609180365,16,4,15,3.2161415417319668,1,2806,72786.31214127032,0,0
158212.90280393866,23,0,7,131.1458530240695,0,358,102823.73472954839,0,0
5093.702335810499,22,0,23,8.07495691275249,0,2224,46233.62275834781,0,0
54070.52444994147,10,2,19,13.70077573474984,0,3290,88068.14299372291,0,0
7233.98194695086,5,6,17,12.578580726679755,0,2718,84393.73947808928,0,1
34790.72622921866,11,6,23,2.1494149209207487,0,811,139023.029705468,0,0
300305.7931758674,10,4,13,13.624965087843018,0,2719,99400.34541452749,1,0
132703.51820643726,16,0,26,3.2387583028702065,0,819,110599.97967367401,1,0
140894.7084352983,9,3,8,32.38782746588558,0,3366,65069.13295059961,0,0
14443.217099575473,12,4,22,63.55152692381389,0,2707,53011.755969290694,0,0
86437.66522907613,4,1,14,33.0112867079964,1,2711,49104.967706108146,0,0
49238.90049435002,3,4,23,11.279746422772268,0,1458,39807.868699325234,0,0
132493.64725019652,6,3,25,0.047484263385433455,1,3246,24742.72606195199,0,0
17088.999805617448,14,1,8,0.7466339510601536,0,1833,2710.2795024638426,0,0
33117.60369119957,1,4,14,13.66532892131071,0,3274,88959.05981535236,0,0
228841.3727793028,16,1,5,22.75666764006454,0,882,184979.4826544933,0,0
18606.409123672816,22,1,12,34.242048551104375,1,3473,213294.06897912294,0,0
100079.25633050891,23,2,27,18.30240388843257,0,1460,69507.10877809137,0,0
37855.818674708134,20,3,20,76.62096194946261,0,3341,7909.341284249167,0,0
8543.293557554665,7,2,11,13.615600690495617,0,336,168735.54022002566,0,0
25319.35528196011,15,4,4,18.32725468718952,0,3559,110185.14655334667,0,0
203568.75103144874,19,6,20,5.229953203978775,0,2662,23165.220011085978,0,0
241407.07471378686,23,5,2,8.30002308813874,0,1950,130185.72645760397,0,0
54444.03083449345,2,6,10,22.98538344087173,1,3181,51093.92388416997,0,0
96995.77254099953,22,6,10,18.408050156139527,0,2604,174850.40474770457,0,0
73500.74153091101,21,1,7,9.229565629906995,0,1911,22760.13697454122,0,0
32807.923058933295,16,4,24,2.3752642651357627,0,2575,129118.22442456346,0,0
42280.760116408805,4,4,12,8.389715239723689,0,1540,99558.67549897544,0,0
74828.044674174,13,5,23,0.9032026026837512,0,2284,1163.7168815124317,0,1
118863.1242385139,13,2,16,17.386579334522555,0,3636,66287.04579839783,0,0
43056.16673454087,13,4,27,7.802137327945934,0,1226,100571.40140696299,0,1
120036.22474566135,10,3,10,9.555829794234175,0,1896,13607.169542739863,0,0
324370.1879415358,19,1,8,17.11747421143438,0,3630,60725.68452005842,0,0
2486.3713855768883,12,0,27,17.411429281523098,0,1595,29001.405193696733,1,0
17893.174380868546,21,5,27,17.751311142411513,0,1198,95324.79048059385,0,1
248017.23705398265,8,3,25,13.529388978190195,0,544,62146.62214047559,0,0
7425.997915036997,19,6,8,13.39339620658385,0,3221,77714.25863418283,0,0
144836.8729588454,1,0,5,34.43192341697707,0,1309,6024.434937050944,0,0
97810.82981034204,11,5,4,12.605492920932523,1,2974,11860.990413714198,1,0
4887.611718035989,7,0,21,15.358714599574917,1,2602,64252.89043393991,0,1
72.77298028806618,15,2,12,88.8438173039256,0,767,15990.584525913328,0,0
69715.34801598535,0,0,11,3.994646203497803,0,1866,55242.63544608157,0,0
12482.135061150298,15,1,15,25.92329575255055,0,1526,93702.19989115748,0,0
205741.04912241647,5,2,13,12.818199352286046,0,690,132762.43168139594,1,0
65541.73062867136,19,3,1,35.502965627032296,0,598,12346.024166587904,0,0
26715.28611839768,5,3,5,10.351384973398597,0,508,108346.10376910343,0,0
18416.91213154838,2,3,6,7.219093981379371,0,1041,36102.22338841347,0,0
180650.33355921778,8,5,13,4.6584793468730465,0,3474,90888.42891482507,0,0
126847.13593927409,18,6,25,41.15159016148202,0,238,12558.941530581511,0,0
126571.62053806162,2,4,25,25.34027299813287,1,2493,57917.412218876416,0,1
8916.651329031436,20,6,10,1.6003639481003544,0,935,145396.84675833205,0,0
97954.42129172849,6,2,12,24.9996532790672,1,721,9002.575408095852,0,0
203624.8598525988,13,2,3,0.7128675171163662,0,1890,140672.51723860778,0,0
145200.95913147865,21,2,29,4.008726843766433,0,2756,48230.65264256984,0,0
12574.088720620122,13,1,29,17.968903615447566,1,1961,138651.2962867412,0,0
298142.2539040672,22,2,11,12.454159513733156,0,3144,254348.77788232174,0,0
7228.511288281659,2,1,24,36.71216848688067,1,2074,13915.192982557403,0,0
81396.95401055616,4,5,24,18.724276619522048,0,2137,89808.53551557144,0,0
290064.6341489839,4,3,25,67.03361381910672,1,1508,21440.44292750084,0,0
172741.50652516884,18,4,15,38.64576364254416,0,235,11653.340657021829,0,0
114202.82530310335,9,0,17,8.31683410903734,0,39,79126.67853977402,0,0
194033.13931669903,8,6,5,35.93354438536111,0,1995,9141.66378380911,0,0
111865.57698016058,15,6,5,40.794463990028966,0,2092,50064.89160796987,0,0
5651.618868024779,8,4,23,69.94865355760923,0,360,80838.07844895101,0,0
43212.52711009777,5,4,11,0.2528501632227441,0,1088,55392.712725765086,0,0
55708.34219395098,4,5,8,41.547961415471384,0,2983,95540.0910244658,0,0
79048.93977109979,3,6,11,1.4491627073984015,0,1720,129321.83736763363,0,1
26089.79107548428,19,4,23,15.020436411014275,0,3545,164612.16386535566,1,0
213008.17429302726,20,0,22,10.71136902721805,0,1622,65655.2213061039,0,1
25967.873513951923,17,1,20,50.48500002669484,0,909,25906.806571122706,0,0
107175.71314711492,15,3,15,10.388981989136944,0,2332,57012.804869418294,0,0
209238.4414371431,23,5,9,18.12892069931565,0,1619,39241.14515224031,0,0
131980.6708754404,6,0,18,23.545233052281198,0,2819,20486.981801910762,0,0
14619.71302872768,13,6,6,0.3842630559340155,0,1790,60243.21111763,0,0
302401.2106017763,22,3,26,17.877441061571886,1,795,1833.2341634131487,0,0
9641.903314787554,16,1,6,14.59588451850788,0,3579,74424.053031404,0,0
22322.760450245623,7,3,11,18.02846798925198,0,2379,137899.86578196174,0,0
14994.315358699581,10,1,20,1.575325044996618,0,1328,598396.8744025473,0,0
109936.37348647618,16,6,29,1.1432278773595057,1,1759,203755.23738364124,0,1
164719.20903010634,13,0,3,3.909214070159896,1,3640,7528.672792375908,0,0
27182.954014849165,8,0,11,40.7277445936479,0,1565,14179.975687206175,0,0
387513.62429557607,5,6,3,8.815765863213725,0,1736,11939.848833629323,0,0
14994.396492333046,7,6,18,11.384374254284527,0,843,65379.286543647446,0,0
37960.5149847554,16,3,3,9.891379012416921,0,3529,3761.959070914846,0,0
67395.10769647731,21,5,20,25.061169347637886,0,3359,221160.41791798736,0,0
165468.42080835768,12,3,10,6.00793258538006,0,833,5106.497571159909,0,0
47247.47295727453,12,4,4,1.416892098400042,1,71,39707.88134823648,0,0
19832.454355568705,16,4,26,9.501928097873986,0,1866,179522.51878758255,0,1
62536.93942558885,18,3,23,26.0269749073432,0,2185,237105.08393928365,0,0
64720.92501864184,1,4,4,49.294559831275684,0,1087,50082.576335709025,0,0
1633.794140690666,17,6,25,1.0431694568014964,0,589,53621.90999011835,0,0
2110.964278099461,3,3,24,33.26691568756121,0,2843,80887.04407034256,0,0
32522.998847461877,6,2,1,1.369434894872047,1,530,41891.0958471272,0,0
135178.01709212858,15,4,26,8.029280998072142,0,2960,31403.275417230187,0,0
45569.10226615746,18,6,17,0.451079348624022,0,1924,107589.78186676309,0,0
23724.8036022029,14,3,29,48.504480253352654,0,3038,72380.26451003292,0,1
11988.170266948067,22,2,6,24.537255525003047,0,1702,52571.622856330454,0,0
32922.96467823121,13,6,4,9.213275065923586,0,1172,8498.857226238095,0,0
65669.80363854849,12,4,26,9.478838135389683,0,2985,5707.790150414898,0,0
9803.129686087372,19,0,22,20.424297049848718,0,1210,57201.199903211105,1,0
1504.6568781731592,6,3,9,1.8784855193566137,0,2636,77287.17354344786,0,0
13617.14939673336,14,0,10,3.13421380886271,1,3612,85721.42822444296,0,0
133933.2640090024,0,5,5,37.57567735222847,0,2092,180219.9107920048,0,0
62793.96408558455,1,4,8,4.520781940442356,0,833,135523.38829156503,0,0
58908.85531128594,23,5,18,25.941244867753987,1,649,12136.768561611783,0,0
1995.0315714082594,2,2,24,5.118575805858345,0,1386,126557.8667842295,1,0
124113.6500756609,20,3,8,1.84551474599172,1,113,90235.82625256288,1,0
22553.251431528875,23,2,18,46.05817556247171,0,3233,140834.30458696108,0,0
9526.224117416787,4,6,7,46.38908830014189,0,757,148301.649250442,0,0
184536.85236926735,15,0,8,18.593188804659746,0,1985,33914.678330686766,0,0
66476.9572184412,16,3,7,12.399192572322695,0,1033,24442.580860666054,0,0
138203.57670905086,17,5,22,16.093194844564465,1,3390,64350.26324813577,0,0
172532.52865707566,15,0,19,10.48927830224953,0,1993,28375.03218708735,0,0
334152.30902122805,10,0,11,28.308253566884176,0,1349,34423.91527718248,0,0
97736.724750307,2,2,11,28.09411282003998,0,1142,5733.435597735283,0,1
7072.082909907456,9,5,3,34.182912013731645,0,2434,380142.71566229354,0,0
81574.02279766633,17,4,24,14.80167660449328,0,2254,29603.624058111476,0,0
71237.6154383906,15,5,20,32.323396581164644,0,1740,121156.88477174036,0,0
5928.705230193905,8,0,13,3.3853884684276703,0,1053,398777.46054704394,0,0
36571.86586987876,20,6,26,0.6119622785468334,0,1232,278227.31288158614,0,0
53133.109831881644,0,0,24,20.885496419749558,0,1328,80384.21879464522,0,0
17551.516968690266,10,1,29,2.229271315114671,0,585,61889.84989579815,0,0
880.0252071241329,10,2,10,15.99994993432662,0,920,29601.253803846193,0,0
141460.42819702634,12,0,6,25.53982929741266,0,1397,158154.6818892448,0,0
190807.58586180193,7,5,3,10.454098961611425,0,3514,32998.591060788014,0,0
26019.87579759086,18,1,28,0.8972845715627018,0,2452,9028.755734596103,0,0
380.7577705503894,8,6,10,43.630619427794514,0,852,27862.353256770766,0,0
220670.18722839645,5,2,2,0.8841594464775616,0,508,30278.282618046316,0,0
14382.416091161745,3,3,1,47.02553230934392,0,2291,101405.66956390484,0,0
51622.250918113576,8,4,12,1.0813235038452558,0,2282,14862.229875997562,1,0
45565.30886575819,14,2,4,26.572550304244377,0,3499,30484.81567487654,1,0
17943.939491674897,17,0,24,51.76452159055891,0,3444,6374.245390085228,0,0
91332.15487731498,21,1,20,47.49888255193077,0,1413,150921.39465611833,1,0
250766.88351624086,3,6,24,44.77060400102558,0,2516,103213.43816216197,0,1
72097.75449424666,18,1,29,42.92507126634555,0,2768,46027.28318519792,0,0
360867.8731771231,15,3,24,14.283728464204163,1,659,44971.65609000974,0,0
21167.42748520472,5,1,11,16.314923518834913,0,1868,14557.422166320779,0,0
188718.51914546682,11,0,1,19.336816221877267,0,3170,38822.13367003377,0,0
29693.552566742615,14,2,29,45.25736674411894,0,2459,189862.2164741544,0,0
28840.434325627368,14,3,16,36.42299357169612,0,2345,11941.093417685635,0,0
12521.346099171296,14,4,6,30.5551832053063,1,380,115863.24387494521,0,1
199240.5547349102,15,6,27,22.523218222053668,1,474,3865.99108722892,0,1
129119.77723930392,13,4,15,19.26679366102906,0,2802,29880.062275483197,0,0
41802.89541228997,7,0,10,51.140995599803716,0,21,150152.74222355938,0,0
42988.61022976151,1,3,24,4.2798159986582816,0,3177,47100.62621195478,0,1
186300.59540073542,14,3,8,4.281818113354138,0,1603,97039.48041269492,1,0
262529.6772530613,7,0,17,80.87629434128958,0,2025,8744.285331636915,0,0
92237.39745458827,10,5,24,16.11105052343402,0,1124,92015.79506184485,0,0
52229.001373367864,15,3,13,13.208726583578777,1,3549,136749.784808517,0,0
5460.785587731296,7,6,9,38.02194096874075,0,2812,130881.38823869133,0,0
13532.158239394394,4,1,27,37.9114799819332,0,83,46224.17833159577,0,0
15290.391705580814,19,1,6,3.886215211527359,0,533,187590.318810623,0,0
32407.40945480125,3,0,29,3.812857025013992,1,1740,68448.57852856559,0,0
29710.206543026852,11,0,23,31.720753430015407,0,471,136243.5308951344,0,0
78281.29453388054,9,1,22,30.80126261163656,0,2735,19208.865863678744,0,0
288418.87609335745,3,2,21,5.1026633197440034,0,1692,18882.146165187813,0,0
197804.82424676983,18,0,17,36.84129277541557,0,2751,112311.77350179131,0,0
71164.31894824076,9,1,2,13.080495994952566,0,3008,83220.32949469733,0,0
1744.9622767291073,18,2,26,12.697154685897214,0,2871,90237.4933319481,0,0
7085.056369057132,18,2,18,84.94095595753481,1,3596,21594.737032124427,0,1
196862.24822466532,10,5,27,14.646685103392155,0,3003,40815.75028735068,0,0
33355.85228390377,22,1,25,2.9478634325421234,0,2846,23913.430297839976,1,0
38285.820720613665,12,6,16,6.574410151831168,1,1292,5644.607270919253,0,0
15056.415132944649,20,6,6,8.119768352605218,1,1767,18246.576816315457,1,0
25246.090501591294,1,5,3,63.62530983923547,0,2215,426538.2660231114,0,0
28393.997419603962,13,1,3,6.131519104823449,0,2322,21330.229641759244,0,0
53118.72982640941,19,3,14,11.256521585598387,0,2297,13880.988494351113,0,0
97589.61381358079,17,2,10,27.6967524118829,0,2430,95489.27604135023,0,0
43565.02557856877,15,4,10,6.406758590500657,1,792,73733.29947985821,0,0
59758.842610975815,23,3,2,24.18922699178035,0,652,109637.7963335674,0,0
20077.081895307125,3,3,7,4.651699541636002,0,1362,84829.77125772412,0,0
5804.202329157066,0,2,14,5.5550962458606135,0,2694,20184.514228854492,0,1
42807.94609985938,2,6,17,85.85386726540187,0,1800,55596.8726097567,1,0
6452.941586314845,11,2,17,9.207226418337942,0,57,15549.213065025444,0,0
35627.52207140682,22,2,10,26.163429209114383,0,3377,23392.837753693133,1,0
181768.5390821879,2,0,3,36.65951794809484,0,3215,346919.29748923966,0,0
45717.561036012296,20,1,17,8.519040256639785,0,2567,104356.49026982496,0,1
21475.60320547201,17,6,13,8.837483995975221,0,1245,122173.52849798305,0,0
232347.725651253,23,5,27,29.66390061716353,0,2106,2441.6159337479107,0,0
101984.54965003816,3,1,16,18.678981752492785,0,309,38518.686087968556,0,0
444405.5372978007,16,1,3,8.980564515986464,0,921,64819.23421064314,0,0
35703.417910091586,11,2,15,27.691202396704494,0,3277,12970.839800746991,1,0
22360.499996409024,19,3,28,39.85867346202451,1,3517,150998.08915376966,0,0
35373.68118046605,7,2,25,5.3585898420818845,0,224,12028.650037427664,0,0
167393.56836313684,16,2,7,0.4931530089302021,0,2700,80959.2824223154,0,0
16431.881772790595,13,3,13,6.408157112005593,0,1136,64449.24630907966,1,0
27585.667636920323,21,4,25,22.44721974848872,0,3609,151404.14392317834,0,0
120943.08690424831,19,5,7,49.36152201887254,0,1683,29895.309546575874,0,0
133941.2421702167,10,0,11,39.76488681836295,0,810,26735.362391908853,0,0
319032.0903663904,7,4,14,5.024961153516713,0,2295,149879.1046842206,0,0
391963.57506949676,0,2,25,42.572663714911904,0,1104,20021.22764511104,0,0
108924.96126808577,20,1,11,33.29179600646309,0,524,109646.72032888437,0,0
45066.32592423315,16,1,29,26.515348770498022,1,1724,16970.933690062317,0,0
60333.237535211694,19,3,19,23.309590627178597,0,3043,166801.63002121425,0,0
57851.169025309,17,2,7,32.91088873108829,0,3620,146139.65313660883,0,0
49000.71349062244,9,6,22,39.57086858694009,0,2200,123891.15362451067,0,0
41286.02231133856,8,3,2,34.19748530539083,0,2849,54098.68678754558,0,0
18380.304653118324,1,3,22,2.598719389308826,0,420,2754.0016730947527,1,1
45595.720374611206,19,0,3,25.613820885496168,0,132,11367.972427282451,0,0
348120.64556201856,2,3,2,36.81532495291672,0,483,48793.51776464717,0,0
213839.64743372638,0,2,21,4.10867614231474,0,3506,3570.3088839839475,0,0
96057.34909971627,0,0,5,4.810818850487346,0,56,5246.106555265088,0,0
21419.121910071124,17,1,27,30.833433474451564,0,2166,10728.589842269988,0,0
210919.78408910515,7,0,18,8.429731380767914,0,370,24179.994700531068,0,0
37377.16920386106,17,2,16,10.20654845868285,0,3336,110687.13449647774,0,1
78903.02394687774,0,5,3,9.46928910087802,0,701,3933.7401170185426,1,0
242808.9222254251,21,4,24,4.786284412150376,0,520,329030.31918643863,0,1
40750.23402132307,16,0,15,55.87029660800876,0,647,25597.637727610672,0,0
244579.44090331308,9,5,21,32.78351142896415,0,1433,30876.269853470796,0,1
26804.724734905296,8,4,24,5.768022807965449,0,944,22789.271365565703,0,0
264090.24844908674,21,0,26,2.242940363561524,0,35,73782.84920305785,0,0
44420.407402546894,9,0,20,9.323744522009761,0,2639,1569.4243307528304,0,0
46936.57668311355,21,3,20,10.733415884853503,0,1682,7859.275887056211,0,0
80521.44063280906,0,6,13,0.14234806267237343,0,267,8320.24291135733,0,0
42621.86910998375,15,6,6,43.634297679848004,0,1246,87378.39804181989,0,0
59780.50229429969,6,6,26,38.114321637175756,0,1437,31981.119742755178,1,0
69579.86428687711,2,4,16,37.96418328315413,0,2647,46028.304925955366,0,0
67534.5669023657,16,5,11,32.77766958335617,0,2303,239615.9586396641,0,0
324700.41276627994,8,4,14,26.419567206622894,0,610,17855.771902242905,0,0
33099.111934702545,14,0,15,20.13091249158066,0,467,5822.585247783435,0,1
33488.490886297564,7,2,21,64.52267065124707,0,2832,46589.05693564389,0,0
181967.56650251726,3,2,5,24.877148950841207,0,2566,14337.139550781216,0,0
49759.49396371858,18,4,25,19.898297908201563,0,233,12500.23156020145,0,0
7601.440476110815,1,3,6,31.101370431613308,0,1039,42228.530938939184,0,0
65634.0878013374,1,3,15,5.654323783925172,0,2377,88608.48635878124,0,0
79901.65244188684,12,2,19,68.31335304888563,0,3613,22255.712368048513,0,0
96153.06341509357,18,3,11,0.38695893819969746,0,1216,166974.60704496372,0,0
26800.13594330658,0,0,20,20.905505001010948,0,2794,36009.548277229245,0,0
362157.3721046356,22,6,25,1.6045621732176996,0,578,217506.56413026675,0,0
133567.07233488615,14,0,6,38.388116513881855,0,1903,54244.17929097765,0,0
127346.82995014692,1,4,11,68.61671770124372,0,3169,103785.90768883454,0,0
206256.44745707573,15,5,8,10.505616295321303,0,2278,151246.96801501274,0,0
2647.4953696253497,21,6,27,38.9212607395923,0,2263,60354.14008359441,0,0
94969.81697045383,13,1,23,8.181071116476339,0,2189,151942.29240596536,0,1
170285.28881914905,5,2,12,3.472875028868037,0,1492,37982.872379643544,0,0
3497.841925899916,10,6,17,6.47722482245785,0,1095,36129.613150847304,0,0
141118.44212433434,13,2,1,7.186195795017458,1,825,126414.9501694967,0,0
457534.4442564657,19,1,10,19.92118824518679,0,1024,22088.714661142003,0,0
89995.08322227678,3,3,14,31.807224481899876,0,2001,100995.55213398398,1,1
55285.040712554524,16,6,7,4.593711761895313,0,1715,6417.620824884345,0,0
60441.92802759768,15,0,29,1.8468295957571974,0,2773,80765.7517487739,0,0
113781.30248045926,5,0,18,5.011627043291332,0,1564,227660.54713948918,0,0
84386.71952984376,7,2,9,7.034823341487643,0,2173,48773.0247085084,0,0
154914.3870078529,12,6,28,6.564933668475979,1,3413,43023.55133063869,0,0
54755.45515551678,3,2,16,4.967957105658741,0,881,62216.42154411067,0,0
54012.51109190044,15,3,10,12.547196507633755,0,3329,101713.37131586087,0,0
137028.4708356068,16,6,12,38.75645706486961,0,3025,35557.63893764321,1,0
103709.96036231563,3,3,9,2.114956248671193,0,864,10.401577839547528,0,0
150551.95849711224,15,6,14,39.61438407145346,0,2392,55786.025386731584,0,0
218181.73995236924,1,2,28,13.743637409289091,0,2247,43478.67188260261,0,0
30571.820944181676,19,3,2,21.603741977183574,0,1187,60863.23049066784,0,0
37838.88088996888,23,1,25,33.787717224002726,0,1316,100508.99386043243,0,0
74855.57556132133,12,0,25,7.257509223034004,0,3598,26657.99907396196,0,0
266574.9488060305,2,2,10,61.684540913587156,0,184,56297.780300328304,0,0
179992.0075465618,20,1,22,1.7490207441913133,1,1086,23376.851575109904,0,0
63194.99589591854,9,1,21,15.001397154355756,0,908,49198.15507796334,0,0
85124.97302020613,17,6,10,5.882143218572101,1,1639,33793.330952417324,0,0
124587.21971952051,2,5,2,10.483158687260595,0,1879,36841.189721303206,0,1
73956.83319658876,0,4,6,11.915478181128641,0,3581,69278.43326639195,0,0
10363.835601418688,22,2,11,49.18752049885133,0,142,93594.31227389676,0,0
43500.22471714308,10,6,9,11.652932800911548,0,1214,1019.1439012478821,0,0
4878.3051746345345,4,4,3,23.9431131981193,0,630,167412.6733653867,0,0
110825.46966151014,2,1,19,60.63264988581963,0,534,36246.738134993284,0,1
41116.70095565207,10,2,11,13.645433922309476,1,2541,82538.44383035853,0,1
134079.6061708119,0,4,4,10.495446192033207,1,625,10444.459557254391,0,1
56161.05633838358,14,0,15,72.21500661416609,0,2077,67788.96403910522,0,0
4666.017787283227,6,2,26,35.16761826136454,0,3528,90770.54930356084,0,0
47741.669625683295,23,4,27,56.19265997149357,0,2398,13704.646663095398,0,0
24678.91160985245,1,3,12,10.12423324738911,0,2747,194574.33177790244,0,0
24116.846694047163,14,2,4,23.835904430264648,0,2902,113329.20404397193,0,0
47418.81093976689,17,5,15,5.743259457288778,0,527,61071.76343648754,1,0
383165.621173069,3,6,17,40.17176136836494,0,111,14528.084761179902,0,0
322060.8711167577,0,3,18,54.08490229425993,0,1625,160525.8465306405,0,1
162685.99421386753,8,2,22,6.23584682799697,0,2295,5687.546418931833,0,0
28165.65958737197,8,4,5,2.21712081930397,1,2119,9788.920290105567,0,0
144362.31101649572,21,4,10,4.481248113510883,0,113,95832.42992673903,0,0
1548.268918546631,5,5,20,20.038722513050445,0,2514,23427.453607176594,0,0
5799.89445684094,13,2,26,6.354120609495942,0,1420,49193.90298644073,0,0
180626.0701639886,8,1,9,20.355997641434822,0,829,61932.9835047151,0,0
83065.58470554498,1,4,18,8.621465365102885,0,47,49033.711846694416,0,0
46729.95685634547,8,5,12,49.73868031784627,1,2842,7009.826046829963,0,0
134883.81263073185,12,2,8,12.05142502867633,0,581,106992.54600303019,0,0
12144.810051016906,19,2,28,13.768047218922707,0,2291,21953.91690074293,0,0
33783.42094249001,19,6,11,8.556207177971137,0,456,107315.37227034071,0,0
130051.51377557305,22,0,4,1.5168506422852919,0,2980,160370.94334002226,0,0
23214.497147946313,11,3,9,13.609998984834618,1,2231,61494.13677121939,0,1
91789.86010006747,9,0,4,29.776684046123894,0,1349,98036.5388394889,0,0
59359.73652307024,4,3,18,61.15843234190224,0,1366,3010.981198771732,0,0
22610.270544830437,23,3,14,1.5933272778479834,0,2007,2995.2272556497182,0,0
219267.9310990921,11,6,14,31.930189559433376,0,1608,17568.21509888173,0,1
57186.37172526554,0,0,22,6.21386826873275,0,3059,35501.13446736949,0,0
91339.48679570576,22,5,29,34.61146444335296,0,1427,16148.131823481262,0,0
29174.047716040004,3,1,28,8.371419421432002,0,3014,80619.92646088288,0,0
42587.95036836592,12,2,25,2.430548639659374,0,2811,25935.25031785799,0,0
5022.422241345664,17,4,23,18.935989575671876,0,703,149534.98110289534,0,0
66012.70602865683,1,2,1,44.86829221559455,1,2686,65788.30124203401,0,0
42288.506915628146,10,5,9,4.00780798534816,0,3250,37995.44491600849,0,0
39958.80683938001,21,5,6,0.44092497419276966,0,1265,178852.57915033834,0,0
220675.95083894598,3,0,25,43.056032629847174,0,633,140989.90845115512,0,0
121695.63881681609,17,1,18,23.935284796429272,0,3153,137199.49630786473,0,0
61117.929921937175,6,4,11,33.077848094968914,1,1871,104259.63230769044,0,0
21734.937908004427,8,4,7,1.2340572252717834,0,2343,76197.86718631191,0,0
362127.3310053564,1,5,24,44.22844689669237,1,2661,36560.47244308731,0,0
7770.783379048171,3,1,8,10.865462413625234,1,2207,43937.6600378346,0,0
14630.52436178396,13,6,21,45.58072452628881,0,1430,83331.08310471402,0,0
31515.130661303563,16,4,23,1.342564740052112,0,58,15183.601021033852,0,0
309066.63412603876,0,6,23,43.22305000113727,1,3609,140734.68802112105,0,0
32695.26395266146,2,4,3,22.378945352896075,0,275,223319.1802457166,0,0
67614.51811350905,0,1,11,16.160770798388683,0,1078,8250.250178173672,1,0
143198.12077029195,19,0,11,1.2754338924445816,0,3271,1816.9319261642333,0,0
264769.33852531057,21,6,2,23.32182445091279,0,1026,12317.405356079627,0,0
92909.74116153,20,0,15,18.214831771960565,1,1359,114136.8501274961,0,0
48495.874602164346,12,5,15,25.91364370527517,0,3094,9127.577982710462,0,0
423420.33634525473,13,6,5,25.226164107179837,0,2542,37249.00584418672,1,0
2651.095554707134,11,4,20,11.730185255856549,0,166,5216.314625175374,0,0
178482.2583827612,10,0,8,4.5802452047727735,0,117,45329.22184978474,0,0
32494.072787162044,17,0,16,50.258301675537815,0,2823,74078.8194997168,0,0
170074.11006686868,1,4,12,51.96318766122347,1,2391,79218.58054507553,0,0
17693.633707380373,2,4,14,4.763400214586076,0,1602,58536.9622723453,0,1
42590.01103181248,3,5,21,19.920391048678088,0,289,222589.0327826922,0,0
5759.873921088644,8,5,13,4.534763483215108,0,338,60595.49302079113,0,0
22267.148286151354,10,6,9,39.49795689158179,0,1145,156854.79368797352,1,0
92329.60529091147,21,0,7,2.0675456213023082,0,876,397242.3799992407,0,0
143339.45907121894,20,5,27,92.50211255788209,0,3207,20882.733364229873,0,0
242167.04118642397,8,3,17,18.87642042650613,0,315,24689.080249126146,0,0
12747.609074999642,16,1,2,0.4635830208586567,0,504,59029.73129055268,0,0
15148.921899969515,14,0,8,42.72503519258941,0,1291,16108.449584318434,0,0
279320.8680449331,8,6,26,23.069282156406004,0,140,66431.99448355967,0,0
145232.5875996196,6,0,13,23.90173768513877,0,2533,92259.81677439102,0,0
77598.86224042175,7,3,8,6.432563850515077,1,3457,4983.873412672843,0,1
64764.92205948122,2,2,18,8.213463634631776,0,1145,91504.23061750867,0,0
17163.793481060082,0,6,13,49.165452970054176,0,2037,13897.511785822317,0,0
47690.956181209025,3,5,23,20.15485626581995,0,257,28456.159966227555,0,0
46617.858762453376,16,2,8,0.34199008405029757,0,795,107400.5186980966,0,0
104510.89485626493,0,5,16,7.932298051577396,0,247,14290.908055454045,0,0
91355.68679386332,3,1,20,18.253108444241754,0,585,60688.79717379852,0,0
6156.8035928823165,7,4,3,3.2035281477884276,0,449,71167.09530243148,0,0
188703.85703236228,16,0,15,2.069270759999411,0,3036,14364.386839646086,0,0
277335.2694966344,11,3,10,1.2244243921647093,0,3392,25702.57722423539,0,0
151507.53706926425,21,6,25,19.916407272916924,1,1585,74606.60238184837,0,0
19648.260858991194,15,4,18,7.7308286844946466,0,2768,49472.64516446276,0,0
18894.544165494077,4,4,19,9.357834202816143,1,2929,86300.38106196754,0,0
129503.66182921646,12,2,24,1.2383670561078464,0,967,154325.671652605,1,0
58136.901085158075,12,0,2,26.789652547224925,0,3235,11605.208549033649,0,0
150870.54390981133,11,1,21,29.11347076588224,0,1977,5860.100959869598,1,0
7847.952558575456,2,3,10,35.37284158676258,1,169,87903.36090628958,0,0
126031.91608345852,11,0,28,21.091717437894005,0,2595,117798.26867083427,0,1
55181.42240838589,23,4,16,29.681546329299877,0,1328,47726.221857455326,0,0
3147.5075451472703,19,4,8,17.21836987025378,0,682,40058.07312930543,0,0
78780.50766633205,19,1,7,13.53119277904689,0,2504,72660.22126849709,0,0
120076.41259054751,22,2,4,6.017036037725838,0,2800,64139.51457773199,0,0
75128.39316964964,23,1,26,1.0970984722545376,0,2896,53894.34382015996,0,0
13111.139967266994,19,6,9,6.901195146691265,1,1380,136610.4358034064,0,0
169232.57341068803,10,1,2,23.016617895681687,1,1375,15244.473465879544,0,1
38138.46298850444,9,0,29,52.300740423132495,0,3183,91457.54287016476,0,0
254414.55550672623,15,5,16,5.920031034533864,0,2652,108179.18509762113,0,0
237381.75026213125,5,2,29,22.16411197419835,0,2339,185255.25620249403,0,0
22359.671089631647,16,4,7,13.011129454482992,0,2321,232179.6496383777,0,0
64696.113431794176,12,2,23,19.752964614266258,0,687,56720.2789307635,0,0
14776.422791921239,17,0,15,0.03246319029453352,0,2334,45482.031130311625,0,0
113241.8294990606,11,0,23,2.6170566257489414,0,756,56079.60180017351,0,0
190998.19803591748,4,5,23,4.892991228386331,0,2057,105514.56527521173,0,0
104518.51605406687,19,6,5,44.78304249208517,0,791,1385.640516684365,1,0
30174.698638260317,15,1,1,0.827435689113462,0,3117,15306.782131291675,0,0
7938.389826044859,2,6,20,16.862379009255292,0,3137,190587.70559127,0,0
7177.582208664416,15,5,5,52.80016434444404,0,1164,17396.249833544105,0,0
94399.10703732431,10,0,13,21.115074656333938,0,2385,20751.762878250534,0,0
306462.37925085955,13,6,26,13.248640063683455,0,2734,224361.80900497714,0,1
118835.5976748875,21,2,20,9.754939250514136,0,673,27882.97435288287,0,0
131165.5150831297,21,1,13,19.573707419323366,0,1302,27449.126576724713,0,0
39943.383632691526,12,6,23,13.093348320225166,0,1034,205855.86159693327,1,0
88198.24406803447,10,1,29,24.44354630049906,0,3418,37610.78626315861,0,0
38067.49193241457,13,1,18,19.23489481144184,0,1422,54488.32240801296,0,0
231938.2859377205,9,2,2,16.75923653769677,0,3289,65752.54096221972,0,0
14215.58845089688,23,1,27,62.843100893158244,1,3567,162167.65074240093,0,0
99973.89127955023,17,3,18,36.12024229251905,0,1675,6459.6267566409415,0,0
131246.7246525757,6,3,10,18.773689247904663,0,1427,24181.0269840053,0,0
119895.24468989299,22,2,3,15.471975999290834,0,3307,70746.18322031769,0,0
29748.55299459694,17,4,21,25.74301230673234,0,1331,45619.55435754417,0,0
66559.37539280888,21,5,10,32.58419598306228,0,3100,26089.52458317397,0,0
108870.20520116846,20,4,9,6.997876513758536,0,2331,42162.12686088217,0,0
267282.4943357199,1,1,3,21.98908383430617,0,2556,271084.5337941706,0,0
69246.73823954632,7,2,22,2.904086643711633,0,2807,1700.5520484351425,0,0
35740.20960053606,22,1,6,11.258220564941281,0,907,12717.267249869003,0,0
48860.91372490149,14,1,11,55.75372839445172,0,2198,1506.5096049118986,0,0
77940.03609133374,5,3,6,7.8993883072365625,0,3225,71993.37285746279,0,0
374476.45677436725,20,6,5,3.350274924011922,0,3038,1041.7028321069372,0,0
98975.323791871,12,0,14,3.1598978596381997,0,1472,48413.24509611773,0,0
16810.64648647328,4,2,2,10.00854978199798,0,935,156831.0345025097,0,0
185242.76544916705,21,0,1,5.102395586595222,0,3335,8180.780875563265,0,1
20021.73726444812,2,3,5,11.134627177566333,1,3321,36352.35366410424,0,1
3951.680390468309,14,0,8,25.379878892230753,0,1926,37984.94752208417,1,0
10559.382521693378,23,5,10,43.81367804527186,0,2962,35985.248625307,0,0
154234.8433630311,8,3,21,2.3344189549336574,0,1439,103998.19121837565,0,0
232172.38266152705,16,5,19,29.25558306443875,0,1854,353.54799352361465,0,0
31225.247239622866,16,4,3,2.1846998918560385,0,2365,121117.51935028716,0,0
68937.38500782984,12,3,18,9.542475058973954,0,2222,146128.61533048758,0,0
90937.22594172772,17,2,7,113.37644876010977,0,245,45175.19013891301,0,0
54247.18173506241,19,4,13,1.4229983008524756,1,342,174540.62154175187,0,0
6755.535376550456,4,1,14,0.46293733860521413,0,9,38377.04277908155,0,0
5832.081247017276,12,2,18,8.118764403286953,0,479,94922.8002849017,0,0
58044.25543305165,6,2,22,60.368078541654356,0,2070,39389.73993335203,0,0
159883.2603777835,3,5,12,0.40483772381666067,0,1845,3086.2462039509396,0,0
8842.663545592603,12,6,8,5.038874293493404,0,277,6969.030396280557,0,0
23026.34802495574,16,2,24,18.48456256262618,0,2979,46678.79033571058,1,0
31439.281264680674,7,0,18,5.32502312753227,0,2815,369186.0780519479,0,1
81899.62011166397,2,0,6,1.1061872509223447,0,925,15638.074222571324,0,0
4415.674197305468,15,1,12,1.0773996801591992,0,3157,180748.22339875763,0,0
196641.86735222756,1,0,3,16.381435836741773,0,53,201454.76101747755,0,0
63625.034267218674,0,2,25,16.50588365121273,0,1598,42163.01570231986,1,1
66403.99633886198,7,5,3,24.51576868868638,0,3133,49565.79189136293,0,0
39529.55028655154,2,3,16,2.825307465926433,0,675,55904.32280753867,0,1
23826.048438193822,16,1,17,13.857012208460395,0,855,117715.71536223486,0,0
45203.65654452545,18,1,16,18.373329441938687,0,424,10565.967064274693,0,0
244645.79155758995,23,2,13,5.030239599680434,0,2028,31875.656318925234,0,0
9897.078434897236,15,4,25,15.852397791214843,0,2007,14974.090159078041,0,0
6265.079906548666,19,6,13,24.63636099122467,0,1106,168570.77525773537,0,0
12154.795475803685,9,6,24,93.85955577359786,0,571,5850.23347354412,0,0
150048.27724495454,22,0,12,18.147744964639887,0,855,110172.2304692852,0,0
4962.778614796661,23,4,29,39.49309857064006,0,769,46348.51182731981,0,0
40521.299621392616,14,2,2,35.875960851578,0,1523,100310.24827360689,0,1
55314.01119887208,6,4,26,56.3573786786023,0,3244,176505.85313140918,0,0
70747.14797513014,15,2,14,25.678770081800145,0,2106,33200.31441718836,0,0
320.4379907415909,16,0,10,4.7930925756535405,0,3284,20598.242997299025,0,0
66702.20869720016,19,6,19,7.079033897285347,0,2230,84035.7499956787,1,0
21681.90487229727,12,0,23,30.713060754626866,0,1817,480148.0953240475,1,0
10300.44078166875,9,1,22,14.713694046629001,0,934,104601.1437894336,0,0
76206.06628741838,8,4,24,5.7885691821286525,1,409,127022.88437183856,0,1
136316.08036548385,6,6,26,21.381283695791886,0,486,79509.31850727914,0,0
272952.2182478893,11,4,29,47.40355776883909,0,7,36732.496479593654,0,0
243794.10461539394,0,4,5,8.853680118055436,0,430,85054.42701827687,0,0
50915.47308852043,23,6,16,18.138933675536254,1,1360,11007.764269487952,0,0
121759.09480072283,15,4,5,17.42159315174929,0,2678,53682.37327278834,0,0
118947.90769019989,3,5,2,2.7158141765018455,0,3619,68088.6117622576,0,0
53120.80422535745,13,3,6,1.8915986903641222,1,1019,189797.6864979607,0,0
10337.404910566309,22,1,28,44.04154517751677,1,1119,201778.1138184544,0,1
48128.12476547117,21,1,12,54.22216487895237,0,3073,4960.629567839845,0,0
487408.0547162195,22,3,27,46.91857782310593,0,3476,79947.94981377083,1,1
80975.89330646623,16,5,13,10.105315317238636,1,1466,127324.20310815226,0,0
41762.525321170244,11,4,13,6.782878616937047,0,1829,61507.013254079546,0,0
136185.45682473906,14,3,27,57.005739772187454,0,1432,8044.889121285548,0,0
115940.03858730804,21,5,21,42.87787221732649,0,1649,21193.249913727064,0,1
86464.72899950898,11,4,25,34.27568338153458,0,3448,30108.70346210821,1,0
101454.49062342069,2,3,14,8.134868531960946,0,1955,86966.18433814083,1,1
87932.71557683381,9,1,19,20.363291731248378,0,3613,5426.211872684712,0,0
312988.1726531296,19,3,15,27.75953757562879,0,1910,63813.10942739583,0,0
71158.39631161987,16,5,21,17.167715927934168,0,2711,9226.984888468265,0,0
89206.38691221394,13,2,3,18.42628322888196,0,458,40217.986965462806,0,0
63800.570085778105,12,4,9,28.268196324625375,0,3038,44348.252478202274,0,0
91684.64899172114,12,3,25,29.119576427694227,1,1944,48094.73184572241,0,0
221482.06480262286,7,4,10,5.487386048978027,0,3150,99270.13541250421,1,0
41514.36452438226,13,0,29,9.908060620342221,0,3443,6774.632738104438,0,1
68498.6309523714,1,6,7,30.390520237543384,0,2173,24984.468720074223,0,0
59531.46491227069,18,4,14,6.0612620013274485,0,2891,81983.55539060304,0,0
50746.00962012818,22,6,17,49.44232773641984,0,2970,229974.0486911633,0,0
172057.75312305137,1,3,25,36.51376490204069,0,1208,77574.79231504611,0,0
26389.41439156683,11,4,14,45.16298426867409,1,3604,171897.2334277784,0,0
69298.31951315943,19,5,25,7.056502104559619,0,322,276382.8351610858,0,0
258540.45203436015,11,6,10,2.2212461427502688,0,1057,172267.25056033273,0,0
17584.834151279658,22,2,5,2.120339741215999,0,3503,286637.32834843994,0,1
465.53056446610157,18,2,27,16.234449887978496,0,3053,120061.54845757532,0,0
30818.899738913857,15,3,18,7.29386698937621,1,1526,174540.18496464432,0,0
255504.62345546306,1,3,29,6.1175096958583195,0,685,54095.581429044694,0,0
9170.361225860173,7,4,17,5.030999250986522,1,721,33903.247496031916,0,0
14742.682712763977,1,1,18,16.515184968729134,0,3270,651824.3016583952,0,0
38616.2196764426,9,2,4,15.885676220963811,0,1804,8229.969002279957,0,0
146838.824041523,15,2,20,10.974450493291332,0,719,253986.11768861138,0,0
139143.05661081173,6,0,1,2.9802124073722687,0,2360,45092.316436752415,0,0
9109.638447099838,18,0,13,52.84379051147066,0,323,1811.009574947967,0,0
271571.3902938648,19,1,29,11.17008679548756,0,2966,129970.79634763679,0,0
27288.38547127878,21,2,24,2.639618645793763,0,1958,46990.142918233425,0,0
32938.888239513195,2,3,10,0.7556768533505455,0,1877,128231.20507051933,0,0
48844.08949339668,16,2,28,3.3114906476926014,0,1763,3668.1423553652594,0,1
100646.91977623265,7,6,15,7.051559296737508,0,2924,292424.74880584044,0,0
73670.09276734172,3,3,24,19.89010139354766,0,2091,88945.03191247379,0,1
263966.6127252514,0,6,24,70.7648728254358,1,390,3934.898632455263,0,0
83153.75720220475,17,6,5,6.35094393306474,0,907,372.6084853561383,0,1
194516.96489893275,21,3,26,31.194322868908234,0,2577,72112.48077457827,0,0
8143.11209403543,0,1,18,48.469384684124186,0,2276,300058.0018034828,1,0
193726.14014712465,8,2,4,9.937552848947929,0,223,59386.908190744216,0,0
22028.90689402817,13,4,1,5.841128357303632,0,1643,34943.383322567,0,0
45028.68027913167,6,6,10,13.508774087765342,0,3469,223653.43837962553,0,0
38549.57811172326,7,2,17,45.40470053841236,0,2552,330581.72208026855,0,0
41140.500599377665,7,6,28,0.22085227996254927,0,2224,122777.90938973076,0,0
250937.6839959525,21,2,26,13.335226463612564,0,3293,101243.67702129224,1,0
58266.848568042216,23,6,3,28.342929567640738,1,422,165.26678105257875,0,1
31193.136460523652,22,5,4,18.382416113115397,0,2900,30113.212260010463,0,0
34870.96132910251,0,0,12,13.756801106086652,0,3366,207409.5890250577,1,0
162626.08981012844,2,1,27,16.13138882851771,0,1329,36726.46350043741,0,1
77460.52108218537,8,4,28,19.311282298812216,1,1123,32586.897017737258,0,0
59692.308954802254,7,4,11,22.91880517609085,0,3303,61633.47897991743,0,0
261474.95710928616,4,4,3,8.806895439821771,0,2924,47505.622489990245,0,0
265937.0051901811,0,3,28,14.570287713046017,1,1842,156605.03458513715,0,0
141107.17751032155,1,6,11,6.39226893726737,0,525,6818.149059685934,0,0
72982.46794929083,9,1,3,82.69090059203245,1,2907,86011.04287686915,1,1
12399.035634311113,13,0,24,4.147571167883233,1,2179,95572.0280757434,0,0
123082.96933406635,14,3,4,3.2658487143748265,0,212,169696.29323839926,0,0
168800.68337680754,9,4,3,6.261974478838297,1,3100,42998.81550500916,0,0
191082.4581048956,8,3,25,50.528140113790336,0,1862,27965.204464057526,0,1
87195.15898214874,11,3,12,21.509015474230075,0,1966,78800.01913121279,0,0
95930.02498755026,9,6,12,12.173456323064745,0,302,103256.93961838874,0,0
123543.23112234504,23,6,17,51.91106425880896,1,2697,15000.81009125275,1,0
207090.90450378874,8,5,24,46.08116204733541,0,2494,13773.56897961774,0,0
4648.79200626169,17,4,21,10.269666577928362,1,1697,24478.887529948344,1,0
82833.009758759,18,4,8,16.585797908614516,0,2564,22792.721222114487,0,0
46060.18806342819,18,0,10,47.15645617176715,0,1421,111113.13736973933,0,0
179071.53801198237,16,1,16,7.695571031695713,0,3124,60521.48728657289,0,0
14365.231291832859,1,2,19,10.46934491495945,0,1702,63488.83939098708,0,0
240463.2828486382,9,2,15,31.502139894953388,0,1857,1184.905113423653,1,0
13239.673570145336,4,5,22,23.988917683272884,1,3374,412789.1895314171,0,1
9357.107021493384,6,2,11,0.9974732507673012,0,2521,141657.82123884268,0,0
42541.15133595556,5,0,7,2.4971296944294927,0,1921,46910.699362089355,0,0
524462.735718905,1,3,24,37.45035281366277,0,672,5537.907787634762,0,1
100458.30786424919,7,4,7,0.6037980227688907,0,362,94808.9390141043,1,1
2679.4353034626306,3,1,23,50.496882101803344,1,3249,61265.36890584328,0,0
28670.1805761054,17,2,18,6.3422932506465335,0,531,90541.82289657363,0,0
16153.751210327744,3,5,19,18.244937505850196,1,510,90551.39371595638,0,1
100.47456749681359,7,1,16,16.62892454721607,0,3252,13448.347062964469,0,0
72348.42738789477,16,6,22,10.09202590828059,0,3495,31896.224133353106,0,0
47982.39647488132,13,1,3,0.6388334067109678,1,3262,1433.572236218436,0,0
95005.49886793288,7,4,25,4.275532683448714,0,553,322567.39850619517,1,0
24381.094692781793,13,5,25,19.08886158201901,0,844,131383.9560682686,0,0
177817.0735205593,7,0,6,11.825273872858585,0,3220,211390.6141339921,0,0
48315.07246957764,13,4,1,10.68314899191547,1,1558,3610.722003973433,0,1
65952.80824285939,22,5,1,2.0562286974129043,0,610,55507.31309050298,1,0
131858.31493776749,10,0,15,8.527466139001211,0,2135,110086.535301401,0,0
18171.98852501236,8,5,20,14.949134155069947,0,620,8758.831854454898,0,0
30427.684849903002,16,3,11,1.6175370332506744,0,312,120077.88175095015,0,0
16812.519866646,16,1,10,1.3804807099216356,0,2323,83416.88828953792,0,0
146136.97489129845,11,2,24,13.527901015050483,0,3185,335738.3764374994,0,0
10261.076018100288,19,1,3,16.476609176747626,1,1858,12146.411050678838,0,0
67139.14861758496,1,4,4,5.95846010176076,1,2370,79384.07229360324,0,0
138593.29771166763,23,5,12,7.883571238431937,0,294,235200.13774189897,0,0
70879.26069795658,16,5,27,31.878224016071655,0,551,108902.98531441877,0,0
71065.33145214131,19,6,6,40.687225814590384,0,3612,32775.68073107835,1,0
6579.237123710551,10,6,27,7.867628811318897,0,2571,10158.592644487066,1,0
152721.85554882206,8,0,25,8.792268558184178,1,881,265421.6955732821,0,0
92636.04858074395,17,3,20,35.47759228913715,0,1117,5969.583866026888,0,0
110115.47020176802,5,3,19,72.86627167546558,0,2581,295651.2422105929,0,0
145157.80469269128,3,0,26,7.730704151045446,0,2717,28936.342691653073,0,1
82238.56338951437,13,0,26,31.092042268552056,0,605,157467.00324723762,0,0
71054.36174225197,19,0,16,13.066700880285016,0,3070,64650.850189385186,0,1
108816.27971787713,21,3,25,6.123114506055467,0,3048,194972.1314563394,0,0
230266.6791224256,9,6,23,22.900572834210923,0,554,44496.37939991361,1,0
101748.55742205067,3,1,25,12.4184049543605,0,2700,151665.1148586402,0,0
155268.78494126807,14,6,27,6.243934030616004,0,2050,21785.13600131415,0,0
65444.920373650595,8,6,10,2.2685178238555856,0,40,50299.92141336019,0,0
89055.4616356791,11,6,6,40.34126912430666,0,3174,149821.48787600506,0,0
19863.34481005046,7,1,20,42.18446137949251,0,319,10077.869435460738,0,0
67044.2974617383,23,5,5,1.5584039473265738,0,673,104343.03147349504,0,0
16121.380151446647,4,6,10,21.77692487855964,0,2925,45939.841495110086,0,0
62927.409233903556,15,5,12,3.548529480454082,1,2990,57594.611737744635,0,0
6715.7075784925555,21,3,18,20.78725912273751,0,778,69215.86179054623,0,0
85851.10402079436,14,2,3,47.63628790284468,0,489,25799.5605057106,0,0
33790.28857036309,16,6,5,6.0279051359852795,0,2955,8106.991709342561,0,0
184290.8629513936,0,4,29,8.552043685189721,1,3088,1506.8507646837365,0,0
47202.76416872524,11,3,3,31.707588961686337,0,264,45099.036315146535,0,0
249827.46163281106,19,2,3,26.588739747921753,0,3119,25053.19982722323,1,1
64034.154272754175,18,6,9,10.507123131633287,0,2933,80176.23426664203,0,0
188963.4846715921,4,6,4,37.74974118736397,0,686,100684.98600310873,1,0
35278.461431658514,14,4,20,50.66148057205699,0,1284,56053.18874709436,0,0
60075.41935814011,8,1,17,12.053104101551925,1,2476,77188.35034902128,0,0
100420.8476979622,2,0,28,0.8050182066453411,1,604,65814.21859844257,1,1
29928.363105356708,11,5,7,14.244152770961042,0,3601,367.08499868933603,0,0
107098.25102933777,22,4,29,26.917061673769926,0,338,147462.03721264665,0,1
34052.37381521287,18,5,26,4.9701436807567525,0,2293,4912.809211207791,0,0
66221.58702250784,14,0,13,2.0945547759908143,1,2565,42256.791748347656,0,0
2364.7206559256147,2,2,25,6.715459642728947,0,72,9414.308536088529,0,0
8140.782138318476,19,5,28,0.23309079511415148,1,126,86851.09185605438,0,0
25760.71464279819,17,3,24,25.138453237457362,0,3253,31513.098346578416,0,0
164244.16052032379,21,3,12,3.158082838748388,0,2565,5904.828606245015,0,0
107994.0281021524,15,0,18,25.72167124103605,0,3107,3713.0759782909163,0,0
223912.33425936833,14,4,22,5.345775205616129,0,23,21654.64367877218,0,0
235084.0066327382,4,4,26,96.72215257515592,0,662,88032.65353782765,0,0
46947.80106174248,9,5,26,15.176997216205192,0,3440,101330.71769578794,0,0
45812.39230927989,9,2,15,0.8443521921269499,0,117,10996.765869793553,0,0
180632.33065233612,12,3,5,29.62783249155507,1,1979,11983.289003978907,0,0
55589.842850532455,17,0,24,10.555714232598334,0,2882,71959.98748287032,0,0
194631.93667814057,9,1,1,18.69527057809575,0,676,252221.48160970485,0,0
70507.77393980179,15,5,9,60.40591925266532,0,2627,64399.819157266786,0,0
55288.64482272725,1,3,9,14.565946304185282,0,2076,99511.98464667366,0,0
32721.309200355416,17,3,13,32.63125391480755,0,2284,68531.6258957223,0,0
13523.208879604786,3,2,11,7.213453263348483,0,3031,8859.847420168799,0,0
74634.18761560036,18,3,28,25.071739198653177,0,457,234192.0923072828,0,0
39337.61478690622,4,2,23,2.092171621101739,0,979,5976.585050904968,0,0
28693.598016175263,16,2,24,44.76387945983313,1,407,114126.0344425318,0,0
18592.02237776901,1,1,29,4.456557206970247,0,1518,310411.8297099831,0,0
49204.00513560647,14,5,9,7.188704563992262,0,201,30735.109698519744,0,0
81164.41845055194,22,6,29,63.50286444708226,0,1605,15063.65277454493,0,0
181416.43799659004,23,4,5,3.3734291101705782,0,232,66809.00524147069,0,0
171585.45608182167,5,6,14,5.871582102607519,0,798,126805.6044641602,0,0
193145.90196624646,22,3,27,17.358551186392916,0,1976,238823.0397668138,0,0
85857.29558528792,17,2,16,78.94678616193038,0,1596,94648.49715094053,1,0
81995.81819848482,13,6,2,23.51544894440766,0,2903,32742.56450019499,0,0
235537.0757792358,11,2,15,2.425057660126825,0,917,54552.236016606024,0,0
34044.57981258017,5,4,17,27.57582379292634,0,880,114570.5080734564,1,0
15718.091046375268,21,4,5,11.110026537792123,0,42,124068.02390543025,1,0
8640.22232056568,19,2,24,97.40601169105213,1,1129,6188.26775721794,0,1
212900.6927737326,19,3,10,19.815817317627126,0,1840,76099.49461655538,0,0
46485.40564594145,17,5,15,15.183854924997611,0,1740,273801.9812245049,0,0
69060.29593728775,2,3,20,16.295684705323335,1,2198,123064.95372451295,0,1
162485.63997777773,5,5,4,20.51998097682651,0,1535,587.9783247173485,0,0
46707.67884155939,3,3,4,26.32262955398192,1,760,20385.348725024913,0,0
202461.06166054925,18,4,24,1.6311835685838505,0,3401,47104.23827593081,0,0
38816.24703845365,16,3,29,2.800638531972652,1,1119,98007.39922385254,0,0
131819.55341658375,10,6,7,7.14715283906455,1,2098,64818.84488507198,0,0
110072.43329261414,13,5,29,13.000003889813488,1,1712,6438.505352350831,0,1
22482.760010203874,10,3,27,7.4522366392365305,0,1858,107234.91412396984,0,0
13295.762048016635,18,3,1,4.811851301783611,1,2926,145965.92960106744,0,0
11828.216775344186,16,4,26,51.81326711392035,1,1463,18429.34871328025,0,1
105243.6498170119,3,0,22,0.6628754184753992,0,2596,5584.3388824046515,0,0
1302.8261448379433,11,0,20,55.83891188248809,0,3019,125217.4236726128,1,0
108079.45302654794,3,3,2,47.555294360664746,0,2845,81831.35120951652,0,0
152310.3201724762,11,0,19,23.026452778855603,0,3556,130169.06687251093,0,0
36026.74333812199,16,3,4,0.661511966271836,0,2658,66886.93715795103,0,0
136924.256349027,14,6,26,5.107022880878384,0,3247,44764.56823576611,0,0
18078.62827844559,6,4,23,77.36071922779016,1,2681,263915.1939165652,0,0
323122.54542336124,20,3,1,47.278652101666445,0,2098,121115.58552016217,0,0
26405.173246779406,0,1,1,66.80503419914474,0,1545,42470.87222999197,0,0
67014.38843757173,4,2,3,111.05469689498955,0,2494,190459.3745548924,0,0
393715.1527562492,11,4,18,1.3203916282800687,0,1541,402866.97077292117,0,0
237664.04978836162,6,5,3,16.919559671694742,0,1031,29480.89322903526,0,0
107723.78318945502,21,1,3,35.931936353535704,0,2988,178403.88299961688,0,0
46075.4944403799,14,1,27,7.704691617613383,0,3109,3716.8182641155863,0,0
120426.73019521333,4,6,13,11.43837852106764,0,1917,19299.40870353802,1,0
61669.28529686189,23,2,1,6.674203255585378,0,3318,14035.20129475189,1,0
11523.12509848573,8,1,13,0.776316327328447,0,3571,35278.294910970886,0,0
158952.592228738,0,2,22,1.509850593769861,0,515,66156.70326873515,0,0
205269.49383168397,5,3,24,0.43349968161270913,0,1679,101831.49665347142,0,0
52358.49000107903,15,4,5,14.983536588837747,0,595,186481.89070275237,0,0
109579.51911924496,14,4,17,19.268856637018676,0,771,13810.069762392655,0,0
3083.314065717457,1,4,11,7.354766432319938,0,340,69073.76216175129,0,0
21971.21279865901,12,6,10,34.99108012159426,0,1359,64719.366629285694,0,0
84458.4031598682,23,2,27,43.78751245675599,0,614,49069.11601725152,0,0
32031.90771327463,4,2,23,3.01060528442815,0,3275,94886.08546486292,0,0
288891.7458950976,15,1,27,1.0664219849898477,0,398,57618.634709774036,0,0
181427.5837726079,0,4,15,7.695040644059689,0,4,63914.64923954802,0,0
106422.88708561265,20,1,13,24.964592464248057,0,2467,186916.99921663976,0,0
675916.9491772664,9,3,10,14.162125898003112,0,1928,157444.72886929702,1,1
27871.954600674653,15,1,9,13.392128909334847,0,675,68893.84095941238,0,0
251487.57190497642,12,4,28,3.3071744154626597,1,324,13588.097880788948,0,1
36322.98648689142,20,2,7,8.660450548811028,0,3620,254954.30652657422,0,0
90781.36459033324,1,1,25,63.83068974970388,0,3150,77977.15773371064,0,0
56981.01858343394,3,1,10,8.32729909443673,1,684,131802.18513893674,0,0
58557.53810579957,21,2,9,17.901958512282473,0,3648,4527.471554967074,0,0
143762.98632902314,0,2,13,1.2024090840966941,0,1529,181706.58949510907,0,0
42701.06859437957,10,4,16,1.3196821441725362,0,1044,94601.83580500909,0,0
70831.84513829494,8,3,2,11.041773494179223,0,3326,92522.5925634108,0,0
23789.38050204887,22,5,8,18.532496728142338,1,3257,9332.805027542314,0,0
144168.6821761586,5,4,28,9.315166452767778,0,2103,99823.74539089223,1,0
80280.92307279806,0,1,23,3.9449741090463375,0,2035,6378.648618815276,0,1
29445.642969648463,7,4,28,26.63289007854711,1,782,4595.5811122043815,0,0
30915.78093395399,7,4,7,3.017476819059506,0,2617,31484.654006277455,0,0
34748.41377087735,3,2,2,22.053414942742396,1,340,1875.3816084041314,0,0
120161.54193123529,3,3,1,62.80798914692358,0,2062,13912.586164267123,0,0
90409.54031293151,0,5,4,12.717834521797746,0,1075,103607.1875170544,0,0
172735.27977439613,7,3,23,4.473715931357105,0,3420,144108.65692551457,0,0
84753.43572057768,22,4,6,36.90090104597976,0,1895,15829.398107300658,0,0
36622.524895819886,17,2,26,14.083199863981102,0,3053,138663.03890898958,0,0
329333.54509717604,22,2,2,51.33674671495916,0,58,52395.71216272018,0,0
217247.12827370412,19,6,7,25.501219915925763,0,1401,253406.42914061443,1,0
32686.845826305238,18,1,10,11.263779488477121,1,3191,12001.573628604103,0,0
243832.42356108763,10,0,27,19.214482765726324,0,1915,4404.220377643267,0,0
127340.98470336544,19,1,9,3.725734236113267,0,2903,149187.665286714,0,0
53562.01342332851,9,5,2,9.795325623104512,0,464,35951.54717483802,0,0
62900.277014254636,5,6,26,18.021702193187455,0,2608,48876.75501210519,0,0
59127.95340247012,6,1,15,17.834003965554615,0,2459,57361.4274367053,0,0
159387.70206009943,1,1,27,17.69658582575526,0,712,139513.7992435786,0,0
19298.32348048069,22,0,15,27.21534547392597,0,924,6323.489553246145,0,0
6045.927055336141,17,2,21,2.2332373259927203,0,3512,64080.73549317131,1,0
69006.77500772975,17,2,16,1.5302159519710725,0,978,45049.306099990645,0,0
34306.73308371344,16,3,27,3.203861434268844,0,2722,33275.21935191584,0,0
82993.94591860913,12,3,2,31.442294419813983,0,514,34232.95967722091,0,0
382561.0060571032,14,4,17,1.3410468275333767,1,3063,213131.1877211601,0,0
111307.40525746511,10,5,11,5.103922778946636,0,3096,24970.27966643333,0,0
319952.2535148513,6,4,23,5.881408841360147,0,74,48501.67589884138,0,0
131697.2469919452,16,4,18,20.840005748927204,0,1329,54308.36037541707,0,0
7895.125791483228,18,3,22,10.270903908421223,0,2856,101798.34395587923,0,0
220093.93107777627,7,3,23,4.437717436039701,0,251,58548.80520690333,0,0
22179.395859263765,16,1,1,11.939963626844044,0,3080,77666.66797313244,0,0
200092.1264845539,15,2,27,23.132330854059525,0,3397,40710.31566783965,0,0
138263.46705987226,13,3,12,30.840433530812852,0,2115,101442.98059581811,0,0
182397.84336729714,21,0,25,2.645116982831298,0,1249,50166.55614348829,0,0
29246.742711163115,17,1,6,25.085373915926187,0,414,20155.6619331531,0,0
164712.3255015978,8,6,18,0.09065832835335692,0,2612,135831.03032115224,0,0
94251.16262631847,17,0,17,25.770556224359133,0,2855,116007.65997427875,0,0
8541.958173116238,21,0,17,21.635331475667225,0,1607,78999.34296192377,0,0
219941.4312784359,19,2,2,12.647310847902762,1,493,59042.729606161185,0,0
209403.76656842977,15,0,28,2.9438752328042868,0,1023,18705.638460736704,0,0
84861.13647910199,16,0,25,28.925049431228356,0,3157,162211.1527304675,0,0
60261.989576394895,16,5,18,1.4891502686203895,0,3302,8179.660018167882,0,0
51173.77464012794,15,0,15,45.18450028325524,0,3597,38654.731329834845,0,0
92315.7461217106,18,0,1,29.696707381283144,0,2649,153147.22301444004,0,0
184320.51311826377,10,1,29,27.015725590300555,0,3447,72421.49350982212,0,0
83454.4076143315,5,1,20,28.0805526208551,0,642,46188.56194676189,1,1
13886.193468879927,18,2,14,1.3992934250902886,0,1534,125371.90811297526,0,0
36552.71268202916,6,6,13,92.0018309422945,0,3522,364617.4696256569,0,0
110336.39298389033,8,2,25,39.12319674966184,0,962,16740.57267058412,1,0
104079.0894558818,11,5,12,14.18282536153855,0,1487,4165.213851760709,0,1
73167.62395862708,1,0,8,25.41652438379173,0,2319,49738.79289185413,0,0
27506.591896386075,3,4,7,26.884413023295632,0,3003,27106.365467096202,0,0
31550.517891728163,2,0,8,35.41389211684433,0,3346,87909.3546409628,0,1
66213.23866680339,21,0,18,5.897466242252712,0,3141,54538.34643514231,0,1
50169.45211077315,20,5,21,9.30598145196083,0,3418,55292.40567624217,1,0
37970.51231287452,11,2,28,32.15731319498847,0,1822,35078.16804247648,0,0
176877.44034123706,2,3,15,29.305356203715142,0,2126,18925.97260621164,0,0
70121.71015048986,8,6,28,14.788653260847475,1,133,19208.357028265338,0,1
69930.36053914769,11,2,7,10.090422271899897,0,1448,39147.34369976443,0,0
55871.40595071307,7,1,1,69.11892494506498,0,3477,91615.00937098023,0,0
114225.95677223841,18,2,6,10.723599952746488,1,704,32896.42438569846,0,0
19315.97008323472,4,5,23,28.87725931154135,0,1387,31564.04541995188,0,1
287507.46106232813,20,3,16,10.642427709613651,0,2824,44270.90004586661,0,0
11049.888144805123,4,0,24,7.416525313092741,0,196,375620.3276251552,1,0
123890.85945557838,7,3,21,20.48847693976027,0,2740,7653.5559238595415,0,0
121841.88789986861,2,5,14,32.96522509253086,0,1950,27925.17331444789,0,0
12096.809430064486,18,5,8,79.66770330845517,0,2787,27625.132443999573,0,0
496797.14013071585,23,2,10,3.224609123897384,0,3001,293528.5879154102,0,0
3491.6423072813236,8,4,27,41.76794580060402,0,3355,41828.8874967357,0,0
45364.2156340527,20,5,17,14.852712969733943,0,1883,66956.21893538201,0,0
55298.575457269704,23,1,15,2.280009718452115,1,3244,17664.798172902963,0,0
162356.81418648284,13,5,14,31.634375168401853,0,2667,1023.1825091713833,0,0
3027.0958298462547,20,3,20,8.055706730492018,0,1605,33152.72875858817,0,0
81423.10147955263,19,5,29,40.536952555613155,0,1384,81517.51273659483,0,0
22815.737207812115,1,6,11,3.434799733125249,0,2814,94093.17213997974,0,0
85000.86385609247,14,6,6,24.832917758394572,0,43,112153.52989936422,0,0
103943.8762373063,3,2,4,7.156262120568856,0,1012,157669.15540775255,0,0
3473.7539064533357,1,0,29,5.950574110573497,0,638,9829.750764444167,0,0
6984.821304651547,22,2,5,1.0313437588782028,0,3363,6913.7338657887485,0,0
8907.64950834067,22,5,11,13.152075065202911,1,3467,123974.89259786144,0,0
191241.93920157233,8,5,12,9.93524688150642,0,998,45780.81891252647,0,0
261274.69305574996,3,0,11,1.2735054937429298,0,1254,235173.45474313395,0,0
57576.00855599763,4,4,18,5.140270613382954,1,2358,229859.51961527072,0,0
207781.32157136837,10,1,7,13.36018981001578,0,3378,12219.66323920773,0,0
64666.47778648619,3,3,25,33.03348940680632,1,1526,94011.33348208755,1,1
51270.45450445027,3,2,23,53.02807203090727,0,1213,5557.20828827371,0,0
75767.4947347935,14,2,1,14.485830307354064,0,3461,41322.016770352166,1,0
156153.20358173348,4,3,16,10.32704193168273,1,2789,147466.14096318703,0,0
25330.104886023473,2,5,18,61.91300858237311,0,3187,49437.169082393346,0,0
35915.20356181721,15,0,12,65.86250399547298,0,357,2735.3081787309575,1,0
188964.4401786485,22,1,11,4.224604436605367,0,154,21989.549210404035,0,0
247665.80529441478,0,4,8,15.16247562753972,0,353,7226.407081970166,0,0
13125.952907622162,0,6,1,34.39734516290318,0,673,41971.694042808296,0,0
122055.96047785312,0,3,16,34.54855654249861,0,1175,95442.37830515453,0,0
966.6761010619412,2,6,2,23.102295159990618,0,3002,86388.91269007356,0,0
28261.123719636606,8,1,21,12.75307322848028,0,1223,101534.9672588352,0,0
7109.633724963079,12,2,6,10.338768509056415,0,992,38736.77376760389,0,0
72441.38185019823,23,1,17,32.8404793017956,0,905,24661.220704799867,0,1
42065.54799279271,12,5,17,5.1165163065808805,0,1296,4689.378015712315,1,0
14802.158890482064,20,4,2,11.187362477293387,0,3529,227201.40526940333,0,0
32.087856192072906,22,1,19,16.734102479003393,1,1964,10070.483434426482,0,0
49165.58991264984,12,5,9,35.650118724276915,0,2795,15704.956885722127,0,0
34880.8395748513,20,2,3,9.363310429228836,1,540,2025.490367119853,1,0
4781.396091413545,7,4,24,15.910499141793554,0,2455,30520.54008075642,0,0
190898.27422894028,7,4,22,6.546868068890955,0,1676,136673.05087533587,0,0
52895.206749353565,18,4,10,36.26938976206878,0,2602,32306.922660854983,1,0
149069.71798034,4,2,5,30.792756149288923,0,1033,87725.00570322342,0,0
54825.41903441723,23,0,9,34.30688885302144,1,2106,269447.1089702544,0,0
6990.254981043242,9,2,24,1.1838839522362303,0,1389,178443.92891472278,0,0
50130.95439812606,18,0,14,13.345617691513072,0,2380,15873.358022417762,0,0
217271.90026251675,2,5,11,2.920012093856686,0,3273,35603.94666566493,0,0
780.2765240558208,21,0,19,22.40246652621789,0,1700,111269.34329693293,0,0
225668.88824988206,6,6,23,7.461631101418583,0,3553,304105.32628135756,0,0
106923.15441583724,22,2,16,29.79546478335245,0,3405,100684.15825360667,0,1
543382.158441778,5,5,14,1.3477454686676917,0,2920,23250.91677812033,0,0
247834.01105337866,6,1,14,14.400526370996955,0,1593,11400.946579949534,0,0
203219.45135288185,6,2,4,2.6401404189928455,0,620,54681.04878011787,0,0
3823.139553235216,19,4,8,16.32434291064831,0,281,17149.7069639219,0,0
32884.84539014961,7,1,7,18.696808135682986,0,141,20661.75087733244,0,0
46959.37082969206,23,3,3,12.403270528647543,1,1211,80504.19411846536,0,1
120338.16069584788,1,5,23,6.5602675385871905,0,1805,57861.35733858567,0,0
104594.61932781013,14,3,22,0.6572389209581418,0,1505,10289.719518927675,0,0
18837.484104109575,9,3,22,21.700941832853026,0,667,13348.440672569615,0,0
133497.69361151394,20,4,14,40.87251641240802,0,936,1570.057955325072,0,0
16916.211467164558,14,6,11,26.458713472278124,0,1107,19842.032641657577,0,0
60960.26612988926,1,5,26,44.701895787260106,0,1366,174651.41104786377,1,0
86450.3907830314,2,5,19,53.04310762539259,0,180,126015.80732341963,0,0
204548.39122757647,18,6,4,11.940254639041468,0,179,42861.654643213515,0,0
99783.17412310297,4,4,29,23.94599346992298,0,2562,108363.22435490055,0,0
309762.60313862195,23,0,4,10.129327753685093,0,2188,41800.7236018262,0,0
520184.38120784267,18,5,22,50.40057589147974,0,2785,125657.40116416827,0,0
71094.96138045938,6,6,29,16.55519953962536,1,3228,16066.151996429719,0,0
5285.219905146261,20,4,25,27.922854650411807,0,3034,13238.793870909962,0,0
2872.761468951667,13,6,21,0.2924930111256486,0,921,6491.651134888227,0,0
193550.1641219372,11,5,8,17.13918485488288,1,1244,22145.31531382075,0,0
69284.7465285041,9,0,21,27.09522398006272,0,2271,12655.55592335438,0,0
45695.89807644239,9,3,15,5.941350923880265,0,1004,128213.41974278775,0,0
33471.23132976604,3,2,16,0.28956551043007894,0,1183,21951.96772682331,0,0
33099.277334433325,17,2,22,27.222887060001085,0,923,58087.952482369124,0,0
7560.743415480667,5,5,22,8.252387382826598,0,1523,112911.63049022695,0,0
36095.95856650311,19,4,4,11.199953482247608,1,1388,90426.67838360666,0,0
103509.16628336442,3,5,10,16.513120846347082,0,2491,18311.763025526474,0,0
48647.444739745915,4,3,26,2.336321298563426,0,2083,6416.311032735581,0,1
295301.40651495085,13,5,5,2.1863146755793204,0,353,194217.0804723212,0,0
110313.37780768095,8,3,4,64.8226584374019,0,1025,77827.5615484528,0,0
199492.87756031484,14,0,2,8.276897603083555,0,9,98087.57599978648,0,0
12121.925823537033,0,6,18,5.90151600573531,0,1953,39022.65821202787,0,0
59877.538582208676,20,6,8,0.9783039552988593,0,556,22124.269498599122,0,0
4232.16976313168,20,6,15,3.821484213564788,0,3637,60506.97634917623,0,0
225392.34861464635,12,0,4,11.273809564773714,1,2789,6486.555003822998,0,0
15884.171301459372,1,3,13,8.373235753121575,0,3247,128745.61100459448,0,0
163691.94817392397,14,5,14,11.053162131039098,1,3023,85022.17589516132,0,0
257453.89900167548,14,6,9,24.341816831151007,0,719,114715.8345069756,0,0
58319.616518899886,15,6,28,20.532689100327985,0,3185,67380.21397228401,0,0
49324.918954632165,2,4,6,13.590924591742667,0,2537,69002.77504185784,0,0
91658.50210235064,12,4,12,33.7287005690911,0,597,73378.42587949002,0,0
134834.3728496041,19,3,28,38.94365630678009,1,1070,122657.08391476475,0,0
103735.69778219785,0,5,13,17.87164436567958,0,786,20431.173801382938,0,0
115.53379629955218,13,5,21,2.501539464135052,0,2299,91538.69043071158,1,0
154147.68840356276,2,2,23,10.42355415672895,0,1936,64363.07426547488,0,0
15945.07439853461,16,2,6,20.127781747881762,0,2013,54672.81950377085,0,0
59724.86483434116,16,0,20,1.2982600599586667,0,1001,62280.120238905445,1,0
33178.2598841104,8,5,26,0.4021467313993847,0,2747,25418.333846710644,0,0
262980.51737222506,19,3,25,59.25926584802588,0,1660,3022.848594633435,0,1
69737.25049009845,19,2,22,26.191456711354352,1,2383,113891.11296543105,0,0
73848.04544269861,3,4,19,3.3236380121148468,0,1844,198320.50974639243,0,1
7920.223215627897,10,1,20,11.780301314952688,1,1461,52431.52357803281,0,0
227653.75096296996,14,1,20,4.302447854216565,0,2492,145564.2386013521,0,0
27315.804756391175,12,5,8,0.20677323386383853,0,2159,64820.59343261228,1,0
53436.30037245088,23,3,5,9.941516075762651,0,2825,213086.94690037516,0,0
421953.84959924524,19,0,8,20.904354043836012,0,2844,56810.04326399606,0,0
12092.000166638365,11,1,13,61.63836579035774,0,578,18338.233428604195,0,0
126772.1831143379,14,4,27,29.37915229891956,0,3403,163288.5365224989,0,0
30128.673744659638,5,4,24,5.230885144668617,0,2912,128863.8242606105,0,0
54436.534493280386,17,4,22,8.195845761023437,0,278,40601.25325644226,0,0
54161.637760502344,21,1,13,14.70358614377366,0,2595,147568.0449985018,0,0
269167.95484418486,16,2,5,4.2458753504811515,0,3178,727.3341640305241,0,0
1041.640850739673,20,6,14,35.788742217860246,0,425,128653.9775897775,0,0
45760.73050923665,23,4,18,3.6776133397742967,0,2768,93190.46608726152,0,0
191340.77339664148,16,0,15,6.849046896151991,0,671,38201.33933959903,0,0
241365.28169639932,10,3,1,17.23608246254258,0,1339,125458.23737595654,0,0
37298.52700814598,17,3,7,2.6300754263008215,0,2698,10834.599133802427,0,0
27701.20766999834,2,3,10,19.59605913921444,1,1896,18184.116682261207,0,0
61853.97739008115,22,2,28,57.72866327357934,0,1060,61013.50639781908,0,0
136978.95314415955,23,3,26,23.52299431869418,0,3285,170308.2172183061,0,0
16728.15112393484,3,3,27,33.50990817847706,0,3400,11150.624020759424,0,0
153464.02809248766,12,1,23,11.542670328542028,0,2095,66458.35673775572,0,0
71881.87484567495,23,2,2,9.092600217863726,0,2026,111912.02297765775,0,0
15176.000155282745,0,2,13,7.967884040053401,0,954,108804.44202713143,0,0
111400.8286150141,18,1,3,21.603575210340225,0,3631,79100.55574020407,0,1
98940.13230836503,19,0,27,14.618463015797339,0,1633,226310.4711806043,0,0
97382.1221498646,4,6,8,12.785282748874835,0,1256,52643.58423261809,0,0
140562.62549486716,12,3,12,2.1237970183245283,0,1558,169784.35594081195,1,0
19994.325379526184,15,0,4,22.378738071918335,0,3486,77319.17837147415,0,0
119566.5246911724,15,1,21,25.84755166230092,0,407,106990.18138297353,0,0
218297.5789732934,10,1,23,4.3680534066819625,0,3535,50013.9926868743,0,0
75568.51345330695,8,1,8,28.517789907804193,1,1839,14677.233475103161,0,0
66558.97942989776,17,1,1,42.30453158967056,0,124,9241.436189590226,0,0
159843.93013058527,14,5,23,3.838319157144274,0,1771,91739.4782288805,0,0
15810.047676773756,12,4,3,12.031121108846294,0,730,37789.46650955943,0,0
41684.05348613333,6,1,15,41.77936475451267,0,400,67050.65752871122,0,0
192267.19217242624,2,0,15,13.361211614629337,1,1802,109649.22008549431,0,0
69269.58562148208,11,1,21,33.77543554099017,0,1188,123522.62179271127,0,0
183531.0896487164,17,0,28,4.86062258731655,0,3356,57012.5536910318,1,0
29017.591790197806,8,1,12,1.3213269009041664,0,170,30208.82214365395,0,0
49359.91635380202,2,1,1,1.2261676437608304,0,3034,119645.99053438909,0,0
173510.65039335555,23,4,11,71.7672039992954,1,2143,42938.70532242386,0,0
17852.314789698376,0,6,19,3.599713251983449,0,2002,220828.47761399948,1,0
225167.98773454537,20,1,5,40.03349676369089,0,2705,139242.13719599723,0,0
37086.55111571216,20,3,17,7.588013025462153,0,1328,109922.93660735278,0,0
360075.3984313547,21,4,2,0.8182847878564087,0,1844,22086.01629500443,0,0
175867.76963357424,6,4,13,5.51447143763144,0,1120,36048.96608666523,0,0
60804.38506058689,18,3,3,14.083859361815158,1,700,151227.8275809192,0,0
135574.43763104273,11,6,13,2.258264365337963,1,2471,1872.9355183248824,0,0
81027.04631768756,13,5,8,51.06285825074325,0,1016,121666.0988992079,0,0
191900.7560354031,12,6,21,46.028723415040396,0,3635,41421.51502976651,0,0
73003.71289342467,4,4,21,3.230329213069465,1,3379,128495.0864380064,0,0
442245.46766212984,11,1,13,26.720267871486403,0,133,64306.97607442093,0,0
14330.120032261204,7,3,3,12.34997393332732,0,2410,59860.104622549305,0,0
112846.04799902276,5,6,25,80.48940487710396,0,3578,96743.31343449629,0,0
28190.35036846863,17,1,9,1.1399652849269124,0,2679,131329.55292550716,0,0
21223.788702883336,6,4,28,12.736644896948173,1,2013,94591.20386522116,0,1
52467.22940989143,18,2,28,6.722691635011653,0,64,47930.92661728433,0,0
45801.438051509955,14,3,2,25.92018157643828,0,1444,30951.420928341446,0,0
4744.314119702124,9,0,8,2.356181503209887,0,935,149472.1740882114,0,0
55813.32298584064,8,4,1,19.78307271186512,0,370,58847.242289561145,0,0
303485.30583286093,19,6,21,59.15307069130414,0,3339,122398.67691652966,0,0
62900.11307073457,15,6,15,12.098346549185372,0,1249,436256.4037331431,0,0
35927.14633509972,19,2,23,12.111176818861171,0,2614,82600.70497748825,0,0
297742.09095522494,3,4,8,13.691770645198604,0,2564,26096.779936452986,0,1
70465.81795906388,9,1,8,10.747095893301271,0,2864,160528.96303060383,0,0
33841.758768827065,9,5,22,11.865165848447564,1,2103,25580.40142756101,0,0
152780.95601807084,7,5,7,12.444035010030932,0,3105,24131.76710165753,0,0
25310.473686461482,0,1,20,124.96249851620824,0,2177,6145.042841794626,0,1
28468.537360496975,2,5,13,2.475831425188719,0,2773,6545.643395171817,0,0
