age,monthly_income,loan_amount,duration_months,existing_debt,num_dependents,employment_type,education,credit_history,collateral,approved
58,1529634,858062,12,654433,4,unemployed,primary,1,0,0
48,1767836,3039159,18,395722,4,student,tertiary,0,0,0
34,964424,4884028,24,98120,3,self_employed,secondary,1,1,1
62,916491,717538,6,676069,4,employed,secondary,1,1,0
27,1624745,4657455,24,713895,3,student,tertiary,0,0,0
40,969134,2063338,36,306984,0,employed,secondary,1,1,0
58,1905797,3128378,18,245512,3,employed,tertiary,1,0,1
38,1486803,4922691,48,899079,1,employed,tertiary,1,0,0
42,138059,2112624,18,191659,2,self_employed,primary,0,1,0
30,1837430,4695373,60,59321,2,employed,tertiary,0,1,0
30,882583,1997175,12,234855,5,self_employed,secondary,0,0,0
43,492136,4311663,12,43202,1,unemployed,tertiary,0,1,0
55,1732252,2350612,36,187660,3,employed,secondary,0,1,0
59,248303,4060768,48,658450,1,self_employed,secondary,1,1,0
43,561162,2092749,60,498017,5,employed,primary,1,1,0
22,523573,1375831,18,321375,4,employed,tertiary,1,0,0
41,1363982,4530609,48,807984,3,employed,primary,0,0,0
21,379125,955352,6,225743,1,self_employed,primary,1,1,0
43,957383,941255,24,211299,4,employed,none,1,1,1
63,959531,2010022,18,951245,5,unemployed,secondary,1,0,0
49,1180548,3326194,48,283805,4,student,tertiary,0,0,0
57,1436205,2328598,6,172097,3,student,secondary,1,1,1
21,1153298,4661534,6,399308,5,employed,tertiary,1,1,1
40,1974507,1931397,60,953178,5,employed,secondary,1,1,0
52,231890,3961251,60,655930,5,employed,secondary,0,1,1
31,997436,4655681,24,929588,0,self_employed,tertiary,0,0,0
41,1367621,1730664,6,852275,5,student,tertiary,1,0,0
63,167473,3596434,36,453968,0,self_employed,tertiary,1,0,0
44,1590815,2528843,6,331422,4,self_employed,secondary,1,1,1
46,320741,812557,48,762638,0,employed,tertiary,1,1,0
61,1490351,4280061,60,94328,4,unemployed,tertiary,0,0,1
47,1621836,2769713,36,918269,0,employed,none,1,0,0
35,1948917,4196477,60,650643,4,employed,none,1,0,1
34,908823,632933,60,238340,4,unemployed,tertiary,1,1,0
63,789574,371199,60,286342,5,self_employed,tertiary,0,0,0
22,375437,976502,6,61201,5,employed,tertiary,0,0,0
56,1866760,3879994,12,335415,4,employed,tertiary,1,1,1
26,206877,1461746,6,212810,5,employed,primary,1,0,0
40,1583471,2479488,60,964703,4,self_employed,primary,1,0,0
28,1634738,4990935,36,404593,5,employed,primary,1,1,0
58,1847001,79092,6,373722,2,unemployed,none,1,1,0
37,922834,707191,60,735193,0,employed,primary,0,0,0
23,1899087,2437807,60,401252,4,employed,primary,0,1,0
44,493066,933435,6,302508,1,employed,secondary,1,1,0
33,384923,4131534,6,901659,5,employed,tertiary,1,1,0
28,669696,1940576,36,483121,5,self_employed,none,1,1,0
45,1743470,3559934,6,100353,3,self_employed,tertiary,0,1,0
21,170062,3509379,24,773331,1,employed,secondary,1,1,0
39,1110676,257580,48,692803,1,employed,none,1,0,0
47,1417741,819032,24,394879,2,unemployed,primary,1,1,0
26,1082499,1722992,36,170316,0,employed,none,1,0,1
63,1773736,4792256,12,975895,2,employed,primary,1,1,0
27,1488846,3822380,24,863996,0,employed,tertiary,1,1,0
54,1293048,4408548,60,146149,4,self_employed,primary,1,0,1
33,928878,526857,48,713209,2,employed,none,1,0,0
36,1914445,1710100,18,629735,3,employed,primary,1,0,1
55,284196,61017,48,281775,0,self_employed,primary,0,0,0
59,257609,3981895,24,708012,2,student,tertiary,1,0,0
23,725302,3150786,18,460662,3,employed,primary,1,1,0
21,333006,2701788,36,819932,1,employed,tertiary,1,1,0
25,323813,3605392,48,413113,5,employed,tertiary,0,1,1
61,957651,2418787,12,321059,4,employed,tertiary,1,0,1
23,759132,259720,18,954881,4,employed,secondary,0,1,0
48,1900924,2268222,18,994174,1,self_employed,none,0,1,0
37,323022,4040919,48,889192,2,student,tertiary,1,0,0
45,839417,3065624,24,289041,5,unemployed,secondary,1,0,0
63,541121,4187192,18,702640,1,employed,secondary,1,0,0
53,1303296,2182162,36,625927,3,self_employed,secondary,1,0,0
29,1664099,4167386,48,900281,5,employed,secondary,0,1,0
55,331075,1745625,36,111118,0,employed,tertiary,1,0,1
33,1191452,2012160,48,319464,2,student,tertiary,0,1,0
50,574624,1784872,36,727952,5,student,tertiary,1,1,0
34,879365,1701722,24,487702,0,employed,tertiary,1,0,0
27,1052403,4281797,48,854721,1,employed,secondary,1,0,0
33,1406256,3887478,60,556229,4,employed,secondary,1,1,1
42,643792,4074537,12,755036,5,self_employed,tertiary,1,1,0
59,673502,2830877,24,145306,5,unemployed,tertiary,1,0,0
40,1280796,2670390,36,599460,0,employed,tertiary,1,1,0
35,163936,3081863,48,3376,0,employed,primary,0,1,0
64,66279,1200311,24,292927,4,employed,tertiary,1,0,0
37,1298313,1645776,36,434465,0,employed,secondary,1,1,1
43,1202327,2118535,6,305169,0,self_employed,primary,1,0,1
45,1465153,3167173,6,540735,5,unemployed,tertiary,0,0,0
44,1169962,4875885,18,216937,4,employed,secondary,0,1,0
64,136124,3294811,12,541001,4,employed,none,1,0,0
60,1466470,3083932,6,915301,5,employed,secondary,1,0,0
48,1962493,671747,60,791290,1,employed,tertiary,1,0,1
34,386199,2545902,36,706475,1,employed,tertiary,0,0,0
64,141911,2894517,24,59834,5,employed,secondary,0,0,0
20,935050,1331258,48,606348,0,employed,tertiary,1,1,0
44,1569065,4673190,24,767283,2,employed,tertiary,1,0,0
26,772030,4473475,18,922043,1,self_employed,none,1,0,0
28,1043978,3569567,24,457199,1,employed,secondary,0,0,0
43,497244,4411862,6,412073,5,self_employed,primary,1,0,0
20,1319670,1033061,24,890330,5,self_employed,secondary,1,0,0
63,426036,346412,6,888639,2,unemployed,tertiary,1,1,0
27,287723,2621703,6,922868,2,employed,secondary,0,1,0
43,1431848,2435632,12,197057,4,self_employed,secondary,1,1,1
30,1509900,2937225,18,452385,5,employed,primary,1,0,1
36,888927,3282860,60,86366,1,student,secondary,1,1,1
27,132806,2745563,60,152150,3,self_employed,tertiary,1,1,1
54,1978193,1548118,36,955078,3,employed,primary,1,1,0
54,781893,1850831,60,787301,0,employed,secondary,1,0,0
52,1328673,1644362,6,324768,1,unemployed,primary,1,0,0
24,1024334,3790214,48,171147,3,student,tertiary,1,1,1
61,1042144,2118710,18,93676,1,unemployed,tertiary,1,1,0
58,247478,3696313,36,527947,5,unemployed,tertiary,1,1,0
60,537436,1057705,60,429586,1,unemployed,primary,1,0,0
47,1793455,2832540,60,893320,3,self_employed,secondary,1,0,0
26,1410369,366790,48,582473,1,employed,secondary,1,1,1
28,1788460,1966195,24,641424,2,employed,tertiary,0,0,0
27,539709,3597480,18,473137,0,self_employed,secondary,1,1,0
31,1787821,3837415,48,174823,4,employed,none,1,0,1
53,487585,95712,60,849190,3,self_employed,none,1,1,0
52,1330780,2546641,18,740233,5,employed,primary,1,0,0
42,407546,4578268,18,136203,4,self_employed,primary,1,0,1
43,867108,2272494,60,132430,0,employed,secondary,0,0,0
56,900525,1714092,24,517086,2,employed,secondary,1,1,0
54,1539556,4580801,24,615438,2,employed,tertiary,1,0,1
63,231871,537707,60,450587,2,employed,tertiary,1,1,0
59,391558,142091,18,737667,2,unemployed,primary,1,0,0
41,548512,943150,48,472355,3,employed,tertiary,0,1,0
46,1453815,585827,12,933750,3,unemployed,tertiary,0,0,0
54,817442,982196,6,279360,1,employed,none,1,0,1
20,1695171,2099736,24,827641,5,employed,tertiary,1,1,0
54,525278,3990063,60,305131,1,employed,tertiary,1,1,0
56,1980440,471743,12,632312,5,employed,primary,1,1,1
33,344067,1613482,24,938081,0,employed,tertiary,1,0,0
22,429593,1680872,18,509742,1,employed,primary,0,1,0
20,544955,1575068,60,566608,0,unemployed,tertiary,1,1,0
24,1334574,4664228,12,273445,0,student,primary,1,1,1
45,1570180,2214452,60,206123,0,student,primary,1,1,1
33,1932582,4635711,48,223410,2,student,primary,0,1,0
58,1535183,4184777,48,126560,4,employed,primary,1,0,1
46,1096195,3387013,36,263035,4,employed,secondary,1,0,1
28,696045,4024532,6,939476,3,employed,none,0,1,0
34,1676528,3294699,6,312601,0,employed,secondary,1,1,1
34,1952392,3133562,24,637677,2,self_employed,tertiary,1,1,1
45,867459,2185896,6,447651,1,unemployed,primary,0,0,0
61,740824,4622530,60,283076,1,self_employed,secondary,1,1,1
32,1395205,2466738,60,266336,3,unemployed,primary,0,1,0
51,1358014,2757430,36,802560,3,employed,primary,1,0,0
58,200528,2006678,48,22836,0,employed,primary,1,0,1
51,518011,2382127,12,286981,0,employed,secondary,1,1,0
23,347698,2675090,12,641316,1,student,primary,1,0,0
49,1407642,1976252,48,902913,1,student,none,0,0,0
56,1374129,2124278,18,911608,1,self_employed,secondary,1,0,0
42,774687,2068852,48,125172,1,employed,tertiary,0,0,0
58,796760,2195265,12,284922,4,employed,none,1,0,1
64,348783,4384165,24,43130,0,employed,tertiary,1,1,1
34,1329758,1130701,36,278852,0,unemployed,none,1,0,0
62,1555419,1328343,48,369625,1,employed,primary,0,1,0
48,1904700,3082115,18,155304,2,employed,tertiary,0,0,0
55,1187613,740778,24,188338,1,employed,secondary,1,1,1
32,1832776,4094064,48,956916,5,student,secondary,0,0,0
51,1808136,228157,24,529070,3,employed,tertiary,1,1,1
26,798423,1803897,48,454412,5,self_employed,none,0,0,1
41,1287063,2400959,24,681675,2,employed,none,1,0,0
47,68074,3878973,60,272196,3,employed,primary,1,0,0
21,720909,661709,6,805953,2,employed,secondary,1,1,0
61,1390683,1279959,24,724794,3,unemployed,tertiary,1,0,0
64,1583248,4989158,60,213827,1,unemployed,tertiary,1,1,0
25,1850298,3393867,6,331834,1,employed,primary,0,0,0
47,806967,4006092,12,559834,2,employed,secondary,1,0,0
47,626553,2692800,6,734705,3,unemployed,tertiary,0,0,0
63,66061,1708332,24,157044,4,self_employed,tertiary,1,1,0
63,1550018,4501441,36,629001,2,employed,secondary,1,0,0
39,1258458,1399651,36,255628,2,employed,tertiary,0,0,0
49,503222,821279,12,995563,5,self_employed,tertiary,1,1,0
30,687790,4124999,24,981889,0,self_employed,none,0,0,0
47,1383520,713431,6,626905,2,student,tertiary,1,1,0
44,1476912,627701,36,22030,4,unemployed,secondary,1,0,0
58,552175,1638404,48,517933,1,employed,tertiary,0,1,0
52,1355081,1855148,18,957880,3,self_employed,primary,1,1,0
20,681516,302515,24,741001,0,employed,none,1,0,0
46,256548,3942825,60,89831,3,self_employed,tertiary,1,0,1
32,1561252,2921083,60,77400,1,self_employed,none,0,1,0
60,500983,659723,48,995916,2,employed,secondary,1,1,0
22,1913062,4788379,48,280199,5,unemployed,tertiary,1,0,0
58,518535,333126,24,492436,4,self_employed,tertiary,1,1,0
25,546005,2694046,18,742868,0,unemployed,tertiary,0,0,0
27,750757,2026230,36,942997,4,employed,secondary,1,1,1
46,1111809,4199161,18,599149,4,employed,secondary,0,1,0
28,816565,3429595,12,907616,4,self_employed,tertiary,1,1,0
56,533236,3813302,6,378668,4,student,secondary,1,1,0
52,1779004,976097,6,378970,1,employed,tertiary,1,1,1
61,902159,2033438,48,823207,4,employed,secondary,1,1,0
63,1975618,433609,36,968561,5,employed,tertiary,1,1,0
43,1431173,3155003,18,348053,4,employed,secondary,1,0,1
34,678423,1913082,48,822685,1,unemployed,primary,1,0,0
51,1517624,2560963,24,217789,3,self_employed,primary,1,0,1
51,420608,1803313,48,256072,1,student,tertiary,1,1,0
43,267314,2436149,24,576172,5,self_employed,tertiary,0,1,0
60,587970,3531591,24,76497,5,employed,tertiary,0,0,0
31,1584090,2298885,12,804137,2,self_employed,tertiary,0,0,0
58,204455,2853005,12,175748,1,self_employed,secondary,1,0,0
21,1418880,1336353,24,232730,3,student,none,1,0,1
22,798692,2314719,36,353784,2,employed,none,0,1,0
56,335810,3095471,12,210117,2,employed,primary,1,1,0
36,1419537,3094221,12,7101,0,employed,tertiary,0,1,0
21,1714062,4176553,6,324639,4,self_employed,tertiary,1,0,1
21,477858,3254181,48,397959,2,employed,tertiary,0,1,0
47,1664694,1711342,6,533239,2,self_employed,tertiary,1,0,1
42,1594859,869593,36,662374,5,unemployed,tertiary,0,1,0
56,584522,3382791,12,560468,3,employed,none,1,1,0
51,631904,2523592,60,843409,2,self_employed,tertiary,0,1,0
52,321365,2966933,12,247117,3,student,primary,1,1,0
20,1241058,4936202,18,190606,4,self_employed,tertiary,1,0,1
38,1833991,4869164,36,587497,5,employed,primary,1,1,1
21,766773,1066783,60,773529,0,employed,tertiary,0,0,0
63,1099627,3956997,48,697268,0,employed,tertiary,1,0,0
45,1995537,3320421,48,522283,4,employed,secondary,1,0,1
51,1699782,1976663,60,370719,4,self_employed,primary,1,0,1
25,128116,835786,48,837350,5,student,tertiary,1,1,0
51,434370,2477667,60,925723,5,self_employed,secondary,1,0,0
23,1327507,4090013,36,138235,1,employed,secondary,1,0,1
30,1405477,613889,60,133542,2,employed,tertiary,1,0,1
36,569385,327834,60,409759,2,student,none,0,1,0
57,1481728,4780654,18,150348,2,unemployed,tertiary,1,1,0
43,1622138,4581834,18,120014,3,employed,secondary,0,0,0
24,1831411,3944325,6,692241,1,employed,tertiary,0,1,0
53,276572,1788667,36,341094,2,self_employed,primary,0,1,1
25,181379,3337281,36,7749,3,employed,tertiary,0,0,0
41,1679753,3294998,18,810614,3,employed,tertiary,1,1,0
30,1036399,4048585,24,339594,0,employed,none,1,1,1
35,276256,2866112,24,604831,3,employed,none,1,0,0
52,872376,4873062,6,620775,4,employed,secondary,1,1,0
28,935987,1782141,24,372371,5,employed,none,0,1,0
25,612422,4333191,24,229216,3,employed,none,0,0,0
35,470539,885544,24,518567,4,self_employed,tertiary,1,1,0
48,1607997,2289164,12,414599,4,self_employed,secondary,1,1,1
22,252834,336629,6,865010,0,employed,tertiary,1,0,0
39,1579017,2387643,18,640546,0,student,secondary,1,1,1
55,1326155,1684461,24,680772,3,employed,tertiary,1,0,1
38,600242,4056714,48,13181,0,employed,primary,0,0,0
45,760381,2064601,60,44898,0,employed,tertiary,1,1,1
22,1450679,1866418,12,977134,5,self_employed,none,0,1,0
38,801287,3997347,24,789837,2,employed,secondary,1,0,0
39,1833802,2937569,60,489620,3,employed,tertiary,1,1,1
51,1824363,1796988,60,273006,3,self_employed,secondary,1,1,1
26,1365712,4394939,12,185751,3,employed,tertiary,1,1,1
60,576249,4946986,6,290832,0,self_employed,tertiary,0,0,0
52,586785,1070346,48,572305,5,self_employed,primary,1,1,0
59,475767,1936522,48,489697,0,student,tertiary,1,1,0
58,1879310,3169331,48,275083,4,employed,tertiary,0,1,0
37,849687,4053487,24,767631,1,employed,secondary,1,1,0
59,185639,4497077,12,366296,1,student,tertiary,1,0,0
20,1933855,884938,48,301729,1,self_employed,tertiary,1,0,1
30,810177,857400,60,378459,2,self_employed,secondary,1,0,0
47,1801939,4634125,60,104447,0,employed,none,1,0,1
44,1118965,3616881,36,768173,4,employed,tertiary,1,1,0
42,1274171,3981792,36,239434,4,employed,secondary,1,1,1
50,1484522,4417207,12,678302,1,employed,primary,1,1,0
49,373720,3631877,24,241147,5,employed,secondary,1,0,0
61,1094846,4347255,24,398488,2,employed,tertiary,0,0,0
54,880351,3041890,6,437350,2,self_employed,tertiary,1,0,0
26,787463,4199570,6,155337,1,employed,tertiary,1,1,1
35,53358,355745,48,254743,1,employed,tertiary,1,1,0
45,400679,1829892,18,703552,0,employed,secondary,1,1,0
21,551110,1258402,60,684028,5,employed,tertiary,1,0,0
20,1351133,4593247,6,504948,2,employed,none,1,1,1
31,257596,4757527,24,605848,4,employed,none,1,0,0
24,1877352,4030527,60,359579,1,employed,secondary,1,1,1
56,680270,970243,18,593571,0,self_employed,tertiary,1,0,0
51,278129,3471103,6,9297,4,employed,secondary,0,0,0
28,1890706,3452410,12,64005,2,self_employed,primary,0,1,0
60,378953,2386038,36,915265,1,unemployed,tertiary,1,1,0
54,667367,1240283,6,189506,5,self_employed,secondary,1,0,1
38,1154381,471001,6,982253,1,employed,primary,0,0,0
35,212421,3946134,12,394823,5,employed,tertiary,1,0,0
22,1306425,2885309,24,654942,0,self_employed,none,0,0,0
39,911465,3928016,48,190255,0,student,none,0,1,0
43,288483,62336,12,611282,2,student,tertiary,0,1,0
52,1983247,1519204,48,56305,5,employed,secondary,1,0,1
43,442551,3008963,6,683333,1,self_employed,primary,0,0,0
30,1142617,3241319,24,940621,0,unemployed,tertiary,1,0,0
27,1916962,1975656,18,213058,1,unemployed,none,0,0,0
55,320146,3029718,6,736431,2,employed,tertiary,1,1,1
57,1430503,4672974,12,909120,5,employed,tertiary,1,1,0
59,157524,3818553,18,225963,1,employed,primary,0,0,0
39,268306,339372,36,794077,4,employed,secondary,0,0,0
54,961289,64429,18,828670,1,self_employed,secondary,1,0,0
44,594026,1182870,12,593982,3,student,tertiary,0,0,0
54,1895711,4196118,60,697133,3,unemployed,primary,1,0,0
44,163776,924506,18,278930,2,employed,tertiary,1,1,0
48,230494,3526808,12,40693,2,self_employed,primary,1,1,1
37,242971,3407707,60,882879,2,employed,tertiary,1,0,0
37,979896,893810,6,419794,4,self_employed,tertiary,1,0,1
21,1929732,4281614,60,963912,5,self_employed,tertiary,1,0,0
54,1917307,4444203,24,593990,4,employed,tertiary,1,0,1
35,327785,4672776,36,346989,1,employed,tertiary,1,1,0
60,1440254,257500,60,801508,0,employed,primary,1,1,0
55,318449,4344166,24,805809,5,employed,secondary,0,0,0
52,803622,4612272,24,664638,3,unemployed,none,1,1,0
23,1379502,1141014,24,458024,3,employed,secondary,1,1,1
52,1438977,4485786,60,520436,3,employed,primary,1,0,1
33,286371,2912750,12,389512,1,employed,secondary,1,0,0
40,652251,2111439,12,557827,1,unemployed,secondary,0,0,0
39,696275,4956526,36,650840,2,employed,secondary,1,1,0
27,1774502,2628305,12,142512,0,employed,tertiary,1,1,1
26,174591,1910966,48,288389,2,self_employed,none,1,1,0
22,642054,1305950,12,939601,1,employed,tertiary,1,1,0
36,580799,3877233,12,729063,4,employed,primary,1,1,1
52,689104,4582070,12,853524,2,self_employed,tertiary,1,1,1
31,550981,1600531,6,371598,5,employed,tertiary,1,1,0
41,823720,3746458,36,918655,1,unemployed,tertiary,1,1,0
41,993681,4326252,48,677058,1,self_employed,secondary,0,0,0
49,316909,3483468,12,672961,4,employed,secondary,1,0,0
57,1250002,1665270,36,157879,4,employed,tertiary,0,0,0
57,1384649,1139100,18,700662,4,unemployed,tertiary,1,1,0
64,1258468,2257312,6,216936,0,self_employed,tertiary,1,1,1
27,1210152,4725195,60,663399,5,employed,primary,1,0,0
46,1521315,618933,12,509946,1,employed,tertiary,1,1,1
46,1693952,434903,48,309571,4,employed,primary,1,0,0
53,1033667,4119604,6,858271,0,self_employed,primary,0,1,0
40,1176101,831608,48,713409,3,student,secondary,0,1,0
49,63780,1216026,60,412269,5,self_employed,secondary,1,1,0
52,318733,1818407,60,228252,3,employed,secondary,1,0,0
47,930096,1590710,6,378945,3,employed,secondary,1,1,1
52,1013443,3396386,18,897277,1,self_employed,primary,1,0,0
24,1543285,3473082,36,872730,0,student,primary,1,1,0
38,154188,4162742,6,89147,0,employed,primary,1,0,1
23,667614,1617043,24,579701,3,employed,secondary,1,1,0
54,877385,4344329,60,590246,5,employed,secondary,1,1,0
36,640073,1249728,18,555563,2,employed,secondary,1,1,0
63,1642173,1593992,60,26597,3,self_employed,secondary,1,1,1
47,1677059,2331636,24,339665,1,student,secondary,1,0,1
49,1124477,2009484,18,618531,3,employed,secondary,1,0,0
48,1777512,4434347,60,778770,5,employed,tertiary,1,0,1
25,1523300,2993430,24,68908,5,employed,tertiary,1,0,1
54,517927,3261208,24,999123,3,student,tertiary,1,1,0
60,1648328,817128,60,317332,0,employed,tertiary,1,1,1
56,1376980,4559408,60,296854,3,employed,none,1,1,1
43,699285,2381774,48,904925,4,employed,secondary,0,0,0
48,347584,484368,6,222424,4,employed,tertiary,1,1,0
50,1455802,3616194,6,468702,2,unemployed,tertiary,1,1,0
54,942015,1970773,18,704410,1,employed,none,1,1,0
52,630971,2884523,36,835681,1,employed,secondary,1,0,0
40,436350,1217498,60,558535,0,self_employed,tertiary,1,1,0
51,222502,566576,48,463378,1,employed,tertiary,1,0,0
42,1606570,3841296,6,812840,2,employed,tertiary,1,0,0
52,1779041,1538204,6,76313,4,student,tertiary,1,1,1
22,1701348,2983811,48,726043,0,self_employed,none,1,1,1
37,824107,3883538,12,249407,5,self_employed,tertiary,0,1,0
44,904741,2220856,48,267587,4,self_employed,secondary,1,0,1
61,882359,581149,6,916702,2,student,secondary,1,0,0
50,1305062,288366,36,655439,0,employed,secondary,1,0,0
22,1927954,4568362,12,883250,3,employed,primary,1,1,0
59,962935,915718,24,431561,1,employed,primary,1,0,1
43,499777,4457900,48,143973,2,employed,tertiary,1,1,1
51,191449,118515,24,198831,0,employed,tertiary,0,1,0
41,627880,466740,12,173804,4,student,primary,1,1,1
42,1236995,2416361,12,734664,0,unemployed,tertiary,0,0,0
21,345920,1943884,12,250278,3,employed,secondary,1,0,0
46,971287,991208,18,148579,2,employed,tertiary,1,1,1
61,1678662,4433233,48,784370,0,employed,primary,0,1,0
21,185370,3332422,60,343929,5,unemployed,tertiary,0,1,1
45,906636,3017381,36,126691,2,employed,none,1,0,1
36,922639,2388692,36,257426,2,self_employed,secondary,1,1,1
59,1985364,2110035,24,297535,4,student,tertiary,0,1,0
52,498377,3164659,24,558459,1,employed,tertiary,1,0,0
28,897084,1714005,60,444946,5,unemployed,primary,1,1,1
62,541830,1457576,24,901451,3,employed,none,1,1,0
58,966004,4071926,48,793917,0,self_employed,tertiary,1,0,0
48,293767,72995,6,914060,1,employed,primary,1,0,0
61,1643786,1703005,24,896536,4,employed,secondary,0,0,0
45,477244,1762355,12,901859,1,student,tertiary,0,0,0
54,554677,491168,24,226392,2,self_employed,tertiary,1,0,1
44,1512108,739197,12,521819,2,employed,primary,0,0,0
43,913428,549471,18,242174,3,employed,tertiary,1,1,0
32,1508760,4999331,6,90153,5,employed,secondary,0,1,0
26,866698,2463911,6,37748,0,self_employed,tertiary,0,1,0
55,568895,4734162,60,921382,0,employed,tertiary,0,0,0
64,1325393,3698984,48,133021,4,unemployed,tertiary,1,0,0
39,467216,60514,48,216452,3,employed,tertiary,1,1,0
20,981515,2194608,36,247888,0,employed,tertiary,0,0,0
27,1101442,2154385,18,414097,5,self_employed,secondary,1,1,1
35,162669,3261861,60,182378,2,employed,tertiary,1,0,0
33,842330,2980299,48,611438,3,unemployed,primary,1,0,0
31,330539,678373,12,89364,1,self_employed,tertiary,0,1,0
42,1792955,683389,18,115925,3,employed,tertiary,0,1,0
34,1070747,1207260,6,9958,3,self_employed,secondary,1,1,1
47,316150,1425520,12,976689,5,employed,tertiary,1,1,0
53,739753,3405000,60,139769,5,employed,tertiary,1,1,1
21,1895964,3631311,60,87160,0,employed,none,1,0,1
51,493258,3833831,18,801925,4,self_employed,primary,0,0,0
42,539415,4371906,6,173873,4,employed,primary,1,1,1
41,997135,3846286,48,283343,5,employed,tertiary,1,0,1
44,1456396,2011328,12,786369,0,employed,tertiary,1,1,0
41,696012,4139437,12,238962,0,employed,secondary,1,1,1
41,1685765,3619199,6,983296,0,employed,none,1,1,0
61,943659,3741198,12,427704,5,employed,tertiary,1,1,0
25,774857,1400093,48,816925,4,employed,none,0,0,0
34,538029,243691,48,635833,0,employed,tertiary,0,1,0
62,1740056,3634476,48,311146,5,employed,secondary,1,1,1
56,222646,4525687,6,23731,1,unemployed,secondary,1,1,0
52,1392137,1240064,24,138148,1,self_employed,none,0,1,0
27,400164,3015560,24,787503,2,employed,secondary,0,0,0
63,1444359,4792998,60,886358,1,student,none,1,1,0
63,1556798,3459747,60,652160,3,employed,tertiary,1,0,1
24,1193457,2053146,12,985106,2,employed,secondary,1,1,0
58,292934,2642440,48,41410,1,unemployed,tertiary,1,1,0
23,182659,529969,12,754561,3,self_employed,tertiary,0,0,0
25,1744552,2541721,6,447543,1,student,tertiary,1,1,1
64,551323,732346,12,881380,5,student,primary,1,1,0
51,689872,1054411,36,716432,3,employed,none,0,1,0
49,1808646,4445223,24,228443,0,student,tertiary,1,1,1
54,1971575,2981659,12,41041,5,student,none,1,1,1
59,797108,249542,12,385760,3,employed,tertiary,0,0,0
35,912318,1770342,18,577614,5,student,secondary,1,1,0
32,986320,3533802,12,431765,0,employed,tertiary,1,1,1
61,1839760,1869833,36,839528,3,self_employed,tertiary,1,1,0
49,865864,2000500,24,710938,3,employed,secondary,0,1,0
38,1278265,4134032,18,963894,5,employed,none,1,1,0
36,1433093,1273045,6,439268,1,self_employed,secondary,0,1,0
38,1263865,4891905,60,829599,3,employed,none,0,1,1
47,1381604,2954936,6,447803,1,self_employed,tertiary,1,0,1
45,317598,1986983,24,847724,3,employed,tertiary,1,1,0
56,1697824,1454568,60,337563,4,employed,secondary,1,1,1
45,1200997,810956,6,697499,2,employed,tertiary,1,0,0
42,1336821,3604382,36,510839,1,self_employed,tertiary,1,0,1
28,1666482,3738498,12,874185,1,unemployed,tertiary,1,0,0
31,1051452,4407847,24,666067,0,self_employed,tertiary,1,0,0
20,1145687,4615861,60,761752,4,self_employed,tertiary,0,0,0
20,482829,549964,18,930644,0,employed,tertiary,1,1,0
53,266750,3047493,12,508365,4,employed,tertiary,1,1,0
51,170592,849458,6,11093,4,employed,primary,1,0,1
44,284000,55435,6,999540,5,student,secondary,1,0,0
59,830277,189565,18,890521,5,self_employed,none,1,1,0
64,372137,2992905,36,72043,5,employed,tertiary,1,1,1
20,1227228,3478261,18,491338,3,employed,primary,1,0,1
35,976352,4804417,24,386678,0,employed,tertiary,0,0,0
58,558069,1377654,18,399046,2,self_employed,primary,0,0,0
24,1701536,2677014,6,161680,4,employed,secondary,1,1,1
41,1873215,2189934,36,889297,4,self_employed,primary,1,1,0
48,902557,497628,36,386822,1,employed,none,1,0,1
22,1316092,2617592,48,309431,3,employed,none,1,0,1
31,429653,3069065,18,483263,2,unemployed,tertiary,0,1,0
45,1160178,4109319,24,557715,5,employed,secondary,0,1,0
35,253117,514535,6,519333,4,student,tertiary,1,0,0
56,287069,2698191,12,477258,1,employed,tertiary,0,1,1
41,616510,1398894,36,683755,0,employed,secondary,1,0,0
48,1934231,106572,18,916281,4,employed,secondary,0,1,0
33,1339660,3600985,48,371983,1,self_employed,tertiary,1,0,1
47,1340894,2563595,24,879094,0,self_employed,secondary,1,0,0
24,1688197,2183221,24,750362,3,employed,primary,1,1,1
49,758092,787550,60,804402,5,employed,tertiary,1,0,0
24,1483370,1848954,6,594506,0,self_employed,tertiary,1,0,1
31,1147996,2010350,36,207547,4,employed,none,1,1,1
35,649792,832533,6,860794,2,employed,primary,1,0,0
45,1625326,979090,48,678731,0,employed,tertiary,1,1,1
45,321604,2852743,12,220967,2,self_employed,secondary,0,0,0
40,673607,437902,12,936770,2,employed,secondary,1,1,0
58,1879538,1950302,12,234625,0,employed,tertiary,1,1,1
55,714635,734659,24,674555,3,employed,primary,1,0,0
52,718629,489717,36,110949,0,employed,secondary,0,1,0
49,1752457,762494,6,126895,1,employed,tertiary,0,1,0
56,1221248,3840918,6,289459,5,unemployed,secondary,1,0,0
42,1557734,3217118,48,775575,2,employed,none,1,1,0
29,1433640,2291105,12,83804,5,employed,secondary,1,1,1
24,563953,1370307,36,730606,4,employed,secondary,0,0,0
55,1907561,2372024,36,828013,2,unemployed,secondary,1,1,0
53,467582,2614695,48,700897,4,employed,secondary,0,0,0
50,94036,4725431,18,472913,1,student,none,1,1,0
29,1247017,1145589,36,621645,1,employed,tertiary,1,0,0
38,192867,4885933,36,906193,5,employed,secondary,1,0,0
51,1168597,964217,6,206337,1,employed,tertiary,0,0,0
20,419349,3914708,48,638272,0,self_employed,none,1,0,0
24,1559946,4876176,36,354593,2,self_employed,primary,1,1,1
64,735503,128113,36,251176,4,employed,secondary,1,0,1
23,472641,1971792,6,153256,5,employed,secondary,1,0,1
35,1973217,4412113,36,940783,5,employed,tertiary,1,0,0
43,387283,1589219,6,157642,1,employed,primary,1,0,1
35,810592,4530572,18,130522,1,employed,secondary,1,1,1
21,1628232,4052262,24,305174,4,employed,tertiary,0,0,0
47,1758557,4639716,60,848677,2,self_employed,tertiary,0,1,0
51,633117,4043687,6,710827,2,employed,tertiary,1,1,0
46,441180,2539667,6,250690,5,employed,secondary,1,1,0
39,1552086,4340955,36,559421,4,employed,tertiary,1,0,1
43,851151,1345125,6,734091,5,employed,none,1,1,0
31,1652091,135395,48,961309,3,employed,secondary,0,0,0
54,683718,4610141,12,568286,2,employed,secondary,1,0,0
52,450782,1183859,12,148310,4,employed,tertiary,1,1,1
52,62306,1143060,18,736448,4,student,tertiary,1,1,0
62,628110,2748954,6,461480,5,employed,secondary,1,0,0
56,74042,3285863,48,377747,1,employed,secondary,1,1,0
31,458302,2445067,36,48245,4,unemployed,tertiary,0,1,0
22,722747,3701422,36,285701,5,employed,tertiary,1,0,1
20,663712,4433030,60,332618,0,unemployed,tertiary,1,0,0
52,1281266,264223,24,227810,1,employed,tertiary,1,0,1
59,797410,4219495,18,196739,1,self_employed,secondary,1,0,1
29,199395,2662761,48,877660,2,self_employed,tertiary,1,0,0
62,1640883,2045457,48,786170,3,student,primary,1,0,0
63,911858,1063071,60,216585,2,self_employed,tertiary,1,0,1
48,1663727,4942397,60,65074,0,employed,tertiary,1,0,1
32,1088457,3325072,36,58204,5,self_employed,tertiary,0,0,0
31,685311,3338560,24,753957,1,employed,tertiary,1,0,0
50,1764219,1736090,36,223872,1,self_employed,primary,1,0,1
21,985783,4867842,24,680935,4,employed,primary,0,1,0
54,1407719,337906,12,473479,3,self_employed,secondary,1,0,1
42,112780,3377786,48,207096,3,self_employed,tertiary,1,1,0
36,859340,3366900,60,937573,4,unemployed,secondary,0,1,0
45,1815520,1234592,12,679760,0,employed,secondary,1,0,1
27,1486998,2195977,36,941650,3,self_employed,tertiary,0,0,0
48,1998010,2161029,18,531134,1,employed,secondary,1,1,1
45,1542017,2276217,6,433568,0,employed,tertiary,1,0,1
29,1791888,682731,18,23694,2,employed,secondary,0,0,0
45,1199282,411756,18,283884,2,self_employed,secondary,1,0,1
53,1791599,2264826,6,966942,0,self_employed,secondary,0,0,0
60,172019,3310802,48,555284,1,self_employed,none,1,0,0
26,421852,2071363,12,588162,2,employed,primary,1,1,0
23,1815317,567257,12,97661,5,self_employed,primary,1,0,1
64,229001,4640778,48,631233,1,employed,tertiary,1,1,1
30,845775,1350457,6,715042,4,employed,tertiary,1,0,0
48,1961181,4275933,24,699560,3,employed,primary,1,0,1
55,1198836,1531257,18,22970,0,self_employed,tertiary,1,0,1
44,1269439,2101933,36,928399,3,employed,tertiary,1,1,0
40,734494,2949359,12,693431,4,employed,tertiary,1,0,0
55,1079870,2836719,48,707628,2,self_employed,secondary,1,0,0
29,1801037,3611497,36,415474,5,employed,secondary,1,0,1
56,643731,312199,60,613178,1,unemployed,secondary,1,0,0
28,804471,2920524,6,751537,1,employed,tertiary,1,0,0
43,369674,1187273,36,57300,4,employed,primary,0,1,0
54,1538591,3917293,36,261387,0,student,tertiary,1,0,1
54,710187,83734,18,61915,3,employed,secondary,0,0,0
55,146143,263299,6,139516,5,self_employed,secondary,0,1,0
37,1816589,2821034,36,599435,2,employed,tertiary,0,1,0
58,194771,192728,12,600352,0,employed,tertiary,0,0,0
51,1070332,721253,6,66535,5,self_employed,tertiary,0,1,0
43,1605289,1603185,12,528048,5,employed,secondary,1,0,1
42,1058923,1056152,48,692244,4,unemployed,primary,1,1,0
51,950959,743812,48,889147,4,employed,tertiary,0,1,0
56,1870908,1767202,60,911923,1,employed,tertiary,1,1,0
31,710673,3312331,24,480693,2,self_employed,tertiary,1,1,0
32,1767534,4043767,48,943526,0,employed,secondary,1,1,0
42,161362,3875091,36,185576,1,employed,tertiary,0,1,0
44,1869381,702168,6,130992,2,unemployed,none,0,0,0
54,1389527,3739638,48,436346,3,self_employed,primary,1,0,1
60,1823326,4536856,12,174953,3,employed,tertiary,0,1,0
49,226298,1245055,36,586687,1,self_employed,primary,1,0,0
36,633838,1258957,48,429667,0,student,secondary,1,0,0
39,523288,1191766,18,444629,2,employed,secondary,1,1,0
44,315702,826644,12,747417,3,employed,tertiary,1,1,0
41,1042812,3413712,60,324422,3,employed,secondary,0,0,0
32,362257,574658,60,637574,0,unemployed,tertiary,1,1,0
38,1938007,836918,60,947143,1,self_employed,secondary,1,0,0
55,1809814,53196,12,689981,4,unemployed,secondary,1,1,0
31,1003847,1599648,60,752345,5,student,secondary,1,1,0
60,1156795,3707919,24,778839,2,employed,tertiary,0,1,0
38,1789122,3728588,18,668439,3,employed,primary,1,1,1
31,1004470,2653680,24,924399,5,employed,secondary,1,0,0
28,739129,1520017,48,879947,5,employed,secondary,0,0,0
26,825292,2717293,18,52142,4,self_employed,secondary,0,0,0
47,1880200,2834787,12,504455,5,self_employed,primary,1,1,1
33,286495,908811,24,389301,0,employed,primary,1,1,0
50,1676082,4114337,36,930056,1,employed,secondary,0,0,0
38,331373,2714649,18,92930,2,self_employed,tertiary,0,0,0
35,1960217,3686119,12,966325,0,employed,secondary,1,1,0
24,1650741,3107143,6,97812,1,employed,tertiary,0,1,0
54,239073,3606995,18,164702,0,self_employed,secondary,1,1,0
31,409281,1717108,18,594351,3,employed,secondary,1,1,1
44,874516,2903507,48,655278,3,student,tertiary,1,0,0
40,918212,1831336,36,274391,4,employed,tertiary,1,0,1
55,1060396,674588,48,279747,0,self_employed,none,0,1,0
42,1246454,2204327,60,102099,5,self_employed,secondary,1,0,1
35,269707,4120081,18,700924,3,employed,tertiary,1,0,0
58,291249,1200127,18,504254,1,employed,tertiary,1,0,0
64,1135610,2539913,60,786959,4,employed,tertiary,0,0,0
61,221389,3967000,36,974025,5,employed,none,1,0,0
58,1940476,2728306,36,199530,2,employed,primary,1,1,1
33,1510886,2264904,24,267993,0,self_employed,primary,1,1,0
50,1811732,2400716,12,224388,3,self_employed,tertiary,1,0,1
24,1109165,4537561,12,836746,5,self_employed,secondary,1,1,0
54,1155797,1869456,24,176796,1,employed,tertiary,0,0,0
42,1354503,1314008,12,749036,0,self_employed,primary,1,0,0
48,1886665,2818654,18,279374,1,employed,tertiary,1,1,1
62,1459020,1432212,24,878661,4,student,primary,0,1,0
30,691517,1309112,24,334639,3,student,secondary,1,1,0
37,875963,3926345,12,363534,3,self_employed,none,1,0,1
31,626515,3230863,6,435946,4,self_employed,primary,1,0,0
28,315308,2283414,12,616225,1,employed,secondary,0,1,0
29,143078,1693063,48,900155,0,employed,primary,1,0,0
63,877679,54331,6,265467,1,unemployed,tertiary,1,1,0
36,809401,1615976,24,393661,0,employed,tertiary,0,0,0
57,624887,4026808,6,869377,5,employed,tertiary,0,1,0
26,514761,262854,18,665323,4,unemployed,tertiary,1,0,0
32,1869231,4794353,36,968015,2,self_employed,secondary,0,0,0
59,1608244,1603416,6,907233,0,employed,primary,0,1,0
61,976921,3006156,48,516656,3,employed,secondary,1,0,0
28,1288227,2331696,36,670797,5,employed,tertiary,1,0,0
46,1599317,1183243,18,934359,3,self_employed,tertiary,1,0,0
21,118207,54677,48,81947,5,employed,secondary,1,0,0
24,384199,254580,60,516655,3,student,primary,1,0,0
48,938698,180334,36,928351,1,self_employed,secondary,1,0,0
56,1438990,4607885,60,920740,1,employed,secondary,1,0,0
57,161426,2102109,18,848329,1,employed,primary,1,1,0
38,1609657,2558963,36,642924,5,employed,primary,1,0,1
27,184794,1931934,36,275631,5,student,primary,1,1,0
64,1955450,2746711,12,339528,3,employed,tertiary,1,1,1
20,1456352,608745,48,455639,0,unemployed,secondary,0,1,0
41,1793967,616819,48,537443,5,employed,tertiary,1,1,0
36,1833171,3848043,6,273399,3,employed,secondary,1,0,1
26,595726,244243,60,645148,0,student,tertiary,1,0,0
44,633107,4501535,60,919483,1,employed,primary,0,0,0
64,93856,2920741,48,387740,5,self_employed,tertiary,1,1,0
23,1525368,667423,48,414521,2,employed,secondary,0,1,0
55,1926946,640642,36,598831,1,unemployed,primary,1,1,0
25,492244,687031,60,35094,4,unemployed,none,1,0,0
50,1158383,2915893,24,952602,0,unemployed,tertiary,1,1,0
38,886309,2053369,12,220638,2,employed,secondary,1,0,1
63,540999,1300844,6,426986,1,employed,secondary,1,0,1
58,1142037,966094,12,534022,5,employed,secondary,0,0,0
46,667762,4339361,6,727344,2,employed,tertiary,1,1,0
29,395280,1136985,18,301749,3,self_employed,tertiary,1,1,0
45,1381155,296889,36,77932,0,employed,primary,1,0,1
38,1838053,1515088,48,973123,4,employed,primary,0,0,0
58,457407,4234251,48,124109,3,self_employed,secondary,1,0,0
22,921158,3162252,24,552169,2,unemployed,secondary,1,1,0
64,1353306,4325542,60,194473,1,student,tertiary,0,1,0
32,1345308,1793227,60,948681,0,employed,tertiary,1,0,0
47,470602,2421693,12,564410,5,employed,tertiary,0,1,0
39,1785657,4219647,12,767915,4,employed,secondary,0,1,0
47,1677650,636470,12,821729,1,employed,tertiary,1,1,0
27,325848,4024409,60,111513,4,employed,primary,1,0,1
60,106635,3355141,48,36680,5,student,tertiary,1,0,1
58,969627,227216,60,83452,0,employed,none,1,0,1
20,1451430,4699292,12,51044,2,employed,tertiary,1,0,1
22,815197,2226512,36,699444,4,employed,secondary,1,1,0
32,295984,3733460,6,951693,0,employed,primary,1,0,0
47,1423713,2586015,48,144582,4,employed,tertiary,1,1,1
44,1211328,173662,36,352646,1,employed,secondary,1,1,1
52,1309770,1868352,18,546440,4,employed,tertiary,1,0,1
57,278584,3294571,36,609026,1,employed,primary,1,1,0
25,1517208,2944558,36,157517,1,employed,primary,0,0,0
63,182886,686438,18,732048,0,self_employed,secondary,0,0,0
64,1177113,1530175,36,464369,3,employed,secondary,1,1,1
51,886690,1879484,6,394411,5,employed,tertiary,0,1,0
64,1770444,1717690,48,104533,4,student,tertiary,0,0,0
40,135166,4469425,24,715309,2,employed,tertiary,1,1,0
35,1832852,2019036,60,549721,1,self_employed,primary,0,0,0
40,425854,3961451,18,922809,3,unemployed,secondary,1,0,0
30,1396419,2796153,48,189932,1,employed,tertiary,1,0,1
56,358479,1154188,12,204685,3,unemployed,primary,0,0,0
55,1931814,3759726,6,48648,3,student,tertiary,0,0,0
54,914285,3833112,24,194162,2,employed,primary,0,1,0
38,1817704,2356569,6,227993,3,unemployed,tertiary,1,1,0
39,347883,261463,6,566401,2,employed,tertiary,1,1,0
37,609073,1717788,12,246602,0,employed,secondary,1,1,1
60,213052,318602,24,889936,1,unemployed,tertiary,1,1,0
33,806079,2444820,60,654719,2,student,tertiary,1,1,0
34,1586494,712213,6,698002,5,self_employed,tertiary,1,0,1
50,1970024,4786912,12,295206,1,employed,secondary,0,1,0
20,1493401,2241306,18,333777,5,employed,secondary,1,1,1
22,116253,2723683,12,565892,4,self_employed,tertiary,1,0,0
35,528697,3896703,36,241201,5,employed,tertiary,0,0,0
42,665416,2557720,48,662038,0,student,tertiary,1,0,0
30,211081,3792849,12,32121,4,employed,tertiary,0,0,0
31,964013,143476,12,966007,4,employed,primary,1,1,1
29,685254,164560,12,649303,3,employed,none,0,1,0
51,1236430,1399987,60,873372,5,employed,primary,0,0,1
35,673640,3757957,6,464495,3,self_employed,none,1,0,0
27,469149,919241,60,802926,5,employed,secondary,1,1,0
57,1962162,599656,24,699545,4,self_employed,secondary,1,1,1
31,1762243,3488856,12,402894,3,employed,secondary,1,1,1
43,797567,3630885,12,168704,1,employed,none,1,0,1
47,1860145,3453209,36,46235,5,self_employed,tertiary,1,0,1
27,682585,2147953,36,132720,5,employed,tertiary,0,0,0
47,1829810,2777978,18,343357,3,self_employed,secondary,0,0,0
55,612634,3045785,18,507438,5,self_employed,primary,1,0,0
45,1210714,4030125,36,481517,4,self_employed,tertiary,1,0,1
27,362916,1876629,24,723277,3,employed,secondary,1,1,0
47,90149,2445265,18,540777,3,unemployed,tertiary,1,0,0
47,398844,141679,48,863713,2,student,tertiary,0,1,0
56,1781462,2828217,48,923322,2,employed,secondary,1,0,0
60,933190,1389083,24,370334,4,self_employed,tertiary,1,0,1
55,1577504,3074628,36,386757,1,employed,tertiary,1,0,1
46,178447,3753367,18,426365,5,employed,none,1,1,0
36,511693,4856540,12,944816,0,employed,tertiary,1,0,0
28,1104271,3940702,36,430340,5,student,tertiary,1,0,1
52,1662033,4038395,18,628510,0,self_employed,secondary,1,0,1
39,884379,2424151,24,1316,4,employed,primary,0,1,0
32,1276872,227476,48,988494,1,employed,primary,1,1,0
47,882297,1249217,24,60046,1,student,primary,1,0,1
48,730913,2725877,18,865075,1,employed,primary,1,1,0
32,1465221,2303962,24,987114,2,employed,primary,1,0,0
54,1421130,2999908,18,768475,4,unemployed,tertiary,1,0,0
25,1464474,4063880,18,883936,0,self_employed,tertiary,0,1,0
37,403039,1981441,24,115594,1,employed,secondary,1,1,1
24,992320,315033,6,588330,4,employed,secondary,1,1,0
44,1808962,4778161,12,508566,5,student,secondary,1,0,1
21,1411425,3402477,36,652583,0,student,primary,1,0,0
29,242994,3974845,48,678462,2,employed,secondary,1,1,0
49,1476420,1185730,12,785025,3,employed,tertiary,1,0,0
64,910346,1206649,36,114430,0,employed,tertiary,1,1,1
24,1100457,3752085,36,762318,5,employed,tertiary,0,1,0
52,359509,892329,48,387926,0,self_employed,secondary,1,1,0
20,1619720,1243582,12,949461,0,employed,secondary,1,0,0
37,1177787,938976,48,406088,3,self_employed,secondary,1,0,1
51,1037626,1641570,18,574382,1,self_employed,tertiary,1,0,0
30,1254654,224588,48,834151,5,self_employed,tertiary,1,1,0
40,1401918,3823618,24,729245,3,student,primary,1,0,0
45,990335,3635854,6,645391,0,employed,tertiary,1,1,0
44,1985657,1580332,6,653114,5,employed,secondary,1,1,1
41,1524235,4369050,6,937197,2,self_employed,tertiary,1,0,0
46,1009820,4789023,12,836910,0,unemployed,tertiary,1,1,0
32,1325779,1083290,12,753523,2,employed,secondary,1,1,0
52,769846,4675535,18,43677,4,unemployed,tertiary,1,1,0
53,1759813,4999702,60,977516,2,employed,primary,1,0,0
60,1138129,3496549,6,928264,0,employed,secondary,0,1,0
54,1605929,3208546,18,535872,3,employed,secondary,1,0,1
20,1496714,531438,60,264250,0,student,primary,1,1,1
40,959210,4818424,6,406885,0,employed,primary,1,0,1
25,710046,2755430,12,512703,4,employed,tertiary,1,0,0
47,82766,1308542,60,25223,1,student,primary,1,0,0
36,1917014,1170780,24,453882,0,self_employed,primary,0,0,1
24,605710,2192936,24,822138,4,unemployed,tertiary,1,0,0
50,953022,4122091,24,461235,3,employed,none,1,1,0
24,324349,1354140,48,454801,4,employed,tertiary,0,1,0
57,529806,4858098,24,420698,4,employed,none,1,1,0
22,1253175,3843868,36,846801,2,self_employed,tertiary,1,0,0
42,1865419,1838702,6,689503,1,self_employed,secondary,0,1,0
56,1510235,3746724,24,785977,1,self_employed,tertiary,0,1,0
56,1508316,1641711,60,155312,5,self_employed,secondary,1,0,1
29,1477197,1678853,36,272159,3,employed,primary,1,0,1
29,1126778,2108721,36,868596,5,self_employed,secondary,1,1,0
38,489358,2010391,36,980527,4,employed,secondary,1,0,0
36,898124,4707448,18,51500,3,employed,tertiary,0,1,0
40,787744,4126773,60,850357,3,employed,tertiary,0,0,0
33,70855,4562121,18,353123,1,self_employed,primary,0,0,0
28,526963,2170100,36,882787,1,unemployed,none,1,1,0
20,1814308,109072,48,735956,1,employed,tertiary,1,0,1
64,861527,3525432,24,224045,0,employed,secondary,1,0,1
32,1006228,3933337,6,704991,4,employed,none,0,0,0
23,361385,2213843,60,993694,3,student,primary,0,1,0
20,677407,2812594,48,719012,4,self_employed,tertiary,1,0,0
59,1674867,4084941,12,182159,3,student,secondary,1,1,1
51,1560171,4251390,18,210861,3,unemployed,tertiary,1,0,0
53,1193413,439962,24,841341,5,employed,none,0,1,0
47,273068,4836445,24,797997,3,employed,tertiary,1,0,0
50,406427,3527899,12,289741,3,employed,primary,1,0,0
27,983476,3473788,12,224376,2,employed,primary,1,1,1
58,173805,851680,60,589911,2,employed,secondary,0,0,0
45,1978854,4181279,24,402648,5,employed,tertiary,0,1,0
53,859359,1909234,12,74300,0,self_employed,secondary,1,0,1
22,165657,992529,24,516909,1,employed,secondary,0,1,0
31,903062,3990008,48,983218,3,employed,tertiary,1,1,0
20,154428,1637138,60,878269,4,self_employed,primary,0,1,0
63,172035,2136172,12,49314,2,employed,tertiary,0,1,0
24,1544139,1415265,48,566253,1,self_employed,secondary,1,0,0
49,1329356,3980131,48,883881,0,self_employed,primary,1,1,0
49,962676,3292222,12,739628,1,employed,primary,0,0,0
36,1840146,165981,60,330101,3,self_employed,none,0,0,0
42,119518,4260608,24,436931,1,employed,secondary,1,0,0
34,226355,1372014,36,184522,3,employed,secondary,1,1,0
56,1966334,338569,24,192974,5,employed,tertiary,1,1,1
40,717565,774071,6,290461,2,student,tertiary,1,0,1
33,170243,3306505,12,381335,2,employed,secondary,1,1,0
21,1057378,452641,18,328897,3,employed,tertiary,1,1,1
30,1897756,4862056,60,297386,4,unemployed,secondary,1,1,0
58,988601,3826764,12,132001,2,employed,primary,1,0,1
57,446308,1565538,6,368406,4,employed,tertiary,1,0,1
53,1151887,2949675,48,254268,3,unemployed,primary,1,0,0
57,72692,3449902,18,886238,5,employed,none,1,0,0
53,1747818,4899666,18,360868,3,self_employed,primary,1,0,1
37,729222,3449618,24,537868,5,self_employed,tertiary,1,0,0
49,442179,3454629,36,628422,2,self_employed,secondary,1,1,0
34,271468,2242848,24,882399,4,student,tertiary,1,1,0
46,1440227,2823219,60,807174,3,unemployed,primary,1,1,0
53,130152,4914912,18,17833,2,self_employed,none,1,1,0
57,513685,1694173,18,620709,5,unemployed,primary,0,1,1
52,1627790,1019224,36,595635,3,student,tertiary,1,0,1
43,1058803,2817549,60,74155,5,student,tertiary,1,1,1
34,53969,4311725,12,876223,1,self_employed,secondary,1,0,0
49,1134309,286436,36,745868,5,employed,secondary,1,0,0
61,381999,2264178,48,406743,1,self_employed,tertiary,0,0,0
36,91743,124804,24,451355,2,employed,primary,0,0,0
24,1753057,3707390,12,114527,3,employed,tertiary,0,1,0
48,220948,3026877,24,229482,2,employed,secondary,0,1,0
23,943877,3839514,36,724945,0,student,none,1,0,0
29,70323,2022871,12,565345,5,employed,tertiary,1,0,0
36,1621869,1990483,36,198511,2,self_employed,primary,1,0,1
29,1377148,2961898,48,515553,2,self_employed,secondary,1,1,1
36,608866,537335,6,511474,1,employed,primary,1,0,0
39,1709350,3559163,18,306405,5,self_employed,secondary,0,1,0
43,551793,3437951,60,726272,1,self_employed,secondary,1,0,0
24,376284,1311402,12,393258,3,unemployed,tertiary,0,1,0
53,1880314,3925251,18,547057,2,employed,tertiary,1,0,1
25,1730189,3890507,6,460329,5,employed,primary,1,0,1
21,1968837,1416851,12,208990,2,self_employed,tertiary,1,0,1
32,318508,2629082,18,22449,3,employed,secondary,0,1,0
62,441011,2176028,18,956157,4,employed,secondary,1,0,0
62,1527141,3035032,12,946363,3,employed,primary,1,1,0
30,1754627,3127195,18,139648,1,self_employed,tertiary,1,0,1
42,832259,2376344,18,439090,1,employed,none,1,1,0
35,1718462,3507100,12,470415,2,self_employed,secondary,0,0,0
50,1820403,2399465,60,298489,1,student,secondary,1,0,1
30,226968,1126837,18,117926,5,self_employed,secondary,1,0,0
35,107062,3149449,18,769806,3,employed,none,1,1,0
27,1326914,3160999,60,988284,2,employed,primary,1,0,0
23,785122,1587746,24,386720,3,employed,tertiary,0,0,0
59,719221,1679040,48,855860,3,employed,tertiary,1,0,0
23,1326485,2461596,24,748008,2,employed,primary,1,1,0
44,556995,2289564,6,4321,4,employed,tertiary,1,0,1
22,138302,3713289,24,792208,1,self_employed,primary,1,1,0
51,1686792,4238699,24,278263,0,student,tertiary,1,0,1
22,1083224,2966596,6,685929,0,student,secondary,1,0,0
46,788591,4177436,18,520709,0,employed,none,1,0,1
48,615635,2515933,18,130078,1,self_employed,none,1,0,1
51,577409,4916940,24,693956,4,employed,tertiary,1,0,0
38,133793,3512511,6,315111,3,self_employed,secondary,1,0,1
40,1651028,434083,18,688423,2,employed,tertiary,1,0,1
24,337635,581598,36,939844,4,student,primary,1,1,0
37,633510,2328845,12,862155,0,unemployed,secondary,1,0,0
47,728525,716252,12,186502,5,employed,primary,0,0,0
61,578036,3100798,48,112620,1,self_employed,tertiary,0,1,0
41,1649417,2586047,12,399884,1,self_employed,tertiary,0,0,0
40,1215123,3374353,24,605168,2,employed,none,1,0,0
25,634668,3304992,12,8195,5,self_employed,tertiary,1,1,1
20,94331,4847663,12,999601,3,self_employed,tertiary,1,0,0
24,801393,746362,36,778985,4,unemployed,tertiary,1,0,0
60,1064348,4511835,18,626946,5,self_employed,none,1,0,0
31,1743481,3585443,36,57995,4,self_employed,secondary,0,0,0
45,875992,1982303,24,130112,4,unemployed,primary,1,1,1
53,1938873,2801821,12,743194,3,student,secondary,0,0,0
33,1014190,476941,60,38250,3,employed,tertiary,1,1,1
45,650198,3923770,18,782129,3,employed,tertiary,1,1,0
64,447891,4900224,48,933580,2,self_employed,none,1,1,0
46,1034210,436354,48,15376,1,student,none,1,1,1
28,550201,2990149,12,756935,0,employed,secondary,0,0,1
45,1600813,985709,12,711199,3,employed,primary,1,0,1
41,1091566,2535178,48,851155,1,employed,secondary,0,1,0
49,1094863,3303965,48,567730,3,self_employed,primary,1,1,0
62,1962994,2135469,60,529680,0,student,secondary,1,0,1
36,781576,3715632,24,508193,5,employed,tertiary,1,0,0
45,1108644,3572348,12,516898,3,employed,secondary,1,0,0
55,1677324,1396365,48,682466,1,student,tertiary,1,1,1
20,937198,1186078,60,473061,2,employed,primary,1,1,0
27,1669282,536598,6,24809,5,unemployed,secondary,0,1,0
54,1386926,4593758,48,115095,5,employed,tertiary,1,0,1
34,1751044,583037,18,656053,5,self_employed,tertiary,1,0,1
41,1885295,3881871,18,623761,0,employed,primary,1,0,1
33,1120913,634933,6,94769,1,self_employed,tertiary,1,0,1
45,1250314,263933,24,977325,4,student,secondary,1,0,0
47,297667,1051720,12,467375,4,student,tertiary,1,0,0
42,706521,2197914,12,499302,4,unemployed,primary,1,0,0
33,1082321,2735662,48,505376,2,employed,tertiary,1,1,0
43,564241,477709,18,598998,3,employed,primary,1,0,0
21,937099,305539,24,797784,3,employed,tertiary,1,0,0
64,1450791,1800866,24,183268,3,student,tertiary,0,1,0
45,1196640,3354513,24,202138,2,employed,secondary,1,0,1
33,1006255,3827173,48,660352,4,student,none,0,0,0
26,1467231,1852272,12,53076,5,student,primary,1,1,1
22,1581181,4897384,24,285498,3,self_employed,tertiary,0,1,1
42,457974,4226429,48,658672,5,unemployed,secondary,1,1,0
62,1557572,3218097,48,307977,5,student,tertiary,0,0,0
64,1869550,2085030,6,528606,2,unemployed,tertiary,1,1,0
37,577466,2000852,36,636651,2,self_employed,primary,1,0,0
57,606119,62120,24,362136,1,unemployed,secondary,0,1,0
54,183248,674135,36,852435,3,employed,tertiary,1,1,0
34,1201882,4867167,12,158264,4,self_employed,tertiary,1,1,1
44,214726,4789052,48,894273,0,employed,none,1,1,0
56,1877156,2103902,60,100726,2,employed,primary,1,1,1
47,994131,4795920,24,89199,5,unemployed,secondary,1,0,0
29,757910,2271186,60,381339,1,self_employed,tertiary,1,1,0
58,424169,3371613,18,168561,0,employed,tertiary,1,1,1
36,750270,884030,12,251131,2,employed,none,1,0,1
58,140417,4436152,6,369651,1,student,primary,1,1,0
41,763611,2401441,6,957813,5,unemployed,secondary,1,1,0
45,478638,2974553,36,894605,3,employed,tertiary,0,1,0
63,1110560,2316598,48,552561,1,student,secondary,1,0,0
44,1187888,1826238,36,702913,2,employed,tertiary,0,0,0
36,242458,112784,18,553761,3,self_employed,primary,1,1,0
32,1181867,4960662,18,585698,5,self_employed,secondary,0,0,0
39,843567,2509730,6,652824,4,student,tertiary,1,1,0
44,574608,4488072,60,406895,1,unemployed,secondary,1,1,0
23,1070462,2045127,24,355125,0,employed,primary,0,0,0
29,1585963,1791070,6,45310,5,self_employed,none,0,1,0
22,727044,1558834,6,607694,3,employed,none,0,0,0
60,1023417,1085108,60,191755,5,employed,none,1,0,1
64,1973782,4387739,60,374909,3,self_employed,none,1,0,1
37,465105,528365,18,288136,5,employed,primary,1,1,0
55,1849785,2964212,60,29433,4,employed,primary,0,1,0
41,1458791,2124242,36,469790,1,employed,primary,1,0,0
53,1802835,3265400,18,812365,0,self_employed,tertiary,1,0,0
27,1353659,1669110,60,962524,4,self_employed,tertiary,1,0,1
59,1053466,544209,48,946740,1,employed,tertiary,0,0,0
63,684151,663398,18,714095,0,student,none,1,0,0
38,91777,1584230,18,665130,5,employed,tertiary,1,1,0
61,96250,1813796,6,331429,0,self_employed,primary,1,1,0
60,1958042,4840280,24,896553,2,self_employed,primary,1,0,0
56,941372,901980,6,384891,0,employed,primary,1,1,1
25,1400850,1816299,12,428487,1,employed,secondary,1,1,1
45,525147,4517610,18,204463,4,student,secondary,1,1,1
53,1803282,4070018,60,898114,4,employed,tertiary,0,0,0
64,970041,1712656,60,764993,2,employed,primary,0,1,0
25,1838698,4944097,60,23439,1,employed,tertiary,0,1,0
56,65216,2660366,18,357970,0,unemployed,secondary,1,1,0
52,396293,1284599,60,404317,2,employed,none,0,1,0
41,577297,610846,12,617064,5,unemployed,tertiary,0,0,0
40,926336,4373242,18,737679,3,employed,none,1,1,0
25,1783263,1245307,60,905502,5,employed,secondary,1,0,0
25,195281,2921712,18,438133,1,employed,primary,1,0,0
23,753803,4167143,48,354489,2,unemployed,tertiary,1,0,0
49,1637893,3027407,18,899355,4,self_employed,primary,1,0,0
30,1559405,905656,12,869891,2,employed,secondary,1,0,0
49,784803,4710745,6,244361,3,employed,secondary,1,0,1
50,238069,3616568,18,735922,1,employed,secondary,1,0,0
43,1462891,4729020,24,434412,2,employed,none,1,0,1
28,164456,1842363,12,678929,5,employed,secondary,1,0,0
22,1423279,688922,36,906030,0,unemployed,none,1,1,0
50,901324,827867,48,697247,5,self_employed,secondary,1,1,0
59,906841,4110861,12,938397,1,employed,secondary,1,1,0
56,869497,3116461,6,874403,2,student,tertiary,1,0,0
55,1865335,2552884,60,448520,5,student,tertiary,1,1,1
43,432688,1752424,60,123299,2,employed,tertiary,1,1,1
50,1468060,3351643,12,495644,5,employed,tertiary,1,0,1
25,83783,4225252,36,425615,1,student,secondary,0,0,0
21,84152,1235560,60,772443,4,self_employed,primary,0,1,0
39,1681605,1810968,48,811668,5,employed,primary,1,1,0
47,1992057,996301,24,485951,0,self_employed,secondary,1,0,1
30,494718,4906113,36,741230,5,employed,none,0,1,1
23,1651956,4377101,12,376823,1,unemployed,none,1,0,0
34,198725,917838,36,491969,5,employed,secondary,0,1,0
25,541215,1107880,60,967035,0,self_employed,tertiary,1,0,0
49,1853500,3137714,60,80570,0,employed,tertiary,1,0,1
57,221541,4369859,12,620909,1,employed,primary,0,0,0
21,1877000,3528192,60,271586,2,employed,secondary,1,0,1
34,1447203,1621853,60,318581,5,employed,secondary,0,1,0
30,958017,518224,24,780699,4,self_employed,tertiary,1,1,0
27,371898,3180576,24,977846,0,employed,secondary,0,1,0
45,735338,3290216,6,340323,0,employed,none,1,1,0
64,1186168,1357066,24,952573,5,self_employed,secondary,0,0,0
63,1455263,835890,18,728606,2,self_employed,secondary,1,0,0
24,93169,4137954,36,693920,5,employed,secondary,1,1,1
25,1540079,972229,36,451286,1,employed,tertiary,0,1,0
45,104745,2888109,12,435643,4,student,tertiary,0,1,0
23,1733032,2653441,24,912040,5,employed,tertiary,1,0,0
38,688273,4856799,6,978000,0,unemployed,secondary,0,1,0
39,1088347,248017,60,588845,0,employed,secondary,1,1,0
52,1890551,3793757,6,597040,1,self_employed,secondary,1,1,1
39,1810328,2918921,6,208320,2,employed,primary,0,1,0
31,71067,4915368,48,201513,5,unemployed,tertiary,1,1,0
20,101033,3053225,60,572822,3,employed,secondary,1,1,0
45,95256,2379518,18,366447,2,employed,secondary,1,0,0
33,795993,4494623,24,159002,0,employed,secondary,0,0,0
57,289455,4278316,60,909727,5,unemployed,secondary,0,1,0
56,552264,716775,6,744402,0,unemployed,tertiary,1,0,0
30,1298993,3628478,60,377431,4,employed,tertiary,0,1,0
55,989695,4752034,18,793720,2,employed,tertiary,0,1,0
32,136803,504529,36,109570,3,self_employed,tertiary,0,1,0
62,1302390,2394218,12,881979,4,unemployed,secondary,0,0,0
22,168843,2911129,24,522699,3,self_employed,tertiary,1,1,0
52,529809,1161766,24,605410,4,student,primary,1,1,0
25,603280,3471147,48,716878,2,employed,tertiary,0,1,0
29,1311179,589203,36,32400,0,employed,tertiary,1,0,1
24,623091,1361629,24,909041,3,employed,tertiary,1,1,0
42,1470695,950542,48,132639,2,self_employed,primary,1,1,1
29,1817413,3261636,48,572166,3,employed,none,1,0,1
63,194282,4004780,48,48850,2,employed,tertiary,1,0,1
21,526545,4278416,24,918598,4,employed,tertiary,1,1,0
32,1124846,2995759,24,666495,2,employed,primary,1,0,0
59,1553800,344768,24,865476,4,employed,secondary,0,0,0
21,1867793,3402921,18,45113,0,employed,primary,1,0,1
39,581740,111264,48,58791,4,student,secondary,1,1,1
20,1402206,2509507,18,796116,1,employed,tertiary,1,1,0
56,1113435,4888094,12,879215,0,employed,tertiary,0,0,0
28,994740,4687452,24,596015,5,self_employed,secondary,0,0,0
36,999403,3502097,60,869810,5,unemployed,tertiary,1,1,0
28,1654947,3401191,36,582840,2,self_employed,primary,1,0,0
30,1952716,1268284,6,139118,2,employed,secondary,1,0,1
34,1210038,3130202,12,529222,1,unemployed,none,0,0,0
43,1246311,3771993,60,977060,2,employed,tertiary,1,0,0
57,1978084,1998058,6,702166,0,employed,tertiary,0,1,0
54,299737,4738827,6,263498,0,self_employed,secondary,1,1,0
49,1379773,672207,24,629065,4,self_employed,secondary,1,1,0
50,192157,4955536,36,619640,3,self_employed,primary,0,0,0
24,1450465,692064,6,254164,2,student,secondary,0,0,0
63,240167,915630,48,53046,1,self_employed,primary,0,0,0
33,643805,4375001,60,373242,5,unemployed,tertiary,1,0,0
30,1775089,2996878,6,589352,0,self_employed,primary,1,0,1
28,1234895,2035500,12,319328,0,employed,primary,1,1,1
53,978057,3022881,36,658323,0,employed,tertiary,0,0,0
31,1512603,1359989,36,27424,3,employed,none,1,1,1
54,1325029,218678,6,735399,3,employed,none,0,1,0
54,973639,4676160,36,658402,2,self_employed,tertiary,0,0,0
20,186645,4100501,12,498493,5,self_employed,secondary,1,0,0
59,1610611,1025924,60,269283,1,employed,secondary,1,1,1
41,1092092,853789,12,273370,3,employed,tertiary,0,1,0
48,1702131,220923,12,367378,4,employed,tertiary,1,1,1
27,1236837,350406,48,473514,3,unemployed,tertiary,0,0,0
30,392221,567961,24,345796,0,employed,secondary,1,1,1
60,486862,1085598,6,693468,1,self_employed,secondary,1,0,0
56,388767,2561902,60,594935,2,self_employed,tertiary,0,1,0
33,1229580,3690377,36,592905,3,employed,secondary,1,1,0
49,1603763,213944,12,160887,0,employed,tertiary,1,1,1
54,103687,2646105,6,925306,4,employed,none,0,0,0
40,904744,3072345,60,697590,4,unemployed,tertiary,1,1,0
56,1206191,2740543,60,194444,2,self_employed,secondary,1,1,1
24,443120,3019852,6,769244,2,self_employed,secondary,0,0,0
38,601852,4806004,24,709380,3,self_employed,primary,1,0,0
33,1913843,1408454,48,476665,2,employed,tertiary,0,0,0
45,1029091,3921018,36,148537,5,employed,tertiary,0,0,0
23,581985,1120804,48,401210,5,unemployed,secondary,1,0,0
44,654453,2487220,60,527819,0,unemployed,secondary,0,0,1
64,1827858,2153627,36,664703,0,self_employed,primary,1,0,0
61,984550,3148350,60,452282,0,self_employed,none,1,0,1
44,632111,4485686,12,754380,5,employed,tertiary,0,1,0
37,583903,3627643,12,923733,3,employed,secondary,1,0,0
59,556554,4674341,6,356455,3,self_employed,none,1,1,1
27,966931,2439911,36,747662,2,student,tertiary,1,0,0
58,650724,1776681,36,82124,3,employed,tertiary,0,1,1
59,1814455,167408,60,481920,0,employed,tertiary,1,0,1
33,1481282,686431,48,700149,1,employed,tertiary,0,0,0
51,907549,3485504,12,568357,0,employed,primary,0,1,0
57,609070,849288,18,757758,5,employed,tertiary,1,1,0
52,1177109,1286541,6,218474,1,student,tertiary,0,1,0
42,290011,2086721,36,927028,2,unemployed,primary,0,1,0
34,1287903,1690913,24,646195,4,unemployed,primary,1,1,0
52,1603744,367798,24,780288,3,self_employed,secondary,1,0,0
44,122684,1301222,18,88074,3,employed,secondary,0,1,0
36,1548710,540783,12,108345,5,student,primary,0,0,0
52,1880029,1157177,12,217834,0,employed,tertiary,1,0,1
21,1838220,836796,12,456319,0,student,secondary,1,0,1
33,1964566,4709014,48,925607,1,self_employed,primary,1,0,0
59,1315197,3544585,60,451797,3,employed,none,1,0,1
59,1333871,2042834,24,477154,5,employed,tertiary,0,0,0
58,1966430,4173412,12,54203,2,employed,secondary,0,1,0
25,825723,4965379,24,146162,0,employed,secondary,0,0,0
25,1880288,3969736,18,540203,3,employed,tertiary,1,1,1
22,997509,4766302,6,827909,4,unemployed,tertiary,1,0,0
26,1891646,2523055,60,188059,5,self_employed,primary,1,0,1
27,1922427,1377877,48,970742,1,employed,none,1,1,0
61,1656241,4226852,36,480263,0,employed,tertiary,0,1,0
34,1729108,2737328,18,378884,0,self_employed,tertiary,1,1,1
48,1797052,1949955,60,122217,2,employed,primary,0,1,0
52,1004138,1955888,24,146101,0,employed,primary,1,1,1
49,787651,4248811,18,751727,5,self_employed,secondary,1,1,0
58,1646246,722225,36,89067,3,employed,primary,1,1,0
46,1869239,3560463,60,53520,3,employed,primary,1,1,1
55,761423,1490334,48,70053,3,employed,primary,1,0,1
48,203466,2174365,6,51464,4,employed,tertiary,1,1,1
57,1952797,3120610,36,153033,4,employed,primary,1,0,1
52,284318,3253178,60,944339,0,employed,primary,1,1,0
56,422778,447693,48,945229,4,employed,none,1,0,0
46,181936,3782238,24,811789,4,unemployed,primary,1,0,0
52,1984580,2022613,36,132316,2,self_employed,tertiary,1,1,1
23,1007726,2665880,18,67952,4,self_employed,tertiary,1,0,0
41,697952,3874484,12,48061,1,employed,none,1,1,1
21,726315,3208483,18,792922,1,employed,tertiary,1,0,0
29,422818,3385705,24,514072,1,employed,secondary,0,0,0
24,1202109,1394091,60,517071,0,unemployed,none,1,1,0
29,918277,454470,6,601507,3,employed,secondary,1,0,0
52,1346573,4379394,36,912737,2,self_employed,tertiary,0,1,0
57,1168166,841624,60,792271,0,employed,secondary,1,0,0
32,1488495,4968580,6,24992,3,student,tertiary,1,1,1
50,378615,1651207,24,637442,2,student,tertiary,0,1,0
55,1602268,1657245,36,254166,2,employed,tertiary,0,1,0
64,531530,3045035,48,176010,2,self_employed,tertiary,1,1,1
43,1614371,2359305,48,779375,1,employed,primary,1,0,0
34,1404018,2906188,60,318393,1,self_employed,secondary,1,1,1
48,1554900,2593628,18,962239,1,employed,tertiary,1,1,0
27,1343512,534427,60,627601,2,employed,primary,1,0,0
24,1671788,2467714,18,312878,5,employed,secondary,0,1,0
48,459925,4768740,24,702440,2,student,tertiary,1,1,0
23,1108302,4008905,48,205532,1,unemployed,none,1,1,0
31,241896,4841506,36,649914,2,employed,primary,0,0,0
64,1139118,4133372,48,998961,1,self_employed,tertiary,1,0,0
21,463461,1159229,18,810692,1,employed,primary,1,0,0
46,1133329,3943623,60,714967,1,employed,secondary,0,0,0
50,916220,4436897,24,61852,5,unemployed,primary,1,0,0
55,333460,2139884,48,28380,3,employed,tertiary,1,1,1
55,283979,4254099,24,477563,2,self_employed,tertiary,0,0,0
45,658986,3430796,48,71257,0,employed,secondary,1,1,1
62,328104,1561546,60,172263,1,employed,tertiary,1,1,0
46,1129367,4871699,6,267074,5,employed,secondary,0,0,0
24,1075270,1546030,60,921857,0,student,secondary,0,0,0
39,337360,2899090,48,925336,3,self_employed,tertiary,0,1,0
30,1425147,3362750,18,513279,2,employed,secondary,1,1,1
29,1997478,61009,60,704914,5,unemployed,secondary,1,1,0
59,647578,4422472,36,743847,1,student,tertiary,1,1,0
57,621302,1773480,18,316161,1,employed,tertiary,1,0,1
25,185150,3749397,18,450514,1,employed,tertiary,1,0,0
27,1045893,2041367,18,770112,5,employed,secondary,1,1,0
42,1149095,380328,24,444605,0,employed,primary,1,0,1
45,1889050,4459013,12,728666,3,self_employed,tertiary,1,0,1
62,623340,2758668,12,156597,2,employed,secondary,1,0,1
31,1112965,1050294,6,475308,3,employed,tertiary,1,1,1
45,408105,3248454,18,604918,1,employed,tertiary,1,1,0
32,1690975,996984,12,990975,3,employed,tertiary,1,1,0
59,1990066,2335362,6,723571,0,self_employed,secondary,1,0,1
37,930147,2892894,24,555568,4,self_employed,none,1,1,0
44,887165,3500375,18,648418,4,employed,tertiary,0,1,1
52,1919762,227265,36,142312,2,employed,tertiary,1,1,1
59,922318,3276585,24,982596,2,employed,tertiary,0,1,0
62,1256329,3578329,6,462757,3,student,primary,1,0,1
31,1712388,3086773,24,980355,2,employed,secondary,1,1,0
63,393150,4434432,36,792976,5,employed,tertiary,0,0,0
55,1909712,1740792,24,713341,0,employed,primary,0,0,0
23,1596064,1681570,6,934836,1,employed,secondary,0,0,0
24,1193489,2025556,36,157908,1,employed,secondary,0,0,0
56,668396,3540678,36,276532,3,self_employed,secondary,1,1,1
27,829091,4823598,24,244335,1,unemployed,tertiary,1,1,1
61,319637,1710102,36,525982,3,employed,none,1,1,0
47,119639,2395170,60,127727,2,self_employed,secondary,1,0,0
50,1330028,1561710,24,874634,2,self_employed,tertiary,1,1,0
28,1415103,1817091,18,637345,5,employed,tertiary,1,1,0
48,1756930,882230,36,523888,5,employed,tertiary,1,1,1
33,1823216,866609,24,311438,0,employed,primary,1,0,1
59,359378,3685192,18,563057,1,unemployed,tertiary,1,0,0
60,1014795,4634470,36,432636,5,unemployed,none,1,1,0
41,1751538,4112316,18,375433,0,employed,secondary,0,1,0
30,536084,3238741,48,102885,4,employed,tertiary,1,1,1
42,1628458,4214133,36,562143,5,self_employed,none,1,0,1
20,1859771,1705464,48,656820,0,employed,tertiary,1,1,0
56,319515,1456819,6,495407,3,self_employed,tertiary,1,0,0
40,1670179,928835,6,571934,3,employed,none,1,0,1
45,1837500,673578,24,434468,0,student,primary,1,1,1
55,1750115,3327560,12,403051,2,self_employed,tertiary,0,1,0
42,282520,3219870,48,113947,4,employed,secondary,1,1,1
20,1702390,2519485,48,10910,0,self_employed,secondary,0,0,0
59,1342035,3081946,6,607045,5,employed,tertiary,1,0,0
34,721986,2429093,48,484365,2,employed,primary,1,0,0
40,1971013,4552748,12,752249,0,self_employed,secondary,0,0,1
28,287330,2810451,18,759510,1,employed,primary,0,1,0
28,1204149,4848064,18,794895,5,self_employed,primary,1,1,0
29,974634,747389,12,144408,5,employed,secondary,1,1,1
45,187900,4505978,48,550822,3,self_employed,tertiary,0,1,0
60,369658,3816176,48,657729,1,employed,secondary,1,1,0
54,550364,4291244,48,418597,1,self_employed,tertiary,1,1,0
44,1604316,4223414,60,898728,5,employed,tertiary,0,0,0
45,1334283,4977611,24,347238,4,employed,secondary,1,0,1
30,1806600,3954840,36,874337,2,employed,none,1,0,0
57,1603493,3870730,12,492402,3,employed,tertiary,1,1,1
21,1771819,2899310,12,489706,1,employed,secondary,1,1,1
26,748419,2898411,60,287551,3,employed,none,1,1,1
37,1575870,3394443,12,848984,5,student,tertiary,1,1,0
46,1796868,1106504,12,167011,2,employed,secondary,0,1,0
53,573116,2494149,60,616591,0,self_employed,tertiary,1,0,0
46,1553061,2264669,12,985080,1,self_employed,tertiary,1,0,0
36,563066,2004702,48,259153,2,employed,tertiary,1,0,0
62,1960994,4639079,60,419386,3,self_employed,tertiary,1,1,1
63,1970967,1149469,24,596196,5,unemployed,secondary,1,0,0
43,314179,4194111,6,124506,2,employed,none,1,1,0
44,1208343,2710038,48,284513,0,unemployed,tertiary,1,1,0
26,483961,1237171,48,990602,2,employed,tertiary,1,0,0
25,591529,2983361,36,962048,5,self_employed,primary,1,1,0
43,627263,471655,60,792332,3,employed,tertiary,1,1,0
52,204226,849717,6,40733,1,employed,tertiary,1,1,1
48,1012454,2532266,12,873668,1,self_employed,tertiary,1,1,0
62,541818,971806,6,762129,4,employed,none,1,0,0
41,106396,3457129,24,655949,3,employed,none,1,1,0
45,1591019,841043,18,846476,4,employed,secondary,1,0,0
47,168920,3351112,48,982815,4,self_employed,tertiary,0,0,0
40,456547,1243728,60,975430,5,employed,primary,1,1,0
26,244999,1554329,60,725959,5,employed,secondary,1,0,0
36,1709090,1827850,6,871985,5,employed,primary,1,1,0
39,1707583,585888,36,739270,0,self_employed,tertiary,1,0,1
60,113014,3968446,24,350579,3,self_employed,none,1,1,0
39,1662210,2618921,18,49008,1,employed,secondary,0,0,0
41,644699,4984164,24,523343,3,employed,secondary,1,1,0
47,235550,4862940,60,591082,5,employed,none,1,0,0
59,1766190,2252888,12,79134,0,unemployed,tertiary,1,0,0
26,1285382,1909722,18,920370,3,self_employed,secondary,1,1,0
20,1520413,4174741,60,315034,3,employed,tertiary,1,1,1
51,1083994,2602192,36,377403,4,unemployed,tertiary,1,1,0
32,388585,185797,18,434720,3,employed,none,1,0,0
49,1144697,2583573,60,446590,4,employed,secondary,1,1,1
42,1094890,1774620,36,291548,4,student,primary,0,1,1
38,1835354,2632229,12,327367,2,unemployed,primary,0,1,0
51,372341,3162734,36,787069,5,self_employed,primary,1,0,0
49,1183153,4880165,24,745512,0,employed,tertiary,1,0,0
48,406778,408062,6,365330,4,employed,none,1,1,1
64,1347682,3005251,24,277972,3,unemployed,tertiary,1,1,0
48,1534223,2127645,60,184616,4,self_employed,none,1,1,1
49,1085141,1451471,60,484948,4,employed,none,1,1,1
35,1591037,4829897,48,626264,4,employed,secondary,1,1,1
59,1985219,1766548,24,569385,1,unemployed,secondary,0,0,0
38,710197,4454003,18,637559,1,student,tertiary,1,1,0
37,555200,1068143,12,818454,1,self_employed,primary,1,1,0
20,1581817,4150321,48,556490,1,self_employed,tertiary,1,0,1
33,526379,4208527,48,28704,2,employed,secondary,1,1,1
21,1570871,1937145,48,91411,4,self_employed,tertiary,0,1,0
47,1504407,2147711,60,653976,2,self_employed,tertiary,1,1,1
49,575754,87361,6,547929,3,employed,secondary,1,0,0
57,1915779,2948845,36,299623,5,unemployed,tertiary,1,1,0
23,1086149,3513227,18,209843,0,student,secondary,1,1,1
20,396030,2507856,60,808459,2,employed,primary,1,0,0
27,378055,1811856,12,305056,1,unemployed,tertiary,0,1,0
48,1852502,2391102,60,506313,1,self_employed,secondary,1,1,1
58,1512538,3621488,6,370371,3,self_employed,tertiary,1,1,1
22,138422,50037,60,485774,4,unemployed,primary,0,1,0
51,1601676,3667177,60,202546,0,employed,tertiary,0,1,0
29,1065691,4547868,24,128773,2,self_employed,tertiary,0,0,0
29,385513,671531,12,109658,4,employed,primary,1,0,1
38,1886901,703668,48,566980,4,self_employed,secondary,1,1,1
53,1391293,3454158,12,623172,5,employed,tertiary,1,0,1
52,1719771,2706040,12,556497,5,employed,secondary,1,1,1
42,1008378,753645,24,712923,2,employed,primary,1,0,0
47,782722,4961672,36,843170,2,employed,tertiary,1,1,0
51,936388,1355927,60,299386,2,employed,secondary,0,0,0
26,1841396,2671872,18,927445,2,employed,tertiary,1,1,0
48,1880957,643975,48,924577,1,self_employed,tertiary,1,1,0
27,1525159,2915728,36,107966,4,unemployed,primary,1,1,0
20,1250847,4033063,6,693187,4,student,secondary,1,0,0
22,1084104,2332373,60,177297,1,unemployed,secondary,1,1,0
43,403548,2890152,48,692456,4,unemployed,tertiary,1,0,0
42,1828264,2600552,18,705906,2,employed,secondary,1,0,1
27,894156,902224,60,852889,0,self_employed,secondary,0,1,1
56,1971141,2442735,6,391401,5,self_employed,primary,0,1,0
22,1266053,1411968,24,330453,5,employed,primary,1,1,1
52,1327880,3672546,36,987502,4,self_employed,tertiary,1,1,0
47,1076163,4945035,60,610784,0,employed,secondary,1,0,0
27,1638853,3656940,48,685628,5,student,primary,1,0,1
53,865363,3118929,12,740714,0,self_employed,secondary,1,0,0
54,1894298,3650200,18,760397,1,student,primary,1,1,1
51,1744000,609031,60,110078,3,employed,primary,0,1,0
43,1440598,2751243,48,959582,4,employed,secondary,0,0,0
33,402621,2169228,12,788297,1,student,primary,1,0,0
51,522697,4485728,48,96242,1,employed,tertiary,1,0,1
62,781658,256384,60,815319,0,employed,primary,0,1,0
35,1749163,3577089,6,443092,4,self_employed,tertiary,1,0,1
23,735493,4185554,12,882479,1,unemployed,secondary,0,1,0
56,817976,4389242,12,688839,2,employed,tertiary,1,0,0
40,1728550,3038088,48,128863,1,employed,primary,1,1,1
33,1468006,1029907,24,40478,2,employed,none,0,0,0
50,528705,263968,60,943905,3,employed,tertiary,0,0,0
37,352619,4632692,24,159574,2,employed,primary,0,1,0
26,656954,344957,36,775128,2,unemployed,secondary,0,1,0
29,408766,1951737,6,898182,0,self_employed,tertiary,1,1,0
26,1811592,2397855,24,275538,1,unemployed,none,1,0,0
52,1758569,1514458,48,229766,3,employed,secondary,1,1,1
42,1509096,2352743,60,664622,1,self_employed,secondary,1,0,1
40,157573,4638156,24,4487,2,student,secondary,1,1,1
38,1851756,1035461,36,682701,5,self_employed,secondary,1,0,1
38,1931554,2671021,18,258432,2,employed,secondary,0,0,0
55,319152,3405361,36,108924,1,student,secondary,0,0,0
48,360435,1856423,12,785484,3,employed,primary,1,0,0
37,208477,2000408,60,406786,5,unemployed,primary,1,0,0
21,1346717,677915,12,581556,3,employed,tertiary,1,1,1
20,348530,3644128,24,29605,0,self_employed,tertiary,0,0,0
24,1713773,1226957,24,595890,2,student,secondary,0,0,0
39,1250475,1456427,36,682083,2,employed,tertiary,1,0,0
30,869472,3539550,36,200180,0,employed,secondary,1,0,1
61,1683218,3945090,48,864638,1,employed,secondary,1,0,0
21,390687,1895786,6,977602,2,employed,tertiary,0,0,0
22,1641021,2815013,48,93375,1,employed,tertiary,1,0,1
42,1065197,86382,12,441923,3,self_employed,tertiary,1,1,1
31,609603,912219,48,704388,5,employed,primary,0,1,0
39,1396652,1768303,36,880369,5,employed,primary,0,1,0
24,464380,4102127,60,581209,5,employed,tertiary,1,1,0
56,1768350,1324856,48,322904,4,employed,secondary,1,1,1
57,1881533,3851082,18,665609,0,self_employed,primary,0,0,0
49,1998888,3396668,6,592135,5,self_employed,tertiary,1,0,1
28,1230594,3979268,36,621835,2,unemployed,secondary,1,1,0
53,851125,2757260,60,305983,0,employed,secondary,1,1,1
63,339385,3255677,24,760437,3,employed,secondary,1,1,0
54,951626,2556068,48,563961,3,employed,primary,1,1,0
41,145790,1685407,36,527930,3,employed,primary,1,1,0
63,983044,4142550,24,923842,3,self_employed,secondary,1,1,0
43,646543,533075,24,507866,4,unemployed,secondary,1,1,0
36,1818693,4009770,12,313905,1,employed,tertiary,1,0,1
29,1270851,1827310,12,533910,1,employed,primary,1,1,1
49,1815797,377370,60,48423,5,self_employed,tertiary,0,1,0
42,1360015,2978751,36,567161,4,self_employed,secondary,1,1,1
51,1109926,2214533,60,759904,1,employed,secondary,0,0,0
36,1809448,883142,36,47565,3,self_employed,secondary,1,1,1
36,368953,4523214,18,663166,1,student,secondary,1,0,0
33,151894,4346720,6,787189,0,employed,tertiary,1,1,0
28,1458277,3732796,6,485462,5,employed,secondary,1,1,1
59,486048,892653,36,938974,1,employed,tertiary,0,0,0
21,1654592,1886517,12,6220,0,self_employed,secondary,1,1,1
64,329720,401637,48,894840,2,employed,tertiary,0,1,0
44,1520793,227946,60,616139,0,student,tertiary,1,0,1
58,1619417,914899,18,710114,0,self_employed,secondary,0,0,0
28,1181960,313503,6,879761,3,employed,tertiary,0,0,0
41,1098966,2368292,36,127636,3,employed,tertiary,1,1,1
62,1579327,2076393,12,997356,5,self_employed,none,1,0,0
23,881868,3052083,12,500846,3,employed,primary,0,1,1
45,1634433,4576226,12,415721,0,student,tertiary,1,0,1
48,456245,2429897,60,814720,4,employed,tertiary,1,0,0
64,72490,1344416,48,598780,3,employed,tertiary,1,0,0
53,882307,2035196,24,281253,3,self_employed,tertiary,1,0,1
42,1592656,3968198,60,773416,0,employed,none,1,1,0
56,1890875,1610121,48,396713,2,self_employed,none,0,1,0
30,655108,493035,12,57326,2,employed,tertiary,1,0,1
25,1460235,3149072,36,9864,1,self_employed,secondary,0,0,0
37,321265,2085115,18,748877,5,employed,tertiary,0,1,0
40,51539,739317,48,349706,2,employed,primary,1,0,0
61,1508819,4602636,36,74310,3,self_employed,secondary,1,0,1
55,1488122,801240,60,381598,4,employed,none,1,0,1
60,1959237,4365596,60,243415,1,employed,tertiary,0,1,0
57,362579,4334874,12,807449,5,employed,none,0,0,0
53,565584,1045791,18,395037,4,employed,tertiary,1,1,0
36,113965,2270943,6,574625,4,student,secondary,1,1,0
56,1613825,3112138,6,438701,3,employed,none,1,0,1
44,1471768,1591121,60,83557,0,self_employed,secondary,1,0,1
57,1981452,2010299,36,187460,0,employed,tertiary,1,1,1
31,1430642,2903501,18,10372,0,employed,tertiary,1,1,1
42,1196375,2877433,36,499900,2,self_employed,secondary,1,1,1
61,1192524,2509622,18,100050,0,employed,primary,1,0,1
41,1574631,1947459,18,880370,5,self_employed,secondary,1,0,1
40,1241890,4290012,60,333477,3,employed,tertiary,1,1,1
46,298099,3999842,36,278427,2,employed,primary,1,0,0
50,1080065,1265442,60,40857,5,self_employed,secondary,1,1,1
25,845379,4167095,18,838204,0,employed,tertiary,1,0,1
46,817610,2630309,48,715030,5,self_employed,tertiary,0,1,0
59,776826,3365537,12,728493,4,employed,primary,1,0,0
53,1857642,2641318,18,95856,3,self_employed,tertiary,1,1,1
31,1354397,4297328,48,424477,3,employed,primary,1,1,1
64,1815752,1501469,18,712514,5,self_employed,primary,1,0,1
26,1409505,3350874,48,792539,1,student,primary,0,0,0
29,956395,4786416,36,222368,3,employed,tertiary,1,1,1
64,1885515,4113997,6,821993,4,employed,primary,1,1,1
36,1558764,4762838,24,207746,3,unemployed,primary,1,1,0
45,1781087,98926,18,690628,1,employed,primary,1,0,1
40,1110194,3801387,24,424824,3,self_employed,none,0,1,0
47,386430,2829060,18,537426,3,student,none,0,0,0
21,1376842,4607418,36,430909,1,self_employed,primary,1,0,1
62,712714,533791,36,780985,3,employed,secondary,1,0,0
20,1994606,1720930,48,738360,5,employed,none,1,0,1
55,660724,2208714,18,648431,2,employed,primary,1,0,0
45,260448,3498281,36,676608,5,employed,primary,1,1,0
48,1020278,2100181,36,233829,3,employed,primary,1,0,1
40,545919,846266,18,805064,0,self_employed,none,1,0,0
30,1234685,2672280,48,47547,0,employed,tertiary,1,0,0
59,1127209,4979073,48,274244,2,student,secondary,1,1,1
30,860927,4275872,48,310074,3,unemployed,primary,1,0,0
55,900982,711259,48,984365,4,student,none,0,0,0
58,262456,660326,6,207977,3,employed,secondary,1,0,0
59,1397203,1295749,18,839457,0,self_employed,tertiary,0,0,0
54,425325,1006277,60,469092,1,employed,secondary,0,0,0
53,516589,2276941,6,78944,2,employed,tertiary,1,0,1
43,346213,1468180,36,444056,1,self_employed,primary,1,0,0
41,1237018,4746298,6,936873,4,unemployed,tertiary,1,0,0
24,1742737,124723,60,935964,3,employed,secondary,1,0,1
52,953275,3068967,60,615929,4,employed,primary,1,1,0
55,1170523,3776904,60,621208,1,employed,secondary,1,1,0
39,220205,1583017,48,918965,3,self_employed,tertiary,1,1,0
38,1849971,842515,36,566650,5,student,secondary,1,1,1
54,1194337,1443196,6,491592,5,employed,primary,1,1,1
62,1474473,1085211,6,815042,4,employed,tertiary,1,0,0
36,968196,2239568,18,890766,5,student,tertiary,1,0,0
64,1651790,3984740,6,676355,5,employed,tertiary,1,1,1
62,1984790,697122,36,269861,0,self_employed,secondary,1,0,1
53,1203276,3832164,48,209939,5,employed,primary,1,1,1
28,1434704,1811331,18,210544,0,employed,tertiary,1,1,1
45,1535182,1927329,6,588310,2,employed,secondary,0,1,0
21,623881,2942970,18,184740,0,self_employed,none,0,0,0
28,1960617,365315,24,51645,0,employed,tertiary,0,1,0
28,1068454,200594,18,815982,1,employed,secondary,1,0,0
59,55209,770892,60,479367,0,employed,secondary,1,1,0
36,1749564,4113903,48,921080,0,self_employed,secondary,1,0,0
20,449749,4429455,60,565156,1,unemployed,tertiary,1,0,0
44,1709461,4009015,24,98039,0,unemployed,secondary,1,1,0
62,1367931,2182942,60,177452,5,employed,tertiary,0,0,0
59,1108503,2722452,24,398944,0,unemployed,secondary,0,0,1
61,1831399,2264979,18,294944,2,employed,secondary,1,0,1
44,691621,3455851,36,535174,0,employed,primary,1,0,0
58,1254242,246211,48,472830,0,self_employed,tertiary,1,1,1
54,780212,1886082,36,200981,2,employed,primary,0,0,0
22,1307361,2287699,48,178308,1,employed,secondary,0,0,0
56,388526,4390496,48,570093,5,employed,tertiary,1,1,0
63,189005,4508434,60,818964,0,self_employed,secondary,0,0,0
63,1726644,1863065,60,112765,5,employed,tertiary,1,1,1
49,1079661,4637281,36,28688,4,employed,tertiary,0,0,0
57,1663560,4852850,12,928567,5,unemployed,none,1,0,0
53,246521,427332,24,285233,1,self_employed,tertiary,1,0,0
31,1428336,134153,60,449158,1,self_employed,tertiary,0,0,0
38,973593,1176018,60,969333,0,employed,secondary,1,1,0
56,499764,4022162,60,968057,2,employed,secondary,1,0,0
63,1255771,4222060,18,557873,1,employed,primary,0,1,0
36,1499589,1358064,36,989243,2,self_employed,tertiary,1,1,0
29,1148589,128947,36,714364,4,self_employed,secondary,1,0,0
31,451562,2003980,60,250322,2,student,tertiary,0,1,0
35,266486,2588361,18,250483,3,employed,secondary,0,0,0
43,476888,4019411,60,2438,2,employed,tertiary,0,1,0
38,1509445,1018410,24,355239,1,employed,secondary,1,0,1
27,885988,2460912,18,416428,2,employed,secondary,1,0,0
50,960155,2649087,60,705722,2,employed,none,0,1,0
40,1862214,3986642,48,465393,3,student,tertiary,1,1,1
36,600428,2517286,12,148055,3,self_employed,secondary,0,1,0
42,313328,3417764,48,800458,0,employed,tertiary,1,0,0
56,1526285,3661880,12,382312,1,self_employed,secondary,0,1,0
35,1778782,744934,18,837430,0,employed,tertiary,1,1,0
25,161361,1090835,48,517951,3,unemployed,tertiary,1,0,0
27,1776131,1928292,24,973248,2,self_employed,secondary,1,0,0
44,842038,4513786,48,843445,3,employed,tertiary,1,1,0
37,447172,192617,36,51039,4,self_employed,primary,0,1,0
44,1115131,1318962,12,705191,2,self_employed,tertiary,0,1,0
31,1622789,2151847,12,478388,0,employed,secondary,1,0,1
34,664673,4976730,60,689963,2,employed,secondary,1,1,0
45,1510482,1080120,24,995262,4,employed,tertiary,1,0,0
60,1419222,1084780,12,985217,3,employed,secondary,1,1,0
64,305658,3734334,12,630734,1,employed,none,1,1,0
45,1540641,1514123,60,884884,5,self_employed,primary,1,0,0
51,1780283,1806608,24,406321,1,employed,secondary,0,1,0
29,804085,2617228,48,231120,1,self_employed,tertiary,1,0,0
35,153844,799045,18,329326,3,student,primary,0,0,0
26,1189897,922109,48,576435,1,self_employed,primary,1,0,0
36,885488,4084480,36,776691,4,self_employed,primary,1,1,0
42,1817787,437405,36,599688,3,unemployed,none,1,0,0
45,148234,4611786,12,570722,1,self_employed,tertiary,1,0,0
40,524718,4808669,36,26515,5,employed,secondary,1,0,1
41,801993,4586363,18,220370,0,employed,primary,1,1,0
26,1048922,1758175,12,582289,3,self_employed,primary,1,0,0
33,775571,3437232,60,713757,3,self_employed,tertiary,1,1,0
34,878282,3151004,36,716775,2,student,none,1,1,0
26,521761,2982208,60,934464,1,self_employed,tertiary,1,0,0
28,1388563,1960155,6,371735,0,unemployed,secondary,1,1,1
27,374464,1758086,6,224215,5,employed,tertiary,1,0,1
42,604081,4237442,6,999342,4,self_employed,none,0,0,1
48,1071911,3862197,60,832210,3,student,tertiary,1,0,0
37,1771793,3950838,6,686301,4,employed,none,1,1,1
50,1118203,731376,48,490073,4,employed,primary,0,1,0
49,1422542,1765872,6,620137,4,employed,tertiary,1,1,1
58,527317,1006740,12,889515,2,self_employed,tertiary,1,1,0
54,1321209,2260846,24,434171,4,employed,tertiary,0,1,0
37,1019752,4478760,48,209637,1,self_employed,tertiary,1,0,1
61,367942,2359231,24,887708,1,employed,primary,1,0,0
58,1847304,4660764,12,319052,0,employed,primary,1,0,1
36,1798052,1554819,12,457283,0,student,none,1,1,1
33,387462,4545433,18,249708,5,employed,secondary,0,0,0
50,1464906,2017582,48,448912,4,employed,none,1,1,1
43,1881055,890268,24,935933,4,employed,tertiary,1,1,0
54,400046,3780864,6,880480,2,self_employed,secondary,1,1,0
63,471773,102635,12,207748,4,employed,none,0,0,0
64,383478,4265250,6,247387,4,employed,tertiary,1,0,1
53,518379,1033638,24,670207,4,student,secondary,1,0,0
22,418863,4025904,60,702551,3,employed,primary,0,1,0
56,1221675,3313457,48,820688,3,employed,tertiary,1,0,0
62,783362,4236080,36,913457,2,employed,tertiary,1,1,0
59,747974,2841671,60,421990,2,employed,tertiary,1,1,0
45,1373440,2111892,60,651631,1,employed,tertiary,1,0,0
42,1418328,3481543,36,533415,2,self_employed,secondary,1,0,1
63,157449,4128140,12,118251,5,student,tertiary,1,1,1
58,1201404,3646219,18,683565,1,employed,primary,0,1,0
34,1225189,3515685,6,763570,4,self_employed,secondary,1,1,0
23,122095,146748,12,493322,2,employed,primary,1,0,0
48,680212,3959308,18,867595,5,self_employed,primary,1,0,0
41,1576486,1498598,6,189836,2,employed,tertiary,0,0,0
44,670740,4873325,24,904711,2,employed,primary,0,1,0
32,137593,1008395,60,626112,1,employed,primary,1,0,0
37,741252,965767,60,562952,1,employed,secondary,0,1,0
52,1991983,351364,36,56795,0,self_employed,tertiary,1,0,1
35,1437962,1377878,18,121729,1,self_employed,secondary,0,1,0
64,952473,3092244,6,687693,1,employed,secondary,1,0,0
61,176202,3419415,12,244620,3,student,tertiary,1,0,0
63,127606,2468126,6,36079,2,employed,secondary,1,1,0
21,1222345,2159571,12,84225,1,self_employed,secondary,0,0,0
54,168542,3753713,60,548547,2,employed,none,1,0,0
61,1467158,3542804,36,288715,2,employed,primary,1,1,1
53,1885932,431856,36,51119,3,employed,secondary,1,1,1
49,625610,3693512,6,270153,2,employed,tertiary,0,0,0
32,1256126,3815444,6,110210,5,employed,tertiary,1,1,1
32,1693906,813361,12,503747,1,self_employed,tertiary,0,0,0
37,1669282,2758089,12,323973,2,self_employed,primary,1,0,1
51,505433,4629097,18,300374,0,self_employed,tertiary,0,0,0
51,674987,4066899,60,111364,0,unemployed,tertiary,1,1,0
54,140140,3358085,18,318193,3,student,secondary,1,1,0
58,1565554,4005199,18,363906,5,self_employed,primary,0,0,0
48,1634645,4048880,6,385417,1,self_employed,tertiary,1,0,0
48,1497307,3318896,48,381610,3,employed,secondary,0,0,0
63,1478078,1711127,48,691858,0,unemployed,primary,0,0,0
35,1396853,4303459,48,643341,5,unemployed,secondary,1,1,0
63,1196204,4706630,48,946324,1,employed,primary,1,0,0
29,1699810,2904135,18,433531,2,employed,secondary,0,0,0
49,1183634,526377,6,881450,1,student,secondary,1,0,0
44,531799,448422,48,819227,4,employed,secondary,1,0,0
58,1250118,171937,36,638100,1,employed,none,1,0,0
39,1403849,1183629,24,609699,2,employed,secondary,0,1,0
24,1369251,428355,36,301335,4,employed,secondary,0,0,0
20,1397758,1941369,6,185525,5,employed,none,1,0,1
49,1448659,4043611,6,12453,3,employed,tertiary,1,0,1
22,92674,1398416,24,120848,5,employed,secondary,1,1,0
64,177572,3165848,12,443541,1,unemployed,secondary,1,0,0
33,1848594,1725259,12,966994,3,employed,tertiary,0,0,0
49,1574268,1089474,12,992300,1,employed,none,1,0,0
23,341975,2009129,18,900597,0,employed,primary,0,0,0
37,631462,599391,12,574281,0,employed,secondary,0,0,0
56,1896287,477479,60,372924,2,student,tertiary,1,0,0
44,481436,1410764,18,45706,5,unemployed,secondary,1,0,0
20,1945618,3221553,18,523324,0,employed,tertiary,1,0,1
34,495935,2644545,12,508197,4,employed,tertiary,1,0,0
28,830296,3232999,12,173889,4,self_employed,secondary,0,1,0
34,1151627,1175832,24,982048,1,employed,secondary,1,1,0
43,1301661,3297727,48,615722,3,employed,tertiary,1,0,0
23,1417372,2903502,24,711070,4,employed,tertiary,1,1,0
31,1164100,612834,18,575087,1,student,tertiary,1,1,0
56,1574728,890597,24,643874,3,employed,tertiary,0,1,0
56,318614,900122,18,60964,0,employed,primary,1,1,1
62,1559390,4691184,6,446894,1,employed,tertiary,1,1,1
25,567733,2622703,18,202222,3,employed,secondary,1,1,0
58,365617,780559,18,359523,2,self_employed,tertiary,1,0,0
43,987384,571727,24,715798,5,employed,secondary,1,0,0
30,1854053,1912015,48,634275,5,student,tertiary,1,0,1
32,1143015,2500503,6,994727,2,employed,tertiary,0,0,0
53,326452,1582713,36,848358,4,employed,tertiary,0,0,0
44,141563,3010356,36,528089,5,employed,tertiary,1,0,0
26,801616,4790616,48,434264,3,self_employed,primary,0,0,0
23,1395801,2055464,36,826576,2,employed,secondary,1,1,0
27,780602,2926673,6,880910,4,employed,secondary,1,0,0
39,1542175,1332322,12,665508,1,self_employed,none,1,1,1
48,1632701,4655677,6,112364,1,employed,primary,1,1,1
64,809495,4067641,24,869251,3,student,secondary,1,1,0
29,1019655,1593912,60,675221,3,employed,none,1,0,0
62,1740992,3546425,18,454933,3,employed,tertiary,1,1,1
53,217896,1755692,18,153552,5,self_employed,tertiary,1,0,0
45,1787009,1058507,24,18637,3,employed,secondary,1,0,1
60,1997659,676776,24,831053,2,self_employed,tertiary,1,1,1
22,671912,2768181,60,453520,2,employed,tertiary,0,0,0
25,469515,1811987,60,571719,4,employed,tertiary,0,1,0
24,1067497,1032099,18,624225,2,student,secondary,1,0,0
24,1812797,3536082,60,318316,5,self_employed,tertiary,1,1,1
42,80063,1600642,60,25437,1,employed,secondary,1,0,0
28,1692317,1841825,60,401365,4,employed,secondary,0,1,0
54,1089272,3160041,48,407887,2,employed,tertiary,1,0,1
39,304371,2544903,12,496221,3,self_employed,secondary,1,1,0
61,1035976,566031,60,23119,2,unemployed,secondary,1,0,0
54,152166,97367,12,701477,0,employed,secondary,1,1,0
37,1113082,1682748,12,230389,4,employed,tertiary,0,1,0
36,1323989,4912944,24,409495,5,employed,secondary,1,0,1
43,1047358,414716,60,855267,2,employed,tertiary,1,1,0
22,1212180,2724691,18,230882,2,self_employed,tertiary,1,0,1
51,1124602,294697,48,257157,5,employed,tertiary,0,0,0
54,470888,4970791,18,922307,1,employed,secondary,1,1,0
57,1413133,504623,60,476113,3,employed,tertiary,0,1,0
32,1353692,1360646,18,585093,3,employed,primary,1,1,1
44,1425786,91340,60,18201,1,employed,secondary,0,1,0
28,240285,1019738,48,257636,1,unemployed,tertiary,1,1,1
23,1149547,942743,6,28634,0,self_employed,none,1,1,1
33,470497,2064751,48,932264,5,employed,primary,1,1,0
56,163978,1463285,6,404042,4,self_employed,tertiary,1,1,0
53,1257739,3190283,36,348965,3,self_employed,none,1,0,1
30,1935502,2575525,6,505341,1,employed,tertiary,0,0,0
60,153864,1380657,12,307919,1,employed,primary,0,0,0
22,1081259,1014211,12,388690,5,employed,tertiary,0,1,0
47,986114,995161,48,114090,4,employed,primary,1,1,1
48,444295,2378767,12,598964,1,unemployed,tertiary,1,1,1
28,669674,2757133,12,6798,0,employed,secondary,1,1,1
22,1538543,4869523,36,508377,4,student,tertiary,0,0,0
44,1708990,3136810,12,459319,0,self_employed,none,1,1,1
53,498648,3895979,24,601448,2,employed,none,0,1,0
31,1784887,2744991,24,77751,3,unemployed,tertiary,1,0,1
61,655151,1847555,24,991006,1,employed,secondary,0,1,0
28,390435,103010,6,182482,4,employed,primary,1,0,0
34,175659,957272,48,303032,0,self_employed,tertiary,0,1,0
59,1813808,4424984,48,311191,3,employed,tertiary,1,1,1
44,1105811,2546282,18,371784,3,employed,primary,0,1,0
24,1443453,4124411,36,364758,1,self_employed,secondary,1,1,1
30,1161288,586364,24,45955,3,unemployed,none,1,0,0
53,1251121,953057,24,243465,1,employed,tertiary,0,0,0
43,1821503,1800652,12,919486,2,employed,secondary,1,0,0
34,812178,1673162,24,689224,1,employed,secondary,0,0,1
57,175849,4036464,12,907730,5,self_employed,tertiary,1,1,0
27,1074903,4314139,12,472334,0,employed,tertiary,0,0,0
24,305493,2669909,18,609778,5,student,tertiary,1,1,0
45,654111,2783864,6,301409,3,self_employed,none,1,0,0
37,1202791,713478,12,570601,3,self_employed,tertiary,0,0,0
25,1863935,4189524,12,44350,3,student,none,1,0,1
56,82230,1352970,48,146450,1,student,tertiary,0,0,0
32,396717,2466207,18,895600,4,employed,tertiary,1,0,0
47,797948,1040993,12,249406,1,employed,tertiary,1,0,1
24,512092,1638049,36,772467,0,self_employed,secondary,1,0,0
32,352788,1009296,6,200887,1,student,secondary,0,0,0
36,1278312,1863948,36,814356,3,self_employed,tertiary,1,0,0
59,881635,312530,24,869025,2,employed,primary,1,0,0
64,1427397,3681097,6,903922,0,self_employed,secondary,1,0,0
51,1517217,2092361,24,7312,5,employed,tertiary,1,0,1
48,697534,267767,48,816785,2,student,tertiary,0,1,0
22,1183393,1159970,60,113744,0,employed,primary,1,0,1
59,1337233,3920033,60,231745,0,student,secondary,1,1,1
53,1315609,696004,60,217522,3,employed,secondary,1,0,1
59,281414,237486,12,278336,5,student,secondary,0,1,0
46,306812,1678782,18,672810,1,employed,none,0,0,0
32,1954814,3438284,36,660792,5,self_employed,tertiary,1,1,1
64,354958,1476360,24,188297,3,student,none,1,0,0
52,1693083,1783391,12,882980,3,self_employed,primary,0,1,0
25,220956,416590,60,98991,3,self_employed,secondary,1,1,1
43,1456065,144702,36,78711,2,employed,tertiary,1,0,1
38,1355710,2252661,36,720964,5,employed,secondary,0,0,0
35,1460808,4600056,48,665655,5,unemployed,secondary,1,1,0
59,905754,1212886,48,6774,0,employed,none,1,1,1
47,71650,4125341,60,639395,4,self_employed,tertiary,0,1,0
52,1454962,2979386,24,667550,1,self_employed,tertiary,0,1,0
60,976694,3919108,60,424502,3,employed,tertiary,1,0,1
32,1923204,4803214,60,731685,5,employed,primary,0,1,0
62,1269097,3313647,12,228552,5,employed,none,1,0,1
64,1269309,3067253,18,596715,0,employed,tertiary,1,1,0
44,866141,1008101,60,87513,1,student,primary,0,1,0
61,292037,4940618,24,326158,4,self_employed,primary,0,0,0
55,1179004,119519,36,751247,4,employed,tertiary,0,1,0
46,256251,4955779,36,206924,3,employed,primary,0,0,0
57,584231,1010655,6,841688,4,self_employed,none,1,0,0
26,1797176,1246688,60,783837,4,employed,none,0,1,0
24,1537552,2191924,12,773940,1,employed,tertiary,1,1,0
62,71042,2269583,6,623031,1,employed,tertiary,0,0,0
64,1875706,3029674,48,189702,3,unemployed,secondary,1,1,0
50,880326,2342056,18,246968,5,employed,primary,0,0,0
42,1028582,208988,24,877622,0,employed,tertiary,0,0,0
61,368903,2661895,60,980275,3,student,secondary,0,1,0
29,1466693,2077787,36,838147,2,employed,tertiary,1,0,0
51,1929314,4283384,12,7466,4,unemployed,secondary,1,0,0
62,944801,4350546,36,781863,0,employed,secondary,0,0,0
49,1809307,977281,60,804069,5,employed,secondary,0,0,0
58,1774854,4411707,48,392568,5,employed,tertiary,1,0,1
50,864811,4500696,6,68745,1,employed,secondary,1,1,1
37,432811,4265272,60,560605,2,employed,secondary,1,0,0
55,551691,3430145,6,705126,5,employed,secondary,1,0,0
21,1058314,2923382,24,134150,2,employed,primary,1,0,1
33,264304,3105450,12,944803,4,employed,tertiary,0,0,0
32,446178,1440179,48,757154,1,self_employed,tertiary,1,0,0
48,1767787,3821414,12,527831,0,unemployed,primary,1,0,0
31,488963,796470,24,384934,1,unemployed,secondary,1,0,0
58,961612,1982893,48,487843,4,employed,none,1,0,0
21,364493,4397633,48,51052,5,student,tertiary,1,0,1
51,251904,1199164,6,546352,2,employed,secondary,0,1,0
32,761716,1622762,6,596575,4,employed,secondary,0,0,0
46,720105,1968517,6,604730,5,employed,secondary,1,0,0
60,55730,3509544,36,644838,3,self_employed,primary,0,1,0
36,1505713,2880095,18,476848,2,unemployed,tertiary,1,1,1
59,1852366,3479985,60,14425,4,self_employed,secondary,0,1,0
50,1300786,1361414,6,313625,0,employed,tertiary,0,1,0
53,788471,4235727,18,77347,0,self_employed,secondary,1,1,1
43,1117599,65588,18,476330,5,employed,primary,1,1,1
64,1749660,2864268,12,596605,5,employed,tertiary,1,1,1
54,1966541,507301,24,516066,0,employed,secondary,1,1,1
25,395430,3912230,36,480042,3,employed,tertiary,1,0,0
38,878411,3260101,18,50530,1,employed,tertiary,1,0,1
49,1907845,4067763,60,343243,0,self_employed,none,0,1,0
26,458213,4775296,36,288032,5,employed,primary,1,1,0
29,1989983,97361,12,682851,5,employed,primary,1,0,1
60,750399,2289665,6,949856,3,employed,tertiary,1,0,1
51,1619186,4210244,48,508653,0,student,secondary,0,1,0
53,70923,4258981,18,677036,3,employed,secondary,1,1,0
47,1893884,4009978,24,327980,0,employed,primary,0,1,0
34,897405,2008970,48,168535,1,employed,tertiary,0,1,0
49,1494679,1765979,12,896910,4,self_employed,primary,0,0,0
56,244795,3473604,36,835422,0,employed,tertiary,0,0,0
48,878854,2558894,60,610832,4,employed,tertiary,1,0,0
41,283462,1894348,6,587915,0,employed,primary,1,1,0
23,101413,809848,36,413437,1,employed,tertiary,1,0,0
39,938916,1459277,24,770325,5,employed,secondary,1,0,0
51,1354295,1642023,18,750230,4,self_employed,secondary,1,0,0
55,603044,172366,24,502270,3,student,primary,1,0,0
23,1432296,2343316,36,128345,0,student,tertiary,1,0,1
46,1741112,842644,36,479053,5,self_employed,secondary,1,1,1
36,1371024,1589152,48,597131,0,employed,primary,1,1,1
31,1653205,873837,24,968817,3,unemployed,none,1,1,0
41,460226,442776,24,29251,1,unemployed,secondary,1,0,0
36,1225615,406440,24,439802,2,unemployed,none,0,1,0
29,1814694,891618,6,755053,0,employed,secondary,0,1,0
20,1785594,1011743,60,598706,3,employed,tertiary,1,0,1
41,230074,4779124,36,971388,2,student,tertiary,0,0,0
45,1857254,2357278,12,839052,0,student,tertiary,0,1,0
37,706735,1085340,6,534328,4,self_employed,none,0,1,0
33,1722349,3412079,6,989181,5,student,tertiary,1,0,0
48,858524,3524412,6,176950,5,self_employed,secondary,1,0,1
31,181562,153021,48,399185,3,employed,tertiary,1,0,0
55,1102305,2061562,60,13162,4,employed,tertiary,1,0,1
54,1759910,50209,60,589723,1,self_employed,primary,1,0,1
31,692510,272071,12,261989,2,employed,none,0,0,0
26,1445936,3856627,24,642792,3,student,secondary,1,0,1
48,658148,2953561,48,336811,0,employed,primary,0,1,0
30,308360,2508884,36,390802,5,unemployed,secondary,1,1,0
52,409014,3057446,18,529325,0,unemployed,tertiary,0,0,0
25,1119974,266194,48,322670,2,employed,tertiary,1,0,0
34,346794,2504082,18,874346,4,employed,tertiary,1,0,0
51,678177,2535702,36,145765,4,self_employed,secondary,1,1,1
30,1363879,3647326,12,519405,3,employed,tertiary,1,1,1
42,410306,57399,60,878594,3,self_employed,none,1,1,0
45,1554558,2245814,18,59090,4,employed,secondary,1,1,1
53,1324535,3491489,6,919955,3,employed,tertiary,1,1,0
53,677122,4907162,48,589848,4,employed,secondary,1,1,0
48,1508857,1084023,18,399178,2,employed,primary,1,0,1
23,1644502,443545,36,490167,3,employed,tertiary,1,1,1
36,1886081,350763,60,351696,4,student,primary,0,1,0
54,1538303,1105608,6,278588,3,employed,tertiary,0,1,0
32,1838243,3899182,18,302587,0,student,tertiary,0,1,0
60,568490,3495906,60,671866,5,student,secondary,1,1,0
58,1854933,1614458,36,431600,0,student,secondary,1,1,1
34,603608,1971166,12,509090,1,employed,none,0,0,0
48,513092,1716984,36,359373,4,self_employed,primary,1,0,0
48,84924,4292154,12,374458,1,employed,tertiary,1,1,0
30,1311368,1627586,60,513062,4,employed,none,1,0,1
51,1532526,4524220,60,548536,5,unemployed,none,1,0,0
21,1953124,398249,6,439378,3,employed,tertiary,0,0,0
33,745385,4679199,36,698050,4,student,secondary,1,1,0
39,1100735,1036275,24,389665,0,self_employed,primary,0,1,0
41,623228,4248880,48,987129,3,employed,primary,1,0,0
30,1702300,1460124,24,768112,5,employed,tertiary,0,1,0
46,520192,2582000,24,68008,0,self_employed,primary,0,1,0
22,1637542,1664340,24,846741,3,self_employed,tertiary,1,0,0
36,1815011,3444020,48,43237,4,self_employed,tertiary,1,0,1
63,490420,1522077,24,913399,4,employed,primary,1,1,0
47,1503813,860586,12,953236,0,employed,secondary,1,1,0
48,712132,1478931,36,270248,2,employed,tertiary,1,0,1
40,1690027,3764534,60,607518,4,employed,primary,0,1,0
35,815328,1649826,6,352410,2,employed,tertiary,1,1,1
56,779115,2910597,24,559268,3,employed,none,1,0,0
39,204536,1398483,60,785345,2,employed,none,1,1,0
25,625425,4360493,24,599278,0,self_employed,tertiary,1,0,0
38,473448,1208866,6,170632,1,self_employed,tertiary,1,1,1
24,897929,1031598,6,271698,1,employed,tertiary,1,0,1
22,551233,4092974,24,877481,0,self_employed,secondary,1,1,0
20,674773,855896,12,500223,1,self_employed,tertiary,1,0,0
57,1339546,1009540,60,177059,0,employed,secondary,1,0,1
34,1728332,2271132,6,686345,4,employed,primary,0,0,0
53,1052021,3238027,36,48167,2,employed,tertiary,0,0,0
54,50901,791165,60,247605,1,employed,none,1,1,0
44,137980,81541,36,695788,4,employed,tertiary,0,0,0
43,1468314,525759,60,329382,1,employed,secondary,1,1,1
31,1575389,2894510,12,246150,3,self_employed,tertiary,0,1,0
37,839313,4373492,48,718083,0,unemployed,secondary,1,1,0
34,342007,258150,18,17038,0,employed,secondary,1,0,1
63,816722,2623338,12,415435,4,self_employed,none,0,1,0
35,448838,1908777,24,921775,3,unemployed,secondary,1,0,0
46,565956,530620,18,813829,2,employed,primary,1,0,0
27,1574960,4788748,24,74491,3,student,tertiary,0,0,0
44,537063,4985500,36,553890,3,employed,secondary,0,1,0
36,776546,4913099,6,578759,5,student,tertiary,1,1,0
48,881633,4969314,60,717510,2,employed,tertiary,1,1,0
27,301839,1172207,24,961731,2,employed,tertiary,1,0,0
34,1075264,874341,36,883513,3,self_employed,primary,1,1,0
46,1419971,2740927,12,547404,1,student,primary,1,0,1
26,646860,3086124,24,268818,5,employed,secondary,1,0,1
22,1662119,2632977,36,410685,1,self_employed,tertiary,1,1,1
48,1686076,4554103,6,267590,3,self_employed,secondary,0,0,0
63,886642,477557,60,124809,1,employed,secondary,1,0,1
43,437773,1865599,24,807192,2,employed,none,1,1,1
22,72499,3247514,48,526251,2,employed,secondary,0,0,0
39,676840,2215456,36,370425,1,employed,tertiary,0,1,0
34,494844,415750,24,731362,2,self_employed,tertiary,0,1,0
44,1684224,534103,6,682622,0,student,tertiary,1,0,1
49,1496395,2202259,60,529465,2,self_employed,none,1,1,1
33,536525,2669210,24,11160,3,student,tertiary,1,1,1
26,921905,3440919,24,365020,4,employed,tertiary,1,0,1
36,193704,1755096,60,7543,1,employed,tertiary,1,0,1
63,735967,4505237,48,893643,5,unemployed,secondary,1,1,0
39,1190449,2429220,36,999666,1,unemployed,secondary,0,1,1
55,115756,3569065,18,563566,2,employed,secondary,0,1,0
28,490210,1834210,60,947111,2,employed,secondary,0,1,0
57,1293030,2513501,24,741195,4,unemployed,tertiary,1,0,0
41,1417064,1794919,18,148293,4,employed,none,1,1,1
21,1545567,1078719,12,396539,5,employed,tertiary,1,1,1
43,1499141,1636987,24,838537,3,self_employed,secondary,1,0,0
27,1956162,2869127,18,238913,0,student,primary,0,1,0
30,1650328,1982919,12,338295,3,self_employed,tertiary,1,0,1
32,1534416,2199151,48,780268,5,self_employed,secondary,0,1,0
36,1220473,1916161,36,329112,1,employed,tertiary,1,1,1
27,570082,313356,24,940742,2,self_employed,tertiary,1,0,0
40,349488,1177360,36,761319,3,employed,tertiary,1,0,1
37,1093361,393288,12,850262,2,student,secondary,0,0,0
49,133791,2052507,36,860399,2,employed,primary,0,1,0
37,1778235,2702808,36,139402,3,self_employed,secondary,1,1,1
50,753335,3921907,60,175225,3,unemployed,tertiary,0,1,0
57,1231110,2828366,6,795043,4,employed,none,1,0,0
51,1180017,4827376,12,276016,5,student,primary,1,1,1
30,1975464,2538489,36,835887,5,employed,secondary,1,0,1
64,1966796,1460364,18,821362,0,employed,tertiary,1,0,1
44,1336188,1408293,12,858454,4,employed,secondary,1,0,1
52,483797,1961128,6,62714,0,unemployed,tertiary,0,1,1
57,1330020,3734796,24,649194,3,unemployed,primary,1,0,0
60,1038793,4806497,48,966220,5,employed,none,0,0,0
27,850607,3836065,36,370866,5,employed,none,1,0,1
30,187263,4898243,18,853136,0,student,tertiary,0,1,0
41,395578,3753375,6,415,1,employed,primary,1,1,1
43,1707382,2475358,12,600729,4,self_employed,secondary,0,1,0
60,1834094,3793407,48,636024,4,self_employed,tertiary,0,0,1
36,1951545,4343900,48,595067,4,unemployed,tertiary,1,1,0
31,952153,3967430,36,999573,5,self_employed,tertiary,1,1,0
51,97645,3028602,6,747916,2,employed,secondary,0,0,0
34,289608,1901579,6,874876,5,student,secondary,1,1,0
35,597571,724502,18,988939,2,employed,none,1,0,0
41,1614945,2155777,24,104448,5,employed,primary,0,1,0
47,399115,3578597,24,272032,3,employed,primary,1,1,1
39,1977767,4653446,60,176371,5,student,primary,1,0,1
52,1813059,2440514,24,124790,3,self_employed,tertiary,0,1,0
29,152780,1221758,60,583053,2,employed,primary,1,0,0
59,1521816,3740582,48,193786,4,self_employed,tertiary,1,1,1
51,1541422,2176869,48,15935,2,employed,secondary,0,1,0
52,867166,3901072,12,859434,0,student,primary,1,0,0
21,1099091,992639,48,342775,4,employed,tertiary,1,0,1
52,1995790,1041993,48,994233,5,self_employed,primary,1,0,0
52,903159,1560902,6,525608,5,self_employed,secondary,1,1,0
60,1851736,2498966,12,308176,5,employed,tertiary,0,1,0
32,945596,3546610,6,602051,5,unemployed,secondary,1,0,1
49,1406936,2799580,18,935411,5,employed,secondary,1,0,0
52,383977,4346841,60,300146,2,self_employed,none,1,0,0
32,633043,1869201,60,438054,3,self_employed,none,0,1,0
45,1650720,1330280,18,563200,2,self_employed,secondary,1,1,1
41,558175,2900310,60,262696,1,employed,secondary,1,0,0
58,1172446,4065789,12,544428,2,student,secondary,1,0,0
21,1235656,641058,12,85591,4,employed,tertiary,1,0,1
57,1892995,3777661,48,179809,5,self_employed,tertiary,1,0,1
58,146502,1726373,60,557655,2,self_employed,primary,0,0,0
45,640611,1329372,18,211706,3,student,tertiary,1,0,1
34,482206,4145228,36,548349,5,self_employed,tertiary,1,1,0
53,1894881,498402,24,358734,0,employed,secondary,1,0,1
61,787902,2499851,48,997840,1,unemployed,secondary,1,0,0
63,1577553,331833,24,828556,4,employed,primary,1,1,0
59,741804,1585834,18,963142,3,employed,none,1,1,1
30,478556,2492547,60,484331,1,student,tertiary,1,1,0
22,1728083,1286968,60,395198,2,self_employed,primary,1,0,1
25,1627897,3128882,24,902754,1,employed,tertiary,0,1,0
28,385468,1810027,36,892566,5,self_employed,tertiary,1,0,0
25,1900697,1571093,60,822197,5,employed,primary,1,0,1
28,1732620,2038022,36,344750,0,employed,secondary,1,1,1
58,530350,4480806,6,882854,1,employed,tertiary,1,1,0
50,546232,3102687,12,634198,1,self_employed,secondary,1,1,0
51,1587031,72551,24,841113,5,self_employed,secondary,1,0,0
60,1360786,3243796,60,980736,2,self_employed,primary,0,0,0
31,1737023,143608,36,848781,2,employed,secondary,1,0,0
27,1799182,2707001,60,624351,4,self_employed,tertiary,0,0,0
27,581821,3329692,12,63474,2,employed,primary,1,0,1
47,1824088,336539,12,684873,1,employed,tertiary,1,0,0
39,1865517,1641620,6,809024,0,unemployed,secondary,0,0,0
26,1476548,2103790,12,374340,2,employed,tertiary,1,1,1
30,1944666,3099307,12,810050,5,self_employed,secondary,1,1,1
39,1923506,4572781,48,51632,5,student,tertiary,1,1,1
35,1731892,2614113,18,408625,4,employed,tertiary,1,1,1
23,1896780,4744059,60,9529,4,self_employed,tertiary,0,0,0
25,925817,2851818,6,908596,1,self_employed,tertiary,1,0,0
41,1016540,4095721,6,548442,2,employed,primary,0,0,0
45,300231,1913032,24,32882,2,self_employed,none,1,0,1
22,1111516,4994614,12,569205,4,self_employed,tertiary,1,1,0
60,430171,3139809,24,606776,2,employed,tertiary,1,1,0
61,591220,2274344,48,539989,1,employed,tertiary,1,1,0
33,1324953,1428148,36,206353,0,student,secondary,1,0,1
30,500043,3094410,12,745231,5,self_employed,primary,1,1,0
37,1028935,4706480,36,592513,1,employed,tertiary,0,0,0
31,1123224,4112118,18,905710,2,employed,none,0,0,0
42,1080451,288826,48,707852,1,self_employed,primary,1,0,0
31,82966,1767354,12,2988,5,employed,tertiary,1,1,0
32,470993,800782,24,35919,3,employed,tertiary,0,1,0
44,1354309,3951407,24,503239,5,self_employed,none,1,0,1
64,213639,531809,12,703786,5,self_employed,secondary,1,0,1
38,296331,1284832,60,707527,3,employed,primary,1,0,0
55,984678,1868182,24,9013,2,employed,secondary,1,0,1
64,1141174,4417209,60,432329,2,employed,tertiary,0,1,0
27,240271,443781,12,658934,0,employed,none,1,1,1
48,457014,2056260,6,753376,5,employed,tertiary,1,1,0
51,1032868,3208562,24,7838,1,employed,none,1,0,1
63,897516,2739290,60,31368,0,employed,tertiary,1,0,1
37,749597,87180,12,556516,2,employed,tertiary,0,1,0
25,1819433,683976,12,247368,2,student,primary,1,1,1
37,705538,3993855,60,967215,4,employed,secondary,0,0,0
38,298004,2301347,24,308241,0,employed,primary,1,1,0
41,1053510,4842030,6,186845,2,employed,secondary,1,0,1
56,67118,4880083,24,946143,3,employed,primary,1,1,1
51,1121192,2669893,12,408039,4,unemployed,primary,1,0,0
60,181870,3841860,6,678870,1,employed,secondary,1,1,0
22,1368321,407054,36,129802,4,unemployed,tertiary,1,0,0
47,1910371,2552656,18,824765,5,employed,secondary,0,1,1
29,52795,1931986,24,266579,5,unemployed,tertiary,1,0,0
54,1196038,1039924,48,824850,1,employed,tertiary,1,0,0
48,1537056,2015629,12,57955,3,employed,tertiary,1,0,1
34,1463612,2878607,6,321651,1,employed,tertiary,1,1,1
52,1433553,1153248,60,51033,0,employed,tertiary,1,0,1
26,1621480,1684685,60,741449,1,employed,none,1,1,0
31,1363804,4313528,60,859404,1,employed,secondary,0,0,0
49,1980873,1079922,6,626300,4,self_employed,secondary,1,0,1
40,1568438,284745,36,47219,3,employed,primary,0,1,0
50,837163,3633650,24,689837,1,employed,tertiary,1,0,0
43,1230777,3848570,48,482996,0,employed,secondary,1,1,1
39,209094,2413319,60,698081,4,self_employed,secondary,1,1,0
56,313749,1868222,6,198300,3,employed,primary,1,1,0
23,1176082,2885148,60,408739,3,employed,tertiary,1,0,1
47,814601,613506,36,556614,2,employed,tertiary,1,0,0
63,1142706,565729,12,374770,5,unemployed,secondary,1,1,0
39,996769,2962044,60,173277,0,self_employed,secondary,0,0,0
43,213402,2133805,36,917629,5,employed,tertiary,1,1,0
51,904901,3163192,24,853167,4,employed,tertiary,1,0,0
60,1244835,404182,60,366540,4,employed,secondary,1,0,1
55,469007,2690955,36,16375,0,employed,tertiary,1,1,1
53,1451156,3618935,6,133783,3,self_employed,primary,1,1,1
55,1300258,2548002,6,949941,1,employed,secondary,1,0,0
21,1473061,2092532,18,945526,0,employed,primary,0,0,0
34,273034,2966585,36,271326,4,self_employed,none,1,1,0
53,559394,1624255,12,617465,5,employed,primary,1,0,0
55,1722558,3829404,60,619354,0,employed,primary,0,0,0
25,594061,4533562,48,910833,3,employed,none,0,0,0
58,840671,2819785,48,874580,2,employed,tertiary,1,1,0
61,333007,3564078,24,989035,2,unemployed,tertiary,1,1,0
31,363559,3765663,18,434166,1,self_employed,primary,1,1,0
22,118968,3671609,36,890238,1,employed,secondary,0,0,0
64,543891,2714119,12,143992,3,employed,none,1,0,1
37,634718,1361147,18,546432,5,employed,tertiary,1,0,0
59,1348648,2147951,6,120270,1,employed,tertiary,1,0,1
40,51515,1586201,24,739778,2,student,none,1,0,0
34,147206,1629889,60,657925,3,employed,tertiary,1,1,1
52,295282,588769,60,88909,3,unemployed,secondary,1,0,0
54,1858566,337555,60,447158,3,employed,secondary,1,1,1
45,457821,1850830,36,201632,0,unemployed,primary,1,1,0
27,892672,3825944,48,942195,5,self_employed,secondary,1,1,0
55,55586,2794454,12,654949,5,self_employed,none,1,0,0
49,1068725,458177,60,295943,1,employed,secondary,1,0,1
42,958806,4758415,60,459993,5,unemployed,none,0,0,0
61,819565,3247418,6,34510,4,employed,tertiary,1,1,1
63,1654050,4821462,18,497229,2,student,none,1,1,1
33,1649792,3171192,60,87919,1,self_employed,none,1,1,1
33,1852200,2838647,24,113043,5,employed,tertiary,1,1,1
21,1837023,1620497,18,732726,2,student,tertiary,0,0,0
56,1483710,784158,48,422191,1,unemployed,tertiary,1,1,0
24,1447749,2742205,18,315386,4,self_employed,tertiary,1,1,1
57,594999,855231,12,46546,2,employed,tertiary,0,1,1
64,1677826,1472771,6,485303,4,student,tertiary,1,0,1
60,70039,3219283,36,678627,2,self_employed,secondary,0,0,0
33,1659425,2529129,12,995415,0,self_employed,secondary,1,0,0
58,256555,905434,48,480265,0,student,secondary,0,1,0
44,1589663,358697,24,856371,2,employed,primary,1,1,0
39,1048899,3460960,48,907697,2,employed,secondary,1,0,0
21,1318306,3765799,48,791329,4,self_employed,tertiary,1,1,0
58,51577,4769707,18,131235,5,employed,tertiary,0,0,0
25,157792,4967790,24,232686,3,self_employed,primary,1,0,0
36,995854,122908,12,314684,2,employed,tertiary,1,0,1
44,1870844,1691973,48,476131,1,employed,none,1,0,1
47,1337116,4615391,12,244367,1,employed,tertiary,1,0,0
21,1001302,4253726,60,816462,1,employed,tertiary,0,0,0
54,1327082,892606,60,55313,0,employed,primary,1,1,1
56,1835353,3921549,60,914502,5,employed,secondary,1,0,0
24,60785,500415,36,29870,4,employed,tertiary,0,1,0
20,1170803,3749446,18,902997,5,self_employed,primary,1,1,0
59,955112,4273138,12,124703,0,unemployed,primary,1,1,0
31,898389,598723,60,422698,5,employed,none,0,1,1
55,1688295,3282940,60,948562,5,employed,tertiary,0,0,0
64,1509089,1678661,24,319399,1,employed,secondary,1,0,1
42,908326,2583922,48,878839,2,employed,secondary,1,0,0
50,1346517,4823147,60,642240,1,student,secondary,1,0,0
30,1817708,135350,36,458146,5,employed,primary,1,0,1
29,200653,4259020,24,443716,2,employed,tertiary,1,1,0
22,367336,1158837,18,784689,4,employed,primary,1,1,0
33,313606,995032,36,943883,3,student,tertiary,1,0,0
35,440992,2935579,36,461003,2,employed,tertiary,1,0,0
29,1818109,742019,36,895828,0,self_employed,tertiary,1,0,0
48,983015,3694393,48,285818,1,employed,tertiary,1,0,1
29,1436826,1490352,60,779833,1,employed,primary,1,1,0
31,1409385,1959042,6,661950,5,unemployed,tertiary,1,0,0
49,1798350,1927330,36,948936,5,employed,tertiary,0,1,0
60,1441730,1762460,24,302570,5,self_employed,tertiary,0,1,0
20,1695437,605134,24,49584,5,self_employed,primary,1,0,1
24,274737,4197036,18,743023,1,employed,secondary,1,0,0
39,944235,4974824,12,693375,2,employed,secondary,1,0,0
27,693970,2370886,12,597539,4,self_employed,tertiary,1,1,1
62,1636250,1098278,6,69353,2,employed,tertiary,0,1,0
31,436213,173182,48,881461,0,employed,tertiary,0,0,0
20,1153036,4292895,60,82990,1,employed,tertiary,1,1,1
39,449437,3493749,48,791032,2,self_employed,primary,0,0,0
47,466690,134106,60,680050,1,unemployed,tertiary,1,0,0
62,1073577,1700882,36,632574,0,unemployed,tertiary,1,1,0
56,1213951,2509150,60,295906,3,employed,primary,1,1,1
56,949092,2075216,6,381150,3,employed,tertiary,1,0,1
31,202117,214486,18,692859,3,employed,tertiary,0,0,0
56,927751,1743696,18,481204,1,employed,secondary,0,1,0
63,1215158,2881455,12,400886,2,unemployed,tertiary,1,1,0
47,1597485,3896556,18,217759,1,self_employed,none,1,1,1
34,972426,785062,36,541629,4,self_employed,secondary,1,0,0
25,1865879,777468,24,95140,2,employed,secondary,0,1,0
63,728066,2114618,18,991327,0,unemployed,primary,1,1,0
39,1927779,4336812,6,870506,5,student,none,0,1,0
33,1675199,3504707,36,17015,3,employed,secondary,0,1,0
21,1851951,2865845,18,896612,2,employed,primary,1,1,0
28,102949,3046038,48,982630,2,employed,secondary,1,0,0
56,513930,4922587,60,648869,3,employed,primary,1,0,0
39,145558,3126511,18,710557,0,unemployed,secondary,0,1,0
45,1507032,1952453,48,49849,1,employed,primary,1,1,1
48,1059260,4104066,36,376863,1,self_employed,primary,1,1,1
20,1987280,3918707,18,15852,5,self_employed,primary,1,0,1
54,839148,2848658,48,579649,2,employed,tertiary,1,0,0
25,1246222,1474241,24,373938,3,employed,none,1,1,1
56,1865751,952810,12,676618,4,student,secondary,0,1,0
24,1565509,4509118,36,586643,0,employed,tertiary,0,0,0
52,1603091,3764528,48,959012,1,self_employed,tertiary,1,1,0
33,767186,4430268,6,985288,0,self_employed,secondary,1,0,0
31,1774149,3745611,18,386917,0,employed,secondary,1,1,1
61,121916,1096094,48,464944,5,student,tertiary,1,1,0
39,1820087,3442389,60,27410,0,employed,secondary,0,1,0
43,1358166,3466502,48,785334,3,self_employed,tertiary,1,0,0
62,822378,804108,48,927399,5,self_employed,tertiary,0,1,0
53,1673770,782878,60,203014,3,employed,tertiary,0,1,0
44,1885471,3269919,12,558212,5,employed,tertiary,1,0,1
48,1173270,1051622,60,899054,3,self_employed,tertiary,0,0,0
58,463867,3296319,60,762199,5,self_employed,none,1,1,0
50,905126,1686617,6,857263,5,employed,tertiary,1,1,0
62,1380728,3780536,60,405480,2,self_employed,primary,0,0,0
42,1079242,2413304,6,290182,3,self_employed,tertiary,0,1,0
63,120474,2516704,24,235530,2,employed,tertiary,1,0,0
57,1661049,2409792,60,903368,5,employed,tertiary,1,1,0
39,400068,411911,12,271280,1,employed,secondary,1,1,0
42,1360624,1096251,60,275357,5,employed,primary,1,1,1
64,1041921,335356,48,208680,1,employed,none,0,1,0
35,1879438,1574205,36,108546,1,student,tertiary,1,0,1
61,776499,3053337,12,494805,1,employed,secondary,1,1,0
27,871412,1218694,60,551719,1,employed,primary,1,0,0
40,1645368,166481,12,42290,3,self_employed,tertiary,1,1,1
20,1153546,4312563,6,985043,4,employed,secondary,0,0,0
27,1377486,3325654,24,478751,3,employed,secondary,0,0,0
48,691232,3724777,24,883247,4,self_employed,tertiary,1,1,0
51,1978930,2163527,12,130374,3,self_employed,tertiary,1,1,1
57,454911,1260213,12,42747,1,self_employed,primary,0,0,0
24,461012,2249806,60,600262,0,self_employed,tertiary,1,0,0
41,1272191,4445102,18,866195,5,employed,tertiary,1,1,0
53,1596242,2292019,48,724568,4,unemployed,tertiary,1,1,0
20,1787075,2112044,6,653420,0,employed,secondary,1,0,1
45,1219070,362051,48,335138,1,employed,primary,0,1,0
62,1857805,2841004,36,739435,4,employed,primary,0,0,0
29,1631666,3347334,36,855447,0,employed,primary,1,0,0
49,221277,3618125,24,670247,3,employed,secondary,0,0,0
37,541966,2691436,6,519116,1,self_employed,secondary,1,1,0
36,346303,1826025,48,524339,3,employed,secondary,0,0,0
45,1110092,1204258,24,854127,3,employed,secondary,0,0,0
27,1411212,2492905,36,463142,1,self_employed,secondary,0,1,1
59,865518,1040170,12,216643,4,self_employed,secondary,1,1,1
31,1736622,1783341,6,253116,5,employed,tertiary,1,1,1
46,1653344,1462210,6,290635,2,employed,secondary,1,0,1
27,233163,3213257,48,802512,2,employed,primary,1,1,0
44,1226599,2724986,60,559168,5,employed,secondary,1,1,0
23,422339,3465814,18,191037,1,self_employed,tertiary,0,0,0
52,1277414,2000256,48,373200,2,employed,secondary,1,0,1
20,875169,2853528,12,47361,5,employed,none,1,1,1
38,321409,3458168,60,349829,0,employed,tertiary,0,1,0
50,688453,4304284,60,867307,5,unemployed,secondary,0,1,0
35,693789,893214,60,94841,4,employed,tertiary,1,1,1
33,1872193,215301,12,722250,5,self_employed,tertiary,1,0,1
24,1431710,4864974,24,988660,3,employed,primary,1,1,0
60,544670,1152020,6,462506,3,self_employed,secondary,1,0,0
45,851818,347180,24,934097,1,student,tertiary,0,0,0
47,1989726,3455914,12,933671,3,employed,none,1,1,0
21,873857,4227927,18,514136,0,unemployed,secondary,0,1,0
25,171635,4926831,6,515750,5,self_employed,secondary,0,1,0
28,748614,1717391,12,874523,0,self_employed,primary,1,0,0
52,270935,3279065,18,557293,1,self_employed,tertiary,0,1,0
60,1610142,3509340,48,237903,3,employed,tertiary,1,1,1
44,1152210,3268622,36,784446,2,employed,secondary,0,1,0
32,1054221,4690604,60,589759,5,student,tertiary,0,1,0
28,753022,637426,12,651006,2,employed,secondary,0,0,0
32,923420,3480460,36,106379,4,student,tertiary,1,0,1
50,1857720,3190380,24,837160,1,self_employed,secondary,1,1,0
60,1991345,1181614,36,664051,4,employed,tertiary,1,1,1
30,542503,2106744,12,9756,2,self_employed,tertiary,1,1,1
23,268599,2516507,36,647958,2,unemployed,tertiary,1,1,0
53,287919,1716561,60,822740,2,employed,secondary,0,0,0
57,518668,826385,6,64079,4,employed,tertiary,1,0,1
23,453359,1954514,12,589812,1,self_employed,tertiary,1,0,0
57,1583183,2347167,18,453682,5,student,none,1,1,1
38,1690307,1126419,36,533615,5,self_employed,secondary,1,0,1
25,1390144,1056840,6,946024,0,employed,tertiary,1,1,0
53,1449564,1031489,60,174380,0,employed,secondary,1,1,1
37,878416,4193315,24,105561,2,student,secondary,1,0,1
32,91505,4609512,24,356580,1,employed,primary,0,0,0
60,1201054,3322145,60,16533,1,employed,secondary,1,0,1
42,1161275,269356,36,521970,3,employed,primary,1,0,1
38,994461,3581024,24,97417,3,employed,primary,0,1,0
64,1517256,3045353,18,355462,4,employed,primary,0,1,0
30,950444,1725255,12,699848,3,employed,tertiary,1,1,0
20,204721,534600,6,722520,5,self_employed,secondary,1,1,0
43,1060165,1545318,48,40429,5,employed,tertiary,0,0,0
26,871190,1958151,36,444942,4,employed,tertiary,1,1,0
44,186668,2967167,24,348492,0,employed,tertiary,1,1,0
40,328518,3339363,12,859497,2,student,tertiary,1,0,0
34,692974,2407761,48,413869,1,self_employed,primary,1,0,0
20,1364495,696231,18,974425,0,employed,tertiary,1,1,0
31,1912396,819822,24,879828,5,employed,tertiary,1,0,0
26,1484520,2836202,24,537942,0,self_employed,tertiary,0,1,0
34,857461,4259229,6,395324,4,unemployed,tertiary,1,0,0
40,658269,3937875,18,331627,2,employed,tertiary,0,0,0
38,1414359,1699379,18,532187,5,employed,secondary,0,0,0
48,1212586,2346482,36,144444,4,self_employed,tertiary,1,1,1
44,1653969,2807867,48,430898,0,self_employed,tertiary,0,0,0
52,573472,4993999,6,882341,1,self_employed,primary,1,0,0
51,456884,3296582,36,891403,3,employed,tertiary,1,0,0
54,309021,2442001,6,461015,4,employed,tertiary,0,0,0
63,197032,2322133,18,616012,5,employed,tertiary,0,0,0
57,700807,2366830,6,954087,0,employed,none,1,0,0
45,1241005,2275653,6,29295,3,student,primary,1,1,1
30,507820,1283387,6,459329,3,employed,tertiary,1,1,0
54,939171,4855865,12,342709,0,self_employed,tertiary,0,0,0
27,1412516,100818,12,49574,2,employed,tertiary,1,0,0
33,327948,2299119,48,363211,0,employed,secondary,0,1,0
29,1750596,2501603,48,196006,5,unemployed,secondary,1,1,0
21,1083237,1547116,60,30066,1,self_employed,tertiary,0,1,0
28,1768562,4362946,18,214221,5,student,secondary,1,0,1
22,209204,2956273,6,740456,3,employed,tertiary,1,0,0
40,1892959,245428,18,140017,1,employed,primary,1,1,1
45,973953,3944099,12,29418,4,employed,tertiary,1,0,1
27,1379785,4645772,6,82607,3,employed,primary,1,0,0
21,937935,4339991,36,574162,2,employed,tertiary,0,0,0
25,155072,3857114,12,898590,0,unemployed,tertiary,1,0,0
47,714490,4031048,12,410346,4,employed,primary,0,0,0
48,139360,3340633,12,872689,5,student,tertiary,1,1,0
45,112287,1232618,60,130538,1,employed,primary,1,1,0
44,1336585,1721179,6,985752,4,self_employed,tertiary,0,0,0
31,757062,145494,48,213699,2,employed,tertiary,1,0,1
24,742353,3047439,24,212465,0,employed,secondary,1,1,1
53,737235,3278409,36,434610,4,unemployed,primary,1,0,0
56,820644,4948841,36,504588,5,employed,tertiary,1,1,0
34,711414,3064130,18,573923,1,self_employed,secondary,1,1,0
63,280881,4961165,6,257470,4,self_employed,primary,1,0,0
55,1205933,4797492,48,899455,0,unemployed,tertiary,1,0,0
34,1540309,2161278,12,361981,5,self_employed,secondary,1,1,1
62,257440,3938832,24,213161,4,employed,tertiary,1,0,0
42,603958,4585751,6,279548,1,self_employed,tertiary,0,0,0
25,1934120,266651,6,596917,0,employed,primary,1,0,1
63,924820,1590856,60,13156,2,employed,primary,1,1,1
62,1449876,3504520,48,448834,2,employed,tertiary,1,1,1
64,1257955,655502,24,49999,3,employed,primary,0,1,0
40,818447,2585244,12,407001,4,employed,primary,1,0,0
42,1296735,1610155,6,179431,1,student,tertiary,0,0,0
62,1932930,4991824,36,484023,4,employed,tertiary,0,0,0
35,244152,4090114,36,276838,0,student,secondary,1,0,0
34,1978356,1661589,24,953618,3,employed,tertiary,1,0,0
44,653623,518163,12,855981,1,self_employed,tertiary,1,1,0
55,862744,889812,24,188302,4,employed,tertiary,1,0,1
30,1072660,820008,6,32799,1,employed,tertiary,1,1,1
34,1165561,4548907,60,876720,0,unemployed,none,1,0,0
23,1753608,3050102,60,142228,3,student,secondary,1,1,1
40,1874577,3981926,36,927808,1,employed,secondary,1,1,0
32,1025112,1094654,60,302789,0,student,primary,1,0,1
41,533178,2428772,18,694298,2,self_employed,primary,1,0,0
38,1985971,3526452,24,450198,1,student,primary,1,0,1
53,1269925,3447559,60,339758,3,self_employed,secondary,1,1,1
33,605839,398737,18,222686,5,student,tertiary,1,0,1
23,664101,2871562,18,133387,5,unemployed,primary,1,0,1
46,499813,1499299,48,228339,1,employed,tertiary,1,1,0
48,1986033,1562185,36,884801,1,employed,secondary,0,1,0
47,1485062,2814630,24,12420,0,employed,none,1,0,1
54,1799148,231601,18,280456,4,self_employed,tertiary,1,0,1
27,1108213,4312986,6,807827,5,unemployed,tertiary,1,0,0
35,1928266,3418737,60,302445,4,self_employed,tertiary,1,0,1
61,1003197,2594544,48,251985,5,self_employed,tertiary,1,0,1
55,977328,1345129,12,46972,1,employed,tertiary,0,0,0
49,1752417,3549585,60,587582,3,employed,secondary,1,1,1
37,601238,1464780,60,80853,3,employed,tertiary,1,0,1
21,466704,4904078,60,644423,5,self_employed,secondary,1,0,0
32,1750734,2078217,48,965729,5,employed,secondary,0,1,0
23,1596336,709297,12,82504,0,employed,secondary,0,0,0
45,50215,2614878,36,809286,1,employed,secondary,0,0,0
44,417747,1212936,24,121373,1,employed,secondary,1,1,1
49,847955,639306,24,332924,4,employed,primary,1,1,1
30,905121,1495819,12,424145,0,employed,secondary,1,0,0
26,1122410,3960920,60,368602,2,student,secondary,0,1,0
50,1395194,2283969,6,843535,3,employed,secondary,0,1,0
63,1665930,242803,12,509652,3,unemployed,tertiary,0,1,0
29,1067375,1709848,12,325764,1,employed,secondary,1,1,1
58,322544,2962035,24,876022,0,unemployed,none,0,1,0
32,584633,2503039,18,870556,2,self_employed,primary,1,1,0
50,1132472,3346581,6,831022,3,unemployed,tertiary,1,1,0
26,1577222,2025516,24,886628,0,unemployed,secondary,1,0,0
61,1913907,4578458,48,596842,2,self_employed,none,1,1,1
61,1597963,4452140,12,403837,5,student,secondary,1,0,1
55,864661,4377219,18,117781,1,self_employed,tertiary,1,1,1
39,560269,4440985,6,525261,4,self_employed,primary,1,1,0
23,1366303,852491,36,774072,3,employed,tertiary,0,0,0
26,972401,827150,6,240210,3,student,secondary,1,0,1
20,563622,3367568,6,845218,2,unemployed,tertiary,1,1,0
63,1170113,3077929,60,104919,4,employed,tertiary,1,0,1
64,1863353,821469,12,37097,5,self_employed,none,1,0,1
61,447783,2371991,12,121403,0,unemployed,tertiary,0,1,0
32,1697671,1726099,36,820677,1,self_employed,secondary,1,0,0
41,703936,2140651,36,720571,0,student,primary,1,1,0
40,949084,3765526,36,579129,2,employed,tertiary,1,0,0
41,520455,824456,24,549634,3,employed,primary,1,1,0
47,718689,3004233,24,629921,5,employed,tertiary,0,1,0
28,282117,943155,12,596268,3,employed,secondary,1,1,0
45,1871644,577169,12,90417,0,employed,tertiary,1,1,1
28,1432512,3831876,36,442369,5,employed,tertiary,1,1,1
34,1492020,1947465,24,863374,1,employed,secondary,1,0,0
29,1311862,2313567,18,891579,2,employed,tertiary,1,0,0
43,611340,4715770,24,877407,1,employed,secondary,0,1,0
61,500985,2120569,12,792404,2,self_employed,primary,1,1,0
27,96032,1366461,24,834495,1,employed,none,1,1,0
43,554910,197733,12,982992,0,employed,secondary,0,1,0
35,1056225,4079251,36,130017,4,employed,tertiary,1,0,1
45,1394406,344977,60,843487,5,employed,tertiary,1,0,0
46,913413,2774006,36,758769,2,student,tertiary,1,0,0
56,673090,1169816,36,457582,0,employed,primary,1,1,0
23,970313,2778338,18,142003,3,unemployed,tertiary,1,1,0
43,1332913,2356456,60,663062,3,employed,secondary,0,1,0
38,1271433,4021183,18,609122,1,unemployed,secondary,0,1,0
55,479763,4022369,12,939044,3,employed,none,1,0,0
58,354962,4600038,6,843882,4,employed,primary,0,0,0
29,1985430,3276250,48,752936,2,unemployed,tertiary,1,0,0
44,1432647,2520950,18,589540,1,employed,secondary,0,0,0
37,1819617,2816952,12,46904,2,self_employed,secondary,1,0,1
38,391609,451176,60,52320,2,employed,secondary,1,0,1
55,1843798,1121038,24,293144,0,self_employed,secondary,1,1,1
29,800887,1093423,60,95341,3,student,secondary,0,1,0
52,687509,1902829,36,782884,5,student,secondary,0,0,0
24,349477,2567626,36,789031,2,employed,tertiary,1,1,0
54,1225033,142889,36,349780,4,employed,primary,1,0,1
63,1377296,4333256,12,751405,4,student,secondary,0,1,1
53,1218451,767884,36,740079,5,unemployed,secondary,0,0,0
52,1924413,4659635,18,711525,3,employed,tertiary,1,1,1
40,930432,2848945,24,189927,3,self_employed,primary,1,0,0
36,516995,4465880,36,234849,1,employed,none,0,1,0
41,605889,3152923,12,524306,1,student,primary,0,1,0
56,904378,4987985,24,131930,1,employed,secondary,1,1,1
34,1412836,2645301,36,419208,3,self_employed,primary,1,1,1
54,1616541,915796,6,425796,2,self_employed,secondary,1,0,1
47,1609048,3003661,36,333060,0,student,tertiary,0,0,0
26,678474,2449940,48,691160,5,unemployed,secondary,1,0,0
51,899326,3187877,60,905625,5,employed,primary,1,1,0
30,739995,4498388,18,583058,5,self_employed,primary,1,0,1
29,1892473,179466,24,972445,1,student,secondary,0,0,0
28,1679618,2161740,18,215523,0,self_employed,none,0,0,0
33,1327623,4031576,6,236847,4,self_employed,tertiary,1,1,1
32,142850,3357657,6,823919,3,self_employed,secondary,1,0,0
44,946197,1644575,48,144015,4,employed,secondary,1,0,1
21,1839055,4904761,18,496383,1,self_employed,tertiary,1,0,1
54,1453411,1782329,24,102342,2,employed,tertiary,1,0,1
26,1661735,1907084,6,585745,1,employed,tertiary,1,1,1
40,1292522,1444994,6,518327,0,unemployed,secondary,0,0,0
37,520949,4564057,36,280980,1,employed,secondary,1,1,0
22,865943,3880405,48,887582,5,employed,tertiary,1,1,0
61,917392,1596557,60,499584,2,employed,tertiary,1,0,0
58,1016325,3135689,12,797826,2,employed,tertiary,1,1,0
60,1950784,4299790,60,334302,3,unemployed,primary,1,1,0
30,1347776,3250890,60,517912,3,self_employed,tertiary,1,0,1
58,775527,4978951,6,386804,5,employed,secondary,1,0,0
43,1405182,79882,24,634887,2,employed,secondary,1,1,1
38,1553174,2725518,24,811712,5,employed,tertiary,1,0,0
23,533410,2992318,36,124221,2,employed,tertiary,1,1,1
45,1857317,1337256,24,249222,0,self_employed,tertiary,0,1,0
57,1655438,4419202,36,77318,1,employed,none,1,0,1
61,1724936,1448705,6,918663,3,self_employed,tertiary,1,0,0
51,1533702,4867530,6,332306,0,employed,tertiary,1,1,1
58,1303179,606831,60,416656,1,employed,tertiary,1,0,1
64,1779122,698567,6,994670,3,employed,secondary,1,0,0
55,1776749,4647577,6,314856,5,employed,tertiary,1,1,1
59,784172,3438449,12,785072,0,unemployed,secondary,1,0,0
56,1839461,879347,48,371722,4,employed,tertiary,1,1,1
52,1963290,739517,60,514021,4,employed,secondary,1,1,1
55,159779,423519,60,703016,3,student,primary,0,1,0
22,1117133,3092398,48,661949,0,self_employed,primary,0,0,0
28,1257708,2080888,12,834673,1,employed,tertiary,1,1,0
27,502082,1087904,6,779955,1,student,secondary,1,1,0
52,384248,4419246,24,547521,0,employed,secondary,1,0,0
25,1854841,3260557,36,166083,4,self_employed,tertiary,1,1,1
60,1576369,2917042,60,794609,0,employed,primary,1,0,0
58,711440,1633452,48,523099,4,self_employed,secondary,1,0,0
23,1243502,941712,18,165600,4,employed,secondary,1,0,1
32,773055,2093419,36,638794,5,employed,tertiary,0,1,0
21,1780961,322743,18,759106,5,self_employed,tertiary,1,1,1
24,1282630,384738,18,585639,1,self_employed,tertiary,1,1,0
63,615369,4977094,60,878340,3,self_employed,secondary,1,1,0
46,971872,4528597,6,450047,2,unemployed,secondary,1,1,0
51,804981,3337008,18,576115,0,employed,primary,1,1,0
40,431325,247170,6,416724,4,employed,none,1,1,0
27,863526,4424296,12,972437,0,self_employed,tertiary,1,1,0
57,1013544,4815358,24,604789,3,self_employed,tertiary,1,0,0
27,378910,4039174,18,68772,3,employed,none,1,0,1
22,1968061,2624584,60,539899,2,employed,secondary,1,0,1
63,1253639,2758562,24,153354,2,self_employed,secondary,1,0,1
22,1886309,2615513,6,827435,4,student,tertiary,1,0,1
41,733970,3278939,18,736725,5,self_employed,tertiary,0,1,0
25,655751,3617008,36,467432,2,employed,tertiary,0,1,0
21,1788614,497095,60,774324,5,self_employed,tertiary,0,1,0
42,1385186,3322262,12,142412,5,unemployed,tertiary,1,0,0
63,523656,2535500,48,358773,4,unemployed,tertiary,0,1,0
21,1008379,3631884,12,348787,1,unemployed,tertiary,0,0,0
57,1124657,2751433,18,861116,5,unemployed,secondary,1,1,1
36,1122930,1035979,60,370754,4,employed,tertiary,1,1,1
54,667585,885358,12,906764,2,employed,tertiary,1,1,0
53,854732,1529995,48,83035,0,self_employed,tertiary,0,0,0
42,1162960,1842837,36,804597,2,employed,secondary,1,1,0
49,1980035,2021472,24,633610,3,employed,primary,0,0,0
27,1744548,4448884,36,411476,2,unemployed,secondary,1,0,0
41,897324,4818977,12,54515,1,self_employed,none,1,1,1
63,85525,1129229,48,745812,4,student,primary,1,1,1
55,994036,1190441,24,109446,5,student,secondary,1,0,1
24,56464,3673664,60,554768,3,employed,tertiary,1,1,0
32,1639426,4894405,48,707887,4,student,tertiary,1,0,1
48,1992400,1244447,36,59789,4,employed,tertiary,0,0,0
50,1678378,1637916,6,707262,5,self_employed,none,0,1,0
35,425572,2284268,6,32191,2,employed,tertiary,1,0,1
61,1211140,4464679,24,583776,0,employed,tertiary,1,1,0
49,1468767,2653087,24,730442,3,student,secondary,1,0,0
35,1566011,3868362,24,167116,5,employed,secondary,1,1,0
31,606922,1333596,6,704960,1,self_employed,tertiary,1,1,0
36,1885068,99892,36,873889,1,employed,secondary,0,1,0
35,1894277,395535,24,704136,0,employed,tertiary,1,1,1
31,244215,3451944,6,888908,0,employed,secondary,1,1,0
27,1645929,3168113,24,504703,2,self_employed,secondary,0,1,0
39,315039,1257935,24,930340,1,employed,secondary,1,1,0
22,1441579,833059,48,598813,3,employed,tertiary,0,1,0
35,1766288,2272854,24,839080,5,self_employed,primary,1,1,0
49,1017241,4317831,6,538028,0,employed,primary,0,0,0
64,154127,3342239,36,882148,0,employed,tertiary,0,0,0
42,146426,965108,6,668462,0,student,none,0,0,0
47,999520,4927323,6,211965,5,employed,primary,0,1,0
59,1290952,2434272,24,444550,3,employed,tertiary,1,0,1
24,1110538,3016227,48,916109,1,self_employed,tertiary,1,1,0
39,83302,2870377,18,113917,3,self_employed,secondary,1,0,0
59,1446102,1468351,60,947759,5,self_employed,tertiary,1,1,0
63,54011,4967970,18,625918,3,student,secondary,1,1,0
20,69782,3776713,18,549509,2,employed,secondary,1,0,0
49,1297339,644670,6,63265,5,student,tertiary,1,1,1
40,1743518,853083,24,525007,0,student,tertiary,1,1,1
39,482941,230116,60,214514,1,unemployed,secondary,0,0,0
25,1632060,4258937,18,940644,2,employed,tertiary,1,1,0
41,1142035,4323468,12,973283,2,unemployed,tertiary,0,0,0
37,661533,837001,12,132141,5,employed,tertiary,0,0,0
27,572829,4367729,12,579002,4,self_employed,tertiary,1,0,0
58,653151,345182,36,73285,0,employed,tertiary,1,1,1
51,959638,1278736,24,275079,1,unemployed,secondary,1,1,0
52,1873327,1302825,6,496407,1,self_employed,secondary,1,1,1
35,1461730,2352690,6,905794,1,employed,tertiary,0,1,0
31,1131345,772153,24,568323,5,unemployed,tertiary,1,0,0
57,419673,3662730,48,388831,0,self_employed,secondary,1,0,0
53,1879297,3496010,60,882688,5,self_employed,secondary,1,1,0
33,1123276,2619395,48,421153,1,employed,tertiary,0,1,0
55,1869728,3382951,36,280684,3,unemployed,secondary,1,0,0
52,1834292,3044324,24,597768,3,employed,primary,1,1,1
42,1043931,361416,48,835134,0,employed,secondary,1,0,0
64,281237,187980,60,78283,1,employed,primary,0,1,0
21,1890277,2551212,36,731401,5,self_employed,secondary,0,1,0
60,958063,4974191,18,767113,4,self_employed,secondary,1,1,0
40,356024,4470605,18,470449,4,employed,tertiary,0,1,0
21,164003,874765,36,954411,4,employed,secondary,1,1,0
46,1237968,957651,24,146293,3,self_employed,tertiary,1,0,0
28,99589,1443749,18,316925,5,student,tertiary,1,1,0
20,300606,1400417,24,531375,4,self_employed,secondary,1,1,0
30,781636,1040391,48,284933,1,employed,primary,0,1,0
22,610185,4299367,18,449239,1,employed,tertiary,1,0,0
42,239637,637069,60,426616,4,employed,primary,0,1,0
45,736290,3997061,60,657559,2,unemployed,primary,0,0,0
23,1811169,3206366,48,178388,4,employed,primary,0,0,0
37,1312469,2365138,60,873705,2,self_employed,secondary,1,1,0
25,1899388,4465972,24,445278,0,employed,tertiary,1,0,1
54,1830832,4759822,24,115310,0,employed,tertiary,0,0,0
41,1169510,599666,60,464825,1,employed,secondary,1,0,1
62,630118,4033027,12,147816,5,unemployed,none,0,1,0
34,317673,1216747,36,469311,3,student,secondary,0,0,0
41,1875228,3934817,6,186589,5,employed,tertiary,1,0,1
56,406742,4832969,36,98231,1,employed,tertiary,0,1,0
61,807582,4823283,60,704225,1,employed,tertiary,1,0,0
31,132987,3185392,24,467153,5,self_employed,primary,1,0,0
61,1672042,2109417,24,732555,3,self_employed,tertiary,0,1,0
57,1236585,4238432,36,500642,1,employed,secondary,0,1,0
37,1482672,2458359,24,538182,3,employed,secondary,1,1,1
64,614174,4860374,48,422376,1,unemployed,secondary,1,0,0
54,1672563,1882760,18,315239,0,self_employed,tertiary,1,1,1
49,1699260,2492367,24,553560,2,employed,primary,1,1,1
43,1713542,2589065,60,578309,1,self_employed,primary,1,0,1
61,599567,4838875,60,221120,2,unemployed,primary,1,1,0
49,481322,2206719,36,33645,4,self_employed,secondary,1,1,1
33,160776,2076091,36,898511,1,employed,primary,0,0,0
25,1724308,1240334,36,21179,0,self_employed,none,0,1,0
22,418444,4150681,60,534979,3,self_employed,secondary,1,0,0
35,1212369,3781622,12,653724,0,self_employed,primary,1,1,0
26,1476998,766079,60,260005,2,student,tertiary,1,1,1
33,260809,3137686,48,212718,3,employed,tertiary,1,0,0
28,1270192,1004227,60,231899,0,self_employed,tertiary,1,1,1
34,1463967,2963461,48,307455,0,employed,tertiary,0,1,0
40,1340838,4493769,60,357525,0,employed,primary,1,0,1
54,583285,2371741,60,170110,5,self_employed,tertiary,1,1,1
21,1204678,2685466,12,811399,3,student,tertiary,0,0,0
46,922143,4122476,48,552766,0,employed,tertiary,1,1,0
21,1476765,4539929,12,448991,0,student,none,1,0,1
54,615148,4071340,48,988128,2,employed,tertiary,0,0,0
37,1363945,4877976,12,302476,0,employed,tertiary,0,0,0
33,1732978,3448499,12,924570,0,employed,primary,0,1,0
39,1026974,108031,48,825745,4,self_employed,secondary,1,1,0
37,687506,1968135,12,592145,3,self_employed,none,1,1,1
29,572070,2501550,60,45900,4,employed,tertiary,1,1,1
44,1985772,2131552,48,221141,5,employed,primary,0,0,0
21,157041,4586672,12,126861,2,self_employed,tertiary,1,0,0
44,424368,2234847,60,565386,4,self_employed,primary,1,1,0
52,375800,1228642,60,532582,5,employed,tertiary,0,0,0
55,1543672,2691532,36,717940,1,unemployed,tertiary,0,0,0
50,766438,4161932,6,169173,3,self_employed,secondary,1,1,1
33,531862,1680969,48,156131,0,employed,secondary,1,0,1
20,1174866,1784441,12,883216,4,employed,secondary,1,0,0
35,1155209,1302876,36,827058,4,self_employed,tertiary,1,0,0
22,1911663,4535003,6,544991,0,employed,tertiary,0,0,0
54,1219694,2743374,12,890125,0,self_employed,tertiary,0,1,0
60,748961,3010841,6,454633,2,employed,tertiary,0,0,0
25,1101690,2642859,48,771896,4,self_employed,secondary,0,0,0
44,862934,1968715,60,714588,4,employed,secondary,1,1,0
32,99768,541513,60,658565,1,student,tertiary,1,1,0
53,1408848,2227890,6,428145,5,student,none,0,1,0
27,1511820,4580044,60,950915,1,student,primary,1,1,0
40,1023069,4374917,18,735882,4,employed,primary,0,1,0
53,133123,4317905,24,535916,1,unemployed,secondary,0,1,0
23,1731119,3225601,60,627943,4,employed,tertiary,0,1,0
44,216405,1790584,18,201161,3,self_employed,secondary,0,1,0
34,53174,3267196,48,268662,2,employed,none,0,1,0
23,167769,3916217,48,169563,1,self_employed,primary,1,0,0
64,347542,187405,6,139018,4,student,primary,1,1,1
31,479145,171173,60,524898,1,employed,primary,1,0,0
51,1233969,96638,60,463054,5,employed,tertiary,1,1,1
51,1484269,1212496,60,296455,2,employed,primary,1,1,1
47,1849907,2557413,36,126419,3,employed,secondary,1,1,1
32,816868,3891829,12,786289,0,employed,secondary,1,0,0
50,1285069,4201538,24,230842,0,unemployed,tertiary,1,0,0
33,646923,2155039,60,828308,1,employed,primary,1,0,1
39,1908768,2114798,12,473408,4,self_employed,tertiary,1,0,1
37,978864,2900418,36,235612,5,employed,secondary,0,1,0
48,1764249,3169810,48,243095,2,employed,none,1,0,1
25,817166,871929,24,836765,3,employed,tertiary,0,1,1
51,267070,4960673,18,523111,3,employed,secondary,0,0,0
48,449017,3822217,48,706658,3,self_employed,none,0,0,0
62,1899138,2077842,48,346336,0,employed,primary,1,1,1
21,981775,784459,6,566099,2,self_employed,tertiary,0,0,0
42,1507867,2437842,36,594360,0,employed,secondary,1,1,1
38,1594247,2356648,6,639695,1,student,secondary,0,0,0
50,419359,2839850,6,250440,3,unemployed,primary,1,0,0
24,1248632,1526075,12,42974,2,employed,tertiary,1,0,1
38,924527,2753934,48,675216,3,employed,primary,1,0,0
53,897374,3667114,36,495162,0,employed,tertiary,1,1,0
29,193933,358710,6,962334,0,self_employed,secondary,1,0,0
44,1197546,4591912,18,606271,0,employed,tertiary,1,1,0
21,1180779,3953869,24,307967,3,self_employed,tertiary,1,1,1
30,1290895,4326295,60,361007,2,employed,tertiary,1,1,1
50,1298749,2501976,36,777494,2,employed,tertiary,1,0,0
34,551946,3247860,12,886469,1,employed,primary,1,1,0
28,726337,2402221,36,467613,3,employed,primary,0,0,0
42,1542409,4730018,48,216886,1,self_employed,secondary,1,1,0
38,1316302,2830596,12,67078,5,employed,none,0,0,0
28,924609,4090015,24,894199,1,unemployed,tertiary,1,0,0
54,1695766,4920807,18,592239,1,self_employed,tertiary,1,1,1
40,142172,3287355,6,895719,1,employed,tertiary,0,1,0
28,720990,172772,36,143977,0,employed,none,1,0,1
47,594344,4127411,12,513994,5,employed,tertiary,1,0,1
26,1237030,1027469,24,808033,1,self_employed,tertiary,1,1,0
35,1154315,1357589,6,103691,2,employed,tertiary,1,0,0
35,1966693,4046228,60,218171,1,employed,tertiary,1,0,0
52,98639,1515741,24,696315,0,employed,tertiary,1,0,0
23,503054,756412,18,203251,4,employed,tertiary,1,1,1
23,489257,2851329,6,572723,5,student,tertiary,1,1,0
58,837424,341799,6,941548,4,unemployed,secondary,1,0,0
59,646682,238874,60,273390,4,employed,tertiary,1,1,1
36,379801,2358436,6,264602,5,self_employed,tertiary,1,1,0
56,863592,523818,12,519161,3,student,secondary,1,1,0
58,1930164,4179014,6,189579,2,employed,secondary,1,1,1
48,232447,3085865,24,6028,0,self_employed,tertiary,0,0,0
55,398586,3933424,12,234823,5,employed,tertiary,1,1,0
57,724932,4487022,6,119247,4,self_employed,secondary,1,1,0
58,430069,767167,24,314045,0,self_employed,primary,0,0,0
56,54136,2694526,24,231324,0,student,tertiary,1,1,0
54,111868,3281365,36,661666,3,employed,primary,1,1,0
26,394407,3878295,24,892987,4,self_employed,secondary,1,1,0
46,868599,4613782,60,499612,1,employed,tertiary,1,1,0
47,160957,1774833,48,814110,0,employed,tertiary,0,0,0
41,589767,637371,18,876876,4,student,none,1,1,0
33,169392,3290756,6,274507,0,self_employed,primary,1,0,0
26,1785312,1963514,60,669426,3,employed,secondary,1,0,1
56,710183,712643,6,63804,3,self_employed,primary,1,1,1
41,830516,3814040,6,114433,1,employed,primary,0,1,1
24,1300104,3710880,24,48544,3,employed,primary,1,1,1
21,856017,257627,24,884679,4,self_employed,tertiary,0,1,0
46,1333423,3696277,6,189,5,self_employed,secondary,1,0,1
40,1911627,1642210,48,798184,3,employed,none,1,1,1
57,911501,2968634,12,251768,5,self_employed,primary,1,1,1
34,1400615,3934485,12,7482,1,employed,tertiary,0,0,0
40,315864,2041226,18,803111,2,employed,none,0,0,0
29,331411,1480360,36,780788,0,employed,primary,1,1,1
42,1245344,879119,60,909488,0,student,secondary,1,0,0
58,735328,1947871,18,483304,4,unemployed,tertiary,1,0,0
24,365508,4235011,6,525087,1,employed,tertiary,1,1,0
20,466561,2540959,60,645979,1,employed,tertiary,1,1,0
32,101567,1104853,6,403150,1,self_employed,secondary,0,1,0
40,141229,3436243,6,319702,0,self_employed,tertiary,0,1,0
45,1029111,1819819,36,321367,3,employed,tertiary,1,0,0
64,1511177,336885,24,739980,0,employed,primary,0,0,0
40,1575450,4626168,36,303700,0,student,none,1,1,0
37,1297892,3495083,18,403125,0,self_employed,tertiary,1,1,1
56,1819361,1585410,24,91467,3,employed,tertiary,1,1,1
64,914950,399760,24,897151,2,self_employed,tertiary,1,0,0
51,657132,1789549,18,615692,4,employed,tertiary,1,1,0
55,1262567,1286664,24,43558,2,employed,primary,1,0,1
36,1713561,4463905,60,734742,2,student,tertiary,1,0,1
54,1680060,2880434,12,218865,0,employed,tertiary,1,0,1
30,689888,346177,18,421229,2,employed,tertiary,0,1,0
40,674913,3456433,18,103018,0,employed,none,1,1,1
45,1571193,3650937,12,153947,0,unemployed,primary,1,1,0
23,967999,62938,36,221325,4,self_employed,secondary,1,0,1
53,881187,1229418,36,535696,1,employed,tertiary,0,1,0
37,1131900,1044199,36,35607,0,self_employed,tertiary,0,1,0
59,915361,1969398,24,61684,2,employed,secondary,1,0,0
54,444768,3664962,12,429497,4,employed,tertiary,0,1,0
60,101272,3295100,60,813758,5,self_employed,primary,1,1,0
48,479069,3472578,18,537889,5,employed,primary,1,0,0
48,299264,1235622,18,648882,5,student,none,1,0,0
57,738284,4242907,18,787567,2,self_employed,secondary,0,1,0
61,1959470,595501,24,678101,1,employed,none,0,0,0
40,1850323,3936101,24,536201,3,self_employed,secondary,1,0,1
61,1777825,3992571,48,10101,1,employed,primary,1,1,1
32,286538,2062236,60,149703,4,self_employed,tertiary,1,1,0
60,628963,1561602,36,727444,1,employed,tertiary,1,1,0
36,565447,2396118,48,627108,5,employed,secondary,1,1,0
28,1172167,4689596,48,430086,1,self_employed,primary,1,1,1
60,1561982,3515495,24,704345,4,unemployed,tertiary,1,0,0
20,203706,1128290,36,420431,4,employed,primary,1,0,0
21,1393083,739746,36,784669,5,employed,tertiary,1,0,0
48,1293400,3567155,18,586398,2,employed,secondary,1,1,0
52,389148,4561496,24,758175,0,employed,tertiary,1,1,0
29,1023902,405439,36,19215,3,employed,secondary,0,0,0
59,803818,4256330,48,746478,3,self_employed,tertiary,1,0,1
40,877150,1731063,12,669384,5,employed,tertiary,0,1,0
47,1212203,3030858,12,76949,3,student,primary,0,0,0
30,1836852,338988,24,868287,1,employed,tertiary,1,0,0
53,339014,4136679,18,700843,4,unemployed,primary,1,1,0
27,1135970,2499711,18,892711,4,employed,secondary,1,1,0
41,888489,4299012,36,752932,5,unemployed,secondary,1,0,0
27,1178371,2604293,60,209229,4,employed,tertiary,1,1,1
34,392553,1674438,24,403727,0,self_employed,primary,1,1,0
36,1898024,2559180,60,646186,4,employed,tertiary,1,0,1
42,92137,3906397,12,937427,4,employed,tertiary,1,1,0
43,1491945,2057708,48,665918,1,employed,secondary,1,1,1
64,188925,1353027,36,490987,2,employed,secondary,1,0,1
38,586667,489844,48,524814,3,self_employed,secondary,1,1,0
24,983296,337249,60,510711,1,self_employed,primary,0,0,0
51,171169,4575605,36,517291,1,self_employed,secondary,1,0,0
63,1268015,1447955,6,526041,1,employed,tertiary,1,0,1
20,1247748,820802,48,419464,3,employed,tertiary,0,1,0
42,1748946,4508795,24,801088,5,unemployed,secondary,1,0,0
56,425233,2897534,48,285410,1,self_employed,tertiary,1,1,0
27,1030960,4029810,48,588843,2,employed,primary,0,1,0
32,1633913,4392486,36,62995,5,self_employed,tertiary,0,0,0
27,1492578,3069579,12,993260,4,unemployed,none,1,1,0
42,513120,757161,60,214646,2,unemployed,secondary,1,1,0
62,1784635,4700291,6,602565,5,employed,tertiary,1,0,1
20,884123,4369230,48,463593,4,unemployed,tertiary,1,0,1
64,1266688,131147,60,626633,4,employed,tertiary,1,1,0
43,823815,1642063,60,358255,1,self_employed,secondary,1,0,1
54,274062,4083743,12,589690,1,employed,primary,1,1,0
43,107986,2267939,18,971680,3,self_employed,secondary,1,0,0
36,481978,4856085,6,254799,0,self_employed,secondary,1,0,0
24,1777536,538633,6,385891,2,employed,tertiary,1,0,1
39,1455494,2946355,60,172805,3,employed,secondary,0,1,0
40,1844713,3321335,36,538706,3,self_employed,tertiary,1,0,1
59,1839639,3082954,48,254494,2,employed,primary,1,0,1
50,1203891,217071,18,299329,5,employed,secondary,0,0,0
55,369348,1825823,36,41745,2,employed,tertiary,0,1,0
30,1380805,4700188,24,748777,4,self_employed,primary,1,0,0
34,752214,2715880,12,709147,0,unemployed,tertiary,0,0,0
38,1566589,4800247,12,866555,5,self_employed,secondary,1,0,0
26,1838205,4811631,36,707395,1,employed,secondary,1,1,1
47,745139,2464551,60,349948,0,employed,primary,1,1,0
62,1810143,122219,12,983488,0,employed,secondary,0,1,0
24,275687,2857501,48,969966,1,student,none,1,0,0
24,1394700,1896252,12,430569,0,employed,primary,0,0,0
49,892549,3814610,48,373199,5,employed,tertiary,0,0,0
51,195213,2842063,24,991148,5,self_employed,secondary,1,0,0
27,714704,4962894,18,119097,5,unemployed,tertiary,1,0,0
29,65896,416042,6,48302,3,employed,tertiary,1,0,0
57,139353,2314381,36,646849,3,employed,none,1,0,0
51,79813,1387900,36,732339,5,self_employed,tertiary,1,0,0
47,1838367,915048,48,415651,1,self_employed,none,1,0,1
36,1164255,1326137,24,582016,1,employed,tertiary,0,0,0
50,716041,2709245,24,885030,2,self_employed,secondary,1,0,1
27,1826839,2553821,60,787670,2,employed,none,0,0,0
59,1888236,4922367,6,211929,5,unemployed,none,1,0,0
44,1496374,1288669,18,868042,0,employed,primary,1,0,0
28,259755,2241951,36,144121,0,employed,none,0,0,0
21,323541,4866977,48,581481,1,self_employed,tertiary,1,0,0
34,1397731,974914,24,690944,0,self_employed,none,1,0,0
22,1702047,655750,36,328778,4,self_employed,none,0,0,0
55,405398,229340,48,538967,3,self_employed,tertiary,1,1,0
23,1536056,4286343,12,296649,0,employed,tertiary,0,1,0
33,1665181,2904414,36,313485,0,employed,primary,0,1,0
60,1277562,1146376,18,494285,2,employed,primary,1,0,1
60,265705,2450057,48,574662,4,student,primary,0,0,0
44,1987497,4863218,18,833430,0,employed,primary,1,0,1
29,1091741,2846175,36,994474,3,employed,secondary,0,1,0
40,1799190,3105068,12,186773,0,employed,tertiary,0,1,0
55,1400816,291324,18,175931,1,unemployed,secondary,1,1,0
31,365929,4753966,24,389347,4,unemployed,tertiary,0,0,0
46,102344,4672887,48,557466,0,student,tertiary,1,0,0
59,820348,3709248,36,945079,4,employed,tertiary,1,0,0
21,525859,3517766,12,412545,0,self_employed,secondary,0,1,0
32,956814,283229,24,450470,3,employed,secondary,0,0,0
51,773906,887876,36,234162,3,employed,primary,0,1,0
50,508819,3098925,60,369517,4,employed,secondary,1,0,0
35,1258060,1138894,12,508690,5,employed,tertiary,0,1,0
51,1209065,2839530,24,215101,2,self_employed,tertiary,1,0,1
51,494874,174078,18,218438,2,student,tertiary,1,1,1
53,1591633,89759,36,628427,1,employed,secondary,1,0,1
30,1541341,4623483,36,100290,5,student,primary,0,1,0
29,1881531,3000161,18,991166,2,employed,tertiary,1,0,0
34,61549,4611679,60,500590,4,employed,secondary,0,1,0
36,1563008,1082203,6,171140,2,employed,tertiary,0,1,0
59,75739,941111,24,58951,1,employed,tertiary,1,0,0
37,857641,2432778,18,349773,0,employed,primary,1,1,1
28,681339,4724837,36,769212,2,self_employed,tertiary,0,0,0
44,1113692,3067721,24,428387,4,self_employed,tertiary,0,0,0
59,594333,4959358,60,663622,4,unemployed,tertiary,1,1,0
33,993831,4635941,24,960774,1,employed,primary,1,1,0
44,85709,4493131,6,151857,1,self_employed,tertiary,0,1,0
41,1928625,295256,36,956973,3,self_employed,primary,1,1,0
49,1027643,2168670,12,855263,3,student,tertiary,1,1,0
39,1780841,460275,6,343367,3,employed,secondary,1,1,1
40,1031652,1879210,6,516857,0,student,secondary,0,0,0
63,1826539,644091,12,569931,4,self_employed,secondary,1,1,1
51,279167,121524,12,198729,3,self_employed,primary,0,1,0
40,355063,1617431,60,527870,4,employed,secondary,1,0,0
54,919953,926004,60,637069,1,employed,primary,1,0,0
51,536121,2024760,6,947784,0,employed,tertiary,0,1,0
49,1050904,4835613,24,774245,1,employed,primary,1,1,0
58,269222,2882761,18,960093,4,employed,tertiary,1,1,0
31,763806,2142195,18,628292,5,student,tertiary,1,0,0
60,757788,1810828,6,564288,5,employed,secondary,0,0,0
37,1015398,1220407,24,626880,3,employed,secondary,0,0,0
40,1048653,818976,12,490424,5,employed,secondary,0,0,0
32,842879,4681004,48,1085,1,employed,none,0,0,0
40,1628363,1293517,6,998931,5,employed,tertiary,1,0,0
27,1661905,1274858,36,933104,2,self_employed,none,0,1,0
59,1392035,1942608,24,884426,0,employed,secondary,0,1,0
26,182371,4584945,36,453017,4,self_employed,tertiary,1,1,0
42,432650,682899,36,192811,3,employed,secondary,1,0,1
63,1072509,3333287,6,519362,1,unemployed,tertiary,1,0,0
51,710354,4042852,24,729541,0,student,primary,1,0,0
30,800774,2733552,36,903741,3,employed,tertiary,1,0,0
41,1310811,998614,60,893546,1,unemployed,tertiary,0,0,0
41,832119,3434768,60,434812,5,employed,tertiary,1,1,0
62,974993,2904891,24,510252,4,employed,secondary,1,0,0
44,403791,3187358,18,856842,2,employed,tertiary,1,0,0
41,1393075,4592709,48,472519,2,employed,secondary,0,0,0
47,1434525,4435500,36,707548,5,student,tertiary,1,0,0
48,1429087,3941386,36,288969,4,employed,tertiary,1,0,1
32,1470626,1812204,24,666273,0,employed,secondary,1,1,0
37,1478129,4834912,60,212823,4,employed,tertiary,1,1,1
21,913787,2109636,48,84269,5,self_employed,primary,0,1,0
48,166220,3430795,18,800764,1,student,primary,1,1,0
40,271421,3592140,36,54895,0,self_employed,secondary,1,1,1
34,399317,4581536,6,397648,2,employed,tertiary,0,0,0
46,838428,3986906,60,944074,5,employed,tertiary,1,1,0
50,1873935,2328569,24,236641,1,employed,tertiary,1,0,1
34,880819,4162452,24,399319,5,employed,tertiary,0,1,0
42,1082469,393275,60,784118,3,employed,tertiary,0,0,0
43,1101665,1120639,36,502532,3,employed,secondary,1,1,0
63,935259,3660680,18,908478,3,unemployed,tertiary,1,1,0
32,1381379,4216932,36,933404,2,employed,secondary,1,0,0
41,1405898,1275619,60,975919,4,unemployed,tertiary,1,1,0
62,1611845,4378974,12,329711,0,student,primary,1,0,1
56,670253,2157716,36,324857,2,student,none,1,0,0
52,655556,2913564,48,214241,1,employed,tertiary,0,0,0
22,397186,4996098,60,582927,1,student,tertiary,1,0,0
38,1467191,3712667,48,481944,3,self_employed,secondary,1,0,0
42,1300374,2459021,60,762183,0,self_employed,primary,1,0,0
48,1430831,3806150,12,926492,3,employed,secondary,0,0,0
49,287103,2253092,48,365747,1,employed,tertiary,1,0,0
58,1867618,2733525,48,78488,1,student,tertiary,1,0,1
63,739925,1640726,6,355049,4,employed,secondary,1,0,0
44,1985443,1370985,24,494614,4,employed,secondary,0,1,0
56,139242,4430655,48,265121,4,employed,secondary,1,1,0
27,1473924,1685335,24,902082,3,student,tertiary,1,1,0
61,1097146,3286808,60,235101,5,employed,secondary,1,0,1
35,1252532,2620202,18,316785,0,student,none,1,1,1
27,1902207,506195,36,394484,4,employed,primary,1,1,1
20,634326,4562276,6,900897,2,employed,tertiary,1,0,0
63,1680650,1589998,60,578719,4,employed,tertiary,1,1,1
24,946068,3574756,12,278900,3,self_employed,secondary,1,1,1
22,810330,1730871,18,676124,0,employed,tertiary,0,1,0
20,885726,1999428,6,190984,4,employed,secondary,1,0,0
23,783375,1797888,6,957889,0,employed,tertiary,0,1,0
59,215250,1578362,60,670392,2,employed,tertiary,1,0,0
54,572820,1078520,12,750374,1,self_employed,primary,0,0,0
51,312678,3466356,12,701062,0,employed,tertiary,1,1,0
61,1976836,1423368,24,667245,5,employed,tertiary,1,0,1
53,872564,3751339,36,796228,4,employed,tertiary,1,0,0
62,348254,931037,60,891015,3,employed,secondary,1,0,0
44,1812690,3676307,18,163935,5,student,primary,0,1,0
29,900012,3451268,36,605302,5,employed,secondary,1,1,0
40,1514261,304547,18,687477,3,employed,none,0,0,0
58,1424736,2418403,6,938257,3,employed,none,1,0,0
46,96233,1613332,48,282469,3,self_employed,secondary,1,0,0
46,1296356,2727221,48,400237,5,self_employed,secondary,1,1,1
21,501448,4140602,60,473937,0,employed,tertiary,1,1,0
60,798810,4700215,12,779440,3,self_employed,tertiary,0,0,0
32,1053941,1386371,12,53096,1,self_employed,tertiary,0,0,0
28,156311,2641661,6,726764,5,employed,primary,1,0,0
55,1657273,73446,6,668431,5,employed,primary,1,1,1
41,1869095,1267756,18,851081,5,employed,secondary,1,0,0
61,1500530,2675263,6,794473,2,self_employed,primary,0,1,0
45,546246,2291678,60,737411,0,student,tertiary,1,0,0
31,1909062,2806444,18,502827,0,employed,tertiary,0,1,0
36,79709,255162,36,40058,3,self_employed,tertiary,1,0,0
33,1732185,4710500,12,572551,5,employed,primary,0,0,0
33,1098939,4516958,12,222574,5,unemployed,tertiary,1,0,0
53,1895366,2813049,48,104820,3,self_employed,tertiary,0,1,0
39,544829,2253087,48,631933,0,self_employed,secondary,1,0,0
30,446456,3002718,60,699830,3,employed,tertiary,0,1,0
35,1563993,4745747,12,743186,3,employed,tertiary,1,0,0
50,95689,2401130,60,489454,3,self_employed,tertiary,1,1,0
25,1362656,4913446,36,290367,3,employed,primary,0,1,0
38,948704,426924,36,820007,3,employed,tertiary,1,1,0
56,1713938,437688,24,963303,4,employed,none,1,0,0
23,225037,2663556,18,765064,4,employed,tertiary,1,1,0
23,258606,4064398,48,283805,5,self_employed,tertiary,0,0,0
39,1099458,2485016,18,999479,5,employed,secondary,1,0,0
29,1512016,1120648,48,822864,4,employed,tertiary,1,1,0
43,1990235,4325319,24,230119,0,employed,tertiary,1,1,1
54,829110,4469379,12,424363,2,unemployed,tertiary,1,1,0
45,1224441,3940026,60,553402,0,student,secondary,1,1,0
56,1079516,4421078,18,530318,5,employed,none,1,1,0
57,1746609,4608708,48,352195,4,self_employed,tertiary,1,1,1
40,1522617,4643577,18,702789,0,employed,none,1,1,0
59,1562532,601556,12,834175,2,employed,tertiary,1,0,0
58,78885,3895066,60,226941,3,self_employed,tertiary,1,1,0
40,1793992,3963982,6,387900,1,employed,tertiary,1,1,1
29,446419,4238136,48,327759,4,employed,tertiary,1,0,0
57,765601,2593951,6,47577,4,self_employed,primary,0,0,0
23,445460,2750840,24,487800,2,student,primary,1,1,0
64,410466,4540741,60,372580,3,unemployed,tertiary,1,0,0
39,1082833,3831597,36,527254,3,self_employed,none,0,0,0
36,1429339,4351313,18,915788,1,employed,tertiary,1,1,0
26,71584,1911317,48,375982,3,employed,secondary,1,0,0
23,1893529,2956868,18,528016,2,unemployed,secondary,1,0,0
48,1803953,4108961,24,692664,5,employed,tertiary,0,1,0
33,869973,4881851,24,442493,3,self_employed,tertiary,1,0,0
22,603351,3296532,18,235189,5,employed,none,1,1,1
43,1168844,4313304,48,483546,5,employed,tertiary,1,0,1
56,830594,4328483,60,656307,2,employed,secondary,1,1,0
35,1749082,4175339,12,995605,4,unemployed,tertiary,0,0,0
23,1478926,1950057,60,867812,4,employed,tertiary,1,1,0
43,1556744,1914273,12,328274,4,self_employed,tertiary,1,1,1
53,1846990,3670434,36,545702,0,unemployed,secondary,1,1,0
49,1269211,834514,60,999564,4,student,secondary,0,0,0
37,220824,1122456,18,93005,2,employed,tertiary,1,1,1
38,800593,1969587,18,412655,1,employed,primary,0,1,0
50,1494359,3589199,48,878174,3,student,secondary,0,1,0
38,1507913,4639022,18,451436,4,employed,primary,1,0,1
38,650699,2872704,48,702145,0,employed,none,1,1,0
41,1208452,2319590,18,299117,5,employed,primary,0,0,0
43,1296729,2567793,24,873523,0,employed,tertiary,1,0,0
64,734500,4689848,6,204390,2,employed,tertiary,0,1,0
31,714687,2916792,18,723556,1,self_employed,tertiary,1,1,0
49,1038167,3529566,6,245389,4,self_employed,tertiary,1,1,1
57,73331,3594750,12,760520,4,employed,secondary,0,0,0
50,73004,4723794,36,661449,0,unemployed,secondary,0,0,0
55,1337017,2203883,60,201926,2,employed,secondary,1,0,1
38,955675,2098613,60,848667,0,employed,tertiary,1,1,0
64,1502284,2396243,12,485357,0,student,none,1,0,1
55,498013,4315630,18,29400,1,employed,none,1,0,0
49,239167,387850,60,146477,2,self_employed,tertiary,1,0,1
52,981253,3729020,48,379384,1,self_employed,none,1,0,1
37,1948225,1543156,12,52763,2,self_employed,none,1,0,1
47,1711908,538968,24,423425,4,employed,tertiary,1,1,1
30,1894053,4298949,6,204670,3,employed,secondary,1,1,1
64,332260,1630096,48,672784,5,employed,secondary,0,1,0
52,592955,4715730,60,893242,3,employed,none,0,1,0
36,1435777,1743465,48,875955,2,employed,tertiary,1,1,0
25,1697069,4325892,18,109955,3,unemployed,tertiary,1,0,0
23,1125878,3725929,24,151628,0,employed,primary,1,0,1
39,1503075,4357997,6,355281,4,unemployed,primary,0,0,0
46,1260583,1716313,24,936834,5,employed,secondary,1,1,0
34,646822,2157719,12,736626,5,self_employed,primary,1,1,1
25,1848278,1661243,18,658596,5,student,none,1,1,1
33,1261272,2278553,48,724576,4,student,secondary,1,0,0
30,1112016,2352611,48,816744,3,employed,tertiary,1,0,0
58,423145,2208184,12,900119,5,unemployed,primary,1,1,0
28,1407221,749438,48,414407,5,employed,primary,1,0,1
45,444485,3741316,36,109602,2,employed,secondary,1,1,1
35,844300,4242896,18,214529,0,self_employed,none,1,1,1
24,735611,2727049,12,823072,2,student,tertiary,1,0,0
29,390053,2338786,18,362315,3,student,tertiary,1,1,0
22,1707387,2761485,6,324437,4,employed,none,0,1,0
32,744089,2895157,18,638412,4,self_employed,none,1,0,0
62,590022,269162,18,246921,2,unemployed,secondary,1,0,0
49,1796365,4103492,6,954192,1,employed,secondary,1,0,0
64,1270985,2891852,12,726589,2,self_employed,secondary,1,1,0
25,1532117,3363723,18,610090,1,employed,primary,1,0,1
36,395744,1390522,24,240324,2,employed,secondary,1,1,0
64,1893441,1451051,18,354168,1,self_employed,secondary,0,1,0
38,557173,2603272,12,155194,1,employed,primary,1,0,1
61,714471,3320514,48,696584,5,employed,tertiary,0,0,0
54,1726850,3788163,60,225612,5,employed,tertiary,0,1,0
45,1948761,596363,6,399547,1,self_employed,secondary,1,1,1
24,1736647,4230513,48,742462,1,employed,tertiary,1,0,1
48,1310231,4064175,12,373555,0,employed,tertiary,1,1,1
56,1565412,4374155,36,42262,1,self_employed,secondary,1,1,1
39,1906759,1158198,60,378358,5,employed,tertiary,1,0,1
40,1770389,3512087,48,106435,1,unemployed,secondary,1,0,0
29,1839780,1958981,18,610602,4,employed,primary,1,1,1
24,482184,1731518,60,714952,0,employed,tertiary,0,0,0
55,1259725,3444837,18,689286,1,employed,secondary,1,0,0
25,289654,336172,6,872719,5,employed,primary,1,0,0
45,477991,4544463,18,643606,5,student,secondary,0,0,1
23,1287792,611133,60,392278,3,employed,none,1,1,1
58,1933578,1699258,24,911390,5,self_employed,tertiary,1,0,0
58,1275745,4419535,24,541816,0,employed,tertiary,1,1,1
54,860935,4209962,48,68,5,self_employed,tertiary,1,0,1
20,708139,4531678,12,855685,4,student,tertiary,0,0,0
43,923272,1715418,6,867186,2,employed,primary,0,1,0
55,1230403,3244990,36,699328,4,self_employed,none,1,1,0
25,351407,3154857,48,353082,4,student,tertiary,0,0,0
60,1993499,4286026,12,966127,0,self_employed,secondary,1,1,0
63,367231,745519,6,490395,0,employed,tertiary,1,0,0
50,625770,290740,60,566417,3,employed,tertiary,1,1,0
39,172989,3296536,6,254935,5,employed,primary,1,1,0
43,1509192,4499720,60,376140,3,unemployed,secondary,1,1,0
44,876547,1360704,48,225760,0,self_employed,primary,0,1,0
55,326393,2917492,12,61321,5,student,tertiary,1,0,1
40,1867119,3037008,12,535814,0,employed,primary,1,0,1
49,1014329,3683803,18,747812,0,employed,secondary,0,0,1
43,684649,3427300,36,763871,2,employed,primary,1,0,0
63,1909608,1719163,24,484780,4,employed,tertiary,1,1,1
61,349850,2837186,18,682069,3,employed,none,1,0,0
49,1904230,3358769,6,107535,3,employed,tertiary,1,0,1
41,1459761,1637361,36,15063,1,unemployed,primary,1,1,1
47,1989512,2003923,36,660083,2,employed,tertiary,1,1,1
26,91139,307471,12,528501,0,employed,tertiary,1,0,0
54,689207,2239171,36,809229,0,student,tertiary,1,1,0
47,821965,1813190,48,232842,2,student,tertiary,1,0,1
33,353446,1207593,36,84946,5,employed,secondary,1,0,1
29,1324332,905817,6,613206,3,student,primary,1,0,0
35,1448558,3300881,48,700577,0,employed,primary,0,1,0
35,1035663,608114,48,985787,1,employed,none,0,1,0
50,714006,4878626,18,23655,3,unemployed,tertiary,0,1,0
61,1767479,1707106,36,489100,4,self_employed,tertiary,1,0,1
44,1848432,2008074,12,733350,2,unemployed,tertiary,0,0,0
32,1095716,1672964,60,143659,3,unemployed,tertiary,1,0,0
25,1776721,408349,18,808987,4,employed,secondary,1,1,0
63,914785,1111385,12,552359,1,self_employed,primary,0,0,0
28,1449712,1209702,36,806671,5,employed,none,1,0,0
64,887860,402465,18,123441,2,employed,none,1,0,1
55,1646641,838525,36,359282,5,employed,tertiary,1,1,1
62,107939,4813090,6,311295,0,employed,tertiary,1,0,0
39,1544818,1663849,18,526491,5,unemployed,secondary,0,0,0
37,1971458,3146750,12,144707,0,unemployed,primary,1,0,0
62,73548,4262022,6,183643,4,self_employed,secondary,1,1,0
40,506437,4594066,24,656504,3,employed,tertiary,1,1,0
23,1748413,1962886,12,425915,1,self_employed,tertiary,1,1,1
52,483917,4815257,60,739979,4,self_employed,tertiary,0,0,0
46,494503,868706,36,353807,1,student,primary,1,1,0
26,187799,4124651,12,391988,5,employed,secondary,1,0,0
25,815820,2293227,24,274357,1,employed,none,1,0,0
34,231789,1784802,12,16944,5,student,primary,0,1,0
37,475643,499110,6,591011,1,student,tertiary,0,1,0
51,1770628,3711068,48,199741,2,employed,tertiary,1,0,1
30,1654489,3856762,12,68947,4,employed,tertiary,0,1,0
39,1909926,1824474,18,165529,2,unemployed,none,0,0,0
43,484352,3550975,60,495927,3,self_employed,secondary,0,1,0
34,1999834,3262174,24,35191,3,self_employed,tertiary,1,1,1
26,1737745,603360,12,247129,0,employed,primary,0,0,0
40,1544201,4278021,24,522389,0,employed,secondary,1,0,0
61,852009,4462721,48,251767,0,employed,secondary,1,0,1
45,1445875,2526498,6,72264,3,self_employed,secondary,1,0,1
63,161776,434533,18,188996,1,employed,none,1,0,0
33,935678,4353829,36,426960,5,employed,tertiary,1,0,0
56,1856860,3652294,12,446640,1,employed,secondary,1,0,1
40,832119,1311668,6,481633,4,employed,primary,0,0,0
37,563624,3200374,24,209409,3,employed,secondary,0,1,0
24,262803,2449009,48,469300,5,employed,tertiary,1,1,0
22,208761,1428656,60,426102,5,student,tertiary,0,1,0
42,1765090,1273979,24,361990,5,employed,tertiary,1,0,1
45,547873,4528633,60,905982,0,employed,primary,1,0,0
56,407092,396407,48,609251,5,employed,secondary,0,1,0
43,71341,626395,60,787404,5,unemployed,secondary,1,1,0
38,409698,819153,48,361363,3,employed,tertiary,1,1,0
44,1304329,1558346,6,137693,1,employed,secondary,1,1,1
40,1992806,853995,12,222621,1,employed,secondary,1,1,1
31,358474,327845,36,49738,2,self_employed,secondary,0,1,0
60,823429,1298720,12,188766,2,self_employed,tertiary,1,0,1
52,1448479,2886934,18,841209,4,employed,secondary,1,1,0
23,773776,2066211,12,276674,3,employed,tertiary,1,0,1
61,1879003,4929074,48,138426,2,employed,tertiary,1,0,1
26,1447527,2246432,48,832961,2,self_employed,tertiary,1,1,0
41,869745,764075,18,889327,3,self_employed,primary,1,1,1
52,359044,1084472,24,838146,1,employed,primary,1,0,0
36,128840,1137241,48,219831,4,self_employed,tertiary,0,1,0
43,1264343,2425253,18,124750,4,employed,primary,1,0,1
53,211297,3112783,48,958736,4,self_employed,secondary,1,0,0
47,922504,4028168,36,445295,2,self_employed,primary,0,1,0
62,1981375,3979301,48,645171,1,student,primary,1,1,1
60,99156,738235,6,143622,4,employed,primary,0,0,0
58,258281,2260980,18,257391,3,employed,tertiary,1,1,0
41,137453,1189391,60,350340,4,employed,secondary,0,0,0
36,1781765,1039269,12,322529,0,employed,primary,0,1,1
53,1048412,4020471,18,851168,1,employed,secondary,1,1,0
25,75938,4276660,24,816700,0,employed,tertiary,1,1,0
25,109164,1010875,48,505871,1,employed,tertiary,1,1,0
53,497746,1919883,18,659650,5,student,primary,1,0,0
20,773559,1863985,36,448250,3,self_employed,tertiary,1,0,0
29,634570,321609,18,816570,5,employed,secondary,0,1,0
40,1408521,3917183,36,989486,2,employed,tertiary,0,1,0
24,452681,3531716,48,250927,2,employed,tertiary,0,1,0
21,1364046,2343474,12,386794,5,employed,tertiary,1,0,1
41,1781530,1971897,48,799864,1,employed,tertiary,1,1,1
21,1214395,3735266,24,591346,4,employed,primary,0,1,0
29,1365483,227696,6,58175,0,student,tertiary,1,0,1
53,531873,1639291,12,33329,3,self_employed,primary,1,1,1
35,191900,476492,12,986580,4,employed,none,0,0,0
58,1408308,3005227,6,405544,2,unemployed,secondary,1,1,0
41,847653,2357236,18,427463,4,employed,secondary,1,0,0
31,454427,1233087,48,268821,5,employed,primary,1,0,0
43,587857,3274400,18,979314,5,employed,primary,1,0,0
59,1326542,4717223,18,50357,0,self_employed,tertiary,1,0,1
57,87860,513723,48,55812,2,employed,secondary,1,1,0
29,252630,2166811,24,565904,1,employed,secondary,1,1,0
54,1930345,736763,12,454500,3,student,primary,1,1,1
51,1621801,1525378,36,442957,5,employed,tertiary,0,0,0
26,718875,3699175,6,446694,3,self_employed,primary,1,0,0
40,645983,2195943,12,185128,2,unemployed,secondary,0,0,0
39,303078,4640585,18,484699,1,employed,tertiary,1,0,0
45,816887,3919883,6,307678,5,unemployed,secondary,0,0,0
23,418893,3704538,36,210128,0,self_employed,primary,1,1,0
41,1054731,1373020,12,588450,3,student,tertiary,1,0,0
34,1254552,2704810,12,831143,2,employed,secondary,1,1,0
59,765295,4969495,24,153877,3,student,primary,0,1,0
40,1928798,551503,12,882412,1,employed,tertiary,1,0,0
34,1953588,2117911,12,806575,0,self_employed,primary,1,1,1
41,1042652,4527375,36,993332,1,employed,secondary,1,0,0
47,1104212,3754595,36,108380,5,employed,tertiary,1,0,1
33,311578,4747927,6,717833,4,employed,none,1,1,0
46,1437849,1894040,18,147089,1,employed,tertiary,0,0,0
60,333816,914845,36,456418,1,employed,secondary,1,0,1
59,1890820,2056811,6,484075,3,employed,secondary,0,0,0
47,1326269,3184593,12,41423,1,employed,tertiary,1,0,1
45,571393,1484636,6,41713,2,employed,secondary,0,1,0
21,1099230,3958308,6,481072,5,employed,primary,1,1,1
44,628921,1957310,6,598598,3,employed,tertiary,1,1,0
22,1115719,755314,48,788637,3,unemployed,secondary,1,1,0
27,630222,3444070,6,315410,4,self_employed,secondary,0,1,0
63,1428054,3939453,36,667702,5,employed,primary,1,1,0
52,677751,922189,60,987067,2,employed,tertiary,1,1,0
61,175851,3614046,60,718550,5,self_employed,secondary,0,1,0
54,603375,4007874,60,606151,1,employed,secondary,1,0,0
25,716978,3628687,60,676560,4,employed,secondary,0,0,0
58,844878,1232200,48,138260,2,employed,tertiary,1,0,0
42,1987135,4825219,18,388377,4,student,tertiary,1,1,1
44,361011,3897075,6,264952,5,employed,primary,1,0,0
62,494244,1440530,24,275995,0,self_employed,tertiary,1,1,0
38,1945109,1143956,60,474106,5,employed,secondary,1,1,1
24,208272,2307474,12,917414,1,self_employed,secondary,0,1,0
30,276179,3698338,60,196000,4,employed,tertiary,1,1,0
31,924506,1481041,60,523047,0,employed,tertiary,1,1,0
29,1815401,322667,12,408274,1,employed,primary,1,1,0
27,1601292,3503402,48,538908,4,student,tertiary,1,1,1
43,1316084,4782361,12,970259,4,employed,secondary,0,0,0
47,1741286,2079122,12,587283,5,employed,none,1,1,1
60,400036,162035,48,489982,4,self_employed,tertiary,1,0,0
55,1318207,1274293,12,560969,4,self_employed,none,1,1,0
56,432188,3951848,6,850941,3,employed,secondary,1,0,0
40,89148,1440502,60,476555,4,employed,primary,1,0,0
27,1967936,390526,18,67703,5,employed,tertiary,0,1,0
28,1250346,1266733,48,723040,3,employed,tertiary,1,1,0
34,485686,915144,24,985207,3,unemployed,tertiary,1,0,0
59,535287,3838659,48,763416,0,employed,secondary,0,0,0
37,1936668,1468137,36,304280,1,unemployed,tertiary,1,1,0
61,1920458,2357306,24,222452,3,employed,tertiary,1,0,1
39,1810399,4110416,36,513795,2,employed,tertiary,0,0,0
25,345901,3945972,48,880131,3,employed,primary,1,1,0
31,128012,1029532,36,350600,2,self_employed,tertiary,1,0,0
21,1991758,572797,24,83086,0,employed,tertiary,0,1,0
26,963475,4165336,6,691703,2,self_employed,primary,1,0,0
35,1037751,1041120,48,379673,0,self_employed,none,1,0,1
22,106116,3547172,48,280398,0,employed,secondary,1,1,0
64,194233,3194158,12,323417,0,employed,tertiary,0,1,0
22,1130728,960906,48,452827,2,employed,tertiary,1,1,1
46,156379,464399,60,117574,2,self_employed,primary,1,1,0
62,1325481,2056518,60,639135,0,employed,tertiary,1,0,0
59,1119412,4499113,48,105547,0,self_employed,tertiary,1,0,1
57,271439,779672,6,453218,1,employed,tertiary,1,1,0
52,1285296,498781,12,537214,0,self_employed,secondary,0,0,0
47,1255979,4685563,18,754719,4,self_employed,primary,0,0,0
20,1240411,2211513,36,457480,1,employed,tertiary,0,0,0
27,905876,2057091,24,508237,1,student,secondary,1,0,0
56,667397,1197417,18,511500,1,self_employed,secondary,1,0,0
51,1248835,2851516,12,351671,4,employed,secondary,1,0,1
62,1241605,1344876,60,369531,1,self_employed,secondary,1,1,1
56,447595,210786,60,289707,1,self_employed,tertiary,0,0,0
23,656306,4785790,60,948192,2,employed,tertiary,1,1,0
49,1745940,4573399,6,165202,5,employed,tertiary,1,0,1
25,1781041,2125414,60,787357,2,employed,tertiary,1,1,1
38,1492669,1364530,24,575883,0,student,tertiary,0,1,0
51,1802289,960175,36,130249,0,self_employed,primary,1,0,1
28,1968796,4978784,48,540609,3,employed,tertiary,1,0,1
31,1981878,171701,48,928273,5,employed,secondary,1,1,0
30,1838521,2639433,18,167820,4,employed,tertiary,1,0,1
35,1444028,3991631,36,695388,2,employed,secondary,1,0,0
20,1543359,1114641,12,278295,0,employed,secondary,1,0,1
64,370057,1483043,36,76133,4,employed,secondary,1,0,1
40,576925,3961278,6,34187,1,student,primary,0,0,0
49,515994,298924,18,43835,4,student,primary,1,0,1
32,878457,2850860,18,262203,2,employed,secondary,1,0,1
53,1860853,2140923,6,494044,5,employed,primary,1,1,1
23,806547,1990711,36,216789,3,unemployed,secondary,0,1,0
47,411652,4788821,60,27235,2,employed,primary,1,0,1
57,656752,1413307,6,618496,5,self_employed,primary,0,0,0
50,1389462,1873334,60,67114,0,unemployed,tertiary,1,1,0
46,586119,4789693,24,700726,0,self_employed,tertiary,0,1,0
24,163768,3760407,6,653479,4,employed,none,1,1,0
44,821271,3268451,60,899263,2,student,tertiary,0,0,0
22,1445812,3422021,36,384033,0,unemployed,tertiary,1,0,0
52,927311,240477,60,781345,1,self_employed,tertiary,1,1,0
23,1973378,1264596,6,605871,1,employed,secondary,1,0,1
44,962969,1985272,12,32160,3,self_employed,tertiary,1,1,1
39,1014266,4544369,48,885443,4,employed,secondary,1,1,0
53,679112,2617375,6,791709,0,employed,tertiary,1,1,0
45,1066462,4965782,48,919284,3,employed,tertiary,0,1,0
24,1187317,229354,6,964083,1,student,tertiary,0,0,0
54,1117406,2467741,36,903533,3,unemployed,secondary,1,0,0
47,1415764,4980731,24,766809,3,self_employed,none,1,0,0
48,910380,1442928,24,847182,0,employed,none,0,1,0
28,119202,1467003,48,581190,0,employed,secondary,1,0,0
57,349189,2232931,36,211270,0,unemployed,tertiary,0,0,0
25,267394,1101636,60,641137,4,self_employed,primary,1,1,0
38,1609049,3835887,36,97052,3,unemployed,primary,1,1,0
63,1300699,2692159,36,652182,3,employed,primary,1,1,0
30,1992517,2063122,12,163233,4,self_employed,tertiary,1,1,1
21,207699,2132214,18,437715,1,unemployed,primary,1,0,0
63,327342,1613159,6,687246,2,employed,primary,1,0,0
63,905953,2697765,36,402016,1,employed,primary,1,0,1
28,554655,3087253,36,49460,4,employed,secondary,1,0,1
40,1729335,1034943,36,391568,3,student,secondary,0,1,1
43,1914483,405431,24,70975,3,self_employed,primary,1,0,1
53,286824,65141,36,987347,0,self_employed,secondary,1,0,0
41,1610790,4574361,6,919868,0,employed,secondary,1,1,0
22,1117979,2967199,60,540856,3,self_employed,secondary,1,1,0
31,1102257,2865263,60,169164,3,self_employed,tertiary,1,1,1
47,403699,3832700,36,988523,5,employed,none,1,1,0
49,1978130,4533900,6,586967,0,student,secondary,1,0,1
45,1098072,3611669,12,65781,0,employed,secondary,1,1,1
40,1738124,624679,60,270574,1,employed,none,1,1,1
47,1796228,1743152,18,466935,3,employed,tertiary,1,1,1
45,679674,4387074,24,562980,3,employed,tertiary,0,1,0
52,1856242,2387099,6,30086,4,self_employed,secondary,1,0,1
40,448845,4855303,60,836103,1,employed,secondary,1,1,0
54,143246,1994741,60,229334,2,unemployed,tertiary,1,1,0
53,1194440,2900065,48,144973,2,employed,tertiary,1,0,1
60,258886,934094,12,266051,2,employed,secondary,1,0,0
37,320561,2714812,18,229652,5,self_employed,secondary,1,0,0
30,1479608,3764150,18,28604,0,self_employed,tertiary,0,1,0
42,1264413,874255,18,37869,2,employed,secondary,1,1,1
41,910931,4839750,6,669897,4,student,tertiary,0,0,0
36,1343736,1082564,12,667861,0,self_employed,secondary,1,1,0
24,237646,1231597,36,778845,0,employed,secondary,1,1,0
63,1070332,623684,48,643549,2,employed,secondary,0,0,0
30,1582337,1469056,12,430587,0,employed,tertiary,0,0,0
49,833566,3227640,12,376783,1,unemployed,secondary,0,1,0
34,864107,563676,60,898122,1,employed,secondary,1,0,0
46,1355257,540913,12,430037,2,employed,secondary,0,1,0
54,1564059,2425804,6,744092,4,employed,none,1,0,0
52,1794499,2780689,48,387736,0,employed,none,1,0,1
39,585620,190689,6,268217,3,self_employed,tertiary,1,1,0
35,829105,1335801,48,192077,2,self_employed,none,1,1,1
53,855609,4120161,48,469313,5,employed,primary,1,0,0
21,966992,283725,60,280245,0,employed,none,0,1,0
54,270326,1208175,6,504268,2,employed,primary,1,0,0
59,773807,3279449,48,424642,2,self_employed,secondary,0,1,0
47,1360425,874356,12,619165,4,unemployed,secondary,0,1,0
58,369248,860672,6,269457,3,employed,none,1,0,0
25,396479,2418524,48,686133,0,employed,tertiary,1,1,0
28,1475658,1630296,18,945507,2,employed,tertiary,0,1,0
39,1179306,1555367,6,59668,2,student,none,0,1,0
20,1496743,1847511,60,354100,0,employed,tertiary,1,1,1
27,1336050,696052,24,726610,2,employed,tertiary,0,0,0
42,340477,211298,6,639375,2,employed,primary,1,1,0
22,333817,2351374,6,381595,2,employed,tertiary,1,1,0
23,950853,371243,6,616963,1,self_employed,none,0,1,0
44,1663734,4068920,48,91634,1,employed,none,1,1,1
57,303017,4786605,6,959798,3,employed,secondary,0,0,0
34,701824,2131530,24,668942,4,self_employed,secondary,0,1,0
40,383245,3038793,36,109119,0,employed,secondary,0,0,0
54,859253,3127165,6,669120,4,self_employed,secondary,0,1,0
33,1124070,1725125,18,333935,4,employed,secondary,0,0,0
55,1722341,4507005,24,344302,1,self_employed,tertiary,0,0,0
31,1486803,4143898,36,953487,3,employed,tertiary,1,1,0
36,1828096,2850212,48,433525,4,student,none,1,1,1
58,424842,180878,6,29715,4,employed,primary,1,1,1
28,423704,4793170,36,953919,2,employed,secondary,0,0,0
54,1492627,3794795,18,218400,0,unemployed,secondary,1,0,0
32,1092630,2812108,24,501328,3,unemployed,secondary,1,1,0
34,330790,1942508,24,350404,0,employed,secondary,0,0,0
37,173777,2743974,48,969085,1,student,secondary,1,1,0
52,1700224,2943713,48,659012,4,employed,none,1,1,1
25,1398055,4700914,48,812729,4,self_employed,secondary,1,1,0
46,905783,3393473,36,229030,5,employed,tertiary,1,0,1
42,951366,1997012,6,407244,0,employed,tertiary,1,1,1
46,183501,3447094,12,144875,1,employed,tertiary,1,1,0
53,1402670,3584666,24,268451,5,self_employed,tertiary,1,0,1
57,634942,4921482,12,424541,5,employed,tertiary,1,0,0
33,419566,2059326,60,320760,2,employed,tertiary,1,1,0
55,1470654,4243513,24,977987,5,student,tertiary,1,0,0
27,169975,3775614,48,949078,5,employed,secondary,0,1,0
54,773503,2280878,6,644116,2,employed,primary,1,1,0
38,1451906,4371613,6,740158,4,self_employed,tertiary,1,0,0
49,1464954,4934592,24,460287,4,employed,secondary,1,0,1
33,1725190,3750568,36,146004,3,employed,tertiary,1,1,1
39,1176103,4226672,60,408965,5,employed,tertiary,1,0,1
44,398848,453552,48,270871,0,employed,secondary,1,1,0
59,1531177,3239291,6,186478,4,student,tertiary,1,0,1
43,216991,1116937,60,541620,1,employed,tertiary,1,0,0
33,146952,1173045,60,488286,0,employed,tertiary,0,0,0
45,1945790,1619157,6,404050,3,employed,tertiary,0,0,0
57,383260,3706299,18,151397,5,employed,tertiary,1,0,1
42,515806,4794408,60,664573,2,employed,tertiary,1,1,0
41,926058,1880286,6,514507,3,self_employed,tertiary,1,0,0
38,1532179,3866707,18,900173,0,self_employed,secondary,1,0,0
22,1769759,284295,6,516529,2,unemployed,primary,1,0,0
61,96015,4861071,6,132475,1,employed,secondary,1,1,0
38,152877,4271123,60,319115,2,employed,primary,1,1,0
28,1376059,4124973,36,773559,2,student,primary,1,0,0
47,1621741,3580202,36,447246,1,employed,none,1,1,1
39,1757427,58798,48,597330,4,student,tertiary,1,1,1
64,443922,4924807,6,95195,4,unemployed,tertiary,0,0,0
26,1720357,3950275,48,662951,2,student,tertiary,1,1,1
33,721088,3872270,48,389288,2,employed,secondary,1,0,0
28,974501,4778007,48,799428,3,employed,primary,1,0,0
38,1595329,2027165,48,838917,4,self_employed,none,1,1,0
33,765768,3603952,24,47830,1,self_employed,primary,0,0,0
57,1025601,3807654,60,34370,5,employed,tertiary,1,0,1
55,441670,3653019,60,844004,5,self_employed,primary,1,1,1
59,481739,2089436,24,472224,2,employed,secondary,1,1,0
36,1744512,2781645,6,815530,2,employed,primary,0,0,0
49,1385883,4260563,24,716921,5,unemployed,tertiary,1,1,0
28,1771654,1239297,6,264340,3,employed,tertiary,1,0,1
52,661796,1063295,36,666451,3,employed,tertiary,1,0,0
44,789127,3367837,60,211648,3,employed,tertiary,1,0,1
33,1400339,1141723,12,720614,0,employed,none,1,1,0
30,1372846,4318584,18,311406,1,employed,tertiary,1,0,1
54,1687790,418921,60,661383,0,employed,tertiary,0,1,0
60,90633,1720705,24,20543,2,employed,secondary,1,0,0
33,1307302,1747590,24,453245,3,unemployed,tertiary,1,1,1
49,1101893,2223367,36,487129,3,student,tertiary,1,0,1
60,357124,1456085,24,888603,5,employed,primary,1,0,0
23,880547,3468857,6,959841,5,employed,primary,1,1,0
23,1815582,2676301,6,171481,3,employed,secondary,0,0,0
47,1928166,2079662,12,594828,4,self_employed,secondary,1,1,1
27,761323,1805864,12,141035,5,self_employed,tertiary,1,0,1
21,1539423,346508,60,669156,1,student,tertiary,1,1,1
60,1803252,4588847,12,565260,0,employed,none,1,0,1
41,1466084,1588827,6,72613,1,self_employed,tertiary,0,1,0
60,1551134,1871936,48,619672,5,employed,tertiary,1,1,1
35,1376224,2661212,48,602350,3,student,secondary,1,0,1
48,773953,2371554,12,265405,2,self_employed,tertiary,1,0,1
49,469876,4811515,12,279190,4,employed,tertiary,0,1,0
31,1922204,3382696,6,799829,5,self_employed,tertiary,1,0,1
54,1950946,4746158,36,453652,1,unemployed,tertiary,1,1,0
30,976109,2837352,60,877237,2,employed,tertiary,1,0,1
40,1418108,1431880,24,287901,5,employed,secondary,0,0,0
40,1310945,3426042,60,670659,3,employed,tertiary,1,0,0
24,1678365,2548544,18,255456,3,employed,tertiary,1,0,1
39,758669,345673,48,657262,3,employed,tertiary,0,0,0
56,77043,2815453,48,381003,3,student,primary,1,0,0
22,83635,575957,6,770376,5,self_employed,secondary,1,0,0
63,260387,1839718,60,566687,4,self_employed,secondary,0,0,0
52,1179267,3775802,6,572618,4,self_employed,tertiary,1,0,0
28,549730,4950747,18,963812,1,unemployed,secondary,1,0,0
28,1918140,4153308,60,776343,5,student,tertiary,0,0,0
23,1056891,3740339,18,134918,3,self_employed,secondary,1,0,1
54,1900374,2377654,12,667719,4,employed,primary,1,1,1
36,1192520,4217973,60,180448,5,employed,tertiary,0,1,0
53,777467,351951,18,592344,2,employed,tertiary,1,1,0
43,505796,4634753,24,40832,4,employed,tertiary,1,0,1
51,951699,4233293,24,151170,4,employed,secondary,0,0,0
20,1614154,362499,48,641383,1,self_employed,primary,1,0,1
27,1047057,545655,24,629275,4,self_employed,primary,0,0,0
64,1137812,1736279,60,705322,2,employed,primary,1,1,0
42,1364870,4157964,24,350816,3,student,tertiary,1,0,1
59,1472089,4515159,24,822317,0,employed,secondary,0,0,0
31,855855,2603447,12,21157,1,self_employed,none,1,0,1
31,1627001,3784049,48,441588,2,self_employed,tertiary,1,1,1
34,604280,1320242,6,19674,1,self_employed,tertiary,0,1,0
60,1995548,3137399,48,556645,5,employed,none,1,0,1
38,1061942,2340860,48,274722,3,self_employed,secondary,0,1,0
45,165140,2861318,48,914889,4,employed,primary,1,1,0
48,225993,1239042,18,919755,5,self_employed,tertiary,0,0,0
41,1744089,1223077,6,210121,4,employed,secondary,1,0,1
59,1571161,4861102,18,430645,2,self_employed,none,1,0,1
40,903349,3289436,12,440087,3,employed,none,1,1,1
57,1434410,1080649,12,479742,0,self_employed,none,0,0,0
39,1394955,3431331,36,680859,0,employed,none,1,1,0
48,260047,3077936,36,923925,4,unemployed,tertiary,1,0,0
23,1641986,4804895,12,707564,5,unemployed,tertiary,1,1,0
26,336100,601741,12,942095,3,employed,primary,0,1,0
47,113879,945318,18,716300,3,employed,tertiary,1,1,0
47,632848,773809,12,485731,2,self_employed,secondary,0,0,0
23,1088939,1622102,60,217443,5,employed,tertiary,0,1,1
41,422454,206837,6,627517,0,employed,none,1,1,0
31,774045,569676,18,143274,2,employed,secondary,1,1,1
64,992164,1845651,12,494166,1,self_employed,primary,0,0,0
22,1095533,1660921,18,386125,3,employed,secondary,0,1,0
41,1335844,4513593,18,519071,0,employed,tertiary,1,0,0
63,529280,4023883,24,222274,2,self_employed,tertiary,1,1,1
21,1606232,2744670,36,150362,4,employed,tertiary,1,0,1
43,837600,1206714,18,935634,1,employed,tertiary,1,1,0
53,357268,4211460,48,823509,2,student,primary,0,1,0
46,1789833,786664,60,255672,4,self_employed,tertiary,1,0,1
60,720392,3918784,60,639424,0,employed,tertiary,0,1,0
20,1413517,554788,18,150468,0,employed,primary,1,0,1
27,1920302,1556440,48,454064,1,self_employed,secondary,1,0,1
42,1535619,4461045,60,738848,4,employed,tertiary,1,1,0
57,1888524,1527482,24,60530,3,student,none,0,0,0
25,1249399,2890918,12,195346,0,self_employed,tertiary,0,0,0
41,604661,2991507,18,642467,5,student,none,1,0,0
44,172026,3363372,24,27122,3,unemployed,primary,1,0,0
37,1128846,1283678,6,815813,3,employed,none,1,1,0
36,977890,1175664,24,176507,2,self_employed,primary,0,0,0
31,1331507,2137403,36,367758,2,unemployed,tertiary,1,1,0
25,1818753,2717107,36,678627,0,self_employed,secondary,1,0,1
45,1163760,3775563,12,637559,3,employed,tertiary,1,0,1
46,557532,3430635,48,513888,2,employed,secondary,1,0,0
27,785053,3009532,12,193050,4,employed,primary,0,0,0
38,612167,4200122,60,662448,4,self_employed,secondary,1,0,0
61,1072560,1156136,48,621642,4,self_employed,primary,1,0,0
20,361741,951495,48,389872,4,student,secondary,0,0,1
48,1006636,3170847,48,537110,3,self_employed,tertiary,1,0,0
64,53626,2361753,48,705576,4,unemployed,secondary,1,0,0
54,1708800,3027802,36,954093,3,employed,secondary,1,1,0
59,1593971,2523758,60,720622,0,employed,primary,0,1,0
33,1857737,2080603,36,451127,0,student,primary,1,0,1
54,1704379,3380014,18,132508,4,self_employed,tertiary,1,0,1
64,258137,4524445,60,455070,4,self_employed,tertiary,1,0,0
39,1678254,3199407,36,979392,4,employed,secondary,0,1,0
32,984149,3760324,12,373345,0,self_employed,primary,1,1,1
57,797320,1032912,36,813713,2,unemployed,tertiary,0,0,0
27,1677008,2594306,60,350161,0,employed,tertiary,1,0,1
62,194454,579983,60,358149,4,self_employed,secondary,1,1,0
39,1626889,2373964,12,84403,2,employed,secondary,1,0,1
52,486442,632787,6,368167,2,employed,primary,0,0,0
45,1440100,73382,60,185024,1,self_employed,primary,0,0,0
58,304043,4961887,36,22766,3,employed,secondary,1,0,1
40,693198,3853454,12,750633,4,employed,primary,1,0,0
61,512927,2599684,48,414429,3,self_employed,secondary,1,0,0
62,670343,4990560,60,356035,1,self_employed,tertiary,1,1,0
60,1486909,3833847,24,848671,3,employed,none,0,0,0
28,780070,2208988,48,153609,4,student,tertiary,1,1,1
43,970947,1392643,18,396010,1,employed,tertiary,0,0,0
56,857827,1353609,60,452420,3,student,secondary,0,1,0
60,1895733,1980719,12,765192,0,self_employed,primary,1,0,1
36,1656325,961345,48,163396,2,employed,secondary,1,0,1
43,1356648,3478811,36,56764,1,employed,tertiary,1,1,1
40,1663979,1342348,36,555146,0,employed,tertiary,0,0,0
58,160084,1117376,60,42850,4,employed,tertiary,0,1,0
60,1064391,2203592,6,930522,2,self_employed,secondary,1,1,0
58,395876,2563614,24,651459,1,employed,secondary,1,1,0
32,1079649,4896113,60,345161,2,employed,tertiary,0,0,0
30,523006,2593173,12,837222,5,self_employed,tertiary,0,1,0
38,1440277,3194720,48,343264,5,employed,secondary,0,0,0
30,907692,3841343,24,796282,1,self_employed,tertiary,0,1,0
32,1782626,1672512,6,746597,1,employed,secondary,1,1,1
64,837839,500067,60,368903,3,self_employed,tertiary,1,0,1
20,123568,405642,18,502704,2,self_employed,secondary,1,1,0
59,1157136,3976176,24,701335,5,self_employed,tertiary,0,0,0
63,1014844,1747152,6,196582,5,employed,tertiary,1,1,1
38,1247442,1209149,60,852128,2,employed,none,0,1,0
31,1249529,170730,60,681192,5,employed,none,1,0,0
27,1840228,4131093,12,227818,0,employed,tertiary,0,1,0
27,811058,1162762,60,612114,5,employed,secondary,1,1,0
64,276024,1889968,18,155958,5,self_employed,secondary,1,1,0
31,1279351,4263085,60,753290,4,self_employed,primary,1,0,0
52,1011858,3226854,36,663778,0,unemployed,primary,1,0,0
64,141288,1336793,6,647440,3,employed,primary,1,0,0
45,521678,4660098,36,531369,1,employed,tertiary,0,1,0
58,1479740,1991042,60,364860,5,student,secondary,1,0,1
47,935733,2701222,18,665474,3,employed,primary,1,1,0
24,1872700,1417107,6,773205,3,self_employed,tertiary,0,0,0
27,64390,3868067,6,280866,0,student,tertiary,1,0,0
44,547619,311161,60,349652,1,student,tertiary,1,0,0
46,268547,4768648,18,916184,4,employed,tertiary,1,1,0
42,601595,3907469,12,17985,3,self_employed,primary,1,0,1
49,277436,3901526,6,399104,4,employed,primary,1,0,0
64,275121,385983,18,986758,1,self_employed,tertiary,1,1,0
42,301063,2127382,24,490899,1,student,secondary,1,1,0
39,1123078,2516993,36,382378,0,employed,tertiary,0,1,0
37,1645350,1165059,6,239990,2,unemployed,secondary,1,1,0
37,1472533,449769,24,870277,5,self_employed,none,1,1,0
21,1792194,2704965,6,909878,0,employed,tertiary,1,1,0
23,1811652,1142924,12,674659,4,self_employed,tertiary,1,1,1
49,278300,4970851,60,973554,0,employed,secondary,1,1,0
52,153920,4513721,18,106747,1,employed,none,1,0,0
55,1835430,3522108,6,22036,3,student,tertiary,0,1,0
37,1068056,4975233,18,256306,5,employed,primary,1,0,1
56,1443488,184607,48,740781,5,employed,tertiary,1,1,0
38,978252,4131909,6,553634,2,unemployed,secondary,0,1,0
47,637073,1836960,12,375651,1,student,primary,1,1,0
59,650338,3396953,12,901105,5,unemployed,secondary,1,0,0
39,597026,1206928,60,288835,5,employed,tertiary,1,1,0
52,124231,3291695,60,629866,3,employed,tertiary,1,1,1
31,123606,262628,24,280130,4,employed,tertiary,1,1,0
34,1585093,4356193,12,683206,4,employed,tertiary,1,0,1
60,1402382,4225553,18,836097,4,student,tertiary,1,0,0
58,1479033,4506367,48,637696,0,self_employed,secondary,0,1,0
21,1325945,4555771,12,696761,4,employed,secondary,1,1,0
48,1900131,3156754,6,73728,4,employed,primary,1,0,1
60,543896,3241833,12,498021,0,student,primary,0,1,0
29,206688,4377261,48,574342,3,unemployed,none,0,0,0
21,545898,3122475,18,169559,1,employed,tertiary,1,1,1
30,1371902,4821873,6,402628,5,self_employed,secondary,1,0,1
32,1975377,3262425,24,605787,2,employed,secondary,1,0,1
29,1066382,4703871,24,706833,5,self_employed,none,0,1,0
33,1553805,1135110,24,885591,4,self_employed,secondary,1,0,0
37,212403,1191610,60,66553,4,self_employed,tertiary,0,1,0
28,751458,2434333,6,529567,5,employed,primary,0,1,0
58,1124704,4673527,24,993452,5,employed,tertiary,1,1,0
47,1130132,1609284,60,269856,4,employed,none,1,0,1
22,1357046,1024687,12,277961,0,student,tertiary,1,1,1
39,1775812,874726,6,709192,0,student,tertiary,1,0,1
25,1238597,3127165,6,355760,0,unemployed,tertiary,1,0,0
46,626250,54694,6,973728,2,student,tertiary,1,0,0
21,1712918,4209074,36,399840,1,self_employed,primary,1,0,1
48,567200,2729590,60,422342,4,employed,primary,1,1,0
57,1300854,3787486,18,999619,3,self_employed,none,0,1,0
22,1646963,4790148,36,604955,5,employed,secondary,1,1,1
35,1334519,724267,36,692822,5,employed,secondary,1,0,0
49,980220,2919839,36,714036,4,employed,tertiary,1,1,0
59,233683,2087775,18,702175,4,employed,none,1,0,0
21,1792821,1278135,36,758315,4,self_employed,tertiary,0,1,1
36,1413864,2036373,24,744271,5,employed,tertiary,0,1,0
60,1294868,3176773,6,812525,4,employed,tertiary,1,0,0
31,582125,4868060,6,635318,5,self_employed,tertiary,0,1,0
54,1279003,2966971,60,641673,1,self_employed,tertiary,0,1,0
62,1276947,4134488,12,163597,3,self_employed,none,1,0,1
20,986663,1074446,48,29030,0,employed,tertiary,1,0,1
64,953112,2663456,24,44067,3,employed,secondary,1,1,1
34,822291,3722476,18,508961,4,self_employed,tertiary,1,0,0
45,1467522,4316660,48,922711,3,self_employed,tertiary,1,0,0
56,1083879,3736207,6,862865,4,employed,primary,1,0,0
40,676701,658919,36,813071,3,student,secondary,1,1,0
50,101012,2392854,60,396008,2,employed,none,1,0,0
44,180193,4276479,60,524708,3,employed,secondary,0,1,0
42,1026809,883230,12,487976,0,employed,tertiary,1,1,0
43,268168,1817052,12,19198,0,employed,secondary,1,0,1
57,198178,390822,6,953112,3,student,secondary,0,0,0
47,108123,4754863,24,701565,5,employed,tertiary,0,1,0
40,161825,3120321,60,82951,5,employed,secondary,1,1,0
62,1631584,4490768,48,761303,5,employed,secondary,1,1,0
37,1267309,165064,12,804307,3,employed,primary,0,1,0
55,820391,2639644,6,70511,5,employed,none,1,0,1
54,1323546,2200517,24,616285,1,employed,tertiary,0,1,0
64,274866,1590850,6,283475,3,employed,tertiary,1,0,0
28,1074208,3617124,6,279037,0,self_employed,tertiary,1,1,1
57,988624,3108321,24,195985,5,self_employed,tertiary,0,1,0
49,1249438,2250852,24,18243,2,self_employed,tertiary,1,1,1
63,632943,4312551,24,539823,5,self_employed,tertiary,1,1,0
53,765003,3378359,6,456419,0,employed,tertiary,1,1,0
51,1716312,2988324,12,988101,1,unemployed,secondary,0,0,0
22,228446,4397864,18,853826,3,employed,secondary,1,0,0
22,748267,3153800,18,680849,5,employed,tertiary,1,0,0
47,1279719,1388618,6,341358,2,self_employed,secondary,0,0,0
63,1743371,4425446,6,906727,0,self_employed,secondary,1,0,0
34,346956,636901,12,886801,2,employed,tertiary,1,1,0
60,886002,423921,24,636983,4,employed,secondary,0,1,0
42,1411621,1053639,6,215958,0,employed,tertiary,0,1,0
59,1158762,4291307,60,275490,4,unemployed,primary,1,1,0
30,1220642,457650,36,703365,2,employed,tertiary,1,1,0
51,440508,3779046,24,924277,3,self_employed,primary,1,0,0
55,1804187,2855573,60,226073,3,employed,none,1,1,1
52,1819107,1244497,6,646868,3,employed,secondary,1,0,1
43,86160,3665383,36,337468,4,employed,tertiary,1,0,0
58,69156,820448,60,687703,3,employed,tertiary,1,0,0
53,1174784,3701948,48,243470,1,employed,primary,1,0,1
47,523196,2986384,12,364890,0,self_employed,tertiary,0,0,0
56,515536,3869128,36,74783,0,employed,none,0,0,0
26,723289,2655676,6,439179,2,self_employed,primary,1,1,0
23,509822,1890220,18,959487,5,employed,secondary,0,1,0
56,1329802,184411,60,691332,4,unemployed,secondary,1,1,1
20,1554351,4201910,6,279103,0,student,secondary,1,1,1
20,1545997,2727678,18,508102,4,employed,none,0,0,0
39,1864630,462610,12,351487,2,student,secondary,1,1,1
38,1560267,3511743,12,165205,3,employed,tertiary,1,0,1
48,769701,3666666,24,220826,5,self_employed,secondary,0,0,0
29,931809,4541055,60,51150,2,employed,secondary,1,0,1
37,355007,102055,24,283878,1,employed,primary,0,1,0
47,787197,1186263,18,541688,3,employed,secondary,1,1,0
54,115439,3592635,18,151074,3,employed,tertiary,1,0,0
62,1761130,2547838,12,884761,3,self_employed,primary,1,0,0
50,1825323,2019921,36,386582,2,self_employed,tertiary,0,1,0
46,695649,4569645,18,953996,1,employed,tertiary,1,1,0
30,262986,1678637,18,622041,5,student,primary,1,0,0
57,1295862,2349820,60,224540,4,student,primary,1,0,1
24,1981184,1650448,36,514497,2,student,primary,1,0,1
27,1591084,1867765,24,371007,0,unemployed,secondary,1,0,0
53,79777,3593244,24,686235,0,employed,secondary,1,1,0
31,1355003,1888346,18,156118,2,employed,tertiary,1,1,1
57,1780119,4380863,60,154736,4,employed,none,1,1,0
20,470661,3573319,24,417669,0,student,tertiary,1,0,0
50,248110,2092896,24,529034,4,employed,secondary,1,1,0
23,1083981,209876,48,220581,3,employed,secondary,1,0,1
64,1447921,715275,60,648053,2,employed,none,1,0,1
24,464627,4254851,24,406433,3,employed,tertiary,0,0,0
49,755937,1449433,12,325328,0,employed,secondary,0,1,0
43,328011,3460331,6,88898,4,self_employed,secondary,1,1,1
22,1685365,4307450,18,828267,3,employed,secondary,0,0,0
30,1243914,3561449,18,795565,0,self_employed,tertiary,1,1,0
64,1924430,2066950,12,625633,1,unemployed,tertiary,1,0,0
23,740568,2779201,6,564821,3,self_employed,primary,0,1,0
45,1600330,1464447,6,922908,1,employed,primary,1,1,0
46,1744408,3508332,12,164411,1,student,secondary,0,0,0
62,1523005,2230122,36,290869,5,self_employed,secondary,1,0,1
46,1761303,766177,36,729692,0,employed,tertiary,1,0,0
61,1878094,2686859,6,438596,2,self_employed,tertiary,1,1,1
25,609650,3165209,36,441289,4,self_employed,secondary,0,0,0
34,300449,4804169,36,191945,0,employed,tertiary,0,0,0
49,363732,1101497,36,217972,5,employed,secondary,1,0,0
61,1267933,3069332,6,127240,5,self_employed,tertiary,1,0,1
56,1749547,529177,36,172413,3,self_employed,tertiary,0,1,0
56,830445,1541476,18,263380,4,employed,secondary,0,1,0
61,255827,571317,48,854348,5,self_employed,tertiary,1,1,0
56,252918,3876562,6,891913,2,employed,secondary,1,0,0
54,1397027,1558797,12,128357,0,self_employed,secondary,1,1,1
42,1062671,3976888,36,276682,2,employed,secondary,0,0,0
25,392424,2074676,24,405187,3,employed,secondary,0,0,0
23,1511659,4317132,6,501817,0,unemployed,tertiary,1,0,0
37,892955,697937,60,624109,3,self_employed,secondary,1,1,0
28,973882,2202304,12,476669,4,employed,tertiary,1,1,0
48,790045,4602939,48,562943,4,employed,none,1,1,0
32,1206245,136569,18,732382,2,self_employed,secondary,1,1,0
36,782318,1034131,60,585072,2,unemployed,primary,0,1,0
64,208998,4925436,12,384691,4,self_employed,primary,1,0,0
51,1726079,4928154,36,904609,1,employed,primary,1,0,0
41,672995,4366841,24,978793,4,student,primary,1,0,0
23,1504972,1271793,36,168482,0,self_employed,tertiary,1,0,0
24,1715701,3390488,12,353126,3,employed,secondary,1,1,1
56,295847,3506453,6,444518,4,self_employed,tertiary,0,1,0
60,1326120,995424,60,519328,4,employed,primary,1,0,1
32,1964880,4463115,24,414919,5,self_employed,secondary,0,0,0
53,1026006,2008754,60,830623,3,employed,secondary,0,0,0
64,924168,689068,60,249526,5,employed,secondary,1,0,1
41,317614,1909024,24,316256,3,employed,primary,1,1,0
42,1326043,1421242,12,11399,0,employed,tertiary,1,0,1
22,1244601,3713175,48,890797,3,employed,tertiary,1,0,0
61,1858516,2070148,48,12685,2,self_employed,primary,1,0,1
53,1006011,1210675,36,349921,4,employed,tertiary,0,1,0
51,1610753,4086589,12,790919,3,self_employed,secondary,0,0,0
64,1977977,4329319,24,798450,0,self_employed,secondary,1,0,1
40,1714357,2776427,12,948329,3,self_employed,tertiary,1,1,0
63,842955,4822925,24,663110,4,employed,none,1,0,0
40,1316571,3188832,60,976460,1,employed,tertiary,1,1,0
63,1811126,2100276,36,443445,3,employed,primary,1,0,1
30,343313,2859858,6,607508,2,unemployed,none,0,1,0
58,1668505,4894964,60,305262,4,employed,tertiary,0,0,0
23,204062,2066142,6,59615,0,self_employed,tertiary,1,0,1
20,1652525,4637826,12,604234,4,self_employed,none,1,0,1
47,1767355,4594943,24,252409,5,employed,tertiary,1,1,0
43,1899465,2741207,6,646157,1,self_employed,tertiary,1,1,1
54,904032,3300060,60,974794,0,employed,tertiary,1,0,0
32,1726483,4021586,24,801537,1,student,secondary,1,0,0
53,1436822,424344,36,936417,1,employed,tertiary,1,1,0
30,607373,2901957,60,887996,2,employed,primary,1,1,0
55,1195640,1598496,12,704875,3,employed,none,1,1,0
36,756014,345863,24,47342,2,unemployed,tertiary,1,0,0
54,1497922,4024177,12,374160,2,student,tertiary,0,1,0
37,1728587,2192856,24,770893,5,employed,secondary,1,0,1
59,183114,866445,60,183256,2,employed,tertiary,0,1,1
41,906566,1439068,48,476463,0,employed,secondary,0,1,0
43,1927990,276884,48,846938,3,self_employed,tertiary,1,1,1
38,541638,1266424,24,811399,3,employed,tertiary,0,1,0
56,1950193,3467932,36,822455,0,self_employed,primary,0,0,0
58,607765,4556371,12,840720,2,employed,secondary,1,1,0
40,1737025,128563,18,777156,2,self_employed,tertiary,1,0,1
27,1937717,1188355,24,124939,1,employed,secondary,0,1,0
47,734076,2246856,24,887973,1,self_employed,secondary,1,0,0
24,1438857,4111317,48,288766,5,self_employed,secondary,1,1,1
36,1921026,1422407,6,569489,4,employed,secondary,1,1,1
56,189133,2183643,60,992537,1,self_employed,tertiary,1,1,0
55,1762545,2898061,48,540638,3,self_employed,none,0,0,0
38,1396091,4054275,12,841252,0,employed,tertiary,1,0,0
46,815710,3051519,48,835141,2,employed,primary,0,0,0
53,395165,3541650,18,874664,4,self_employed,tertiary,1,0,0
30,1512597,1119024,36,944974,1,student,tertiary,0,0,0
64,320001,4748697,60,161961,4,student,tertiary,0,0,1
31,1765556,1412270,18,141296,0,self_employed,secondary,1,0,1
40,1631041,4583027,36,762620,0,employed,primary,0,0,0
30,473327,951111,18,136537,4,employed,tertiary,1,0,1
58,1350418,2164253,60,868850,4,employed,secondary,1,1,0
47,1449298,340160,48,97739,5,employed,tertiary,0,0,0
24,1712805,4859073,18,224552,4,employed,tertiary,1,0,1
36,832409,4454309,48,579502,2,employed,secondary,1,0,0
39,1634690,3876450,60,226445,3,unemployed,tertiary,1,1,0
60,1767826,1670706,48,658304,1,student,secondary,1,1,1
31,394572,4290843,12,24336,1,student,primary,0,1,0
25,1608859,3119252,48,562912,1,employed,secondary,0,1,0
36,700332,820569,6,851638,4,student,secondary,1,0,1
38,763391,2563384,18,44764,4,employed,primary,0,0,1
45,1611232,165042,60,490548,5,employed,secondary,1,0,1
63,555350,2275074,24,880757,4,self_employed,secondary,0,0,0
63,387164,142447,24,45420,5,employed,primary,1,1,1
51,1628359,3541274,24,482974,5,student,tertiary,1,0,1
25,1127057,1128562,60,104381,2,employed,primary,1,1,0
55,716627,2793122,6,589959,2,employed,secondary,1,1,0
57,954329,3784341,48,933277,2,employed,secondary,1,0,0
30,811062,3705847,18,631884,2,unemployed,primary,1,0,0
52,187815,3585797,36,812879,0,employed,none,1,0,0
43,677763,2397628,36,135105,2,self_employed,tertiary,1,1,1
42,754133,3777904,60,973356,2,self_employed,tertiary,1,1,0
34,369186,1633820,12,20497,2,self_employed,secondary,1,1,1
46,99476,3282567,6,79714,5,employed,tertiary,0,0,0
30,1095471,2072307,18,126892,1,employed,none,0,0,0
36,1846041,4411909,48,203154,1,self_employed,secondary,0,1,0
33,340696,1062714,24,991436,1,student,tertiary,1,0,0
46,770602,1199707,6,938482,3,unemployed,tertiary,1,0,0
37,1537564,4780111,6,764227,0,employed,none,1,1,0
47,734308,4930779,18,143954,5,employed,secondary,1,0,1
23,1305959,1033770,60,672305,4,employed,tertiary,0,1,0
26,119093,2148984,48,973989,5,self_employed,primary,1,1,0
64,1691987,3833938,60,986354,2,employed,none,1,1,0
54,66535,908267,60,249720,1,self_employed,tertiary,1,1,0
28,378634,3793382,12,846302,5,student,tertiary,0,1,0
27,1669426,4222975,60,673955,0,employed,tertiary,0,1,1
64,1479762,4281874,48,215363,2,employed,tertiary,0,1,0
36,306323,531193,12,97847,3,student,tertiary,1,0,1
36,1974088,2809127,12,195110,4,employed,tertiary,1,0,1
52,308916,677475,24,973630,2,employed,secondary,1,0,0
51,763895,4005594,24,242303,4,employed,secondary,1,0,1
27,1328639,3282607,18,358278,5,employed,primary,0,0,0
38,91269,590027,48,428665,2,self_employed,secondary,1,0,0
57,1179250,2245732,60,887542,3,employed,none,1,0,0
22,878894,1847355,12,765625,5,employed,secondary,1,0,0
24,970631,3275327,18,411855,0,self_employed,tertiary,1,1,1
32,335291,4933313,12,962874,4,employed,primary,1,1,0
50,488744,805724,6,729988,4,employed,secondary,0,1,0
35,1699959,3532837,36,71918,0,self_employed,primary,1,0,1
51,818460,2146539,36,435926,4,unemployed,secondary,0,0,0
41,1822867,1486052,12,185123,5,employed,primary,0,0,0
48,140925,2851133,18,191711,1,employed,tertiary,0,0,0
41,640669,3587553,24,3159,0,self_employed,tertiary,0,0,0
62,1722332,3097582,48,857624,3,self_employed,tertiary,1,1,0
22,1340906,3981067,12,329132,2,employed,tertiary,1,1,1
29,1948757,4544445,12,632027,2,employed,none,1,0,1
61,1006176,4435316,48,280850,0,employed,tertiary,1,1,1
40,1112307,746084,60,403078,1,self_employed,primary,1,1,1
35,1485367,4407080,24,796651,5,employed,secondary,0,1,0
31,1590450,2531498,12,351161,3,unemployed,primary,1,0,0
21,1673888,3154379,6,296680,2,self_employed,secondary,1,1,1
60,1739576,816230,24,333776,2,self_employed,tertiary,1,0,1
43,1199697,2149678,6,758849,5,student,none,1,0,0
54,315976,2418029,36,470607,1,employed,tertiary,1,1,0
49,1655196,4556738,48,456102,4,employed,tertiary,1,0,1
49,62467,86051,24,895230,0,employed,secondary,1,1,0
54,1139601,4727202,60,473212,1,employed,primary,1,1,1
38,1242755,3716279,24,296081,1,employed,tertiary,1,0,1
27,1095851,3486005,18,21094,1,employed,secondary,1,0,1
45,127994,3902659,18,125312,1,student,tertiary,1,0,0
59,144202,2750502,48,104894,4,self_employed,primary,0,0,1
26,617769,3377708,60,770434,5,unemployed,tertiary,0,0,0
49,1494373,4648798,24,641406,3,employed,tertiary,1,0,1
26,1697982,4617994,36,683284,1,self_employed,tertiary,0,0,0
22,1484730,3128921,60,869757,1,employed,tertiary,0,1,0
20,494854,2072862,12,655483,0,employed,secondary,1,0,1
55,1746578,4037575,48,970653,2,self_employed,primary,0,1,0
44,798987,796447,60,507146,4,employed,primary,1,0,0
56,210185,727551,48,333589,1,self_employed,secondary,1,1,0
20,134363,3645908,60,31854,3,employed,secondary,0,1,0
34,375188,1262740,18,60796,3,employed,tertiary,1,0,1
56,261027,547165,36,331576,3,employed,primary,0,1,0
32,1028534,3782529,48,190040,0,student,none,0,1,0
59,323958,1768340,36,958338,3,employed,none,0,1,0
27,1460060,2610390,48,803543,5,self_employed,tertiary,1,0,0
24,322168,1323871,18,72575,0,employed,none,1,1,1
28,1817224,1085702,12,110380,4,employed,tertiary,1,1,1
20,945668,1935005,18,286243,3,self_employed,tertiary,1,1,1
55,632124,3143348,48,462422,2,employed,tertiary,0,1,0
54,1368155,1028536,36,967797,1,employed,tertiary,1,0,0
21,1034588,655743,6,108871,4,employed,primary,1,0,1
59,305095,790599,18,774079,5,unemployed,primary,0,0,1
42,1955609,2296928,36,277173,2,employed,tertiary,1,0,1
28,531632,1247678,60,425027,4,employed,primary,1,0,0
53,1359752,2536179,60,15793,5,employed,none,1,0,1
33,1481591,3007135,18,310250,3,employed,tertiary,0,0,0
23,299717,53420,48,347806,4,employed,secondary,1,0,0
49,1757343,4785332,60,215836,4,employed,primary,0,1,0
50,1983951,3523135,36,782778,4,employed,secondary,1,0,1
57,1131516,1063368,12,477347,0,employed,secondary,0,1,0
30,579954,2690905,36,394188,2,unemployed,primary,1,0,0
54,1397842,4688952,60,393576,5,employed,none,1,1,1
27,1254740,4779244,60,657992,3,employed,secondary,1,0,0
22,966185,2456967,24,953462,1,employed,tertiary,0,1,0
33,959834,3477043,6,758612,3,employed,primary,1,1,0
32,256717,1315777,48,80882,3,self_employed,none,1,1,1
64,1461910,1358396,36,900290,0,employed,tertiary,1,1,0
51,1461188,1285340,60,149080,0,employed,tertiary,0,0,0
53,76505,108541,48,601944,4,employed,tertiary,1,1,0
64,1659577,2156622,18,423499,3,employed,tertiary,0,0,0
38,497603,2715748,18,837340,2,unemployed,primary,1,0,0
57,879601,2282821,36,663178,0,employed,secondary,1,0,0
35,1302930,4406164,24,463871,5,employed,secondary,1,0,1
21,1700375,3129676,60,30579,0,employed,secondary,1,1,1
59,1019246,1148053,36,579466,2,self_employed,secondary,1,1,0
36,1925530,2779701,12,712944,0,employed,tertiary,1,1,1
53,262204,676754,24,196092,2,employed,secondary,0,0,0
61,1349270,345215,60,504473,1,employed,secondary,0,1,0
35,299836,2610971,60,637492,2,employed,none,0,1,0
57,808849,3650867,48,619661,1,employed,none,0,0,0
21,1984405,4314864,36,514879,5,employed,none,1,0,1
21,578168,829680,60,656335,4,self_employed,tertiary,1,0,0
45,486670,3981294,48,456695,4,student,primary,0,0,0
32,1023215,3646436,60,278409,0,self_employed,tertiary,1,1,1
50,617827,3620714,6,849950,2,employed,primary,1,0,0
53,290056,3534634,24,397534,0,self_employed,primary,1,0,0
58,1317633,1287087,36,907043,2,self_employed,primary,0,0,0
22,1637663,2028649,6,428297,0,unemployed,tertiary,0,0,0
27,557800,2934112,36,189721,4,self_employed,primary,0,0,1
42,1203419,3304534,12,639763,5,self_employed,tertiary,1,0,0
33,493942,4871571,18,510332,4,employed,primary,1,1,0
46,98784,1133685,48,500267,0,employed,primary,1,0,0
48,163034,1416528,36,698429,2,employed,secondary,1,0,0
58,484044,2883304,24,506568,3,employed,secondary,1,1,0
58,1823462,2523139,36,209742,5,employed,none,1,1,1
20,1152938,2653927,36,367112,2,employed,none,0,0,0
36,103997,1435140,36,898118,0,self_employed,primary,1,0,0
60,231413,3617850,60,76377,2,student,none,1,0,1
49,1510865,1468167,36,353815,1,employed,tertiary,1,1,1
32,1463119,2611854,60,143499,2,employed,secondary,1,0,1
40,850981,3262624,24,433467,4,unemployed,tertiary,1,1,0
38,893352,1202007,24,230739,4,student,none,1,1,1
38,790686,465162,36,626551,1,employed,primary,1,0,0
44,1567307,1669884,60,418381,5,employed,primary,0,0,0
41,834752,3401066,18,984789,2,employed,secondary,1,1,1
50,1512108,2955745,36,645647,5,employed,primary,1,1,1
36,207255,4272042,48,360988,3,unemployed,secondary,1,1,0
42,930292,3597407,48,589215,2,self_employed,tertiary,1,1,0
51,598912,4301457,24,335314,4,employed,tertiary,0,0,0
29,1816451,3934036,48,862582,4,unemployed,secondary,1,0,0
29,1857648,4305313,48,287010,5,self_employed,secondary,1,1,1
55,1577573,3033130,12,796714,0,student,tertiary,1,1,0
27,620993,534469,36,151391,4,student,secondary,0,1,0
39,1712190,3892640,36,954230,0,employed,tertiary,0,1,1
51,1518548,3514143,36,539700,4,employed,none,1,1,1
33,896822,4316246,36,495379,4,employed,none,1,1,0
47,118369,2265217,6,466802,3,student,tertiary,0,0,0
43,1300469,1374453,36,648423,0,student,secondary,1,0,0
34,1370309,4690743,60,120019,0,self_employed,primary,0,0,0
41,1735876,3585054,24,811015,4,employed,tertiary,1,1,0
49,1958189,1618366,60,214649,0,employed,none,1,0,1
23,750146,732286,24,324066,4,self_employed,primary,1,0,1
32,800046,734143,6,268329,4,self_employed,primary,1,1,1
42,697999,657648,36,348492,5,employed,tertiary,0,1,0
27,126425,3566250,18,91368,2,employed,primary,0,1,0
37,546297,4534735,60,187461,0,self_employed,primary,0,0,0
31,1638858,1447636,36,782190,1,unemployed,none,1,0,0
50,1068543,1579275,24,279567,5,employed,primary,0,0,0
33,161915,1714069,60,51268,0,employed,primary,1,0,1
53,435105,282321,12,112692,0,self_employed,tertiary,1,1,1
37,533414,187837,48,434860,3,student,tertiary,1,0,0
53,1203248,494842,12,692146,1,employed,secondary,1,0,0
30,863071,794067,18,357345,1,employed,secondary,1,0,1
60,1377925,2289031,36,468741,3,employed,tertiary,0,1,0
31,368821,2157356,6,870176,3,employed,tertiary,0,1,0
34,82930,152903,36,118222,0,employed,primary,1,1,0
50,1171889,465874,18,875022,2,self_employed,primary,1,1,0
48,799211,1657850,18,423693,3,employed,tertiary,0,0,0
45,1211729,3012906,48,751270,1,self_employed,tertiary,1,1,0
37,1584301,1979827,18,122942,1,employed,tertiary,1,1,1
51,1903324,4112175,12,499972,0,employed,tertiary,1,1,1
41,282911,2721744,48,658931,2,employed,tertiary,0,1,0
57,1194634,1950600,36,543864,4,employed,primary,1,0,0
36,137876,3516420,60,381785,3,employed,tertiary,1,1,0
42,659654,3556319,36,455919,3,unemployed,tertiary,0,1,0
43,587691,1662850,6,665040,0,employed,tertiary,1,0,0
27,1440772,4580543,18,681066,5,employed,secondary,1,0,0
60,822838,1190170,18,210926,5,self_employed,tertiary,0,1,0
25,311420,400425,24,217267,2,unemployed,tertiary,1,1,0
24,527843,2125904,48,982031,1,employed,secondary,1,1,0
63,385639,2972329,24,377186,1,employed,tertiary,1,0,0
48,213004,552939,48,725925,4,self_employed,tertiary,1,0,0
47,408234,1272196,12,441652,1,employed,tertiary,1,1,0
30,1397421,4386057,48,658134,5,self_employed,primary,1,0,0
20,446601,2381499,36,148044,5,employed,primary,1,0,1
62,1875260,3616343,6,145120,3,unemployed,tertiary,1,0,0
38,631529,2833993,60,98908,4,employed,tertiary,1,0,1
28,715727,4862585,48,370868,2,student,tertiary,1,0,0
46,115030,2418410,48,237741,4,employed,tertiary,1,0,0
53,1800441,876278,48,80225,2,unemployed,primary,1,1,0
63,1262980,789026,6,344417,5,employed,tertiary,0,1,0
23,1052682,1393316,18,126170,1,employed,none,1,1,1
55,1305973,2775527,6,474766,0,employed,tertiary,1,0,1
37,529702,4499339,18,480570,4,unemployed,none,1,1,0
34,1517355,396990,60,885169,4,employed,tertiary,1,1,0
32,155185,1935249,36,469896,3,employed,tertiary,1,0,0
38,1134980,3886813,6,882969,3,employed,primary,1,0,0
25,105182,1497839,18,581890,5,student,primary,1,1,0
31,1393711,1627127,36,852835,2,employed,primary,1,0,0
56,1727465,2570908,36,27182,0,employed,secondary,1,0,1
36,753023,2801691,18,866308,3,student,secondary,1,0,0
42,902318,3664670,18,994877,3,student,tertiary,1,1,0
45,1744866,2604137,12,309203,1,employed,none,1,1,1
48,395992,77690,36,402003,1,unemployed,tertiary,1,1,0
52,991631,3263274,18,513668,5,employed,secondary,1,0,0
46,894124,390716,36,786825,5,employed,none,1,1,0
44,1324037,4795059,6,848207,3,unemployed,tertiary,1,1,0
29,1922508,820878,60,714814,2,self_employed,tertiary,1,0,1
42,870217,705408,24,143128,0,employed,tertiary,1,1,1
40,658434,2315202,24,454699,3,employed,none,1,0,0
40,1056630,563672,48,962461,2,employed,tertiary,1,0,0
62,538195,1049078,18,421645,2,self_employed,tertiary,0,0,0
32,622285,4080272,18,570197,3,student,tertiary,1,0,0
56,1630034,754582,36,315050,2,employed,secondary,1,1,1
52,194375,926038,48,883867,4,unemployed,tertiary,1,1,0
43,1432463,1663511,18,348434,2,employed,secondary,1,0,1
63,1569644,1153183,36,830821,3,self_employed,secondary,1,0,0
30,85187,1549202,18,283049,2,employed,tertiary,1,0,0
36,1818970,3217724,36,744979,3,self_employed,secondary,0,1,0
23,1039280,1406742,18,709090,1,employed,tertiary,1,1,0
44,707253,876580,12,581845,3,student,tertiary,1,1,0
49,1767689,2500020,60,378958,2,employed,tertiary,0,1,0
28,1136666,4106926,36,761994,3,employed,secondary,1,1,0
40,1032426,4483494,60,488373,0,unemployed,tertiary,0,0,0
39,1568560,2156040,12,479329,3,employed,none,1,1,1
38,1944420,1842602,12,757624,3,employed,tertiary,1,1,0
38,827766,4152391,12,197271,0,employed,tertiary,1,1,1
31,1416750,4679717,12,702661,0,unemployed,secondary,1,1,0
56,591797,1320008,6,609040,0,employed,none,1,1,0
61,118653,2508237,60,440475,5,employed,tertiary,0,1,0
36,742289,2426629,48,730161,4,employed,secondary,1,1,0
56,1490346,610643,60,791006,5,student,secondary,1,0,0
58,316186,280487,24,350435,3,employed,tertiary,0,0,0
47,1292222,4898278,6,782262,5,employed,secondary,1,1,0
60,1397921,4711423,18,974280,5,self_employed,tertiary,1,0,0
54,1846218,2921042,18,621065,0,employed,secondary,0,1,0
37,1636880,4493738,48,480313,0,employed,tertiary,0,0,0
33,337166,641952,24,286881,1,student,tertiary,1,0,0
54,1854898,4854745,24,547678,5,employed,tertiary,1,1,1
63,602226,3813632,24,91612,4,self_employed,tertiary,0,1,0
60,1273326,4017445,12,576618,3,unemployed,tertiary,1,0,0
26,954603,1354925,6,71082,2,employed,none,1,1,1
60,310710,1000128,18,709002,4,employed,tertiary,1,1,0
32,1330896,4033190,6,414496,4,student,tertiary,0,0,0
37,898152,2598965,6,229561,1,self_employed,secondary,1,0,1
56,1466234,4024603,6,283181,3,employed,tertiary,0,1,0
32,762165,4896936,24,640956,3,employed,secondary,1,0,1
55,1755922,2376837,48,119229,0,self_employed,none,1,1,1
50,1175054,4571912,48,433792,0,employed,secondary,1,0,1
21,1503953,185024,24,421780,4,employed,primary,1,0,1
35,988193,3121536,18,230205,1,student,primary,1,1,1
28,1225677,4427577,18,740799,3,employed,primary,1,1,0
28,1455419,2791894,18,96342,1,unemployed,secondary,1,0,0
57,1814860,4368748,48,767224,2,self_employed,tertiary,1,1,1
30,1593103,424319,48,352072,3,employed,none,1,0,1
41,1459993,2451756,6,552375,0,self_employed,secondary,0,0,0
52,1828244,3349596,24,503040,4,employed,secondary,0,1,0
55,1855064,2309970,12,109844,1,employed,tertiary,1,1,0
64,638033,2627153,6,731573,0,employed,primary,1,1,0
42,1094385,3195743,36,537091,4,self_employed,tertiary,1,1,0
64,1230859,4031917,48,963506,0,self_employed,secondary,1,0,0
64,443445,1255605,6,328905,3,student,tertiary,1,1,0
53,1479692,655829,24,652862,1,unemployed,primary,1,0,0
28,491758,1483414,36,726670,2,employed,primary,1,0,0
43,1200065,2310100,60,865011,5,self_employed,tertiary,0,1,0
27,606107,766087,6,409379,0,employed,secondary,1,1,0
26,97779,1145622,24,985884,5,employed,none,1,1,0
55,1836357,3734833,24,990387,1,employed,tertiary,1,1,0
37,1452964,4204238,48,182957,3,self_employed,tertiary,1,0,1
22,639872,1108335,12,217412,0,employed,none,1,0,1
47,1511742,4526952,6,36764,3,employed,secondary,0,1,0
25,1769109,2417803,24,485998,2,employed,tertiary,0,1,0
63,1347391,1119626,18,193198,2,employed,primary,1,0,1
63,894464,2545188,24,239066,4,student,tertiary,1,1,1
40,427218,2023915,12,198296,4,student,tertiary,1,1,1
47,1459993,536383,24,309199,4,self_employed,secondary,1,1,1
59,864468,3295881,48,313743,3,self_employed,primary,0,1,0
20,1353533,3995747,60,869219,4,self_employed,tertiary,1,1,0
55,1694220,2378481,6,209112,1,self_employed,tertiary,1,0,1
40,195364,2723361,48,826152,5,self_employed,none,1,0,0
62,577340,3634443,6,93120,5,employed,tertiary,1,1,1
54,1405097,3186938,36,175556,3,employed,secondary,1,0,1
32,1297486,2702880,6,127976,3,employed,tertiary,1,0,1
29,379963,4168308,36,900499,4,employed,tertiary,1,1,1
63,1998697,4883107,48,694212,5,employed,secondary,0,0,0
29,1075607,2475595,18,537507,5,self_employed,primary,0,1,0
32,1245268,3940549,12,370652,4,self_employed,tertiary,0,0,0
56,1129037,1059589,18,614639,3,employed,tertiary,0,0,0
57,1905758,1738367,36,311009,2,employed,primary,1,1,1
43,1065930,4546389,24,54457,2,self_employed,none,1,1,1
21,1108048,4202225,24,90159,4,employed,tertiary,0,0,0
41,905695,4986623,18,954321,2,employed,none,0,0,0
36,162036,4320358,24,200065,1,unemployed,secondary,1,1,0
55,238674,2648924,36,93391,1,employed,tertiary,0,1,0
33,337667,619503,48,969884,1,unemployed,secondary,0,1,0
29,1784702,4037636,12,312544,3,unemployed,tertiary,1,1,0
54,939694,2306397,60,298402,3,unemployed,secondary,0,0,0
44,640348,1501187,6,736366,3,employed,tertiary,1,1,0
22,1369799,3673687,36,180029,3,employed,primary,0,0,0
57,713759,2042719,60,897898,3,employed,tertiary,1,1,0
36,1421446,305931,36,673641,4,employed,secondary,1,0,0
31,1453626,1258572,6,601552,2,employed,primary,0,1,0
43,1377252,1748875,6,706691,4,self_employed,secondary,1,0,0
48,959121,4234094,12,176752,2,student,primary,0,0,0
62,1574149,814948,12,956227,4,unemployed,tertiary,1,0,0
44,93162,874026,12,665522,1,employed,secondary,1,0,0
55,323497,4510112,24,225880,0,self_employed,primary,0,0,0
45,162313,504377,36,371021,3,employed,secondary,1,1,0
57,78477,702692,48,968599,0,employed,tertiary,1,1,0
20,1778506,4183411,6,273482,0,unemployed,primary,1,1,0
39,136373,3004563,36,743192,1,employed,secondary,1,1,0
47,743464,2688681,60,11675,0,employed,tertiary,1,0,1
35,768730,2979795,36,89606,0,unemployed,tertiary,1,1,0
36,1627415,3783488,12,282224,1,employed,tertiary,1,1,1
59,118359,3138413,12,243747,2,student,secondary,1,0,0
47,1546672,81346,36,248585,4,employed,primary,1,1,1
31,1242564,3801212,12,276080,5,unemployed,tertiary,1,0,1
46,1224726,4610899,24,10019,0,employed,none,1,0,1
61,523919,4976788,6,762078,3,employed,tertiary,1,0,0
49,1795381,1987916,60,460498,1,employed,secondary,0,1,1
60,1408356,3344742,36,967185,0,self_employed,tertiary,0,1,0
53,1565719,1934175,6,350448,5,unemployed,tertiary,1,1,0
56,866117,872805,24,729221,2,self_employed,tertiary,1,0,0
25,887566,2127668,60,4486,2,student,tertiary,1,0,1
26,401060,1952151,12,344165,5,unemployed,secondary,1,1,0
51,1206543,3197744,18,735224,3,employed,tertiary,1,0,0
51,144455,1013813,24,642699,0,self_employed,tertiary,1,0,0
44,1881699,581562,18,674472,3,employed,tertiary,0,0,1
52,1559639,3172895,6,575985,2,employed,tertiary,1,0,1
26,1273981,4260052,36,510462,2,employed,tertiary,1,1,1
31,289646,1511967,60,55998,4,employed,tertiary,1,1,1
35,239937,2800728,12,109537,2,self_employed,none,1,0,0
35,522312,2574497,60,884248,1,employed,primary,1,0,0
62,886188,2142332,24,26576,4,self_employed,tertiary,1,0,1
55,435007,3971070,12,181172,3,student,none,1,0,1
32,111192,4661010,18,370208,2,employed,primary,0,1,0
26,241758,942055,18,81238,5,self_employed,secondary,0,0,1
55,885165,222507,48,938824,1,self_employed,primary,1,0,0
28,1333737,3926105,60,215045,4,employed,primary,1,0,1
51,862425,4467327,36,125885,1,self_employed,none,1,0,1
30,1784428,3540978,18,590017,4,employed,secondary,0,1,0
27,1774917,3912965,36,90853,4,employed,tertiary,1,0,1
52,336287,3084454,48,646280,4,employed,primary,1,1,0
42,1097635,1415358,24,749378,5,employed,primary,0,0,0
44,765637,3263037,48,291288,3,employed,tertiary,1,1,1
27,1205620,3356694,36,911575,4,employed,tertiary,1,1,0
64,1603749,4176195,18,712686,4,employed,primary,1,0,1
41,231062,551775,6,339292,1,unemployed,none,0,1,0
23,1751270,235639,36,805739,4,unemployed,secondary,1,1,0
59,506104,4110003,12,322742,3,employed,secondary,1,0,0
22,119351,4954723,6,412839,5,employed,tertiary,1,1,0
48,1589164,1890087,60,675609,5,employed,primary,1,0,1
60,1803935,3579284,36,466981,1,unemployed,tertiary,1,1,0
48,284085,2565962,12,91810,4,employed,tertiary,0,0,0
53,808171,3447477,60,889302,1,employed,secondary,0,1,0
53,548095,4094070,48,72131,5,employed,tertiary,1,1,1
47,120309,1671671,6,880570,3,self_employed,secondary,1,0,0
32,979950,4513588,36,169449,1,employed,tertiary,0,0,0
34,736093,925247,24,445581,3,employed,primary,1,1,0
42,1217732,2347040,48,365556,2,self_employed,none,1,1,1
63,388144,4410356,12,296695,4,self_employed,tertiary,1,1,0
45,1540424,3702461,24,829358,3,self_employed,primary,0,1,0
23,71576,3422325,18,90214,4,employed,none,1,0,0
45,1626184,2763094,48,349894,3,self_employed,tertiary,0,1,0
59,716110,179101,48,38599,0,employed,tertiary,1,0,1
28,677290,1540496,36,229417,0,employed,tertiary,0,0,0
24,1283111,4785589,36,633778,0,employed,primary,1,1,0
51,1125148,706228,12,355474,3,employed,primary,1,0,1
39,1085865,4753019,48,546881,5,employed,secondary,1,0,0
30,1378668,4603804,36,977838,5,employed,secondary,0,0,0
34,1618690,201633,18,749760,4,employed,secondary,1,1,0
51,690816,4129486,60,634153,0,employed,tertiary,0,0,0
47,744186,1133088,60,508965,4,self_employed,primary,1,0,0
41,139051,3165216,60,977397,3,employed,tertiary,1,0,0
60,864299,3404195,36,697996,4,student,primary,1,0,0
36,1289879,2991449,48,462441,4,employed,secondary,0,0,0
45,1845292,3036977,60,957867,0,employed,primary,1,0,0
63,1880276,646432,6,187031,5,employed,tertiary,0,1,0
26,253305,2844997,24,997727,1,self_employed,tertiary,1,0,0
61,1405398,4163853,48,741277,2,self_employed,primary,1,1,0
45,1992569,1215939,18,229701,3,student,tertiary,0,0,0
44,1897971,362809,48,132192,3,employed,tertiary,0,0,0
29,507576,1824348,18,933995,3,employed,none,1,0,0
64,623722,4425979,48,43638,2,self_employed,tertiary,0,1,0
38,116617,937743,60,170134,1,self_employed,secondary,1,1,0
30,691857,2314116,24,791625,5,student,secondary,1,1,0
32,1830248,444969,24,15213,4,employed,secondary,0,0,0
27,1982360,905243,18,778574,5,self_employed,tertiary,1,1,1
59,916164,1828219,48,769275,3,employed,secondary,1,0,0
23,560874,3109867,24,341910,4,employed,tertiary,1,0,0
50,1468368,2263889,12,739319,0,employed,primary,1,0,0
47,1180070,2603188,48,672547,5,self_employed,primary,1,0,0
30,1842841,312968,24,665400,0,self_employed,none,0,1,0
62,651513,3960433,6,721662,0,employed,none,1,0,0
20,132867,692006,6,554237,5,employed,tertiary,0,1,0
57,218600,4573065,12,767360,3,employed,secondary,1,0,0
43,829957,3560940,24,396743,2,employed,none,0,0,0
50,1963980,4169586,6,772354,3,employed,secondary,1,1,1
60,1557394,4711322,60,469773,0,employed,tertiary,1,1,1
45,932693,1830655,48,214480,0,self_employed,primary,1,1,1
24,665036,2626970,36,364577,3,employed,tertiary,1,0,0
39,304265,3405213,24,732654,2,employed,tertiary,1,0,0
60,569493,4516430,12,411973,2,student,tertiary,1,0,0
30,214404,4187736,24,811844,4,employed,tertiary,1,1,0
52,960913,2566966,18,511213,1,self_employed,none,1,0,0
57,703817,4390015,18,514738,0,employed,tertiary,0,1,0
46,1046433,3789868,6,145384,2,student,tertiary,1,1,1
53,534353,1108271,18,415335,5,employed,secondary,1,1,0
34,314395,1391814,12,142876,0,self_employed,primary,1,1,0
51,1984116,1382907,6,709346,1,employed,tertiary,1,1,1
40,732387,703009,12,570833,5,student,tertiary,1,0,0
24,1195958,4875275,48,338663,0,employed,primary,1,1,1
25,529767,4763686,12,685359,2,employed,primary,0,1,0
57,59583,1667270,18,358237,4,employed,primary,0,1,0
41,624675,1058725,48,957262,3,student,tertiary,0,0,0
37,1383824,3192475,18,880756,5,self_employed,secondary,1,0,0
33,586512,1549666,12,462735,3,employed,secondary,1,0,0
29,897056,1943422,18,528056,2,employed,primary,1,0,0
32,1547850,3559312,18,263648,2,employed,secondary,0,1,0
50,1989328,4138770,18,330130,5,employed,tertiary,0,1,0
49,1326020,285994,24,469988,1,employed,none,1,1,1
22,996803,4085729,48,903153,5,student,secondary,1,0,0
49,1439292,3400301,48,532290,0,self_employed,secondary,0,1,0
25,921901,3926221,60,75427,1,student,tertiary,1,1,1
48,1962936,3256209,48,300931,3,employed,tertiary,0,1,0
27,1565266,1860948,60,13898,0,self_employed,secondary,1,1,1
63,1364861,2437036,12,927976,1,employed,primary,0,1,0
64,728710,3692461,60,80800,3,employed,none,1,1,1
62,518298,4931841,60,738587,0,employed,tertiary,0,1,0
63,1955879,3842212,36,371167,4,employed,none,1,0,1
52,186149,3757193,12,950136,5,student,secondary,0,0,0
36,620303,3261854,48,126718,5,employed,tertiary,1,0,1
30,1038651,3514403,6,558031,5,unemployed,tertiary,1,1,0
32,1026684,76119,18,733898,4,self_employed,tertiary,1,1,0
30,1270505,692032,18,767877,1,employed,none,1,0,0
50,806556,3354715,36,174458,2,employed,primary,1,0,1
47,1289488,3591652,6,130864,0,employed,tertiary,1,0,1
63,896334,4676269,24,960892,1,employed,secondary,1,1,0
25,1104153,1143565,60,152395,2,self_employed,tertiary,1,0,1
60,856434,4004266,12,462485,5,student,tertiary,1,0,0
35,100711,1902139,24,172391,5,employed,tertiary,1,0,0
23,613739,4028713,6,985263,5,student,secondary,1,1,0
54,543027,1640745,36,541156,2,employed,primary,1,1,0
45,754463,402935,6,230804,0,employed,primary,1,1,1
31,471863,2216458,36,788512,0,employed,secondary,1,0,1
30,609119,3608670,24,144848,2,employed,secondary,1,1,1
56,1347978,3073744,24,197303,3,employed,none,1,0,1
44,1854240,3623258,6,972956,5,employed,secondary,0,1,0
37,1981506,4168273,6,184884,1,employed,tertiary,1,1,1
38,294942,2425646,60,587559,0,employed,tertiary,1,1,0
42,145119,3801413,18,77585,2,employed,tertiary,0,1,0
57,903262,592057,36,451758,3,employed,tertiary,1,0,0
37,1441352,4946913,18,124147,4,employed,primary,1,0,1
45,873265,2773024,12,15628,2,self_employed,secondary,1,1,1
25,1866330,1407085,12,387994,3,unemployed,secondary,1,1,0
23,798224,362329,6,259517,4,employed,tertiary,1,0,1
63,1909406,1756722,24,139337,3,employed,tertiary,1,0,1
48,1092137,1854473,12,942175,0,self_employed,tertiary,0,1,0
53,1684418,3590564,12,391016,2,employed,tertiary,0,0,0
36,100755,4804895,18,798892,4,self_employed,tertiary,1,1,0
62,985210,3215317,18,259970,3,employed,none,1,1,1
62,1251988,2327546,60,527765,4,employed,tertiary,0,1,0
35,901426,4897828,60,788634,1,employed,primary,1,1,0
21,1686748,4662044,12,113846,2,employed,primary,0,1,0
53,920793,1894753,6,875842,0,self_employed,secondary,1,0,0
27,1640346,665995,18,244000,4,employed,tertiary,0,0,0
32,1152801,4204967,12,893185,5,student,tertiary,1,1,0
61,239921,4232042,24,273994,3,employed,secondary,0,1,0
27,1697718,1414981,18,759981,5,student,tertiary,0,0,0
49,1664120,708197,12,938313,4,employed,secondary,0,1,0
51,290617,1971097,60,988390,5,employed,none,0,0,0
55,1207297,2776465,36,658166,3,self_employed,secondary,0,0,0
49,655398,3900919,18,924667,4,employed,primary,1,0,0
20,163606,270421,36,356512,0,unemployed,primary,1,0,0
62,1637514,3102911,18,786617,0,employed,primary,1,1,0
58,1275766,1343073,18,24718,2,self_employed,primary,1,0,1
36,1127506,1783456,60,994585,0,employed,tertiary,1,0,0
39,791067,3618485,48,711562,4,self_employed,primary,1,1,0
43,310102,4140582,48,680575,4,self_employed,tertiary,1,1,0
41,1461120,2191549,36,421541,0,self_employed,secondary,1,0,1
48,1372521,3010669,6,804890,1,employed,primary,1,1,0
41,1674224,1554137,12,130293,4,student,tertiary,1,0,1
63,1972916,327132,6,384486,2,student,secondary,1,0,1
28,197631,2055187,6,671366,1,unemployed,tertiary,1,0,0
56,1393054,4402806,48,749440,0,self_employed,secondary,1,1,0
29,286545,3621479,12,426185,3,employed,primary,0,1,0
55,1111864,4443852,48,601108,4,employed,secondary,0,0,0
56,1776334,4069489,48,890446,3,student,tertiary,1,0,0
47,1305878,3776248,60,420871,5,student,primary,0,0,0
47,1897199,2191572,48,750039,2,employed,tertiary,0,1,0
61,330195,4860627,24,81234,1,employed,tertiary,0,1,0
62,1160291,1295817,6,653570,3,unemployed,secondary,1,1,0
40,1109313,1039862,60,493622,2,employed,none,1,0,1
43,1688004,3913545,60,271246,3,employed,primary,1,0,0
61,1779187,2173120,6,853539,3,student,tertiary,0,0,0
59,1280623,3258236,60,234501,2,unemployed,tertiary,0,0,0
21,317291,810151,6,650616,4,student,secondary,0,0,0
27,1673372,4619883,24,939057,3,employed,none,1,1,0
46,1412944,1183942,18,84079,2,employed,secondary,1,1,1
41,1380363,3725754,60,391313,3,self_employed,primary,1,1,1
56,1399687,1194000,36,618725,4,employed,tertiary,1,0,1
46,1066354,2876145,36,603858,2,employed,none,1,0,0
48,153535,3798688,24,616944,3,unemployed,tertiary,1,0,0
22,1925741,1762189,6,197937,0,student,secondary,1,0,1
63,1097861,4819561,36,380445,4,employed,tertiary,1,0,1
32,1051507,4361590,24,696780,3,employed,primary,0,1,0
64,1395528,3270756,48,156454,1,employed,secondary,0,1,0
29,1611014,985026,12,986739,2,employed,tertiary,0,0,0
55,772648,4282879,36,38795,3,employed,secondary,1,0,1
28,633247,1547060,12,51425,4,employed,secondary,1,0,1
46,445065,655599,6,581690,4,employed,none,1,0,0
53,380322,977906,36,455755,1,unemployed,tertiary,1,1,0
20,772496,1046114,24,731563,1,employed,tertiary,1,1,0
51,1290388,4820773,18,365271,5,self_employed,secondary,0,0,0
44,1210831,4860064,36,763011,5,self_employed,none,1,0,0
48,660610,3091658,36,940963,3,self_employed,primary,1,0,0
26,1929573,1704083,36,836081,0,student,tertiary,1,1,1
22,987687,3077116,36,203567,4,self_employed,tertiary,0,0,0
39,1607098,211554,24,619405,0,student,tertiary,1,0,1
39,1099708,229300,24,261712,0,employed,primary,0,1,0
49,1792195,3803281,18,963888,3,self_employed,secondary,0,0,0
54,801972,1148702,24,464962,2,employed,tertiary,1,1,0
54,1948676,3250842,24,733413,2,student,secondary,0,0,0
58,309427,4450726,6,187350,2,employed,tertiary,0,0,0
46,1530355,763161,60,340300,1,employed,secondary,1,0,1
45,1584019,171284,6,429960,4,self_employed,secondary,1,0,1
33,1731699,3510354,60,350484,1,employed,primary,0,0,0
36,192003,1293045,12,30568,4,self_employed,primary,0,1,0
37,832516,4114972,18,935495,5,student,tertiary,1,0,0
64,1696033,1240866,60,271056,4,student,secondary,0,0,0
48,310529,1432311,6,687887,4,employed,tertiary,1,1,0
39,493855,662529,18,312570,3,employed,secondary,1,0,1
46,303608,2968306,18,372507,2,self_employed,primary,1,0,1
37,808673,4548448,36,230066,1,self_employed,secondary,0,1,0
23,764261,211686,48,937911,5,self_employed,secondary,1,0,0
20,1723281,591889,48,253007,1,self_employed,tertiary,1,1,1
20,1623908,1716196,48,929848,3,self_employed,none,1,1,0
45,227763,1483974,18,494957,4,employed,tertiary,1,1,0
64,281807,4971207,36,2355,5,self_employed,tertiary,0,0,0
39,74363,4133746,12,96429,2,employed,tertiary,0,0,0
42,1407414,3656556,12,710093,0,employed,none,1,1,0
29,444798,3080948,48,459501,0,self_employed,tertiary,1,0,0
30,1034348,999014,12,478187,3,employed,tertiary,1,1,0
60,1906309,342527,36,438949,2,self_employed,tertiary,0,1,0
60,1435049,1241433,48,974419,0,employed,tertiary,1,1,1
24,51620,860713,60,970220,0,employed,tertiary,1,0,0
20,1422944,1474558,60,111151,5,employed,tertiary,1,0,1
36,1548447,1158731,36,300670,5,self_employed,tertiary,1,0,1
41,1193995,4562761,12,804520,1,employed,tertiary,1,0,0
53,742894,4237586,48,327521,2,self_employed,secondary,1,0,1
64,1595288,3713681,60,175477,0,self_employed,tertiary,1,1,1
60,1825565,3979605,36,432058,5,employed,primary,1,1,1
48,1940864,4763289,24,586076,5,unemployed,tertiary,1,1,0
23,230324,3621194,60,504898,5,unemployed,secondary,0,0,0
24,1416529,868408,24,575817,1,unemployed,secondary,1,1,0
30,1645123,2814503,36,112833,2,self_employed,tertiary,1,1,1
40,70655,3300133,36,103578,4,employed,tertiary,1,1,0
54,999133,3773760,6,183455,5,employed,secondary,0,1,1
31,500400,2038813,60,505527,2,self_employed,secondary,0,0,0
45,1120178,2810620,6,563465,3,employed,none,0,1,0
38,922377,2391978,18,641191,1,self_employed,primary,0,0,0
64,716470,3449584,60,563344,4,employed,primary,0,1,0
26,1985854,569637,48,481465,5,employed,tertiary,0,1,0
26,1441538,1082018,18,590709,5,self_employed,tertiary,1,0,0
45,977699,3523388,18,688992,1,employed,tertiary,0,1,1
59,575825,738722,12,301829,1,employed,tertiary,1,0,0
24,460354,4752714,24,208294,0,unemployed,tertiary,0,1,0
40,1879074,1843493,12,68590,5,employed,none,1,1,1
33,751562,708561,48,271121,2,employed,tertiary,1,1,1
23,221236,3432958,36,877000,1,employed,secondary,0,0,0
42,962977,1731821,6,835399,1,employed,secondary,0,0,0
61,139743,3463553,48,336216,3,employed,tertiary,0,1,0
39,497875,2194022,36,408286,3,self_employed,tertiary,1,0,0
34,1184731,4110556,48,475689,3,unemployed,primary,1,1,0
64,1188422,2360480,36,807932,1,unemployed,tertiary,1,1,0
48,808795,1952211,60,499203,4,employed,tertiary,0,1,0
27,1391282,2306376,6,901907,2,self_employed,secondary,1,1,0
60,864468,1672925,36,534299,1,unemployed,tertiary,1,0,0
38,1814688,4826827,18,179111,0,employed,tertiary,1,0,1
58,910665,1634081,48,402112,5,employed,secondary,1,1,1
47,657337,2457647,6,357479,4,unemployed,tertiary,0,1,0
46,289647,2561022,36,997622,4,self_employed,secondary,0,1,0
23,1429401,1290962,18,433174,2,employed,tertiary,1,0,1
34,339962,1362128,18,435128,4,employed,tertiary,1,1,0
54,898964,1838144,60,814,2,employed,tertiary,0,1,0
56,1046140,157042,24,468492,4,employed,secondary,0,1,0
20,369849,3377372,18,417935,5,employed,primary,1,1,0
22,594392,3123454,12,282294,2,employed,tertiary,1,1,0
43,436480,3690625,6,987998,3,self_employed,secondary,0,1,0
46,1750768,4877860,6,3825,3,self_employed,primary,1,1,1
59,1954611,2081143,6,574656,4,self_employed,secondary,1,0,1
55,1725363,3221050,36,408016,4,self_employed,tertiary,1,1,1
53,895457,2002512,48,75535,2,employed,tertiary,1,0,1
48,1850200,1943223,36,86390,2,employed,none,1,1,1
43,1917325,2054358,12,504484,5,employed,primary,1,0,1
43,474632,741572,48,223923,1,employed,secondary,1,0,0
61,1271660,2241987,60,629364,3,student,tertiary,1,1,0
23,1622732,3450755,18,730377,1,self_employed,tertiary,1,0,0
22,1990593,123079,36,179577,1,employed,secondary,1,1,1
53,1559837,1785676,48,777765,0,employed,secondary,0,0,0
42,1775336,947165,18,582187,2,employed,secondary,0,0,0
42,1408990,3202981,48,738142,0,employed,tertiary,1,0,0
64,1301717,4323615,18,809033,0,employed,secondary,0,1,0
24,693703,2966397,48,141749,1,employed,none,1,0,1
50,1541625,1031835,36,422768,0,employed,tertiary,0,0,0
60,1293292,3787609,36,784609,5,employed,secondary,1,0,0
25,1703070,1004940,12,743218,2,self_employed,secondary,1,0,1
56,1430188,1248061,60,461107,1,self_employed,primary,1,1,1
29,1080403,2373985,60,992197,2,unemployed,tertiary,0,1,0
59,1289121,4807077,24,493915,5,employed,tertiary,1,0,1
26,1013313,1297880,6,123355,4,unemployed,primary,1,0,0
58,481544,1412617,36,877882,0,self_employed,tertiary,1,0,0
57,1528576,1103580,36,164364,1,employed,tertiary,1,1,1
40,1122299,2104321,18,128424,3,employed,secondary,1,0,1
39,897078,3503796,24,125451,2,employed,secondary,1,1,0
22,771615,1087140,60,328241,5,employed,secondary,1,1,1
41,1622938,1666419,36,729063,0,employed,secondary,1,0,1
23,1878109,940648,48,671544,2,unemployed,secondary,1,1,0
47,1387218,228475,60,220408,5,employed,primary,1,0,1
31,1819458,2445661,24,978550,2,employed,secondary,1,0,0
57,1719745,4605081,6,328885,4,employed,none,0,0,0
55,1512333,3777303,48,585665,5,employed,primary,1,0,1
60,620217,3516948,18,405255,2,unemployed,primary,0,1,0
24,173199,3836491,12,569449,4,student,tertiary,1,1,0
32,1330101,3140007,48,690366,4,employed,primary,0,1,0
42,1386748,100151,60,148616,4,employed,secondary,1,1,1
49,79545,4606313,6,537275,0,unemployed,secondary,1,0,0
56,1702433,2704981,48,529527,5,employed,none,1,0,1
44,81673,122847,24,569073,2,self_employed,primary,1,1,0
46,474190,2889611,24,23358,2,student,none,0,0,0
33,502115,2358963,6,376903,5,self_employed,tertiary,1,0,0
55,1514889,3073946,60,475890,4,employed,tertiary,1,0,1
58,938943,543570,24,187522,2,unemployed,tertiary,1,0,0
35,1453864,1026446,48,219592,2,student,primary,1,0,1
41,1425544,3933755,12,159500,4,self_employed,primary,1,0,1
40,73525,4667663,48,9096,3,employed,secondary,1,0,0
40,632092,3545652,12,47582,3,student,primary,0,0,0
27,196115,742101,24,942040,4,student,none,1,1,0
35,616134,3615842,48,712755,0,student,tertiary,1,1,0
50,1175837,4761953,24,898027,2,employed,secondary,0,1,0
61,807600,149919,60,461373,2,self_employed,tertiary,1,0,0
29,550827,3570726,12,625782,3,self_employed,none,0,1,1
51,1282676,1315322,60,331628,4,employed,none,1,0,1
53,1914491,3389748,24,787719,5,employed,tertiary,1,1,1
28,57265,3781784,36,709870,5,self_employed,secondary,0,1,0
36,859195,3594450,18,548190,0,unemployed,primary,0,0,0
30,1305300,4789197,48,318332,4,unemployed,primary,0,0,0
51,65733,2750030,36,375038,3,employed,primary,1,1,0
29,948628,1898523,60,414380,3,employed,primary,1,0,1
41,1713902,1447931,24,867636,2,employed,none,1,0,0
36,349564,481838,24,132844,1,unemployed,none,1,0,0
23,1076281,1901608,18,184126,0,employed,tertiary,1,0,1
44,714607,2037881,24,972382,0,self_employed,tertiary,1,0,0
40,508365,1758365,18,651088,1,self_employed,tertiary,1,0,0
56,1119634,709966,48,949742,5,student,secondary,1,1,0
57,296301,3834396,12,759864,5,employed,none,0,0,0
20,1395649,4939798,18,320437,5,self_employed,secondary,0,1,0
44,1051675,4184129,18,474514,3,student,tertiary,1,1,0
55,212434,4400851,36,531501,4,self_employed,secondary,0,0,0
36,660777,1250761,24,277085,0,employed,tertiary,1,1,1
60,1707528,3871099,48,882313,1,employed,tertiary,0,1,0
43,1801292,4300050,12,409180,2,unemployed,tertiary,1,0,0
21,127597,4105235,6,26855,2,employed,primary,1,1,0
59,1095384,3893941,60,976273,3,self_employed,secondary,1,1,0
34,1891049,2315545,18,908171,0,self_employed,tertiary,1,1,0
51,128209,643167,6,525334,4,student,secondary,0,1,0
58,1880973,1820358,24,801341,0,employed,tertiary,0,1,0
25,1291517,698843,60,734474,5,self_employed,tertiary,1,0,0
20,1774995,3551174,18,416584,2,employed,secondary,1,1,1
42,674152,958840,6,378997,0,employed,secondary,1,0,0
58,198620,840023,36,94135,2,employed,tertiary,1,0,0
36,1506870,4885461,6,595543,1,unemployed,primary,0,1,0
53,1497211,3212466,60,212568,1,unemployed,primary,1,0,0
60,216562,1232279,36,744502,2,employed,primary,1,1,0
48,257158,1771841,60,771224,4,employed,primary,1,0,0
28,689446,1641920,12,408840,4,self_employed,secondary,0,1,0
32,1026264,3960762,24,235787,0,self_employed,secondary,1,0,1
25,1100044,3774434,48,368522,2,self_employed,tertiary,1,1,1
25,336453,873622,6,796784,3,student,tertiary,1,0,0
39,1057787,76014,18,358565,4,unemployed,tertiary,0,0,0
22,1170831,3193889,60,866971,4,employed,secondary,0,1,0
36,1880942,1826935,60,271367,5,employed,tertiary,1,0,1
31,918331,3959005,24,249048,1,self_employed,tertiary,0,0,0
64,1651582,4425654,6,864686,4,unemployed,secondary,1,0,0
20,275409,2935364,18,853283,4,employed,tertiary,1,0,1
36,289967,534859,18,50044,5,self_employed,primary,1,1,1
22,743201,764618,60,876650,4,employed,secondary,1,0,0
45,1041052,4734643,48,609288,5,student,none,0,0,1
34,788925,92192,60,893672,2,self_employed,secondary,1,0,0
55,1014164,941307,48,948923,2,employed,tertiary,0,1,0
51,418697,1058008,60,931271,1,employed,secondary,0,1,0
51,886713,1459849,60,727362,0,employed,none,0,1,0
23,425595,93923,18,293172,5,unemployed,secondary,1,0,0
37,1345689,1712060,48,834385,4,self_employed,secondary,1,1,0
38,1885775,3579619,18,57965,0,self_employed,tertiary,1,1,1
62,1495687,2899896,6,234466,2,employed,tertiary,0,1,1
54,632314,2742468,60,69776,4,employed,tertiary,1,0,1
59,1665832,997226,12,293603,0,employed,tertiary,0,1,0
33,1794033,816751,48,90932,5,employed,secondary,0,0,0
52,458548,4909648,36,868763,5,employed,secondary,1,0,0
33,195693,2113632,36,680049,0,employed,tertiary,1,1,0
53,1699734,3026760,36,473662,5,employed,tertiary,1,0,1
23,1641038,3923416,12,330126,3,self_employed,secondary,1,0,1
43,960789,2593071,18,396562,2,unemployed,tertiary,0,1,0
48,935621,4383087,18,176251,1,employed,none,1,0,1
38,614790,3805564,24,639061,1,self_employed,tertiary,1,1,0
25,348818,1591661,36,826949,3,employed,primary,0,1,0
52,611548,4739491,36,331822,0,employed,secondary,1,1,0
59,1010002,3845109,18,212678,5,student,secondary,1,1,1
38,1821545,1951563,36,374635,3,employed,secondary,1,1,1
20,754824,3547720,18,859055,3,employed,secondary,1,1,0
24,646093,2941838,60,482504,5,employed,secondary,1,0,0
46,245991,4631858,60,212243,2,employed,primary,1,1,1
35,1882500,2900467,18,976420,5,self_employed,secondary,1,0,0
25,235541,2617488,48,480970,5,employed,secondary,1,0,0
59,67194,3403800,18,359553,4,employed,secondary,0,0,0
32,732171,3443757,6,310719,0,unemployed,primary,1,1,0
54,908809,3404775,6,894933,1,employed,primary,0,1,1
38,1753728,180509,6,307183,1,employed,primary,1,0,1
31,1617529,2909224,6,705315,3,student,tertiary,0,0,0
35,618011,2674713,12,80260,3,employed,tertiary,0,0,0
62,1329984,589618,24,580159,3,unemployed,secondary,0,1,0
29,518451,2299718,24,191750,0,student,tertiary,0,0,0
44,1340689,2747862,18,645061,3,employed,secondary,0,1,0
39,1174874,958521,60,424567,3,employed,tertiary,1,1,1
50,633526,53212,36,584981,4,employed,primary,1,1,0
23,309425,282131,6,817865,0,unemployed,tertiary,1,1,0
63,1728297,526657,24,74797,2,employed,primary,1,0,1
42,560609,1710458,24,210087,2,self_employed,primary,1,1,1
21,1205668,688093,6,802236,5,student,secondary,1,0,0
41,1362867,3540513,60,748141,4,unemployed,none,1,0,0
56,1328567,1885647,12,831533,1,student,primary,0,0,0
27,350589,375737,12,715475,5,self_employed,secondary,0,0,0
26,759163,3707892,24,602651,2,student,secondary,1,0,0
33,1290756,1454619,12,107904,0,employed,tertiary,1,0,1
22,680458,2937320,48,306844,1,self_employed,secondary,0,0,0
35,397761,4897363,6,639240,3,self_employed,tertiary,1,0,0
38,263482,944030,60,339720,0,employed,secondary,0,0,0
37,889934,3703980,24,543765,1,employed,tertiary,1,0,0
35,1739980,3411661,6,278271,2,self_employed,primary,1,1,0
27,874187,3515461,12,217790,5,employed,secondary,1,1,1
52,1762669,4965471,6,550337,3,employed,tertiary,1,0,0
31,845911,1379134,12,522471,3,employed,tertiary,1,1,0
30,649649,2731971,60,536761,0,student,none,0,1,0
24,1775240,4751713,12,737605,5,employed,tertiary,1,1,1
46,478910,2844937,6,230582,3,unemployed,secondary,1,0,0
31,1222808,4796176,60,848268,1,employed,tertiary,1,0,0
36,1990594,4813375,12,304608,4,employed,tertiary,1,1,1
25,131171,1793745,48,538002,2,employed,secondary,0,1,0
52,426295,4953991,18,323022,0,self_employed,primary,1,0,0
24,136296,4893086,6,951712,5,unemployed,secondary,0,1,0
47,1239138,3835830,18,359625,4,self_employed,primary,0,1,0
33,202324,300139,6,992187,4,self_employed,secondary,1,1,0
24,548506,2015760,12,212875,0,employed,none,1,0,0
52,712222,550228,12,827946,1,self_employed,tertiary,1,1,0
60,291535,1796197,60,96988,5,employed,tertiary,1,1,1
38,1430679,4257884,24,267280,2,employed,secondary,1,1,1
41,1502242,828639,48,98115,0,unemployed,secondary,1,1,0
24,1416742,3541318,24,31516,5,unemployed,tertiary,1,0,0
21,833258,4713272,18,339126,4,employed,tertiary,1,0,1
49,1946999,2062191,12,457094,4,student,tertiary,0,1,0
58,1270575,1582239,24,45099,0,self_employed,none,1,1,1
23,805737,655262,12,876492,5,employed,secondary,1,1,0
52,1055594,2360317,6,537476,4,employed,secondary,1,1,0
32,1410573,4649731,24,761733,0,student,secondary,0,0,0
39,1130402,4696505,18,635361,0,self_employed,secondary,1,0,0
26,1927887,3985806,60,837620,2,employed,primary,1,1,1
34,1811201,760731,24,386221,0,self_employed,tertiary,1,0,1
42,646649,3968139,12,529848,5,self_employed,none,1,1,0
33,290028,2452112,36,504373,5,employed,none,1,1,0
42,1438710,3285188,36,108763,4,self_employed,tertiary,1,1,1
38,1450507,1404832,60,429613,3,employed,none,1,0,1
48,1315832,3246776,60,470409,2,self_employed,none,0,0,0
39,90736,2070991,48,385795,5,student,tertiary,1,1,0
48,1385250,4027912,60,824514,4,student,primary,0,0,0
43,259124,2143787,12,215448,4,self_employed,primary,0,1,0
37,1276706,1072805,6,41430,2,student,primary,1,0,1
29,680368,994793,24,443738,2,unemployed,secondary,0,1,0
60,517310,4551236,60,564685,4,employed,tertiary,1,0,0
27,1434975,2671485,36,207932,3,student,secondary,1,1,1
45,710246,1630622,6,129189,1,employed,secondary,1,1,1
48,438742,3975413,12,549535,4,employed,primary,0,1,0
29,274793,961508,6,151015,2,self_employed,primary,0,0,0
36,692911,1777373,12,694820,0,employed,secondary,0,0,0
21,1398107,3870673,48,566274,0,employed,primary,0,1,0
25,726935,190926,24,306658,2,self_employed,primary,1,0,1
24,1735124,233148,6,211980,2,employed,secondary,1,0,1
47,1076153,893382,24,969889,1,student,tertiary,1,1,0
60,482859,2819861,6,930135,5,employed,primary,1,0,0
24,1552148,544496,12,591296,2,student,tertiary,1,0,1
37,451072,4263759,12,682315,0,employed,secondary,1,0,0
45,481385,4857144,6,833799,3,self_employed,primary,0,0,0
39,741150,432605,48,424018,2,employed,tertiary,1,1,0
60,1391708,4809076,12,70408,1,self_employed,secondary,0,0,0
46,1601771,997719,18,224155,3,employed,primary,1,1,1
31,1437168,2805916,18,829773,1,employed,none,0,0,0
26,1006010,4412636,24,144763,3,employed,tertiary,1,1,1
22,1474150,3296375,60,371930,2,self_employed,secondary,0,0,0
29,793264,3785658,18,266897,0,student,tertiary,0,1,0
53,510522,3931819,18,526121,3,employed,none,1,1,0
44,715329,882441,48,759592,4,self_employed,secondary,0,1,0
54,324548,3830895,48,270789,5,self_employed,tertiary,0,0,0
35,1500781,4512028,60,236192,1,employed,tertiary,1,0,1
21,508521,951334,36,377572,3,employed,primary,1,0,0
43,1527775,1793579,60,358121,1,employed,tertiary,1,1,1
29,1864220,4995849,36,564312,0,employed,primary,1,0,1
57,220534,177319,48,772428,1,employed,tertiary,1,1,0
41,331504,562193,36,633141,1,employed,tertiary,0,1,0
45,922089,1577965,48,211670,4,employed,secondary,1,0,1
62,469503,4351264,36,140707,1,unemployed,tertiary,1,0,0
58,246544,89015,12,675424,3,unemployed,tertiary,0,1,0
46,1345088,778165,48,534228,1,self_employed,none,0,0,0
48,1862901,982478,60,821601,2,self_employed,secondary,1,1,1
57,1132736,2624660,24,340791,1,employed,primary,1,1,1
39,1367509,1884927,24,240739,2,employed,tertiary,0,0,0
46,208253,983671,48,569488,5,employed,secondary,0,1,0
60,719745,3501020,18,187401,1,self_employed,secondary,1,1,1
39,1967605,2874665,24,444374,5,student,tertiary,0,0,0
63,1164217,4990659,60,685099,1,employed,secondary,1,0,0
38,1929255,3056374,18,239354,3,employed,secondary,1,1,1
39,1709537,1971086,24,148865,2,self_employed,secondary,1,1,1
54,1329898,4364198,6,607970,5,unemployed,secondary,0,0,0
21,317688,2737279,6,33677,5,employed,secondary,0,0,0
49,821143,1128332,48,459512,2,employed,primary,1,0,1
53,456491,4912347,60,809454,4,unemployed,secondary,1,1,0
41,1859225,1279133,60,988652,1,employed,tertiary,1,0,0
22,637536,1327879,24,158337,1,self_employed,secondary,0,0,0
25,346694,4199658,12,524818,3,unemployed,tertiary,0,1,0
34,1938701,724075,18,271695,4,student,secondary,1,1,1
46,965356,1037601,24,290538,4,employed,tertiary,1,1,1
29,1511433,4735903,48,567275,3,employed,none,1,1,1
28,1301397,4739587,18,966488,5,employed,tertiary,1,0,0
52,830237,2764383,36,854528,2,self_employed,tertiary,0,1,0
51,1965029,792476,48,346241,5,self_employed,primary,1,0,1
25,1376325,4188937,24,332783,0,student,secondary,0,0,0
60,546389,4392492,12,941594,3,employed,tertiary,0,0,0
55,100713,611032,36,476673,2,self_employed,tertiary,0,1,0
21,1512182,3676523,48,763129,5,employed,tertiary,1,0,0
48,1436123,3836088,24,2781,5,employed,none,0,0,0
23,894898,2542492,6,17330,4,employed,primary,1,0,1
20,1626845,2383180,60,267401,3,employed,tertiary,1,0,1
38,1038722,1105752,24,582930,0,unemployed,secondary,0,1,0
45,1479958,3972381,6,709609,1,employed,tertiary,1,1,0
44,145335,1556610,6,313807,3,employed,primary,1,1,0
29,157441,4757915,48,559244,0,employed,none,1,1,0
34,1115560,1143753,24,235439,0,employed,tertiary,1,1,1
41,1748444,3721013,60,802047,3,employed,secondary,0,1,0
40,947748,2599698,24,787313,2,unemployed,tertiary,0,0,0
41,465976,546184,6,395063,3,student,tertiary,0,1,0
55,706884,1084549,18,760263,5,employed,secondary,1,0,0
53,692742,2394591,36,968631,4,self_employed,primary,1,0,0
49,1147978,4888995,12,645553,5,employed,secondary,1,1,0
44,141656,4124463,24,349790,0,employed,primary,0,1,0
64,115614,145287,36,127148,0,self_employed,tertiary,1,1,1
47,216963,3315302,36,299480,1,employed,secondary,0,1,0
20,403153,2927903,18,606138,0,employed,secondary,1,0,0
64,483048,1446167,36,619942,1,employed,tertiary,1,1,0
23,1406556,4091682,24,171003,0,employed,none,0,0,0
26,1037938,3644909,48,437140,0,employed,tertiary,1,1,1
28,833077,1441864,48,809398,3,employed,tertiary,1,0,0
55,986066,4208433,36,437239,3,employed,secondary,1,0,1
38,1032014,1291165,24,11320,4,self_employed,primary,1,0,1
20,1753913,2503611,24,975345,5,employed,primary,1,0,0
29,912839,4733024,6,589413,2,employed,tertiary,1,0,0
55,844042,1102666,18,985256,4,employed,secondary,1,0,0
28,1732245,1516737,60,222172,0,unemployed,secondary,0,0,0
64,1584710,2150895,12,235077,4,employed,tertiary,1,0,1
61,1114367,1129500,60,117296,3,unemployed,secondary,1,0,0
51,1156623,3336996,6,125355,5,employed,tertiary,0,0,0
51,1592640,4112320,12,717218,0,student,tertiary,1,0,0
25,284898,1728176,60,451930,0,employed,primary,1,0,0
57,511122,3526732,24,11780,4,employed,none,1,0,1
36,725025,1008904,48,862662,5,employed,primary,1,1,0
29,120246,2887689,6,725705,1,self_employed,none,1,1,0
46,1295512,279602,60,514249,2,self_employed,secondary,0,0,0
54,1333531,3538271,36,999602,5,employed,tertiary,1,1,0
40,398292,2985137,36,636984,4,employed,tertiary,0,0,0
44,620178,4399487,12,491193,4,self_employed,tertiary,0,1,0
47,1498586,3833582,24,630363,2,student,tertiary,0,0,0
34,1655752,3453171,48,253731,0,student,none,1,1,1
23,1236397,4176315,12,133001,0,self_employed,none,1,1,1
48,620819,4818614,60,357297,1,employed,tertiary,1,1,0
28,857040,3854287,60,510452,4,employed,tertiary,1,0,0
46,393130,3381838,48,905954,2,unemployed,secondary,0,1,0
45,1087886,638829,60,407460,4,unemployed,tertiary,1,1,0
38,396140,3302696,18,884847,3,student,tertiary,1,1,0
47,1678881,3072927,48,896147,4,self_employed,tertiary,0,1,0
36,1595739,4712608,36,122636,4,unemployed,tertiary,1,1,0
62,107676,2030343,60,377546,3,unemployed,secondary,0,1,0
60,1634424,4708455,60,910713,3,self_employed,primary,1,1,0
61,1546193,3386460,6,11116,2,self_employed,primary,1,0,1
39,1149044,1295175,6,219026,0,employed,tertiary,1,1,0
64,1083388,3524484,6,998747,1,self_employed,secondary,0,1,0
59,737823,188307,48,345445,3,student,tertiary,1,0,0
58,999167,1187333,36,429111,0,employed,primary,1,1,1
42,1036210,3036369,48,733996,2,self_employed,secondary,1,0,0
51,501989,3449928,24,548155,5,employed,secondary,1,0,0
52,869555,3098558,36,895939,4,unemployed,secondary,1,1,0
24,1717210,1646509,36,525496,2,self_employed,primary,0,1,0
62,715078,3651817,48,699445,2,student,tertiary,0,0,0
53,1094281,4200450,48,327716,3,self_employed,primary,1,1,1
59,767997,1818494,6,458450,1,employed,primary,1,1,0
30,1885036,374377,36,83748,3,employed,none,0,0,0
22,1029874,1253049,6,142324,4,self_employed,primary,0,1,0
52,97599,844203,24,85261,3,employed,tertiary,0,1,1
30,198469,522650,18,924510,4,self_employed,none,1,0,0
35,290270,2511897,6,768731,3,employed,tertiary,1,1,0
37,1143982,3681548,48,220667,5,unemployed,tertiary,1,0,0
49,1932665,3590886,60,857315,1,employed,secondary,1,1,1
29,1166136,3871476,12,556459,5,student,secondary,1,1,0
37,566394,3058808,18,552805,0,self_employed,secondary,1,0,0
57,1727007,4825634,24,155346,1,employed,primary,0,0,0
38,570112,890172,60,951081,3,self_employed,secondary,0,1,0
55,1243151,1669888,48,551936,2,student,tertiary,1,1,1
32,1153519,1777386,18,331798,0,self_employed,primary,1,1,1
22,1174415,322201,48,804342,2,employed,tertiary,1,0,0
29,656962,4992913,6,257471,5,student,tertiary,1,0,1
57,599633,845415,60,209691,1,employed,primary,0,0,0
20,1348071,4788587,48,49647,0,employed,primary,0,0,0
46,1148966,4358891,60,471939,5,self_employed,secondary,1,0,1
27,1848977,2894140,24,524712,3,employed,tertiary,1,1,1
61,371701,520897,12,707259,2,employed,secondary,1,0,0
36,1032558,1137462,6,550929,3,self_employed,tertiary,1,1,0
28,1100482,4339453,6,952254,4,self_employed,tertiary,0,0,0
25,1007671,4862612,60,384560,0,employed,tertiary,1,1,1
62,582249,3722689,24,998958,2,self_employed,primary,0,1,0
44,1255788,1002394,24,678514,1,self_employed,tertiary,1,1,0
58,955721,3705694,18,703526,1,self_employed,primary,1,0,0
47,239773,446904,12,929496,1,unemployed,primary,1,0,0
52,1438287,3048163,48,296145,5,employed,secondary,1,1,1
56,392808,4215666,18,538834,1,self_employed,tertiary,1,1,0
28,1179775,4789233,48,172596,2,self_employed,none,1,0,1
37,1883792,475716,48,986059,5,self_employed,secondary,1,1,0
40,149764,610085,48,1304,4,employed,tertiary,1,1,1
21,1220933,3503822,18,647010,1,employed,secondary,1,1,0
62,1441449,1725203,6,898880,1,employed,tertiary,1,1,0
57,471777,4647158,24,966788,5,self_employed,secondary,1,0,0
59,362712,231136,6,868800,1,employed,secondary,1,1,0
55,945781,3449029,12,88327,4,employed,tertiary,1,0,1
62,909734,2541807,18,796454,5,self_employed,tertiary,0,1,0
56,1062884,3059198,12,206958,5,unemployed,primary,0,0,0
34,1717832,1857853,24,77354,0,employed,tertiary,1,1,1
47,210576,972879,24,426833,5,student,secondary,0,0,0
37,1922154,3976365,36,120045,1,employed,primary,1,0,1
53,1663161,2646496,12,855930,5,employed,secondary,1,1,0
41,660682,1799033,6,189896,1,self_employed,tertiary,1,0,1
30,963605,3043518,60,123780,1,employed,tertiary,1,0,1
32,962374,1676140,12,725750,5,student,primary,1,1,0
23,1560399,4513376,18,34307,0,employed,tertiary,1,0,0
41,66939,1055520,24,247659,1,employed,tertiary,0,1,0
26,493931,4037469,24,785244,0,self_employed,none,1,1,0
62,356604,4450023,12,461696,0,self_employed,none,0,0,0
43,249294,4940552,12,643933,5,student,tertiary,1,1,0
23,980170,4360500,48,939831,3,employed,primary,1,1,0
47,112119,1107980,12,265388,3,employed,secondary,1,0,0
34,740681,1525431,48,940224,1,employed,tertiary,1,0,0
20,1242834,2600966,18,25090,2,self_employed,none,1,1,1
22,1508251,2082479,18,326421,3,self_employed,secondary,1,0,1
33,1053750,3833203,6,635847,5,student,tertiary,1,0,0
57,1317403,946881,12,99895,5,self_employed,tertiary,1,1,1
20,1365777,1650548,6,122641,3,student,primary,1,1,1
57,1028167,1691455,60,441752,2,student,tertiary,1,1,1
57,199805,4977386,36,269999,4,employed,primary,0,1,0
40,1904165,314826,18,253555,1,employed,tertiary,0,0,0
48,1920038,2054126,24,909395,4,employed,tertiary,1,1,0
24,200685,2914621,48,773790,4,employed,none,1,1,0
29,1731476,3741848,36,258845,0,employed,none,1,1,1
47,427224,1695589,24,903247,0,employed,primary,1,1,0
40,1968036,2275283,36,919105,1,employed,primary,1,0,0
26,529498,1144096,6,949456,2,employed,tertiary,0,0,0
22,1234836,375063,6,111113,0,employed,tertiary,1,1,1
64,288178,2735882,48,312518,3,employed,tertiary,1,1,0
39,309418,3981041,18,923194,1,employed,secondary,1,0,0
38,79680,1801434,60,536809,5,employed,tertiary,0,0,0
54,284433,3567559,48,624434,4,employed,secondary,1,1,0
23,414446,4766789,60,207091,1,unemployed,secondary,1,0,0
24,517616,1964461,24,925562,5,employed,primary,1,1,0
20,498934,2598105,36,144776,5,unemployed,tertiary,1,0,0
23,610733,3486262,48,58933,0,self_employed,tertiary,0,0,0
31,1097725,4778839,60,595389,5,employed,none,1,0,0
46,1628660,1813655,12,43856,2,employed,tertiary,0,0,0
61,1932226,1526470,12,561544,5,employed,primary,0,1,0
42,1793067,4725322,18,843784,5,employed,tertiary,1,0,0
44,1499915,566456,60,782948,4,self_employed,primary,1,0,0
40,713582,985510,48,423831,2,student,tertiary,1,0,0
43,860506,4797262,24,121638,1,student,secondary,1,0,1
44,1521617,1592549,12,762570,2,self_employed,tertiary,1,1,0
64,873271,3132207,18,788359,2,employed,tertiary,1,0,0
51,1992120,3205964,48,933016,1,employed,secondary,1,0,1
51,963946,2182720,18,794733,4,self_employed,primary,1,0,0
24,642610,4173546,24,86849,5,unemployed,secondary,0,0,0
55,892753,3827343,12,729353,2,employed,none,1,1,0
61,1853110,4500049,12,464244,2,student,secondary,1,1,1
61,1070004,2519484,12,855191,1,employed,tertiary,1,1,1
58,1732964,2632271,60,874479,3,employed,primary,1,1,0
35,1621897,4522800,6,349135,2,student,secondary,1,0,1
52,469204,1748585,60,849490,0,student,tertiary,1,0,0
40,871939,4503595,12,492474,5,self_employed,tertiary,0,1,0
28,149244,4683170,36,982430,5,employed,tertiary,1,1,0
25,1590436,4647866,6,416650,4,employed,tertiary,0,1,0
64,437932,2827668,48,816773,2,employed,tertiary,0,0,0
54,1455971,2203056,60,894277,1,self_employed,secondary,1,0,0
58,1908814,2030115,6,932511,0,employed,primary,1,1,0
41,1228940,958573,6,362022,1,self_employed,secondary,0,0,0
60,1921909,572247,60,682159,2,employed,primary,1,1,1
24,1508835,396300,60,842252,0,employed,none,1,0,0
61,1567553,4510624,6,408890,4,self_employed,tertiary,0,1,1
42,452968,674747,18,932930,4,student,secondary,1,1,0
36,1298641,1284498,36,990135,4,employed,none,1,1,1
31,1796552,3333629,24,306935,3,unemployed,none,1,1,0
42,102127,543406,12,220712,1,employed,secondary,1,1,0
35,1042281,1858711,60,527543,2,self_employed,tertiary,1,1,0
22,1885461,2368890,6,689186,0,student,primary,1,1,1
49,911864,954890,24,791376,5,employed,tertiary,0,0,0
41,1710226,2625228,60,431042,5,employed,secondary,1,0,1
28,1371696,4100338,18,816929,1,employed,tertiary,1,1,0
48,1737040,292726,24,814155,2,employed,secondary,1,1,0
56,149122,771202,6,952791,3,self_employed,none,1,1,0
42,382548,3624787,48,798277,2,employed,primary,0,1,0
32,1442652,756168,36,876265,1,employed,secondary,0,1,0
51,671458,515996,24,461322,2,self_employed,tertiary,1,0,0
42,1438427,1448962,60,355183,5,self_employed,tertiary,1,1,1
64,1581439,4029062,6,466202,5,employed,tertiary,1,1,1
36,1316488,1393763,60,216879,0,self_employed,tertiary,1,1,1
59,1871042,909299,6,237079,3,self_employed,tertiary,1,0,1
40,1334427,2486385,12,55569,5,employed,secondary,1,0,1
21,1454509,1588668,48,81434,0,self_employed,secondary,1,0,1
56,670804,1029581,12,210997,3,unemployed,secondary,1,0,0
25,1630821,3862661,48,244790,5,employed,none,0,0,0
63,557750,3019554,36,942967,3,self_employed,secondary,1,0,0
37,1206300,1385184,12,787176,2,unemployed,secondary,1,1,0
49,448008,1534632,36,429498,0,unemployed,tertiary,1,0,0
41,1373957,2789963,60,52082,3,self_employed,secondary,0,0,0
52,1936594,1643526,18,447905,3,self_employed,secondary,1,0,1
49,1049291,4829313,18,338551,2,self_employed,tertiary,1,1,1
36,1904260,4712543,48,603360,5,self_employed,primary,1,0,1
62,1502499,1859875,48,851198,5,employed,tertiary,1,0,0
51,1788142,916572,12,65711,1,employed,secondary,0,0,0
61,1626407,3147619,18,508469,1,employed,secondary,0,1,0
33,749495,235846,24,789649,5,employed,none,0,0,0
29,297541,3468258,24,473858,4,employed,secondary,1,0,0
55,1081328,651516,60,947863,4,employed,secondary,0,1,0
53,678935,3186676,24,636288,3,student,tertiary,0,0,0
28,1657895,3342025,60,839941,5,student,primary,1,1,0
61,224001,3605637,18,455186,1,self_employed,primary,1,1,0
47,1426467,3530069,24,284501,3,student,secondary,1,0,1
30,1549643,4287325,36,828786,0,student,tertiary,1,1,0
33,367455,4625363,6,300714,1,unemployed,secondary,0,0,0
58,555329,2296485,48,531322,1,employed,tertiary,1,0,0
38,1859267,470594,12,16263,1,employed,primary,1,1,1
34,115867,3050758,60,959684,4,employed,secondary,0,0,0
47,138780,979441,36,181171,2,employed,tertiary,1,0,0
43,1155772,3262058,24,205384,2,unemployed,secondary,1,1,0
27,647993,752726,6,502574,4,employed,secondary,1,0,0
62,894326,908754,12,75348,5,employed,tertiary,0,0,1
28,924072,2716753,36,609563,5,employed,none,1,0,0
52,550653,2381881,12,420141,4,employed,primary,1,1,0
52,326735,1387752,60,775299,4,self_employed,secondary,0,0,0
38,1720111,1583755,60,281719,5,self_employed,secondary,1,1,1
22,1802829,1091431,48,22231,2,employed,tertiary,1,1,1
29,50727,4043870,18,863367,3,self_employed,none,0,1,0
59,1142398,3544029,60,703091,4,self_employed,none,1,0,0
61,1069051,492037,24,809532,3,self_employed,secondary,0,1,0
20,1464119,4272669,36,666128,3,employed,secondary,1,1,0
48,1210689,3727264,36,509135,0,employed,secondary,1,1,1
53,1318182,3200097,6,190409,2,employed,secondary,1,0,1
32,442575,2604131,6,771745,3,self_employed,tertiary,0,0,0
20,440732,1913613,6,773418,2,employed,secondary,0,0,0
53,1682955,1934624,12,574985,2,employed,tertiary,1,1,1
48,523594,2513015,24,11357,0,employed,none,1,0,1
32,204591,1655919,12,460189,5,self_employed,secondary,1,0,0
48,1509185,3919819,24,680306,2,self_employed,tertiary,1,0,0
58,1304179,2107067,36,741784,3,employed,primary,1,0,0
43,1979200,319594,60,595326,5,self_employed,primary,0,0,0
45,229006,2620419,60,892344,5,employed,primary,1,0,0
36,1073300,100272,12,579437,1,employed,primary,1,1,0
26,1471525,1103886,12,5566,3,employed,secondary,0,1,0
32,1048607,536160,12,646762,3,employed,tertiary,0,1,0
24,1258488,4226432,18,828008,2,unemployed,tertiary,1,0,0
45,663655,790176,48,839750,3,self_employed,primary,1,0,0
22,63265,4326945,24,331694,1,self_employed,tertiary,1,0,0
26,1497216,1638321,60,389203,2,employed,tertiary,1,0,1
58,1512417,2189463,24,575696,4,employed,tertiary,1,1,1
20,1702486,4117212,12,446722,3,employed,secondary,1,0,1
36,1783123,1542669,18,773358,3,self_employed,primary,1,1,1
62,1396649,409571,12,341293,0,employed,tertiary,1,0,1
44,374036,2540390,24,826599,4,employed,tertiary,1,1,0
22,725899,837560,48,295843,4,self_employed,secondary,1,0,1
34,368774,2196081,60,248089,1,student,tertiary,1,1,0
48,1320287,2593250,48,311689,4,employed,primary,1,0,1
62,536626,3497822,36,493985,0,employed,tertiary,0,0,0
51,976719,133576,18,183501,1,employed,primary,1,1,1
45,1269033,2167709,48,376071,4,self_employed,tertiary,1,0,1
35,705313,2693265,18,218422,1,employed,tertiary,0,1,0
44,661868,4280384,12,809818,4,self_employed,secondary,1,0,0
47,389606,4224865,36,321417,4,self_employed,primary,1,0,0
28,687684,3978831,24,636600,5,employed,none,1,0,0
20,1457757,2027247,48,828017,4,employed,tertiary,1,1,0
48,1193886,4738148,48,392270,3,employed,tertiary,1,1,1
41,1254656,1665271,6,759652,4,employed,tertiary,0,0,0
35,1409648,3316011,60,7509,3,employed,tertiary,0,1,0
60,788456,4257642,24,743212,2,employed,primary,1,0,0
63,1188452,650577,48,242225,5,self_employed,tertiary,0,1,0
60,599264,228982,48,863039,0,employed,secondary,0,0,0
26,1867878,4113189,24,224350,1,self_employed,primary,1,0,1
33,1485704,3068110,36,898817,1,employed,tertiary,0,0,0
48,732986,3544412,18,734124,2,self_employed,none,0,1,0
38,410400,4174029,24,208222,4,unemployed,primary,1,0,0
38,1461257,3690503,18,469053,0,unemployed,secondary,0,0,0
21,240861,4688157,36,255117,2,employed,tertiary,0,1,0
60,683619,4905013,36,63305,2,self_employed,secondary,1,1,1
64,1817581,876395,12,887517,1,self_employed,none,1,0,0
34,301666,649223,6,304995,3,employed,tertiary,1,0,0
22,1368246,3909880,36,339054,3,self_employed,tertiary,0,1,0
30,678151,2947270,36,34407,4,unemployed,secondary,1,0,0
49,1007004,1162104,18,833038,4,employed,secondary,1,0,0
59,1297697,1722675,36,631565,2,employed,tertiary,1,1,0
37,385510,558907,24,210590,4,self_employed,secondary,0,1,0
21,1047821,3480659,12,654492,3,employed,tertiary,0,1,0
51,502333,982280,12,438868,0,employed,secondary,1,1,0
27,1154672,427757,24,665608,1,employed,secondary,1,0,1
41,1761846,2859939,48,272659,3,employed,tertiary,0,1,1
25,907617,3980157,36,362722,5,employed,tertiary,1,0,1
31,100248,3300615,60,878777,4,employed,primary,1,1,0
59,1304304,3256814,6,141902,1,employed,tertiary,1,0,1
55,1032716,3035815,36,322775,5,self_employed,tertiary,1,1,1
34,129888,3451222,12,362928,1,employed,tertiary,1,0,0
47,1304930,2656041,6,125496,2,employed,secondary,1,0,1
64,290346,3783324,60,924303,4,employed,secondary,1,0,0
37,668821,2425093,48,729443,2,employed,tertiary,1,1,0
21,91954,4215767,18,228170,1,employed,secondary,1,1,0
32,401863,3463174,18,407544,2,employed,primary,1,1,0
64,714164,2603540,60,405895,4,self_employed,secondary,1,1,0
34,1846641,4806651,36,545346,3,employed,primary,0,0,0
39,312739,4376284,36,388370,0,employed,tertiary,1,0,0
48,1390312,3669603,6,228845,5,self_employed,primary,0,0,0
61,1663507,2291101,6,308840,3,employed,secondary,1,1,1
48,1353369,3151627,48,764323,1,self_employed,tertiary,0,0,0
22,374809,2326632,36,38872,3,unemployed,tertiary,1,1,0
38,988327,3284499,12,579259,2,employed,secondary,1,0,0
22,318116,141665,18,868515,4,student,tertiary,0,1,0
33,1376602,4025220,48,547594,3,student,secondary,1,1,1
59,1820330,3999349,6,421426,3,employed,primary,1,1,1
23,514271,2013439,12,45693,4,unemployed,tertiary,1,1,0
30,1777705,1708931,36,814671,2,self_employed,tertiary,1,0,0
50,599308,2884503,24,617654,0,student,tertiary,1,0,0
62,1010252,4515108,6,331061,3,self_employed,tertiary,0,1,0
51,414765,2631243,48,362512,5,self_employed,none,1,0,0
46,1970382,4374213,24,498109,1,employed,none,1,0,1
49,94912,2596210,12,225449,2,employed,tertiary,1,0,0
62,62879,4384992,60,138519,2,employed,tertiary,1,1,0
21,608086,1174552,18,479120,3,employed,tertiary,1,1,0
28,1730655,1278386,60,151343,5,student,primary,1,0,1
47,1581618,3470979,60,459091,4,employed,primary,0,1,1
50,751433,3814198,60,642757,3,self_employed,primary,1,1,0
53,1436511,4523391,12,740870,3,employed,none,1,0,0
34,1951991,1970759,18,747405,4,employed,tertiary,1,1,1
44,537947,2681550,12,627722,1,employed,tertiary,1,1,1
55,708210,2646016,60,712203,4,employed,secondary,1,0,0
27,209472,2103171,6,288365,3,student,secondary,1,0,0
28,848385,1377182,60,258180,0,employed,primary,0,0,0
56,680698,3537104,6,981892,4,employed,tertiary,0,1,0
64,1748019,759441,48,354943,1,employed,tertiary,0,0,0
58,1253183,496015,60,56467,4,employed,tertiary,1,1,1
51,1829472,2738007,24,859701,4,employed,primary,1,1,0
36,1566831,2629669,12,111414,2,employed,primary,1,0,1
54,1351288,3902312,60,857017,2,employed,secondary,0,0,0
56,1966037,4037400,12,43086,3,employed,secondary,1,0,1
38,1102631,4393244,60,897369,3,employed,tertiary,1,0,0
63,350314,1043477,24,610912,4,unemployed,primary,1,0,0
48,1092835,2490285,60,605432,0,employed,tertiary,1,0,0
26,279016,3217950,36,638,5,employed,tertiary,1,1,1
47,1861521,4324098,48,990749,3,self_employed,secondary,1,0,0
28,1984984,1686788,12,857111,4,self_employed,secondary,1,1,1
47,1388971,4868446,48,194006,4,self_employed,none,0,0,0
25,710284,4060673,12,853192,5,unemployed,secondary,1,1,0
48,1146613,834326,12,47234,4,employed,tertiary,1,1,1
36,142115,2512282,36,323193,5,employed,primary,1,0,0
35,1962934,920181,60,850275,5,employed,tertiary,1,0,1
42,1570608,4477431,6,703407,4,unemployed,secondary,1,1,0
50,532870,4234001,48,110406,4,employed,tertiary,1,1,1
22,1168976,3337023,24,140813,2,self_employed,tertiary,1,0,1
40,1722389,1954400,48,775471,5,self_employed,primary,0,1,0
45,413308,4172758,60,325148,1,employed,primary,1,0,0
55,1322033,1897669,36,323633,5,employed,none,0,0,0
61,1847038,4578166,18,809423,1,employed,primary,0,0,0
56,191774,2857747,18,105711,4,employed,tertiary,1,1,0
41,943164,4514418,36,419297,3,employed,tertiary,0,1,0
61,65385,3689342,60,647049,0,employed,secondary,0,1,0
31,1894344,2792366,36,768454,4,self_employed,primary,1,1,0
61,1950429,4263720,6,581592,0,unemployed,primary,0,0,0
32,998729,526684,48,933146,2,self_employed,tertiary,0,1,0
30,1658885,752356,60,782670,1,self_employed,tertiary,0,1,0
35,558670,1959103,48,337247,2,employed,tertiary,1,0,0
27,167369,2147216,18,893595,3,employed,tertiary,0,1,0
59,794990,4313139,60,497288,3,employed,tertiary,1,1,0
59,1671975,1300033,24,248134,5,employed,primary,1,0,1
64,139402,1502847,48,118778,4,self_employed,tertiary,0,0,0
21,694062,2788356,12,934903,5,student,secondary,0,1,0
49,303724,4064676,12,33103,3,employed,secondary,1,0,1
49,789945,1293922,6,15330,3,employed,tertiary,1,0,1
31,1927727,3051878,60,409680,5,employed,tertiary,0,1,0
29,1326176,1223290,6,133206,2,employed,secondary,0,0,0
63,754397,1015730,60,124679,0,self_employed,tertiary,1,0,1
30,1571895,3751351,18,573697,1,self_employed,secondary,1,1,1
34,1748559,3246275,24,226270,3,self_employed,tertiary,0,0,0
35,184585,4989113,24,184,5,self_employed,primary,0,0,0
36,820543,4517443,36,489139,3,employed,primary,1,1,0
45,718695,499704,6,121529,2,student,tertiary,1,0,1
21,1798076,1101207,60,966778,1,self_employed,tertiary,0,1,0
31,1202702,187039,48,761720,2,employed,tertiary,0,0,0
45,1834309,4833063,12,859231,0,employed,tertiary,1,1,0
42,1700522,1977124,48,55810,2,unemployed,none,0,0,0
37,1264488,4927733,12,603015,1,employed,tertiary,0,0,0
51,1097738,3309654,18,200122,1,employed,tertiary,1,0,1
57,1916015,371345,12,950238,3,employed,tertiary,1,0,0
22,1729697,916525,48,464829,0,unemployed,tertiary,1,1,0
57,1217213,497564,48,836978,4,employed,secondary,1,1,0
22,957153,3737894,24,559408,3,self_employed,tertiary,1,1,0
49,667508,4327404,60,703844,5,unemployed,tertiary,0,0,0
20,1124969,1547212,24,715923,2,student,primary,0,0,0
49,1680344,2641460,6,337180,2,unemployed,tertiary,0,0,0
64,953675,1321635,48,80528,1,employed,primary,1,0,1
51,1973298,3763184,60,186185,5,employed,primary,1,0,1
47,1578127,1348972,18,184168,1,employed,none,0,0,0
40,1989271,2464158,12,534421,5,employed,primary,0,0,1
32,1763043,2140114,6,661765,1,student,tertiary,1,1,1
46,571397,78004,36,947773,4,unemployed,secondary,0,1,0
55,842425,856903,36,737770,4,employed,tertiary,1,0,0
26,1063845,574252,60,621281,3,employed,secondary,1,0,0
41,1192226,2763260,12,115742,4,employed,secondary,0,1,0
29,1857261,3386967,12,672445,5,employed,tertiary,0,1,0
58,1616772,3822245,60,559990,1,employed,secondary,0,0,0
34,954027,527044,12,775435,5,self_employed,secondary,0,1,0
34,102066,2998892,24,997387,3,self_employed,secondary,1,1,0
23,423994,1444689,12,144574,3,unemployed,primary,0,1,0
51,1927950,1078464,36,308623,0,employed,secondary,1,1,1
42,1114714,1680188,12,603672,4,employed,primary,1,1,0
25,168558,196539,48,87957,2,unemployed,tertiary,1,0,0
43,308480,3162211,60,276570,2,employed,tertiary,1,1,0
39,487743,3795971,18,463447,0,employed,tertiary,0,1,0
56,1369910,2294900,36,769867,1,employed,tertiary,0,0,1
39,1977267,4931178,18,933364,0,unemployed,primary,1,1,0
31,1176998,4791242,36,833297,1,self_employed,tertiary,0,1,0
52,1809634,2497586,6,571692,4,unemployed,secondary,0,1,0
47,1705179,3273429,48,615534,4,employed,none,1,1,1
27,1061214,2376316,36,843855,3,self_employed,primary,0,1,0
20,79086,2806241,48,90947,3,self_employed,none,0,0,0
56,175604,4799943,36,467595,3,employed,tertiary,1,1,0
41,1985822,4924010,18,31152,3,student,primary,0,1,0
25,1217900,1220025,18,998613,2,self_employed,none,0,0,0
40,526785,4845292,60,366014,3,student,primary,0,1,0
51,790970,809774,36,292881,3,unemployed,tertiary,1,1,0
54,1489641,3989115,36,578613,3,employed,tertiary,1,1,1
34,53435,2081722,24,169839,1,employed,primary,1,0,0
24,1986513,4681813,48,224864,5,employed,secondary,0,0,0
25,1938339,766696,48,757530,3,self_employed,tertiary,0,1,0
44,1258590,858094,48,959209,0,self_employed,tertiary,1,0,0
59,764995,3726424,48,657362,3,self_employed,tertiary,1,0,0
48,1520851,313369,6,868591,3,employed,tertiary,1,1,0
26,762917,979700,6,715597,2,self_employed,secondary,1,1,0
59,425601,1640143,12,903064,5,employed,tertiary,1,0,0
32,888821,821668,36,317857,3,employed,none,0,1,0
57,889446,4167472,36,41815,5,unemployed,secondary,0,1,0
37,1524618,1602151,36,458213,1,employed,primary,1,0,1
21,342441,219259,36,454075,4,employed,secondary,0,1,0
27,618178,2394297,48,769589,5,employed,tertiary,1,1,0
30,333466,2457777,48,718596,5,employed,primary,1,1,0
52,610027,1143128,6,349931,3,employed,tertiary,1,0,1
57,1501511,249041,18,511098,3,self_employed,none,0,0,0
46,653841,2933309,24,340387,3,self_employed,primary,1,0,0
39,58314,1498650,48,482869,2,employed,secondary,0,0,0
31,668119,779846,48,22743,4,employed,secondary,1,0,1
62,1960172,124474,60,843171,2,employed,secondary,0,0,0
50,1468378,1863318,48,643780,2,self_employed,secondary,1,0,1
46,1962036,3519327,18,993830,2,employed,tertiary,0,0,0
51,872545,4822832,18,884588,1,employed,tertiary,1,0,0
29,691462,2484092,6,654563,4,employed,none,0,1,0
22,196429,4036752,48,212204,1,employed,secondary,1,0,0
64,279937,1883610,60,30339,1,self_employed,tertiary,1,0,1
46,594653,3580053,24,34121,4,employed,tertiary,0,1,0
54,351173,2399203,36,436211,1,employed,secondary,1,0,0
50,1362457,4160690,48,969536,4,employed,secondary,1,0,0
34,443186,1680910,6,376276,5,student,tertiary,0,0,0
35,1828568,4113627,6,967335,5,self_employed,tertiary,1,1,0
32,1708338,758029,24,41446,3,employed,secondary,0,1,0
54,390362,2813357,60,249380,2,employed,tertiary,1,0,0
30,829966,1116970,12,126530,5,unemployed,none,1,1,0
40,1257147,3027577,6,438894,5,employed,primary,1,0,1
30,815387,3255060,18,938202,1,student,secondary,0,0,1
49,291474,1266953,18,760528,4,employed,tertiary,0,0,0
54,178692,3238356,36,473468,0,employed,primary,1,1,0
41,812790,2954936,6,358486,1,self_employed,tertiary,1,0,1
57,1800093,1578474,60,83404,1,self_employed,primary,1,1,1
50,1489131,919403,36,310062,4,student,tertiary,0,1,0
33,1270682,1269034,6,96666,0,unemployed,tertiary,0,0,0
43,1098870,3036611,24,508594,0,employed,primary,1,1,0
51,1065576,500281,48,188307,3,self_employed,primary,1,1,1
55,861028,956644,60,530413,1,unemployed,tertiary,0,1,0
51,148185,4723024,6,238580,2,employed,secondary,1,0,0
34,847866,3204267,60,776716,5,employed,tertiary,0,1,0
62,108382,4376639,12,389566,1,employed,secondary,1,1,0
54,1398818,4035977,60,702871,2,employed,primary,1,1,0
22,578943,3436038,60,233084,2,unemployed,secondary,1,0,0
35,657317,3402601,18,291190,4,employed,secondary,1,1,1
24,1406948,3506979,24,219368,1,employed,secondary,1,1,1
40,53771,3062824,48,384762,4,unemployed,tertiary,1,0,0
29,1434819,1460375,48,534402,3,employed,tertiary,0,1,0
38,1743675,630420,18,637,2,self_employed,tertiary,1,1,1
44,1024303,4349798,60,562922,0,unemployed,secondary,1,0,0
23,1947265,1937987,48,350857,2,employed,secondary,0,0,0
48,1902566,4832389,36,560064,3,employed,primary,1,0,1
38,1066972,3247526,24,678960,2,employed,secondary,1,1,0
62,370580,3867738,12,999291,4,self_employed,tertiary,0,1,0
21,1206355,1368154,18,288953,1,employed,tertiary,1,0,1
29,699179,866460,6,941260,0,employed,secondary,1,0,0
62,829085,3786574,6,452685,4,employed,tertiary,0,0,0
44,1583895,2214725,6,562656,5,self_employed,secondary,1,1,1
39,828760,2614660,24,77185,1,employed,tertiary,1,0,1
38,606664,4589427,12,913601,0,self_employed,tertiary,0,0,0
42,1086658,328747,48,994406,3,self_employed,secondary,1,1,0
43,530674,2475237,12,405096,2,self_employed,tertiary,1,1,0
30,1176500,4286901,12,476535,0,student,tertiary,1,1,1
53,603620,920670,18,256286,5,employed,secondary,1,0,0
47,443145,4680239,24,712515,3,employed,none,1,0,0
24,1669601,1402471,6,378337,1,self_employed,tertiary,1,0,1
24,443056,4331282,18,612050,0,employed,tertiary,1,1,0
40,139031,3475565,48,106745,3,self_employed,tertiary,1,0,0
31,1565762,3364497,12,327460,1,student,primary,1,0,1
23,233024,2503820,60,595144,4,unemployed,primary,1,1,1
61,1381711,1930414,6,926231,2,self_employed,secondary,1,0,0
39,1126048,288078,24,994764,3,unemployed,secondary,1,0,0
57,109946,3435868,36,301355,4,employed,none,1,1,0
44,1597358,3863209,12,347613,5,employed,secondary,0,0,0
33,994353,2935201,12,865362,5,employed,tertiary,1,1,0
30,1362261,93016,12,760616,1,employed,tertiary,1,1,0
51,703525,2591040,12,303561,0,employed,tertiary,0,0,0
30,1101341,1384996,6,740018,2,unemployed,secondary,1,1,0
37,355218,3530112,24,193899,1,self_employed,secondary,0,1,0
46,414939,3039876,18,948941,3,self_employed,secondary,1,1,0
37,1783219,1285383,6,806951,2,employed,none,0,1,0
42,1724251,3737975,24,794415,4,employed,tertiary,0,1,0
30,1873980,3748538,18,568944,2,student,secondary,0,1,0
40,543377,76567,12,792067,4,self_employed,secondary,1,1,0
63,1771742,3649467,24,888805,1,self_employed,tertiary,0,1,0
24,1058022,1161284,12,890987,0,student,secondary,1,1,0
42,1887980,2273358,60,372027,5,self_employed,tertiary,0,1,0
60,723616,4791152,24,248945,2,self_employed,tertiary,1,1,1
44,416047,3845788,48,150694,0,employed,tertiary,1,1,1
60,568790,511365,36,516356,0,employed,tertiary,1,0,0
29,1248301,2383261,12,759401,5,self_employed,tertiary,0,0,1
41,1726443,2643103,12,74975,2,employed,secondary,0,0,0
38,1578461,2238409,12,879877,2,self_employed,tertiary,1,1,0
20,89339,578742,48,60666,0,employed,tertiary,1,1,0
26,1517549,4481449,6,363021,3,employed,primary,1,0,1
23,1988384,72873,18,318149,3,employed,secondary,0,1,0
20,354543,1374447,12,753789,2,employed,primary,1,0,0
34,1929021,4837662,12,632013,0,unemployed,tertiary,0,0,0
59,1065109,4472801,6,142475,0,employed,primary,1,1,1
31,1506498,4885805,6,584765,1,self_employed,tertiary,1,0,1
41,1650773,755339,36,886837,0,employed,secondary,1,0,0
41,568993,1283548,24,506201,5,employed,tertiary,1,1,0
36,1044135,4828391,12,589323,3,employed,tertiary,0,0,0
48,762932,2767569,24,688263,1,student,secondary,1,1,0
33,1577671,3610274,60,485705,5,employed,secondary,0,0,0
39,1031271,1762238,6,662671,3,unemployed,secondary,0,1,0
52,1256117,2094523,6,443827,5,employed,tertiary,1,1,1
62,182385,4613736,36,621849,4,employed,tertiary,1,1,0
34,1499639,293761,18,544903,2,self_employed,secondary,1,0,1
31,1042206,1040221,48,318952,4,employed,secondary,1,1,1
59,191002,4487125,48,33580,2,employed,primary,0,0,0
39,53285,3747235,48,974556,3,employed,tertiary,0,0,0
49,435781,485485,6,123731,3,employed,secondary,1,0,1
57,610151,1738120,12,354000,4,employed,tertiary,1,1,0
22,1246352,3405455,36,42898,5,unemployed,tertiary,0,1,0
47,986209,2023744,18,679312,2,employed,tertiary,1,1,0
45,1754491,4404657,60,82790,2,student,primary,1,1,1
49,1644187,1880927,48,539515,1,employed,primary,1,0,1
32,1431688,2572189,36,406976,0,employed,tertiary,1,1,1
32,1152491,992151,6,270970,5,employed,secondary,1,0,1
21,421687,526015,48,472691,5,employed,primary,1,0,0
56,715979,926611,18,361116,1,employed,tertiary,0,0,0
57,1302038,387088,60,869645,3,employed,secondary,0,0,0
21,834278,3477495,24,453648,4,student,secondary,1,1,0
55,1993508,4120936,60,467212,5,self_employed,tertiary,1,0,1
45,557553,405970,18,451420,2,self_employed,none,1,0,1
30,1026778,4458421,60,401889,1,employed,secondary,1,1,1
27,1564965,1836741,12,617690,4,student,tertiary,0,0,0
63,423410,3306101,48,822590,4,employed,tertiary,1,0,0
59,863171,2022645,48,468205,5,unemployed,none,1,1,0
62,490924,4201235,24,540192,0,employed,secondary,1,0,0
41,1750905,4494279,60,125212,2,employed,none,1,1,1
39,1151595,4049634,24,670756,4,student,secondary,1,0,0
27,1305802,2765366,60,224978,2,employed,secondary,1,0,1
48,1331745,487538,48,87469,5,unemployed,secondary,0,1,1
59,581661,2274615,12,578327,1,employed,secondary,1,0,0
45,1789217,1200112,60,751245,4,employed,tertiary,1,0,1
49,1643051,856560,24,528622,5,unemployed,tertiary,1,0,0
36,1952871,1350557,6,359140,4,self_employed,secondary,0,0,0
39,672215,3526873,48,27268,1,self_employed,primary,1,1,1
35,1861049,836872,18,64636,2,employed,secondary,0,0,0
62,396229,2077035,18,808500,2,employed,secondary,0,0,0
26,1216572,4424989,12,945751,4,employed,secondary,0,1,0
35,613508,1746355,6,589409,5,employed,secondary,1,0,0
64,442647,3693003,24,385905,1,unemployed,primary,0,0,0
46,1614547,810416,60,744030,3,employed,secondary,1,1,0
42,581930,1098581,48,802717,2,self_employed,tertiary,0,1,0
43,129971,1579451,18,624827,3,unemployed,primary,1,0,0
28,1678420,852914,18,217975,4,employed,primary,1,0,1
54,1525552,2901341,18,521471,3,unemployed,secondary,0,0,0
39,1923200,1301521,18,24136,5,student,secondary,0,0,0
56,1616049,3547859,36,977882,5,employed,tertiary,0,0,0
61,447597,2369474,12,431003,3,employed,none,1,0,0
36,801943,3470929,24,548713,5,employed,tertiary,0,0,0
50,1511350,4312911,48,488217,2,self_employed,tertiary,1,0,1
27,1391502,1388223,48,543249,4,employed,secondary,0,0,0
34,1365502,3612709,48,164515,3,self_employed,secondary,1,1,1
50,796777,3296824,24,280967,2,employed,tertiary,1,0,1
49,235784,3184122,12,337553,3,unemployed,tertiary,0,0,0
39,1335412,3766628,6,595411,2,unemployed,tertiary,1,0,0
58,538161,3457266,60,104249,5,student,secondary,1,0,1
31,1249110,4328639,60,25852,5,employed,secondary,0,1,0
36,896462,667300,12,37535,4,employed,secondary,1,1,1
61,773879,4326052,18,531292,5,employed,primary,1,0,1
49,1941419,4122660,60,499248,1,employed,tertiary,1,0,1
48,1284854,4931083,18,158895,2,employed,secondary,1,1,1
38,147469,3260923,12,629201,2,student,secondary,1,0,0
30,1669814,2876207,12,840518,3,unemployed,tertiary,1,1,1
53,1494315,4545590,24,249408,4,employed,primary,1,0,1
26,1552718,2932760,24,7131,0,self_employed,secondary,1,1,1
63,1239325,3267268,36,738592,5,employed,primary,0,0,0
53,781188,1943959,48,812081,0,employed,secondary,0,0,0
39,1244737,1875779,36,659459,1,unemployed,primary,1,0,0
57,1496373,4379266,48,444022,4,student,tertiary,1,1,1
43,455123,2999271,18,424787,2,employed,tertiary,1,1,0
29,448825,2193781,36,554868,0,unemployed,tertiary,1,1,0
51,1805089,2839879,36,638451,1,unemployed,tertiary,1,0,0
34,1935547,4191042,6,94200,4,employed,tertiary,1,1,1
56,487359,1569546,12,81118,1,employed,secondary,0,0,0
39,1121512,2105408,24,550757,5,self_employed,tertiary,1,1,0
22,1935190,1429233,36,851611,0,unemployed,secondary,0,0,0
56,551477,3802778,24,548524,3,employed,secondary,1,1,0
59,947691,3355822,48,942614,3,employed,primary,1,1,0
27,280596,3253669,36,285574,4,self_employed,primary,1,1,0
59,1717906,4151162,48,830839,1,self_employed,none,0,0,0
63,849595,3501345,36,693308,2,employed,primary,1,0,0
42,832046,4240247,60,83299,0,employed,secondary,1,1,1
59,1275705,3265534,18,376640,3,unemployed,tertiary,0,1,0
30,1766473,1767222,6,868997,3,self_employed,secondary,1,0,0
27,1645283,250211,48,450583,1,unemployed,tertiary,0,1,0
48,780351,4880668,12,693540,3,student,none,0,1,0
49,695499,4300220,12,660012,1,unemployed,secondary,1,0,0
29,1483482,722960,18,596658,0,student,primary,0,1,0
58,255671,1504915,18,364899,1,student,secondary,1,1,0
47,575122,2145383,60,481239,3,self_employed,secondary,1,1,0
55,344358,840243,12,127845,1,self_employed,secondary,1,0,1
32,1846870,4799868,48,924588,3,self_employed,secondary,1,0,0
51,1353446,2332369,12,963134,5,self_employed,tertiary,0,0,1
55,1591820,917481,6,708636,4,employed,secondary,0,1,0
56,826646,4446054,36,735588,3,employed,primary,0,1,0
45,576701,1318430,6,639340,3,employed,secondary,1,1,0
41,1632369,796403,60,133727,3,employed,tertiary,1,0,1
23,826041,3091370,60,450968,4,employed,secondary,0,1,0
50,939234,4955349,12,630025,5,student,secondary,1,0,1
37,1231753,4177269,36,492834,2,employed,secondary,1,1,0
57,1297752,881284,12,178742,3,employed,secondary,1,1,1
43,440447,2652021,6,136344,2,self_employed,secondary,0,1,0
42,550850,1801772,6,917722,0,employed,none,1,1,0
41,1213473,2767370,48,620716,5,unemployed,tertiary,1,0,0
21,1156984,3342202,48,299615,1,employed,tertiary,1,1,1
50,1267327,311745,6,48762,2,employed,tertiary,1,0,1
30,166908,1796659,36,939019,5,unemployed,tertiary,1,1,0
47,295993,3378122,60,165379,0,self_employed,tertiary,0,0,0
51,1328744,3897852,48,773481,5,unemployed,secondary,1,1,0
24,1702595,4990952,48,996185,1,employed,tertiary,0,1,0
57,555421,1904413,24,673346,3,employed,primary,0,0,0
29,901563,4509895,24,346768,3,employed,secondary,1,1,1
59,900712,234215,48,332744,3,employed,secondary,1,1,1
43,1900770,3206390,12,898524,4,employed,tertiary,1,0,0
54,1216374,3778298,36,642624,4,employed,secondary,0,1,0
63,691142,2962166,18,509009,4,unemployed,tertiary,1,0,0
42,287902,2130444,48,317032,4,self_employed,tertiary,1,1,0
36,370847,1690335,24,142675,0,employed,primary,1,1,1
20,524650,1730442,36,330168,5,employed,secondary,1,1,0
50,113079,910513,36,90728,0,student,primary,1,0,0
50,1644441,4478935,24,815329,3,employed,primary,0,0,0
61,1886222,1109288,36,674162,1,employed,tertiary,0,1,0
61,1971347,4440741,36,147483,4,employed,tertiary,0,1,0
53,360258,1710049,24,60399,5,self_employed,secondary,1,1,1
28,532450,2509147,6,226274,1,employed,tertiary,1,0,1
41,1948238,3732226,48,499727,0,student,tertiary,1,1,1
32,566379,4281276,12,60692,4,employed,secondary,0,0,0
44,1786916,2443432,18,975180,0,employed,tertiary,1,1,0
37,1165770,4681817,12,668130,0,employed,primary,0,0,0
31,1569598,2949529,6,73513,2,employed,tertiary,1,1,1
59,162333,800561,60,954933,5,employed,primary,1,0,0
36,612080,1431173,6,490783,0,student,tertiary,0,0,0
34,95807,3077880,36,387185,3,employed,secondary,1,1,0
61,1616089,1101628,12,452645,0,unemployed,none,1,0,0
34,1485986,2436568,6,201157,4,employed,secondary,1,1,1
34,710501,3499022,12,937841,3,employed,primary,1,1,0
58,1608274,4995868,6,355045,0,employed,secondary,0,0,1
32,678580,198388,18,741541,3,employed,tertiary,1,1,0
36,697272,4176564,6,768693,0,self_employed,tertiary,1,1,0
51,588065,2976759,12,155579,5,unemployed,none,1,0,0
28,1136922,3151954,36,583884,3,self_employed,tertiary,1,0,0
59,891135,3212103,12,70509,1,employed,tertiary,0,0,0
39,1717841,599998,24,532724,2,employed,secondary,1,0,1
45,359963,2627697,12,10086,3,student,primary,0,0,0
46,1233493,2174749,18,353198,4,student,none,0,1,0
40,946618,481613,48,413067,2,employed,none,0,1,0
37,597578,3097725,18,826164,2,employed,secondary,1,0,0
32,1473271,4363272,18,932346,0,self_employed,tertiary,0,1,0
35,473915,4447874,6,915360,3,self_employed,tertiary,1,1,0
28,225324,3627141,18,908187,5,employed,tertiary,1,0,0
31,1983690,866473,12,257144,2,employed,tertiary,0,0,0
63,1757229,2494661,48,226562,4,unemployed,primary,1,1,0
57,693784,2985570,60,1745,5,employed,tertiary,1,0,1
38,1601726,4007530,36,799129,5,employed,secondary,0,1,0
26,893521,1480264,60,485685,4,employed,secondary,0,0,0
54,555180,1685846,18,3879,4,employed,secondary,1,1,1
37,459824,2779974,12,216769,0,student,tertiary,1,1,1
35,440857,2836986,6,673859,1,self_employed,tertiary,0,0,1
58,247345,1385364,6,743537,3,unemployed,tertiary,1,0,0
23,853051,2709933,36,690395,2,employed,tertiary,1,1,0
44,1700870,4590272,36,936155,3,unemployed,tertiary,1,1,0
51,820759,4759226,12,861656,5,employed,secondary,1,1,0
59,1317556,971463,36,375513,2,employed,none,1,1,1
32,1573445,883721,36,338668,0,unemployed,primary,0,0,0
64,1375499,482331,6,351150,3,employed,tertiary,1,0,1
36,1542832,2913657,12,823681,0,employed,primary,1,1,0
56,1848766,1776476,48,417065,0,employed,secondary,1,0,1
25,1548117,2373729,36,728669,3,employed,secondary,1,0,0
