age,monthly_income,monthly_expenses,num_dependents,existing_savings,debt_payments,investment_amount,employment_type,has_insurance,financial_health_score,recommended_monthly_saving
24,1141202,1082645,2,4712337,136124,10315,employed,1,100,0
30,620737,187831,2,3655652,353529,177993,employed,0,100,15875
37,97110,82657,1,4734788,464285,23565,student,0,100,0
45,375413,248962,2,3788430,396659,144906,student,0,100,0
64,1914515,1037572,2,2704417,231730,272339,employed,0,100,129042
47,1945094,1786284,1,4938917,168440,157255,employed,0,100,0
58,859948,782861,4,4112703,461392,34504,employed,0,100,0
44,916568,311040,4,3949854,488140,4133,self_employed,0,100,23477
47,788760,593525,5,2457049,447484,146395,employed,0,100,0
58,1848466,1279061,2,4378313,192955,22617,unemployed,1,100,75289
41,1981984,1467752,1,4478545,431118,130969,self_employed,0,100,16622
47,830771,761379,4,4956275,451526,97533,employed,1,100,0
18,1236313,1166813,5,974712,265257,137787,employed,1,100,0
41,360060,165412,5,2988857,56143,209722,employed,1,100,27700
37,1888576,927208,4,777665,160437,37102,employed,1,100,160186
25,729958,567636,5,4630409,335424,112360,employed,1,100,0
34,1859341,1406569,1,171376,104719,58458,employed,0,100,69610
48,1419015,560147,0,4044844,112227,52215,self_employed,1,100,149328
21,1531860,1403761,5,4738426,88233,118419,student,0,100,7973
51,1648703,1358298,2,907563,382528,179088,employed,0,100,0
50,285865,147344,2,4298944,15474,145877,student,1,100,24609
46,286240,193868,5,2305102,228651,226959,employed,0,100,0
36,1437345,1107501,4,4224684,295936,168660,employed,0,100,6781
31,211999,185200,1,4941025,463921,206028,employed,0,100,0
42,1350163,1273245,3,185338,102896,189281,employed,0,100,0
18,635807,482874,5,1846435,458106,73525,employed,0,100,0
39,184100,125269,3,4223654,191164,217593,employed,0,100,0
63,1930611,1779806,1,1155657,151396,96236,employed,0,100,0
21,400849,254680,1,4682619,94933,68358,employed,0,100,10247
52,636012,285046,0,3064376,147163,93310,employed,0,100,40760
56,763802,276028,3,3855564,88305,200159,employed,0,100,79893
50,546280,220210,1,2348909,382114,179724,employed,1,100,0
33,1101158,754075,1,4499207,499985,270943,employed,1,100,0
62,1079428,795565,2,1464815,223926,148856,employed,0,100,11987
52,1938747,1556953,3,3771152,38319,162386,employed,0,100,68694
29,345615,171681,1,75046,243755,295463,self_employed,1,100,0
53,1884061,1018935,3,1220169,122378,199463,student,0,100,148549
63,480027,392617,1,4409215,78736,284765,unemployed,1,100,1734
24,1730458,683023,5,4825210,101158,57021,self_employed,1,100,189255
21,1137107,977396,3,4671115,442660,164666,student,1,100,0
29,676505,327179,0,1843987,341854,192522,employed,0,100,1494
24,1589596,952236,0,1747198,45096,29804,self_employed,0,100,118452
63,1318124,589963,0,1085279,173110,108174,student,0,100,111010
32,148452,58514,4,2452859,232543,259003,self_employed,1,100,0
23,778673,616012,1,4529562,420285,71827,employed,0,100,0
34,1407447,1148471,2,2159942,33135,219549,unemployed,1,100,45168
34,848049,433625,4,2266382,443552,256162,employed,1,100,0
61,250071,221579,3,226364,127281,202630,employed,0,100,0
21,456492,338342,1,2703314,423333,251455,unemployed,1,100,0
24,1409348,902475,1,2007384,220303,212123,employed,0,100,57313
53,740387,630510,4,1398720,185761,143724,self_employed,1,100,0
24,990070,861879,1,4411615,266061,291210,unemployed,0,100,0
55,542624,374211,1,3922344,62079,260002,employed,1,100,21266
53,1494262,1015761,3,1557993,324515,5707,self_employed,1,100,30797
59,1217337,906971,2,69001,89614,42827,employed,0,100,44150
50,1270571,851255,3,2483814,252112,1038,self_employed,0,100,33440
40,916228,619789,5,4238392,477751,47029,employed,0,100,0
45,276117,190199,4,2865780,175544,165543,unemployed,0,100,0
45,376948,191989,1,3458964,73672,262793,student,0,100,22257
50,1347246,1064200,1,1598076,284237,38599,self_employed,0,100,0
39,773142,411959,2,2383613,316396,172949,self_employed,1,100,8957
56,1898748,1368970,2,3278737,249943,235520,employed,0,100,55966
39,1989359,1536193,0,1857069,175708,175224,employed,1,100,55491
21,207598,137426,2,3801056,436184,13466,employed,0,100,0
41,1064657,480555,3,4906122,155971,188522,employed,0,100,85626
33,1712261,1157610,5,2629245,118623,76320,self_employed,1,100,87205
63,1423598,1183215,1,1686858,196127,108734,employed,0,100,8851
30,1748701,615794,3,3918687,52034,60534,employed,1,100,216174
32,1284038,934770,3,2924802,454021,80341,employed,0,100,0
50,1086695,402534,3,4037955,314770,39946,employed,0,100,73878
47,950876,685586,3,4537186,336528,120412,employed,0,100,0
40,1406627,676991,3,888108,330875,279013,employed,1,100,79752
59,1016346,893338,3,3450762,57391,101724,employed,0,100,13123
22,1997138,1112994,1,1701997,158399,157641,employed,1,100,145148
56,825677,454207,3,2820913,164740,135037,employed,1,100,41345
51,1994097,1704576,4,1478386,489673,269170,employed,1,100,0
58,1494873,1384314,3,3113624,383612,39027,employed,1,100,0
22,1582750,504397,0,907347,120154,12864,unemployed,1,100,191639
61,1579157,977442,5,2942932,416035,246502,employed,1,100,37135
21,771930,515594,3,2755786,496607,242771,employed,0,100,0
33,906034,817325,0,3223183,29624,131677,self_employed,0,100,11816
28,1185590,813631,1,4535157,84436,76705,employed,0,100,57504
44,641740,433385,4,3060553,66031,422,self_employed,0,100,28464
40,1440443,1124572,1,4242676,300639,29289,employed,0,100,3046
50,827756,673936,1,4861254,145450,149425,self_employed,1,100,1673
40,1021630,617678,3,2048252,486497,172523,employed,1,100,0
30,1469623,594759,0,4746215,449776,157162,self_employed,1,100,85017
22,167917,143770,4,2325484,320846,242294,student,1,100,0
49,768414,312929,3,1950739,223048,79645,student,0,100,46487
57,1726545,1617755,0,1497816,325761,32879,self_employed,1,100,0
27,857638,459548,5,1660069,470118,228582,employed,1,100,0
32,1157084,1062747,3,3092960,353708,145716,unemployed,0,100,0
32,1104041,834786,1,1865610,341317,275484,student,0,100,0
40,1033924,891629,0,1703795,83418,68928,employed,0,100,11775
62,1302587,1188832,5,3634095,123604,262516,unemployed,1,100,0
51,284660,209268,2,4702262,314785,92002,employed,0,100,0
21,273380,220675,3,3188099,292731,106431,employed,0,100,0
30,1744484,753658,1,4428189,473959,161872,student,1,100,103373
46,1014393,556185,0,4995631,325653,96507,student,1,100,26510
26,1260820,706519,1,2959330,399879,118285,self_employed,1,100,30884
22,1059085,435308,3,4898516,16915,18953,student,0,100,121372
29,1427350,948282,5,3311941,33721,91147,employed,1,100,89069
51,169930,133358,3,4874679,346661,52174,self_employed,1,100,0
25,369063,171186,3,3213926,54664,2885,employed,0,100,28642
37,381706,294735,4,1542018,235154,208925,self_employed,0,100,0
33,1438366,1203089,4,1488783,254879,74869,employed,1,100,0
41,86419,26777,3,1513226,118858,280091,employed,0,100,0
37,1174886,993924,5,1637752,376184,36126,self_employed,1,100,0
25,1271295,560577,4,1313369,346301,88336,self_employed,0,100,72883
46,1616222,502662,5,2932333,60533,34772,self_employed,1,100,210605
36,1513596,1242581,1,4968841,196955,157106,employed,0,100,14811
59,1519836,1235259,0,4269408,90736,80982,self_employed,1,100,38768
42,1561169,482469,4,2189944,299171,223664,employed,0,100,155905
54,739592,256306,4,308513,428564,167259,self_employed,1,100,10944
20,1091775,981461,5,4486680,49089,96923,employed,0,100,12244
36,1475509,1310834,5,1289237,453190,68304,employed,0,100,0
51,1119832,716072,4,1227113,291699,58724,employed,1,100,22412
24,524774,448777,4,4499598,212824,169423,student,1,100,0
26,1441244,711657,5,1677200,474921,94808,student,1,100,50933
25,101620,40708,2,2704384,378083,134914,employed,1,100,0
36,599700,560381,0,2793462,326200,296132,employed,1,100,0
54,720224,486667,1,1287016,269157,61637,employed,1,100,0
25,1705250,839980,4,4339752,437480,270174,employed,0,100,85557
64,389221,247653,2,3117620,111193,35318,employed,0,100,6074
41,228847,158076,3,1390032,381526,297283,student,0,100,0
19,1625551,837635,3,3769382,244876,39542,employed,0,100,108607
46,341185,272453,2,3845400,395427,76091,unemployed,1,100,0
29,1854986,604642,1,448138,21212,260419,employed,0,100,245826
22,1940837,886811,2,1241763,383880,208994,self_employed,0,100,134029
18,1491166,749883,3,131560,80467,122615,employed,1,100,132163
30,955085,735697,4,3639403,230868,191098,self_employed,1,100,0
56,853940,698270,3,1700290,209832,124331,self_employed,1,100,0
25,1226335,866155,0,1193340,333383,47812,unemployed,1,100,5359
36,1631088,840848,0,2949548,65790,45645,employed,1,100,144889
63,71538,33624,3,1334810,184857,96033,self_employed,0,100,0
45,1634336,912026,3,2197365,463397,48758,employed,1,100,51782
27,1091308,639004,4,2154105,59994,154109,student,0,100,78461
51,1535174,1053729,4,3929865,260277,197763,employed,0,100,44233
27,1577370,1168023,0,1178493,99926,22121,employed,0,100,61884
35,1344694,733884,5,2573366,165342,291980,self_employed,0,100,89093
27,50848,19222,1,3469854,8589,134275,employed,1,100,4607
38,877111,513687,5,1987717,219536,278839,employed,0,100,28777
19,1577259,843875,3,168343,404723,57041,employed,1,100,65732
26,920614,311931,4,707150,315453,295013,unemployed,0,100,58645
55,1466833,635921,3,2804769,264903,55005,employed,0,100,113201
24,1748584,996219,0,1848366,283837,93205,student,0,100,93705
20,507814,334918,4,2648225,366270,268719,unemployed,1,100,0
43,587109,383974,5,453043,339086,223687,employed,0,100,0
24,272388,119299,2,940628,214713,42392,employed,0,100,0
57,567380,255345,0,3308866,323294,227450,employed,0,100,0
42,1176994,896980,3,2596960,461206,217725,self_employed,1,100,0
54,1995277,1041225,4,1290832,290593,179561,employed,0,100,132691
52,1927389,815419,0,371943,321686,187867,employed,0,100,158056
63,1084331,644731,3,3278710,16596,234691,employed,1,100,84600
44,1212503,752482,1,2373487,11465,25711,employed,1,100,89711
55,320033,137475,5,540470,214805,75773,self_employed,0,100,0
52,1567858,946522,4,4593761,194729,44257,employed,0,100,85321
24,835730,657184,1,4483282,111260,230297,self_employed,0,100,13457
55,1357023,557697,0,4872315,397232,164280,employed,0,100,80418
37,532620,283947,4,4349056,365712,16071,employed,0,100,0
40,1483413,542741,3,349510,210843,47043,employed,1,100,145965
46,1283904,564707,1,2993082,289703,246986,unemployed,0,100,85898
39,478324,277876,0,1482053,412694,16129,employed,1,100,0
38,69288,64672,3,197105,477611,242002,employed,0,100,0
59,186124,140401,3,466063,363264,115830,employed,0,100,0
22,271760,246079,3,4713377,113449,233416,unemployed,0,100,0
57,1914181,704490,3,2240034,70209,131038,student,1,100,227896
64,874246,797541,5,1825508,411920,287341,self_employed,0,100,0
60,1130990,714998,1,1194171,380001,230987,self_employed,1,100,7198
27,714288,345367,3,360885,80652,5112,employed,0,100,57653
50,938971,797285,2,4908049,2950,260552,self_employed,0,100,27747
18,1255054,867089,4,2228136,27065,1190,employed,0,100,72179
53,1783781,640348,3,2273047,211803,181956,unemployed,1,100,186325
33,798659,517486,3,2875037,377414,180841,employed,0,100,0
36,406483,291538,5,810639,121982,53151,unemployed,0,100,0
22,1003180,312538,2,3774464,188282,209173,employed,1,100,100471
40,1023407,672653,4,61690,210632,199127,employed,1,100,28024
20,1878117,1006815,5,2214566,317422,266330,unemployed,0,100,110775
63,198729,118632,5,4867529,87768,261928,unemployed,0,100,0
35,457658,169707,3,3384720,366397,167089,employed,0,100,0
20,341433,214034,3,1639411,211496,38316,employed,0,100,0
59,1076874,1012338,3,1996960,184166,27322,employed,1,100,0
20,1743383,1359444,2,2839630,364459,77417,self_employed,0,100,3895
31,266527,240702,5,3307828,77831,9333,employed,1,100,0
25,568635,273156,4,3080895,254782,293679,student,0,100,8139
49,1873074,1027592,0,2162376,236806,98403,student,0,100,121735
47,189510,136799,4,2404808,466757,262043,self_employed,0,100,0
36,1909884,1491159,2,3435802,27802,257777,student,0,100,78184
23,342154,170275,4,794214,344915,260306,employed,1,100,0
26,561113,295108,5,164521,221954,74643,employed,0,100,8810
47,1865443,719348,5,4192492,425204,185929,employed,0,100,144178
23,641906,475754,3,1493887,429469,290670,self_employed,0,100,0
48,1754370,923739,2,4496820,296925,52001,self_employed,1,100,106741
59,343002,133823,2,4457055,238815,133107,self_employed,0,100,0
38,937253,667409,4,389200,297310,23600,student,0,100,0
57,348826,107474,4,2002752,380692,132726,self_employed,0,100,0
32,1557785,1429343,1,1816302,319315,56262,employed,0,100,0
60,451335,323458,4,4996894,351691,35954,self_employed,1,100,0
38,1647773,1145369,4,3582348,125218,3845,self_employed,1,100,75437
60,652896,470497,3,1705887,487731,196841,student,0,100,0
31,677644,342720,0,2504438,182673,41399,self_employed,0,100,30450
55,844192,381227,0,2156429,387798,42775,employed,0,100,15033
29,1795591,1165202,0,3092542,194747,210235,employed,1,100,87128
32,555021,507088,4,566520,329243,259971,employed,1,100,0
54,1892404,913449,5,68550,9805,72692,self_employed,1,100,193829
28,585090,447980,0,4742875,234863,70261,self_employed,0,100,0
47,71287,66483,5,3604448,336071,248688,self_employed,0,100,0
52,1767704,1161555,1,3572433,144335,71975,employed,1,100,92362
52,1973828,1180528,2,1610716,232249,98239,unemployed,0,100,112210
59,617580,485573,1,3894868,413552,2886,employed,0,100,0
59,1251072,490295,1,566797,73664,30211,self_employed,0,100,137422
54,263018,84562,0,1488401,51844,188312,employed,0,100,25322
45,1157834,612157,0,2583541,251323,139322,self_employed,0,100,58870
58,1982207,1673382,1,1423788,280388,294469,employed,0,100,5687
27,1232645,431904,1,786092,156374,86783,employed,0,100,128873
28,632827,432985,1,1701733,49339,11982,employed,0,100,30100
19,1992196,664368,1,3361241,467089,134484,employed,0,100,172147
19,134955,84431,1,132248,217378,280446,employed,0,100,0
63,1894989,728708,4,1237557,40387,71222,employed,0,100,225178
34,386570,268637,1,4926081,68340,193771,self_employed,1,100,9918
57,1004837,504042,2,3385131,403548,53783,self_employed,0,100,19449
30,355932,192537,0,2389927,382031,238406,student,0,100,0
55,1507423,513916,2,4129108,317203,57001,employed,1,100,135260
19,1165947,937920,3,629121,302806,238308,employed,0,100,0
43,1533707,1060902,0,1963742,421572,47742,employed,0,100,10246
44,1560339,1057944,2,3115573,48111,189224,employed,1,100,90856
56,413782,301133,1,4578757,366399,153109,employed,0,100,0
54,1250973,915007,1,279905,317412,262915,self_employed,1,100,3710
50,145236,76828,0,2128612,182129,39797,employed,1,100,0
35,1514575,724592,4,2219910,444572,97551,employed,0,100,69082
46,920662,454241,1,2507378,2816,134846,self_employed,0,100,92720
21,1790745,1481639,2,4095221,56000,113277,self_employed,1,100,50621
47,1146721,470353,0,1346734,51678,279290,self_employed,1,100,124937
55,984594,606900,4,3559673,372522,17808,student,1,100,1034
34,349404,246915,5,653277,189383,100882,employed,0,100,0
57,1446044,919048,1,1564879,146784,167667,student,0,100,76042
30,1455104,959894,4,333006,201128,36417,employed,1,100,58816
37,1773035,1498888,2,650713,69489,283958,employed,0,100,40931
53,1132639,582300,0,863722,97275,181501,employed,0,100,90612
22,1506466,790602,1,789680,346207,235756,student,0,100,73931
44,1422439,580082,4,203556,21095,124844,self_employed,0,100,164252
40,626820,493745,0,1057116,342289,82134,self_employed,0,100,0
28,85496,37168,2,3009903,498951,11719,student,1,100,0
52,1384032,882801,0,558152,498172,117623,self_employed,1,100,611
35,287172,245590,1,4238879,225304,57472,student,1,100,0
61,1656106,602485,3,2969021,449959,2104,employed,0,100,120732
20,469729,192372,5,4688659,329548,36841,self_employed,1,100,0
48,550231,230694,0,191211,391279,136502,employed,0,100,0
60,1630065,631399,1,2126139,451503,79859,employed,1,100,109432
32,520522,475847,5,157322,497301,268825,employed,1,100,0
52,753935,588799,4,4105377,200134,206814,employed,0,100,0
56,1555112,926427,0,3141727,205279,288436,employed,0,100,84681
23,952319,469938,0,2061120,4415,227348,employed,1,100,95593
46,1833493,687328,5,908469,279742,128552,employed,1,100,173284
44,1082537,341420,3,1034179,315133,9876,student,0,100,85196
45,1890552,1365845,3,3483542,406557,109575,student,0,100,23629
20,307992,193509,3,1718206,341699,144563,employed,1,100,0
40,198723,136141,3,3806136,262435,241476,employed,0,100,0
43,649295,265469,1,1703010,389178,240397,self_employed,0,100,0
44,1176428,803120,5,2488852,43922,8276,employed,1,100,65877
23,1411506,611009,3,3762638,93465,118437,student,0,100,141406
50,1367914,446855,3,4496811,424525,174370,student,0,100,99306
31,831415,720754,2,2876064,188340,31485,employed,0,100,0
20,1778063,1489625,3,1158894,495758,180268,employed,1,100,0
36,883798,603407,1,2976737,92194,130461,employed,0,100,37639
57,1175877,1051979,1,3245418,407755,25690,employed,0,100,0
36,1818432,1458303,1,3446630,74883,98944,student,0,100,57049
44,1495041,715270,4,2825067,394226,170912,employed,0,100,77108
54,1606633,1437212,4,1195008,74827,298874,employed,0,100,18918
59,111550,61606,2,4128018,424223,11626,employed,1,100,0
57,510785,479716,5,2294933,75135,165053,employed,1,100,0
58,1437118,1082838,4,862981,117032,12693,employed,0,100,47449
19,1288279,560947,2,4665787,158816,184433,student,1,100,113703
62,1714244,955043,4,1240316,124425,124446,employed,1,100,126955
31,942324,690221,5,2384310,104280,52533,student,0,100,29564
45,1910341,1552069,0,2387649,489514,208410,employed,1,100,0
27,803394,542043,2,1915054,357674,139598,employed,1,100,0
55,360929,281969,4,1434669,13031,238166,student,1,100,13185
45,562939,345112,0,293735,283455,137524,student,1,100,0
30,1575362,764638,2,1548008,162192,38288,self_employed,1,100,129706
45,861420,653036,2,3164697,55178,23261,employed,0,100,30641
62,51204,42807,0,640771,64313,220963,self_employed,1,100,0
34,703273,356249,2,2828642,337321,183105,employed,1,100,1940
22,1416044,818342,0,1356995,251379,215809,employed,0,100,69264
64,1327220,689598,0,817516,79849,247924,self_employed,0,100,111554
22,1885989,744218,2,2707636,199084,44656,employed,1,100,188537
36,1295161,1033913,2,4880060,194096,156681,employed,0,100,13430
51,686943,433855,3,3131350,124318,283588,employed,0,100,25753
58,715090,289830,3,4568073,136782,66105,employed,0,100,57695
60,1570100,824425,5,3784806,316031,222510,self_employed,1,100,85928
56,1090115,851908,1,3017412,327437,99518,self_employed,0,100,0
48,69734,38076,1,1499061,316426,203985,employed,0,100,0
42,1523335,528061,0,1634242,278858,199739,employed,1,100,143283
18,1091675,402330,2,2437114,178673,139592,employed,0,100,102134
39,1453936,1379453,0,2987107,294159,122441,employed,1,100,0
55,615154,355666,3,3092835,101673,293887,student,1,100,31562
46,545144,388949,1,1205483,151425,1679,employed,1,100,953
19,620765,436124,5,2698895,26458,30547,employed,1,100,31636
58,158080,64491,0,3888506,388052,101223,employed,0,100,0
59,806183,450936,2,4261951,107186,32317,employed,1,100,49612
47,691841,528825,1,4169596,123943,234833,employed,0,100,7814
34,1135209,653979,0,2883676,64607,76760,employed,0,100,83324
53,1369113,935144,1,4924473,158993,241484,self_employed,0,100,54995
31,60539,32756,2,189341,472812,60618,employed,0,100,0
34,179732,84887,1,2983465,407225,95175,employed,1,100,0
45,387522,120974,0,2853312,390100,141331,self_employed,0,100,0
23,1944289,1119490,0,4185162,275189,124279,student,0,100,109921
26,1564122,872380,1,4191897,450125,237774,student,0,100,48323
28,543895,325973,5,114358,254217,20940,self_employed,0,100,0
25,655408,199402,2,4929336,263620,138837,employed,0,100,38477
64,1840526,1171099,5,947279,151168,201457,unemployed,1,100,103651
40,947157,356866,5,120283,246076,148915,self_employed,1,100,68842
23,521212,324478,0,3738363,35470,67132,unemployed,0,100,32252
38,577227,301513,5,2951948,493334,28414,employed,1,100,0
34,170590,56030,4,3792976,489013,228872,employed,0,100,0
56,1149586,468612,1,4624757,94553,136862,employed,0,100,117284
28,1734620,811305,3,4781356,412483,155416,self_employed,0,100,102166
56,802506,362472,0,59983,260761,4720,employed,1,100,35854
22,760416,526430,3,4074841,135126,50459,employed,0,100,19771
48,812969,267217,3,3832917,307838,121230,unemployed,0,100,47582
33,485312,285589,2,3074664,401627,215663,self_employed,1,100,0
29,273946,227560,2,4510638,211054,258526,self_employed,1,100,0
47,761531,369770,2,4932368,299178,62796,employed,1,100,18516
42,1876914,1300941,1,2773535,446524,68161,employed,1,100,25889
29,1649557,1483839,3,3704216,403532,136495,self_employed,1,100,0
20,1718454,1396318,0,1811799,212495,299399,employed,0,100,21928
34,1815043,1525364,3,3571812,98569,295297,student,0,100,38221
21,1797803,1051132,4,3033784,255286,71447,unemployed,1,100,98276
23,638786,226375,3,2036419,430122,26005,self_employed,1,100,0
32,1636067,1008415,3,3568366,486189,59726,employed,0,100,28292
49,1808226,628137,1,2293598,184265,227351,employed,1,100,199164
38,827996,516038,0,857983,39352,292093,employed,0,100,54521
19,1563987,974570,5,701868,116544,89540,employed,1,100,94574
63,1841493,1530561,4,382058,217727,114656,self_employed,0,100,18640
20,1925950,1261877,1,3335616,224981,106681,employed,0,100,87818
42,1143547,417905,4,856072,171579,14774,student,0,100,110812
44,655034,391081,3,2219712,378981,178388,student,0,100,0
44,170312,132159,0,459460,411004,25335,self_employed,0,100,0
40,596300,219337,3,2325277,115355,177802,employed,0,100,52321
26,307737,190344,1,368995,27909,174871,employed,0,100,17896
53,1835852,1153180,0,2283763,377709,26952,employed,0,100,60992
28,1321145,1195883,4,75921,37467,51073,employed,0,100,17558
56,490294,394769,0,963247,394796,299013,employed,1,100,0
24,1896006,870053,5,4526341,461032,235935,self_employed,0,100,112984
30,1862150,1536368,5,695320,267251,148188,self_employed,1,100,11706
24,536398,310398,0,340760,398556,270755,employed,1,100,0
59,750484,468400,1,803577,217669,213884,self_employed,1,100,12882
64,1762310,952642,1,444376,394496,283575,employed,0,100,83034
60,1993723,715710,3,1464563,67228,118171,employed,0,100,242156
30,93703,88411,0,2570642,414321,290722,self_employed,1,100,0
23,1859910,662571,5,1411437,270072,50510,student,0,100,185453
21,342479,121324,0,4453024,286475,245815,self_employed,0,100,0
60,1401228,529335,5,2592677,118325,184474,employed,0,100,150713
42,1515058,727174,2,4052890,128508,204765,employed,0,100,131875
37,177326,116023,3,52701,246009,293302,self_employed,0,100,0
26,1816313,1459128,2,514848,92551,197620,student,1,100,52926
42,1508296,1201282,1,3113010,25450,39788,student,0,100,56312
54,1560505,977324,4,3392049,240710,292053,self_employed,0,100,68494
26,1317229,1119296,3,110174,464453,213132,employed,0,100,0
58,898869,281982,0,33442,61319,5699,employed,0,100,111113
61,563207,183693,2,3903811,28095,95132,employed,0,100,70283
36,660254,475244,0,3080455,286434,62908,employed,0,100,0
29,1449051,872563,4,1476173,286361,137230,self_employed,1,100,58025
52,422005,265038,0,2099025,25344,135307,self_employed,1,100,26324
21,544739,240647,2,113589,203418,221009,employed,1,100,20134
36,1563744,1320123,3,2337247,124635,117541,student,0,100,23797
61,774204,485474,5,217066,326127,155339,employed,0,100,0
63,1769686,773410,5,2607331,296606,213020,self_employed,1,100,139933
23,735575,286842,5,1587714,107894,277161,employed,0,100,68167
48,1247468,1181326,0,2582759,140137,179477,self_employed,0,100,0
64,619982,479136,2,4892765,11956,104698,unemployed,0,100,25777
49,1349091,871817,1,4043810,457843,1511,self_employed,0,100,3886
26,738120,493223,0,4216006,161839,278110,self_employed,0,100,16611
43,323439,120215,0,1141185,400009,261935,employed,0,100,0
23,1936439,1489089,4,763820,27803,122395,employed,1,100,83909
54,1528187,1371565,0,4625044,38155,177390,self_employed,0,100,23693
60,313753,277100,5,2611139,186873,297110,student,0,100,0
51,1067036,866566,2,4222819,324878,152116,employed,1,100,0
57,1421025,1029197,4,3045773,231489,132077,student,0,100,32067
38,1773289,839987,4,3681477,283985,195441,student,0,100,129863
59,244794,128286,0,1646418,341108,260879,employed,1,100,0
44,1819911,1529944,5,4889993,419196,151079,employed,0,100,0
36,1492723,1143219,3,1144454,76989,50016,self_employed,1,100,54502
44,1231835,1162550,1,2839357,484651,245827,employed,0,100,0
20,1431869,508826,3,2964268,241834,42757,employed,0,100,136241
42,1193880,628089,2,3477919,338454,288582,student,1,100,45467
51,849042,740178,0,1737972,17289,49549,self_employed,0,100,18314
38,1273570,403529,5,4930739,54138,141941,self_employed,0,100,163180
28,903111,468151,0,1954775,215952,104932,self_employed,0,100,43801
44,1150926,1074093,1,2744620,397232,291641,student,1,100,0
45,1612725,1056863,3,689793,243897,280430,self_employed,0,100,62392
21,118837,59462,5,1657859,445744,129056,employed,0,100,0
61,1043721,944136,3,3190025,450754,82794,student,1,100,0
58,1016871,534451,5,3586255,126272,160440,employed,0,100,71229
43,1375658,532050,3,1804436,297225,208208,student,0,100,109276
38,489146,330899,3,4395289,234179,36026,employed,0,100,0
56,329689,251984,4,4088978,331620,280756,unemployed,0,100,0
21,1862939,654946,1,4799665,49724,237157,employed,1,100,231653
54,363193,255818,5,4445180,111756,199703,self_employed,1,100,0
60,1417697,767963,5,1149718,441435,152849,employed,0,100,41659
21,1535668,585075,5,2259320,211550,277710,self_employed,0,100,147808
40,1558715,1111730,5,3780904,458960,31651,unemployed,0,100,0
26,1176769,558855,2,1268990,434082,280665,unemployed,1,100,36766
57,470220,192937,3,2315537,382096,75845,employed,1,100,0
41,1552894,560488,1,4086775,363395,216154,unemployed,1,100,125802
46,221058,123987,1,1343892,294861,277630,employed,0,100,0
24,1018486,716468,0,2037080,347620,23623,self_employed,0,100,0
35,485008,453027,2,3582530,39904,210980,employed,1,100,0
19,709491,368740,5,2345230,153227,185286,self_employed,0,100,37504
45,1797926,1255172,2,348154,353217,53192,unemployed,1,100,37907
60,1602893,603388,2,469730,84293,24225,employed,1,100,183042
58,177179,160961,5,3372942,76460,101615,employed,0,100,0
46,528415,412914,4,1700437,339582,75163,unemployed,1,100,0
62,1261524,961932,3,1501567,356833,110024,employed,0,100,0
34,302111,198184,3,4546380,472177,263709,student,1,100,0
48,1801170,1199952,5,4680719,179879,244776,employed,0,100,84267
34,1386743,818735,3,3657104,63964,50553,employed,0,100,100808
48,1544578,509202,1,2750970,400074,256734,self_employed,1,100,127060
40,1796294,621202,4,2354391,425335,81159,employed,1,100,149951
27,979552,416047,2,4593095,139401,70664,employed,0,100,84820
23,1918042,810000,0,586391,355043,146666,self_employed,0,100,150599
55,1214333,409449,2,224767,410194,97121,unemployed,1,100,78937
64,408896,254674,5,49218,261121,74815,self_employed,1,100,0
44,401139,253031,1,1510615,31031,77570,self_employed,0,100,23415
28,1219298,840839,5,3365910,305473,53242,self_employed,0,100,14597
37,401947,326263,5,3710420,396028,192869,employed,0,100,0
63,901752,819172,3,1135379,86028,176666,employed,0,100,0
22,765802,701656,5,890946,375198,44097,student,1,100,0
49,491627,434996,0,1215826,51239,297588,employed,0,100,1078
22,879277,687627,1,3960957,465472,67642,self_employed,0,100,0
39,235404,173202,5,3792896,189133,27303,self_employed,1,100,0
18,1423821,535930,0,2066836,317583,283560,self_employed,1,100,114061
37,712948,518065,4,4146737,358732,96508,unemployed,0,100,0
32,1220121,490454,0,4358665,117108,57652,employed,0,100,122511
28,247666,194323,0,299292,335022,79664,employed,1,100,0
49,1631330,661189,1,4474091,112110,265192,student,0,100,171606
45,805514,598477,5,1810571,499928,289050,unemployed,0,100,0
45,1866884,647736,0,126556,364154,133486,self_employed,0,100,170998
34,305185,153730,1,2376644,21093,13115,unemployed,0,100,26072
51,169268,91949,3,1302739,344070,239394,student,0,100,0
41,1024402,516179,1,1580620,229085,53447,unemployed,1,100,55827
19,547297,274744,3,4711938,135184,42361,employed,0,100,27473
44,575908,372085,4,4803494,258940,170751,self_employed,0,100,0
26,362269,302617,2,1756728,327146,10380,employed,0,100,0
36,116338,100942,3,4952828,172503,26059,employed,0,100,0
53,769719,267677,5,937744,235007,109170,employed,1,100,53406
46,1162753,494219,4,489568,406416,137804,self_employed,1,100,52423
28,292550,146580,5,888079,88528,277812,student,1,100,11488
49,1407991,1048176,5,552941,292213,76816,self_employed,1,100,13520
44,1121974,630082,3,312383,381400,132280,self_employed,0,100,22098
56,611009,372658,0,1324035,238396,53134,employed,0,100,0
41,904584,732605,2,3343685,145129,2125,employed,1,100,5369
44,232569,166808,4,4371918,147784,16786,self_employed,0,100,0
44,633125,431694,4,1177719,440706,100514,employed,0,100,0
57,520120,352112,0,1911438,412844,90640,self_employed,0,100,0
49,1663090,714446,3,1563932,82618,251032,employed,0,100,173205
62,482840,179598,4,4840659,147385,67364,employed,0,100,31171
61,1267359,649289,3,2468383,187389,277910,unemployed,1,100,86136
39,893346,714213,3,3030005,237293,18989,self_employed,0,100,0
59,137618,117609,0,916512,175135,181846,unemployed,0,100,0
49,1190829,974483,3,1818879,5442,122685,employed,1,100,42180
63,746763,300627,2,60514,88832,164246,employed,0,100,71460
52,1045991,938548,0,4446034,194663,45658,employed,0,100,0
18,1899717,1048502,0,2170112,51207,96468,student,1,100,160001
51,1241680,1048572,1,1674154,300829,297108,employed,0,100,0
18,1779713,1258241,2,4287285,403682,76089,self_employed,0,100,23557
59,1391278,1134872,4,579629,270554,270303,employed,1,100,0
52,1161677,371377,3,2914584,269750,197553,self_employed,1,100,104109
46,733495,427303,3,306824,428087,120156,self_employed,1,100,0
35,588678,408625,0,2196381,87500,145777,self_employed,1,100,18510
23,1015815,548946,3,2691500,192261,203272,employed,0,100,54921
23,187319,152310,2,3947190,18079,226338,employed,0,100,3385
44,1228773,946587,4,4996580,405314,188901,self_employed,0,100,0
56,775334,429056,5,2366265,77379,239470,self_employed,1,100,53779
36,873573,511313,5,4340763,186395,231484,employed,0,100,35172
55,715962,443480,3,4517613,205164,275011,self_employed,1,100,13463
20,1057044,691653,0,2670689,389995,197077,employed,0,100,0
55,1149545,567749,5,473985,26326,65302,employed,1,100,111093
37,1029900,462321,2,2355220,496140,180691,employed,0,100,14287
19,1291296,482011,4,3835561,140886,233458,student,1,100,133679
24,1358129,531316,5,4198009,212802,268171,employed,1,100,122802
22,857860,518105,2,3512293,396158,100666,self_employed,1,100,0
42,237870,174095,2,2390338,91941,65190,employed,1,100,0
59,1081585,792622,5,2038731,294388,204925,employed,0,100,0
30,539037,321654,2,1601842,37655,12919,self_employed,0,100,35945
29,451023,316714,5,1595561,493323,91348,self_employed,0,100,0
22,1291995,1192963,3,1288480,179464,220865,unemployed,0,100,0
29,1537871,1443268,2,2266592,417024,145503,self_employed,0,100,0
35,516254,438366,3,906568,488339,5294,self_employed,0,100,0
20,965272,863285,2,3538754,194999,110043,employed,0,100,0
21,946521,367604,4,727645,495696,41184,student,0,100,16644
60,1557140,749299,0,1715220,179268,43929,self_employed,1,100,125714
36,588241,541234,3,3370093,386899,16014,employed,1,100,0
38,1903145,732094,5,1543385,63449,29657,self_employed,1,100,221520
42,1985173,1724114,5,2878014,239594,173256,unemployed,0,100,4292
20,1586236,928720,0,2497858,346097,182076,employed,1,100,62283
24,216021,201706,5,509336,66679,237971,employed,1,100,0
26,1513620,1159057,4,2757310,363750,54576,unemployed,1,100,0
21,947453,491799,0,1535782,338356,43290,unemployed,0,100,23459
40,853163,321424,2,4990267,177563,130281,self_employed,1,100,70835
28,1328034,604617,4,4912044,355078,139570,employed,0,100,73667
36,793191,601035,3,2638714,70023,167845,self_employed,1,100,24426
18,520180,264614,4,1784238,220054,239187,employed,1,100,7102
21,1744425,1599491,3,2669183,175878,73080,self_employed,1,100,0
26,74782,48430,5,1676270,222058,2706,unemployed,1,100,0
59,1672011,1071827,5,3210782,106135,224522,employed,1,100,98809
24,1125855,928433,2,1146266,210863,132477,employed,1,100,0
43,947971,775640,1,3471205,286934,156493,employed,0,100,0
38,1885614,1407745,2,3661726,321361,44248,self_employed,0,100,31301
27,965947,887567,2,1840239,446039,219211,employed,0,100,0
27,1365955,924550,5,898905,469836,280829,employed,0,100,0
18,1189053,1052689,0,3703953,456893,6016,employed,1,100,0
53,1988353,1204500,1,2162760,197895,253186,employed,1,100,117191
20,1098860,873899,4,1379286,144556,251029,employed,0,100,16080
52,1566598,708347,1,1818031,487638,254378,unemployed,0,100,74122
62,461093,393224,2,1082393,439080,188037,self_employed,1,100,0
29,856198,453193,0,208156,421607,188949,self_employed,0,100,0
44,1234166,952629,5,783673,437358,65307,employed,0,100,0
34,350728,178714,1,2911555,185874,200525,employed,1,100,0
36,1103714,1014976,4,835530,318994,39149,employed,0,100,0
27,1271253,538957,1,3914988,13705,103135,unemployed,0,100,143718
60,889345,571490,3,4397229,470818,244089,employed,1,100,0
43,1558898,867471,3,2392716,1033,262532,employed,0,100,138078
25,201157,130273,4,1492691,485867,218530,employed,0,100,0
56,83279,37472,1,1557790,66887,277130,employed,0,100,0
19,1232462,773235,0,1214377,42155,151630,employed,0,100,83414
29,139002,53613,4,2823029,494219,9468,self_employed,0,100,0
56,1023040,460581,2,3314522,347833,290678,student,1,100,42925
57,449415,331110,2,4540890,244887,274036,self_employed,1,100,0
48,1695556,1025374,4,751805,218374,29157,employed,0,100,90361
46,1542494,960956,2,2578458,181205,222562,self_employed,1,100,80066
25,1891956,1713329,5,1450624,249069,296783,employed,1,100,0
32,1597445,702519,3,461387,498625,86621,unemployed,0,100,79260
43,395808,260695,0,1487368,423395,221282,self_employed,0,100,0
53,298444,192642,0,2176707,259859,106665,unemployed,0,100,0
58,893783,526764,0,1172482,492015,7409,self_employed,0,100,0
21,498012,418086,1,1933481,286478,241600,employed,0,100,0
50,316191,211361,4,604063,251922,150301,employed,0,100,0
29,436372,363617,2,3316646,153866,57245,employed,1,100,0
28,536335,460720,1,2795243,263681,266755,self_employed,0,100,0
47,232962,80675,2,2378088,38824,245898,employed,1,100,22692
62,52711,47945,4,2432236,201413,247993,employed,0,100,0
43,1039657,827601,2,4871617,359215,67724,self_employed,0,100,0
47,87458,53770,1,50183,19752,131849,employed,0,100,2787
53,1963922,1635881,1,2697956,131058,105175,employed,0,100,39396
50,1133911,509608,1,56668,139262,94675,self_employed,0,100,97008
62,694121,577937,0,1631816,74615,176744,employed,0,100,8313
48,869757,575426,3,890768,89748,47785,student,1,100,40916
19,522551,307651,1,714881,60777,116842,student,0,100,30824
32,440878,295868,3,4056124,6286,222379,student,0,100,27744
19,1556654,1191996,5,4483536,351156,144206,student,1,100,2700
29,1963938,943240,1,929025,104753,173719,student,0,100,183188
35,451582,164089,2,574969,484114,154048,employed,1,100,0
25,1270755,1130240,4,4103513,74469,33532,employed,0,100,13209
20,1914748,1757432,5,841616,302825,138306,self_employed,1,100,0
52,853797,602819,1,1862816,155920,275942,self_employed,0,100,19011
50,1730796,1093729,0,157637,254907,11551,employed,0,100,76431
48,976380,327132,5,479925,63071,290750,employed,0,100,117235
21,1564506,892124,1,1746857,47505,166531,student,0,100,124975
40,1575248,821003,2,1175335,101744,58773,student,0,100,130500
54,1259992,691990,2,755531,196795,200909,self_employed,1,100,74241
62,675361,518393,2,2490912,93081,169383,employed,0,100,12777
62,1341520,717461,2,2407846,341220,181348,employed,1,100,56567
52,555284,452127,1,2180074,19785,217816,employed,0,100,16674
57,1968006,1857797,3,3770736,219297,133462,self_employed,1,100,0
55,1091902,715308,5,2066271,328529,13007,employed,0,100,9612
18,239387,115010,2,711519,200252,236602,unemployed,0,100,0
20,1235755,1140116,2,3541421,72249,251365,employed,0,100,4677
27,787815,611081,1,4789087,391230,138016,employed,1,100,0
47,1760308,785328,4,3465349,367348,227692,self_employed,0,100,121526
45,208839,197633,5,1861981,387129,84460,employed,1,100,0
33,1542253,472950,0,3152523,81590,132592,unemployed,1,100,197542
21,1780770,1200942,0,3679861,466067,37932,student,1,100,22752
62,976886,727693,0,4422959,250684,153464,student,1,100,0
21,443255,185535,4,3704821,470003,250366,self_employed,1,100,0
40,1121418,373835,1,1362726,488617,127050,self_employed,0,100,51793
57,355391,108324,4,531514,145968,248878,unemployed,0,100,20219
40,1123460,1013292,2,4692728,433936,296619,employed,0,100,0
32,1332132,904269,1,3520264,177233,266179,employed,1,100,50125
30,64614,26570,1,1709004,263443,37719,employed,0,100,0
18,611905,428445,0,370151,244802,117792,employed,1,100,0
54,511570,154307,2,1471346,302967,228320,self_employed,0,100,10859
41,535576,290760,5,4735436,322784,265184,employed,0,100,0
61,224221,179188,5,634212,70619,45768,employed,0,100,0
18,720238,262740,3,746374,53013,135901,unemployed,1,100,80896
62,498246,345000,1,3527520,131061,147509,employed,1,100,4436
62,394581,199348,1,1799754,262055,3362,employed,1,100,0
30,242384,88243,1,1912649,190011,186036,employed,0,100,0
55,1011994,846043,3,4936628,229840,183210,self_employed,0,100,0
34,318982,209373,5,4520724,177110,251205,self_employed,1,100,0
47,1936443,1576834,0,4677928,336674,279000,employed,0,100,4586
37,1293604,1202421,2,4040218,200930,18587,employed,1,100,0
59,330181,138450,3,2013736,470303,224028,self_employed,1,100,0
22,1868897,727018,1,4452119,70360,63865,employed,0,100,214303
58,956583,896850,0,2600507,57681,178617,unemployed,0,100,410
22,987081,445811,2,2623053,253488,113815,employed,1,100,57556
63,1379902,796890,4,1410481,347251,212627,self_employed,0,100,47152
54,1253745,1057673,5,1149833,158008,280921,unemployed,0,100,7612
33,1953815,878698,0,845663,266300,149612,student,1,100,161763
38,224736,171352,2,3557234,406446,226106,self_employed,1,100,0
51,1353838,1098588,1,3520010,465873,98010,unemployed,0,100,0
63,411053,255945,2,1568093,144746,188489,employed,1,100,2072
23,1802043,1111552,1,901233,306441,139703,employed,0,100,76809
59,1414347,634557,0,3274041,286750,195568,self_employed,1,100,98607
23,1681965,1188910,4,1339261,456040,208563,employed,0,100,7402
27,333905,143770,0,1481422,403730,295464,self_employed,0,100,0
48,567788,267279,1,3185443,400199,293217,employed,1,100,0
23,1512927,1040332,3,6336,206767,205717,self_employed,0,100,53165
20,1828500,878367,0,1798741,393543,160881,self_employed,0,100,111317
61,489493,294422,5,546505,165179,123880,employed,0,100,5978
42,918340,842790,4,3256221,196997,273127,unemployed,0,100,0
37,1897377,1302683,3,1734635,334711,287447,employed,1,100,51996
52,867228,683437,3,4687575,488142,49511,student,0,100,0
18,69362,52502,1,4718470,162360,74562,employed,1,100,0
48,1172745,1078098,2,4506873,327155,132841,employed,0,100,0
31,1180371,436083,4,4717323,70336,274596,employed,1,100,134790
20,399447,167531,1,978852,239396,100737,employed,0,100,0
33,1081456,806495,5,2615245,401841,239032,employed,0,100,0
31,1856773,1578478,4,3735376,184856,59852,employed,1,100,18687
20,491674,386079,2,1737736,462085,32334,unemployed,0,100,0
23,798568,316213,1,2865148,160214,2100,employed,1,100,64428
26,1242338,921658,0,1292974,245814,35916,employed,1,100,14973
50,1181449,836839,0,23255,218989,60838,employed,1,100,25124
58,1351819,877341,3,4353780,378837,132926,employed,1,100,19128
29,1889810,1259853,2,4218185,31420,171231,employed,0,100,119707
19,710329,493425,5,1903577,151788,111105,employed,1,100,13023
60,1160435,484663,5,4498371,183141,48270,employed,1,100,98526
63,1773584,915352,1,3252430,45280,257679,student,1,100,162590
20,1160118,809818,2,4913230,93719,65072,self_employed,0,100,51316
30,658826,231664,2,2065520,194077,214873,employed,0,100,46616
48,1540409,1173166,0,4310441,24114,266195,employed,1,100,68625
26,132402,103879,1,4431627,27374,261717,student,1,100,229
57,62020,24403,3,306612,393898,45631,self_employed,0,100,0
58,1668442,808610,1,678675,254361,223700,employed,0,100,121094
25,1991805,896728,0,2687856,71922,157599,unemployed,1,100,204630
39,1961899,856268,3,414935,320747,83580,unemployed,1,100,156976
43,317334,170832,5,4090575,111744,21551,self_employed,0,100,6951
33,293789,232235,3,3108655,405967,60694,employed,1,100,0
49,523428,295406,4,2646041,441006,75920,employed,1,100,0
52,229461,148607,1,3265345,453138,240158,self_employed,0,100,0
53,1837363,697699,5,4389003,12195,273372,employed,0,100,225493
18,1916720,1340542,4,2444341,57023,72652,employed,0,100,103830
24,1579478,1499604,0,71557,229437,134910,employed,0,100,0
57,574284,444445,5,599007,160987,62273,employed,0,100,0
59,482060,296561,1,994118,460292,139336,employed,1,100,0
28,1051585,637642,1,3243054,331055,251871,self_employed,0,100,16577
28,502826,452358,1,4237855,272794,3089,employed,1,100,0
30,1022822,578000,4,3853428,346705,161658,employed,0,100,19623
58,205520,158688,2,4858609,106827,68972,employed,0,100,0
21,1961464,1366121,2,1064319,356165,282725,self_employed,1,100,47835
42,1422505,1006260,2,4277109,117178,6428,employed,1,100,59813
20,231283,81972,4,158670,31872,63584,employed,0,100,23487
27,1921032,1407654,4,3502866,212457,267986,employed,1,100,60184
22,482674,346229,3,1371768,457386,33022,self_employed,0,100,0
29,607105,474812,2,1558118,404224,214607,self_employed,1,100,0
51,1398462,1035355,4,2635940,260847,83122,unemployed,1,100,20451
29,384644,335368,3,2204115,230051,67103,student,1,100,0
55,1603858,1520984,0,1022767,286875,27412,student,1,100,0
32,1969221,835229,0,1136948,457224,81821,unemployed,1,100,135353
38,260867,228913,4,3497413,208882,184582,unemployed,0,100,0
21,107513,52667,3,3324744,324659,295563,employed,1,100,0
28,1802212,847569,3,2736131,131861,26298,self_employed,0,100,164556
27,1674221,746596,4,355445,428714,166235,employed,0,100,99782
24,1199692,785832,1,586826,210283,48454,employed,1,100,40715
26,1245582,800297,0,3563360,8068,196246,employed,1,100,87443
35,1720181,1467038,0,3768199,494925,64531,employed,0,100,0
64,1013625,593348,1,3210965,48591,264697,employed,0,100,74337
44,981705,794477,0,2858356,207230,294532,employed,1,100,0
60,220589,205873,0,3186242,370955,118917,self_employed,1,100,0
45,1222505,521158,0,3250914,367014,104066,student,1,100,66866
49,1529429,542007,0,4184434,211155,6324,employed,0,100,155253
27,1448230,763753,2,194994,346420,277634,self_employed,0,100,67611
51,1411798,1302868,4,1051269,447446,277553,employed,0,100,0
22,54990,44478,1,2667685,195629,18541,self_employed,0,100,0
37,955308,568657,0,3205611,231697,220090,self_employed,1,100,30990
47,388411,140022,5,171384,188678,10260,employed,0,100,11942
50,1705187,839972,2,526988,157541,196329,employed,1,100,141534
36,902426,790937,4,3689692,272041,52656,unemployed,1,100,0
19,1442773,577246,1,2448806,171571,277967,employed,1,100,138791
35,194083,140766,0,1564692,292417,94501,employed,0,100,0
31,1398273,976703,0,2601788,227344,206457,employed,1,100,38845
22,1060202,532086,5,1681363,378316,139204,employed,0,100,29959
35,188461,128870,0,4808103,182392,241210,unemployed,0,100,0
62,929535,724307,5,1694979,129739,50567,employed,1,100,15097
32,1744711,590336,3,3969085,248301,34134,unemployed,1,100,181214
40,1482992,1213292,2,1764407,116270,77487,self_employed,0,100,30685
21,1838110,1101358,4,4885617,292423,90729,employed,1,100,88865
51,1325359,588946,1,2326390,345752,211650,employed,0,100,78132
41,956210,622036,5,772772,74169,101409,employed,0,100,52000
29,709381,240006,1,992318,87883,219014,employed,0,100,76298
46,1564599,1325334,2,1899873,185376,161609,student,0,100,10777
23,475600,449401,5,29319,58541,110924,student,1,100,0
41,110569,81871,2,449997,338257,189179,employed,0,100,0
64,350147,177446,0,2560681,456355,264636,employed,1,100,0
39,1179187,1038032,1,4282939,122407,51312,self_employed,0,100,3749
34,205098,103110,0,4609285,176095,62055,employed,1,100,0
49,1450437,775936,2,389197,97895,269617,employed,0,100,115321
42,330144,296949,5,4060152,130435,66643,employed,0,100,0
43,868491,610855,2,3312503,210687,282415,employed,1,100,9389
44,1024606,560586,2,2072085,72231,129213,employed,0,100,78357
24,825918,485096,4,3540377,497754,38299,self_employed,0,100,0
52,153061,113584,4,1932554,128860,168649,unemployed,0,100,0
51,109161,79068,0,184845,116225,137236,employed,1,100,0
44,162264,87030,2,2510471,132848,72526,employed,1,100,0
25,422768,159651,0,2143114,371979,283703,employed,1,100,0
52,372107,213461,0,1866123,165811,202870,self_employed,0,100,0
35,1374730,1011083,5,1767874,377516,214484,employed,0,100,0
40,1618266,765123,5,2063157,420989,275856,self_employed,1,100,86430
47,882402,771917,4,1432852,18024,268057,employed,0,100,18492
33,1958219,1019401,3,3106742,282258,67902,self_employed,1,100,131311
48,1106404,479128,4,2123587,17006,181886,student,0,100,122053
55,1287761,738089,0,467361,368914,269564,unemployed,0,100,36151
51,869210,395039,4,1054157,81625,242510,employed,0,100,78509
18,1716738,1022429,2,1634223,129364,86511,employed,0,100,112988
26,217665,77851,2,3265241,249901,15394,employed,0,100,0
53,1617422,945129,1,210779,494933,79896,employed,1,100,35471
61,1801427,1405237,3,3872951,150308,176302,employed,0,100,49176
21,148183,71646,4,89713,485478,219658,employed,0,100,0
62,81790,76861,3,1500562,257419,282145,employed,0,100,0
37,1934424,812570,1,1812373,85971,160144,self_employed,1,100,207176
62,1247799,652795,2,2911618,229107,245259,student,0,100,73179
34,781305,484242,0,1736991,326947,280783,unemployed,0,100,0
61,651257,552412,4,2954316,161272,227596,employed,1,100,0
27,706512,411610,5,4475554,436544,285393,unemployed,0,100,0
63,1129256,878747,2,511666,305081,39636,unemployed,0,100,0
60,793556,245811,1,161066,154118,292462,student,0,100,78725
57,1643455,520367,0,940621,420542,125929,employed,1,100,140509
30,713245,231566,2,258978,135906,75246,employed,1,100,69154
55,1013681,319360,2,2578387,44649,9430,employed,1,100,129934
61,1489304,644732,2,545161,331147,263876,student,1,100,102684
33,1023629,703593,4,2057939,91039,39270,self_employed,1,100,45799
56,1758513,1431000,4,2921098,89276,191660,employed,1,100,47647
50,1294271,865815,5,142847,437656,121166,student,0,100,0
44,1408864,497114,0,3885751,82119,216535,self_employed,1,100,165926
54,289202,219028,4,2497270,414974,3851,employed,0,100,0
33,476341,314110,1,1856207,131406,42578,employed,0,100,6164
32,1361906,688475,0,1644906,355112,269817,self_employed,1,100,63663
33,1929141,800445,2,2405716,94309,245873,employed,1,100,206877
23,1452738,512312,1,104388,26063,74661,self_employed,0,100,182872
46,1184271,736111,2,1514297,414086,50406,self_employed,0,100,6814
57,1234878,1045659,0,2987945,22382,165442,unemployed,1,100,33367
34,1601321,585196,5,1739265,323302,49739,self_employed,1,100,138564
57,1078721,397999,2,2445071,248551,83428,employed,0,100,86434
24,1363185,652164,3,1128816,362541,93761,unemployed,0,100,69695
51,1287363,704205,1,4090693,439983,137875,employed,0,100,28634
62,763085,721449,5,442974,130648,276519,employed,0,100,0
53,1924162,1251826,5,4758476,13757,222241,employed,1,100,131715
43,1187015,994997,5,4324335,363631,251541,employed,0,100,0
43,1123840,501854,0,53641,398496,136334,employed,0,100,44697
28,440085,392334,0,3930277,221764,223394,self_employed,1,100,0
42,1990837,1559793,2,28076,284253,15457,employed,0,100,29358
53,56340,29144,2,3595531,250689,65356,employed,0,100,0
59,1881947,1487389,1,2544081,94904,100057,self_employed,1,100,59930
19,1248861,1094297,4,281718,349419,43351,employed,0,100,0
58,895065,477666,1,1708853,221427,268984,self_employed,1,100,39194
45,1168621,982284,5,3645359,202473,166130,unemployed,0,100,0
18,1589530,936784,3,3407293,8609,285030,student,0,100,128827
23,1460379,1145664,1,3232093,258893,33325,self_employed,1,100,11164
57,1733367,851681,2,1411200,163273,38401,employed,0,100,143682
53,1847530,1383855,4,4390770,18214,42258,student,0,100,89092
18,740112,643504,4,4380772,24313,147950,employed,1,100,14458
32,280076,171339,1,1003436,410452,221581,student,0,100,0
18,1757611,1416696,3,588321,53949,91630,employed,1,100,57393
36,923396,611240,1,3831348,1463,139040,unemployed,1,100,62138
42,1422307,1211703,0,2416462,478070,169003,employed,0,100,0
31,487911,221578,4,1386765,245016,24808,self_employed,1,100,4263
39,99178,31261,0,4585384,300526,87569,employed,0,100,0
40,1471513,1082514,3,1271813,79268,177008,student,0,100,61946
24,146602,118030,3,1147752,383671,223746,employed,1,100,0
51,840945,295212,2,1171245,81958,115231,employed,1,100,92754
28,1494201,1087962,1,3301117,187902,14222,employed,1,100,43667
33,106726,46613,1,812865,317406,188080,employed,0,100,0
64,1357663,1280779,5,1171678,180941,284374,employed,1,100,0
55,1658215,1341248,1,4241144,241988,296251,employed,0,100,14995
26,349006,139774,0,2114763,92376,213089,employed,0,100,23371
21,1837199,1118417,5,2766584,257580,164269,self_employed,1,100,92240
62,779306,632778,3,1441721,21825,126287,employed,1,100,24940
57,565770,361608,5,3904128,118626,261809,employed,1,100,17107
52,824948,772273,3,3500066,356975,285061,employed,0,100,0
40,381851,221933,5,1587798,258195,289359,self_employed,1,100,0
41,358704,314394,0,199416,461705,222256,student,1,100,0
21,266760,96041,1,1363205,354919,106423,employed,0,100,0
47,96433,63343,1,1919233,339461,17663,employed,0,100,0
57,1645627,1558293,0,3767318,408425,200684,student,0,100,0
49,1938010,1436223,5,3230070,256416,75519,self_employed,0,100,49074
55,885196,354066,5,2783414,316493,64847,self_employed,1,100,42927
51,268336,195724,2,443564,110962,31755,unemployed,0,100,0
51,1964395,1132436,2,1704817,466585,94669,employed,1,100,73074
48,1781530,1349879,5,1092571,414677,100595,employed,0,100,3394
48,271926,143693,5,1698305,259900,140287,employed,1,100,0
49,1749934,1087325,1,48016,491085,250642,employed,1,100,34304
53,756781,333858,1,3421794,386467,68193,unemployed,0,100,7291
39,466661,188827,0,2675630,303421,248200,employed,1,100,0
36,1523671,752789,4,1917077,18283,181662,employed,1,100,150519
62,1196041,961954,3,919924,91761,6478,employed,0,100,28465
52,168018,137052,1,3524616,44694,82051,employed,0,100,0
55,293858,191977,5,1219585,359759,261694,self_employed,0,100,0
59,139941,58972,1,1282038,35416,232836,student,1,100,9110
32,174645,144244,4,2564964,24170,288236,employed,1,100,1246
55,796178,687509,2,3628779,121298,27046,employed,0,100,0
25,1028709,377045,3,2147914,80553,115552,employed,0,100,114222
49,1595484,908253,4,2668219,241866,63939,self_employed,0,100,89072
53,1710528,1125743,0,3603113,235165,198540,self_employed,1,100,69923
54,1645040,1355256,2,3107124,411327,89338,employed,1,100,0
47,1316318,935755,3,3776725,126616,259710,employed,0,100,50789
40,769044,436688,2,3537060,450398,127852,unemployed,0,100,0
60,1266115,761371,4,4472452,3450,67943,employed,1,100,100258
24,271450,157132,3,50200,278928,274711,employed,0,100,0
39,1206897,461596,1,2667336,351321,32774,employed,0,100,78795
53,1396909,1132806,0,4449963,366085,222073,self_employed,0,100,0
56,1203212,411125,2,3036482,66954,137571,employed,1,100,145026
45,347538,259241,5,3294263,206592,275221,employed,1,100,0
29,1723519,688556,0,4466320,100684,264195,self_employed,0,100,186855
20,183626,105125,2,3486492,56335,87169,self_employed,1,100,4433
62,1763920,668055,2,2702911,244042,255924,unemployed,0,100,170364
55,294572,201586,5,3383708,119637,262759,employed,0,100,0
61,346853,307259,2,620086,29539,65029,student,0,100,2010
53,407241,283326,0,319262,371167,27192,employed,1,100,0
38,1940397,1077882,1,4572498,36418,51797,self_employed,0,100,165219
39,521092,474012,2,3351207,26010,284290,employed,1,100,4213
40,641017,315845,4,4117438,264271,244240,unemployed,1,100,12180
24,59247,27632,5,2295972,219492,37193,self_employed,0,100,0
24,1248053,954686,4,4828485,470298,217326,employed,1,100,0
38,620346,571936,5,4787657,319477,6971,employed,0,100,0
61,1667013,1343543,0,1725036,31714,92519,employed,0,100,58351
31,581361,320231,0,4511694,168705,178214,employed,0,100,18484
59,1759962,842885,4,4502804,381905,221693,employed,0,100,107034
24,1494077,898368,5,327273,213807,234366,employed,0,100,76380
22,1172766,916498,1,2172315,436760,25388,unemployed,1,100,0
54,1218421,587659,1,2691902,380323,40539,unemployed,1,100,50087
36,1041597,880708,3,3275956,99538,67537,employed,1,100,12270
42,1493005,1065509,2,4638355,241240,161154,student,0,100,37251
29,1203777,739117,5,964528,310886,14432,employed,0,100,30754
26,107200,38454,4,2245472,360020,221199,self_employed,1,100,0
18,1264876,725162,5,3020384,23845,215801,student,0,100,103173
60,644195,293584,0,2283820,346279,251815,employed,0,100,866
46,1787004,1127428,4,4083874,413195,66211,self_employed,1,100,49276
60,974028,706212,4,2126851,395420,122811,self_employed,0,100,0
36,231865,117501,0,2110811,253254,31113,self_employed,0,100,0
32,1913231,1584871,4,4006125,182392,26389,employed,1,100,29193
53,1356766,1171864,5,1009268,323228,207899,student,0,100,0
35,760218,344659,1,1605371,409183,234783,unemployed,0,100,1275
39,1753031,557624,2,546603,233034,240704,student,0,100,192474
39,1762353,725149,1,3847700,279332,48789,employed,0,100,151574
47,1478510,879457,4,2453389,299246,266671,unemployed,0,100,59961
24,1755820,1294369,1,2187890,21326,250588,self_employed,1,100,88024
23,1933160,1329670,3,4486155,131289,210069,student,0,100,94440
30,970055,658458,4,535749,242241,132934,employed,1,100,13871
31,1771034,797460,3,3469963,124093,293174,employed,0,100,169896
19,744785,301113,5,4761152,290588,298829,employed,0,100,30616
59,484728,156651,1,4724823,110275,253520,employed,0,100,43560
33,257687,149484,5,1630223,355937,271168,employed,0,100,0
56,1280977,635162,0,2259900,488308,280450,employed,0,100,31501
63,1390005,912384,2,4128030,175970,79799,employed,0,100,60330
50,1485828,1027435,0,3614524,195069,11674,self_employed,1,100,52664
18,1020439,497161,3,3573432,216649,232569,employed,1,100,61325
47,703534,464021,5,214445,89441,16834,employed,1,100,30014
28,527728,367091,0,347797,470511,37828,employed,0,100,0
31,816423,711919,3,2671801,485591,83197,self_employed,0,100,0
54,437189,172758,0,4185815,104423,142840,self_employed,0,100,32001
54,184936,101641,2,1624403,444893,274084,employed,0,100,0
52,60213,30503,4,4120689,59332,298879,employed,0,100,0
31,1082576,504089,2,3336019,477060,78076,employed,1,100,20285
39,395177,227816,1,1399793,204276,84581,unemployed,1,100,0
48,663741,605752,5,1909264,19891,249647,employed,0,100,7619
35,888036,753097,1,4690943,210430,25309,employed,0,100,0
27,1430054,914578,0,772033,151049,9523,self_employed,1,100,72885
41,1190579,666146,2,3330209,60706,76473,self_employed,0,100,92745
41,1679491,975317,1,4859506,375535,97816,employed,0,100,65727
49,1712011,794725,4,4642319,99902,77914,employed,0,100,163476
54,1517951,1104325,0,3045222,237642,164669,employed,1,100,35196
51,1833618,864932,3,15033,449974,79795,employed,0,100,103742
27,434887,161916,0,2652158,495248,73706,employed,0,100,0
63,1339732,681405,2,3614857,318764,75918,employed,1,100,67912
31,1177772,726223,2,2325569,368704,137154,self_employed,0,100,16568
40,1401706,1084125,4,2707002,168247,190780,self_employed,1,100,29866
49,487787,300843,0,2768094,143352,19565,employed,1,100,8718
64,1017565,328275,0,3603107,301539,228062,employed,0,100,77550
29,1309883,992686,5,155225,257221,239915,student,0,100,11995
58,667485,536090,2,4641898,328243,235974,employed,0,100,0
41,1321058,484858,0,611147,311356,174206,employed,0,100,104968
51,561360,431561,1,4936797,444020,42648,employed,1,100,0
64,1144903,832242,1,4834851,142813,274648,employed,0,100,33969
37,1892493,1047796,0,657083,210108,158273,unemployed,1,100,126917
46,787308,643724,1,4745548,285474,72769,self_employed,1,100,0
33,1973239,1503350,2,1782338,122380,103049,employed,0,100,69501
57,414806,277914,3,1667466,155314,140081,employed,0,100,0
59,1462179,1163472,0,1981368,366464,285936,self_employed,0,100,0
26,1714683,1000329,5,1698986,490518,108357,employed,0,100,44767
61,1768522,1230417,4,2672364,80460,139658,employed,1,100,91528
20,962713,314382,0,4995988,32801,297840,student,0,100,123105
27,442037,262239,2,4577596,37482,29853,self_employed,1,100,28463
57,1269580,880194,4,402350,193871,226345,employed,0,100,39102
18,553365,167404,4,610896,354548,198691,student,1,100,6282
24,578268,322672,3,1236959,127423,103724,employed,0,100,25634
48,114076,73831,0,2366342,76810,13536,self_employed,1,100,0
58,1463831,791671,0,1276360,374106,159998,employed,1,100,59610
30,1235118,661454,4,4406009,7004,166199,self_employed,0,100,113331
39,58080,49831,1,11809,223808,208069,employed,0,100,0
33,1655231,1534224,0,2126516,194709,45094,employed,1,100,0
39,375397,136187,0,2969488,404476,105154,employed,0,100,0
23,1283489,1144822,1,2101516,464536,270901,self_employed,0,100,0
63,842196,459978,5,1903183,432902,77482,employed,1,100,0
18,793176,360575,5,213863,148820,220399,employed,1,100,56756
19,1174816,466722,5,3332269,252799,86368,employed,0,100,91058
44,392341,308335,3,2126667,665,42737,student,0,100,16668
29,1794504,1382277,0,530000,10577,57420,student,0,100,80329
23,358148,129494,2,4695022,228448,109323,employed,1,100,41
19,656276,606179,1,4114770,479794,5284,student,0,100,0
54,1951982,677570,0,2791017,310295,44678,self_employed,0,100,192823
27,435898,271567,1,1513785,3593,25987,employed,0,100,32147
34,857597,617002,1,3385763,452620,70102,employed,1,100,0
34,285650,250611,3,2337764,132574,12965,student,1,100,0
23,796769,378654,3,1526930,285713,257178,employed,0,100,26480
18,365830,173370,4,3716203,330890,99676,employed,1,100,0
37,1305278,1054436,0,337252,445113,289884,self_employed,1,100,0
35,1612642,914596,3,316819,239100,11428,employed,0,100,91789
26,1486861,644871,0,3400492,6047,62393,self_employed,0,100,167188
49,322653,101269,4,1416742,311316,237546,self_employed,1,100,0
34,1004706,788479,5,2614347,326440,255367,self_employed,0,100,0
36,1166817,361437,3,3372192,487739,153503,self_employed,1,100,63528
30,75020,53595,3,2444439,178034,43385,employed,0,100,0
18,912787,528286,4,960306,46553,12247,employed,0,100,67589
62,1484407,1057500,2,1254862,162349,151004,employed,0,100,52911
55,630211,500424,2,4852499,183863,3337,self_employed,1,100,0
61,424115,305771,4,1888406,314887,197906,unemployed,1,100,0
55,1076297,648700,2,3265878,489872,188454,employed,0,100,0
53,706889,629041,2,1656369,455587,177327,self_employed,1,100,0
27,1560332,471743,2,1206047,389491,193270,employed,0,100,139819
52,1333627,441458,2,3775539,306261,155877,self_employed,0,100,117181
43,644085,396907,1,3781493,230728,92998,employed,0,100,3289
50,196728,90634,1,3061481,4588,143319,employed,0,100,20301
57,693202,401892,3,1538550,475652,42069,unemployed,1,100,0
25,342326,166598,0,40606,404919,273167,employed,0,100,0
37,767325,345534,1,435691,73714,92522,unemployed,0,100,69615
19,1259619,1133620,0,1897141,387002,132272,self_employed,0,100,0
56,992670,437589,5,2134995,394893,287122,self_employed,0,100,32037
57,1470315,528514,4,1466898,133164,248786,employed,0,100,161727
45,1816475,811458,5,4261106,228042,225258,unemployed,0,100,155394
46,1061638,613300,5,3053786,471858,56461,employed,1,100,0
42,1626227,723922,4,2448146,259769,52062,unemployed,0,100,128507
43,804405,292417,5,3767598,124638,66207,self_employed,1,100,77469
25,319692,151736,4,2070051,335430,70672,employed,0,100,0
47,1084818,964620,0,4449879,185766,142299,employed,0,100,0
18,911091,719085,4,2699428,365162,50785,employed,0,100,0
45,449172,202866,3,919715,268244,243472,employed,0,100,0
47,312950,217391,0,445172,142520,18108,employed,0,100,0
30,1425629,1220993,3,4759506,369003,272261,employed,0,100,0
58,694987,647122,3,1104232,276682,276828,employed,1,100,0
38,761549,265232,2,455474,47476,68616,employed,0,100,89768
38,1875936,811283,3,517463,268773,61854,employed,1,100,159175
57,139957,127815,1,1074061,218636,254365,self_employed,1,100,0
28,1976412,1729614,5,297166,120743,46138,employed,1,100,25210
44,890135,440080,3,3940404,139690,295752,self_employed,0,100,62072
22,412295,176670,4,3464378,15064,121974,self_employed,0,100,44112
30,169848,140974,2,2315470,95088,219113,employed,0,100,0
29,640258,235866,5,620035,483889,93577,self_employed,1,100,0
57,116892,82163,0,190008,4279,13669,employed,0,100,6089
50,67680,60231,3,3882071,222269,234726,unemployed,0,100,0
47,1191501,496895,5,1479961,314467,178996,employed,0,100,76027
20,1031400,393334,2,679525,466614,4987,employed,1,100,34290
40,544666,391145,3,153662,114532,244008,self_employed,0,100,7797
48,1385868,969038,3,3962296,460701,217334,employed,0,100,0
23,1479743,508632,4,4596225,452379,59890,student,1,100,103746
28,535409,286339,1,322981,151747,196233,self_employed,0,100,19464
54,257788,232650,2,4297528,9128,143311,employed,0,100,3201
56,1692251,760447,2,2244597,249299,52315,self_employed,1,100,136500
64,675703,434944,3,4241446,476171,49130,employed,0,100,0
62,501112,265158,2,2872477,420172,62926,employed,0,100,0
54,1786129,1585926,0,3097627,115749,28938,employed,0,100,16890
56,1497034,955758,0,3856538,149300,206247,student,1,100,78395
23,1096470,649960,3,300231,292835,277178,employed,1,100,30734
35,780550,686500,2,2606752,225065,200927,self_employed,0,100,0
18,1785986,1283637,5,4478861,255343,221244,student,0,100,49401
35,1873563,997012,3,4324139,75731,22873,employed,0,100,160163
28,769055,727165,0,1886994,108522,223823,employed,0,100,0
59,1141230,1021715,2,3790189,403573,290192,self_employed,0,100,0
23,880931,415788,1,4813283,11074,2544,employed,1,100,90813
22,1627422,524064,3,563300,143114,167052,self_employed,0,100,192048
41,88797,33612,0,2035019,288093,188046,unemployed,1,100,0
19,1787017,715739,0,4986182,227465,12011,employed,0,100,168762
52,384728,299199,1,2374741,306764,48778,self_employed,1,100,0
51,1257888,684866,3,2393054,302238,50303,unemployed,1,100,54156
59,1240653,645738,4,745915,199851,200401,employed,0,100,79012
19,1402658,930261,4,4625686,289188,266411,student,0,100,36641
29,1660198,644316,0,1346467,239000,76672,self_employed,0,100,155376
19,121019,58006,4,853160,319964,86485,employed,0,100,0
64,1276669,785424,5,4617458,448532,171201,self_employed,1,100,8542
52,599150,362206,0,346254,53390,18013,employed,1,100,36710
46,999114,696950,4,4343858,69865,203444,employed,0,100,46459
50,326257,163597,0,2284057,413046,243458,employed,0,100,0
22,238586,130863,5,4834419,400266,103855,self_employed,1,100,0
60,1592930,543499,2,2429118,113121,260091,employed,0,100,187261
60,1399667,1010380,1,2169606,474096,178830,unemployed,1,100,0
50,1757355,1097563,0,1634653,382215,81868,self_employed,1,100,55515
56,1588304,519653,4,1217658,186977,285757,employed,1,100,176334
30,1863951,1170728,3,424600,359016,103782,self_employed,0,100,66841
48,927912,435916,4,2341654,478361,108061,self_employed,0,100,2726
53,715870,283028,1,2853284,255508,181418,employed,0,100,35466
36,336957,102204,4,3693790,51507,175101,employed,0,100,36649
42,1964834,1842983,4,881406,363569,126050,employed,0,100,0
60,457146,418818,3,1162064,494359,205798,employed,1,100,0
52,89585,74909,0,310726,147823,125665,self_employed,1,100,0
54,991879,436903,5,4631107,83167,46161,employed,0,100,94361
56,1570676,1358232,2,4923884,268625,163938,employed,1,100,0
50,316449,279480,3,2993250,356331,144150,self_employed,0,100,0
60,1526533,538945,1,336913,338969,59254,employed,0,100,129723
20,1536571,981829,5,778288,451122,205489,unemployed,0,100,20723
64,1101013,406805,3,943136,66191,11057,employed,0,100,125603
59,994010,642647,5,4725426,380712,182226,employed,0,100,0
41,1217844,1033714,0,1341756,454707,9564,employed,1,100,0
20,1834885,1297854,1,1018603,220600,101745,employed,0,100,63286
24,1122151,382558,2,2336758,129400,212779,employed,1,100,122038
30,631370,193445,2,772907,95076,229955,unemployed,0,100,68569
41,1369172,494665,4,4566233,185811,80917,employed,0,100,137739
55,426944,380268,4,3622144,267058,59050,employed,0,100,0
47,268568,252565,1,1044586,418618,238956,self_employed,0,100,0
22,139757,85840,2,528780,51961,62670,self_employed,1,100,391
40,1309338,696702,0,390731,102862,101545,employed,1,100,101954
58,235575,123395,1,531835,423875,93417,employed,0,100,0
61,1810971,1043545,4,519930,367349,253330,employed,0,100,80015
44,1757539,978826,4,845323,426279,68935,student,1,100,70486
35,914832,730679,4,3299095,51343,188387,self_employed,0,100,26561
57,1878796,1208744,3,694882,495778,104067,employed,0,100,34854
37,1280879,456196,2,1178599,277785,268978,employed,0,100,109379
23,54495,19461,3,141007,33096,43323,student,0,100,387
47,234295,87210,1,294673,416207,93209,unemployed,1,100,0
23,831552,459820,3,926606,203962,221494,self_employed,1,100,33553
34,1860939,883904,2,1186146,322549,275633,employed,0,100,130897
60,1588088,858562,1,2819718,106062,142622,employed,1,100,124692
53,319320,115237,2,3163901,413267,292549,employed,1,100,0
32,1777060,1580570,2,4873073,149890,21373,unemployed,1,100,9319
34,934898,783783,5,620740,391812,43067,self_employed,0,100,0
42,1174832,779654,0,1329116,394663,203909,unemployed,0,100,102
61,1914689,1285241,0,3855387,37558,259972,unemployed,1,100,118377
47,1950157,1224083,0,2249100,282598,52420,employed,0,100,88695
60,1951108,874818,4,3932328,28748,13828,employed,0,100,209508
57,1470209,1066393,5,1411308,242095,289043,student,0,100,32344
34,846348,304356,5,1936353,321770,118965,unemployed,0,100,44044
22,1738549,1182063,5,1421276,408540,83916,employed,0,100,29589
61,1144363,670726,3,445940,265965,135501,unemployed,0,100,41534
59,841403,284030,0,763910,13766,45166,employed,0,100,108721
59,553194,321476,1,2248013,168884,115680,self_employed,0,100,12566
52,613858,420105,5,3524515,241095,190255,employed,0,100,0
28,1190268,418661,4,409030,427767,231126,student,1,100,68767
45,1612998,796773,0,1237869,190874,293969,employed,0,100,125070
61,382121,164925,3,1210464,454984,52906,self_employed,0,100,0
37,520025,164045,4,1136812,253279,79587,employed,0,100,20540
19,893160,315409,4,2501817,257260,209613,employed,0,100,64098
58,1637387,692450,5,4141509,379555,167819,self_employed,0,100,113076
50,1769168,1220612,1,3585536,497699,47910,self_employed,0,100,10171
53,1706498,1558199,2,2840226,346853,142812,student,0,100,0
27,324415,235843,1,1029926,379627,49350,employed,0,100,0
62,582701,546158,3,4851589,84006,12040,employed,0,100,0
36,380307,353327,3,4556297,5578,158063,student,0,100,4280
42,1409029,899493,3,3850251,42808,20715,employed,1,100,93345
44,1793778,796882,4,1291295,196771,195580,self_employed,0,100,160024
52,1359763,1214947,3,3844676,398449,249277,self_employed,0,100,0
40,1492410,967058,1,404520,415238,130069,unemployed,1,100,22022
60,437396,174393,4,1398752,18022,37667,employed,0,100,48996
51,1573246,859100,1,992553,20628,160991,employed,0,100,138703
25,1706899,882450,0,403845,396046,259184,employed,0,100,85680
19,1283660,685625,5,4138137,167725,221009,employed,0,100,86061
42,504655,183969,0,3866439,228270,280335,self_employed,1,100,18483
26,525986,315581,5,1522392,423098,73675,employed,1,100,0
42,1470955,944248,0,2693910,212924,51641,unemployed,0,100,62756
62,349350,303828,1,1151397,352936,31434,employed,0,100,0
46,1648711,563479,2,2396432,292149,132246,employed,1,100,158616
39,838801,693687,5,4242105,202262,238071,student,1,100,0
31,413227,292747,1,2889650,122696,276284,employed,1,100,0
60,984889,914280,0,2790479,48907,226464,self_employed,0,100,4340
28,1515354,1270532,5,648557,117895,61010,self_employed,0,100,25385
30,788414,467594,2,1016024,323477,279908,employed,1,100,0
50,399021,321825,5,3964658,254257,59959,employed,0,100,0
20,1803685,1622872,4,2899231,303342,20208,employed,0,100,0
64,971724,604781,5,198375,167201,153349,employed,1,100,39948
53,950072,449433,3,2950930,393555,77535,student,1,100,21416
59,984352,554215,2,3053037,4970,147317,employed,1,100,85033
49,1160295,667008,5,964178,22879,239407,student,1,100,94081
53,581685,401954,0,2374485,464268,53203,self_employed,1,100,0
60,599219,345782,5,3420883,439782,89074,unemployed,0,100,0
53,732965,505828,2,3959119,299027,181261,employed,1,100,0
52,1026332,330018,3,2273194,234887,146260,employed,0,100,92285
22,648105,353102,5,2531950,198469,256045,unemployed,0,100,19306
29,826552,606985,4,1714536,354914,96518,self_employed,0,100,0
36,1321220,491976,1,345338,140952,165177,self_employed,0,100,137658
57,1460532,642196,2,1101087,40845,251057,employed,0,100,155498
44,562728,436174,0,4357624,159712,173381,employed,0,100,0
52,1797026,1311348,3,1033060,327271,242143,employed,0,100,31681
27,1508804,791715,2,4284282,2490,134189,student,0,100,142919
45,834606,788741,2,2644492,227122,230586,self_employed,1,100,0
50,385760,193656,2,2718374,256180,286663,employed,0,100,0
64,1598377,736322,0,3534570,405647,186842,employed,1,100,91281
64,329014,171652,2,3264342,98165,180353,unemployed,1,100,11839
60,297415,234394,5,4484226,37733,123578,self_employed,0,100,5057
53,573947,206648,5,2800784,7912,298549,self_employed,0,100,71877
52,422975,205973,2,2366009,108275,36929,employed,0,100,21745
34,150268,104459,5,3496405,120933,142270,employed,0,100,0
28,974679,840324,4,1215789,56642,181229,employed,0,100,15542
53,586061,342030,0,267676,372261,218010,unemployed,0,100,0
54,169871,92978,5,2012762,421833,228491,employed,0,100,0
35,1387337,732537,2,2535284,392108,263,employed,0,100,52538
48,375439,125574,3,2711430,273632,203400,self_employed,1,100,0
52,74944,68185,1,4004931,276830,17621,unemployed,0,100,0
45,70729,23252,1,3635690,451947,238225,student,1,100,0
18,1165673,775440,4,4523967,43756,4059,student,1,100,69295
48,1627487,1327649,0,2477408,46232,71461,employed,0,100,50721
44,321983,275894,3,4606778,147277,8645,unemployed,1,100,0
57,749451,314788,0,1567387,142643,14558,employed,1,100,58403
29,1730937,555902,1,3180113,352874,153870,employed,0,100,164432
29,1930608,1543440,3,3570565,50989,154812,student,0,100,67235
44,736006,250175,1,4642006,293753,114932,self_employed,1,100,38415
44,1238752,723530,1,2305889,123655,198264,self_employed,0,100,78313
63,795796,422340,0,2276367,207304,162544,employed,0,100,33230
34,1926867,746184,2,1568674,20407,44739,employed,0,100,232055
42,475666,306941,5,694149,195340,119940,employed,1,100,0
47,52112,20753,4,313457,294733,95948,employed,0,100,0
27,1357079,993112,3,552456,124862,91964,self_employed,0,100,47820
57,795625,650765,5,3229063,364814,211705,employed,1,100,0
32,468339,210896,4,457376,301364,154394,employed,1,100,0
36,1940797,1515938,3,2847504,204598,223788,employed,0,100,44052
21,1926275,1387298,1,2104217,19443,221625,self_employed,1,100,103906
32,1135568,539783,3,471875,141572,222711,self_employed,0,100,90842
54,1148576,490268,3,1686605,201213,38045,self_employed,0,100,91418
32,1647539,1430743,5,1115430,491302,48102,employed,1,100,0
50,1319541,568684,0,2469882,211468,252637,self_employed,1,100,107877
30,672458,236082,4,1857002,45378,133949,self_employed,0,100,78199
34,634539,321567,4,3596609,171616,212298,employed,1,100,28271
36,478799,425150,3,3339115,141330,173945,employed,1,100,0
30,586973,399617,2,1925299,99742,3668,self_employed,1,100,17522
23,1150460,882228,2,3183222,160863,201183,employed,0,100,21473
57,1961957,867642,5,641247,338740,237132,employed,1,100,151114
47,1763443,1095125,5,2195666,363073,70084,unemployed,0,100,61048
53,1523781,1240589,4,3643135,321656,285133,employed,1,100,0
48,1833562,990815,3,4891096,70863,260278,employed,1,100,154376
30,832033,636940,5,4431485,464241,209896,self_employed,1,100,0
41,1884746,1279936,4,453309,87423,62087,student,0,100,103477
46,1237951,641221,0,4166070,263428,6530,unemployed,1,100,66660
63,234707,133513,1,3034912,254309,215578,self_employed,1,100,0
19,1557507,1212679,0,3257908,52637,220808,unemployed,0,100,58438
33,1260665,991750,1,4493836,405552,224220,employed,0,100,0
29,1965231,1728310,3,1721704,321593,72161,employed,0,100,0
45,680094,442264,3,173826,91537,34926,student,0,100,29258
43,270638,159267,0,1228942,382371,37705,employed,1,100,0
49,1699373,1372504,0,68317,272488,198476,student,0,100,10876
59,1183837,652134,5,3011274,57085,87104,employed,1,100,94923
21,129885,89046,2,2728426,58149,116391,student,0,100,0
22,502142,398813,5,2742939,57137,112717,self_employed,1,100,9238
34,1512868,1363450,0,3978278,440112,153039,employed,1,100,0
37,438432,384812,4,4210416,248731,155673,student,0,100,0
57,201154,146726,5,3647099,435767,172064,self_employed,0,100,0
46,1298706,406946,1,4946613,30880,206686,unemployed,1,100,172175
42,1533027,1195793,2,3155649,287617,30407,employed,0,100,9923
35,489266,252116,5,1753677,73217,103776,self_employed,0,100,32786
39,1415021,1191114,5,4289343,410783,26333,employed,0,100,0
25,1688965,536107,5,4866813,401931,89984,student,1,100,150185
57,625649,233755,5,797430,177702,231168,self_employed,0,100,42838
64,641844,480333,5,1760696,178738,200515,self_employed,1,100,0
57,1806037,853905,4,2293714,268933,223511,employed,0,100,136639
27,1374232,696192,4,4374112,310286,6443,self_employed,0,100,73550
34,623929,349501,0,2998715,396511,43607,employed,0,100,0
63,1644720,696696,2,2195011,231214,604,student,0,100,143361
37,1658538,1424107,3,4868508,125228,1996,employed,0,100,21840
44,1106886,395577,3,579445,293676,127246,employed,0,100,83526
19,1567151,643446,0,1660382,461070,277183,unemployed,1,100,92526
46,1918855,1051287,1,3856377,60169,52171,self_employed,0,100,161479
23,1189172,647241,0,1823811,222030,132752,self_employed,0,100,63980
37,84696,28264,1,2123641,409568,134476,self_employed,0,100,0
54,1912137,994299,4,1484910,431206,267560,employed,1,100,97326
36,1406287,1120561,2,77949,99182,203692,self_employed,0,100,37308
28,1013927,891089,3,2814919,270178,95824,self_employed,0,100,0
35,471312,179358,5,370474,344548,167065,self_employed,0,100,0
56,383904,277747,5,3779377,190754,281556,employed,1,100,0
39,496311,447813,4,2170726,228099,88430,employed,1,100,0
31,707773,350309,0,3581085,116361,149512,student,0,100,48220
59,1809439,1573775,2,3770643,112467,62564,employed,1,100,24639
23,1591064,639161,3,3172815,255146,17010,unemployed,0,100,139351
38,233192,200459,5,2666147,142494,152196,employed,0,100,0
25,770143,444666,4,116178,61342,174501,employed,0,100,52826
35,1265535,1058602,0,1936743,145822,114568,employed,0,100,12222
39,1823455,796589,1,2079469,470419,296526,self_employed,0,100,111289
23,1944170,670370,2,104239,104815,4164,student,1,100,233796
52,1877589,1290435,5,97977,72008,15355,self_employed,0,100,103029
52,696758,329657,1,4656425,199674,149577,employed,0,100,33485
63,1152980,950376,2,3336500,98764,99946,self_employed,1,100,20767
62,1352521,1130851,5,1211796,467876,206287,employed,0,100,0
26,1784061,1374134,1,3209206,102265,211692,self_employed,1,100,61532
33,215335,134262,4,3425304,25576,295792,unemployed,0,100,11099
28,892346,803156,3,1546103,139927,257844,employed,1,100,0
38,583285,396970,0,1317948,18164,122390,self_employed,1,100,33630
59,1651833,688885,3,551786,302168,105290,self_employed,0,100,132155
40,891431,604640,2,1722650,458490,152830,employed,0,100,0
62,1866565,1258689,5,3061051,346426,8476,employed,0,100,52289
37,1985697,1421914,1,4501758,6109,93420,self_employed,1,100,111534
34,327572,119414,5,3568402,328151,74896,employed,0,100,0
48,1364755,1020353,3,3181712,158792,287941,employed,0,100,37121
35,1326194,745516,0,3919586,6300,262892,employed,0,100,114875
46,895589,624040,0,247507,270665,286481,self_employed,0,100,176
49,1088788,978294,3,4679492,405453,50619,student,0,100,0
25,1207730,628157,1,1951329,32853,148156,employed,1,100,109343
26,454589,299424,5,107720,341420,4918,employed,1,100,0
63,634492,508053,2,635917,318347,287138,employed,0,100,0
23,869845,329480,4,210063,87303,162601,self_employed,1,100,90612
22,785180,416359,5,246507,27579,65162,employed,0,100,68248
62,1755539,681907,1,2900887,109506,250187,employed,0,100,192825
30,1185094,1002376,4,3817265,7961,210804,employed,0,100,34951
42,854192,684859,3,3519431,282387,189349,self_employed,0,100,0
48,1731394,875821,3,3265305,163664,193688,self_employed,0,100,138381
51,1845940,588924,3,4983440,235934,27503,employed,1,100,204216
34,379900,215111,2,2456601,346060,151931,student,1,100,0
43,410673,127837,3,4345515,421289,105953,self_employed,0,100,0
37,1848216,905450,1,4224491,36913,291013,employed,0,100,181170
23,808633,353104,1,3640937,65157,166022,self_employed,0,100,78074
49,1445918,653177,2,345346,325105,257822,employed,1,100,93527
50,1016960,760960,0,398534,23026,235114,self_employed,0,100,46594
37,1044995,794888,4,201573,106655,292319,employed,0,100,28690
64,1109667,842348,5,636071,119839,207872,employed,0,100,29495
28,766977,638968,1,4408196,322986,134606,employed,0,100,0
64,1101833,898772,5,244925,340255,275648,unemployed,1,100,0
27,170718,120812,1,3032728,130688,115736,student,0,100,0
60,207680,92940,5,20360,389224,250054,employed,0,100,0
56,1015120,537863,3,1420279,167434,212129,employed,0,100,61964
36,1666841,946151,0,427405,378891,256741,employed,0,100,68359
44,209044,158772,3,3101549,366100,215907,employed,1,100,0
57,646538,419382,2,1838594,107796,13568,unemployed,1,100,23871
51,495609,387836,4,4145737,445065,104654,employed,1,100,0
53,1015840,409656,5,1014472,1160,69396,self_employed,0,100,121004
37,945116,426262,4,3626536,92555,285840,unemployed,0,100,85259
63,226749,76460,3,702205,114463,14667,employed,0,100,7165
22,804499,547330,4,2747553,307924,8865,student,0,100,0
27,1847491,1713313,4,3334769,122385,275750,self_employed,0,100,2358
49,201315,131509,0,3189604,465713,15885,employed,0,100,0
57,270964,120116,1,4489705,384488,91214,employed,1,100,0
57,1760158,1233255,5,317261,158886,99414,employed,0,100,73603
45,597889,443632,2,2155211,104900,58499,employed,0,100,9871
46,1887730,1275360,0,4143538,375172,14888,self_employed,0,100,47439
39,490342,265691,0,4622416,320747,26325,employed,1,100,0
26,830638,697182,3,3107747,389446,179518,employed,0,100,0
19,364446,225785,3,530924,22455,53463,employed,1,100,23241
30,1453022,1370084,3,4509370,403277,63028,self_employed,1,100,0
52,290667,133178,2,1910131,177941,188294,employed,1,100,0
44,729273,324609,3,2126665,69600,230776,employed,0,100,67012
47,206635,72090,1,4712333,218594,51876,self_employed,0,100,0
46,1397851,781818,2,4517330,148700,64526,employed,1,100,93466
52,1567419,723356,4,841661,121194,14066,self_employed,0,100,144573
54,714280,601137,2,40212,170958,133165,employed,1,100,0
43,174029,111025,4,4565160,162078,246039,unemployed,0,100,0
21,1775727,602108,0,2868027,442075,126848,employed,1,100,146308
52,720468,383537,4,4965881,108817,103244,self_employed,1,100,45622
27,1686638,1268603,2,1491293,215047,207265,student,0,100,40597
37,126702,78024,1,2740582,8096,89380,self_employed,1,100,8116
27,501303,265019,1,431883,442220,241420,employed,1,100,0
47,1668715,668941,4,879032,175758,278141,employed,0,100,164803
28,860828,630648,2,2996519,446982,232133,employed,1,100,0
33,1694508,704141,4,4622860,497826,64116,employed,0,100,98508
24,1636471,1416639,4,4276215,205297,274507,employed,0,100,2906
40,517252,487802,0,3760317,57379,55922,employed,1,100,0
57,895595,590421,2,3506242,12071,36517,unemployed,0,100,58620
18,98675,37114,4,1336034,227044,256430,employed,0,100,0
62,1251484,933110,3,4338221,158796,137136,employed,0,100,31915
24,1668034,644497,3,4104665,474280,137379,employed,1,100,109851
58,391369,346844,3,368733,66792,233279,student,0,100,0
21,1827257,1244140,4,75587,474634,34750,employed,1,100,21696
19,733427,601577,2,4269683,335858,284522,student,1,100,0
34,670146,473247,0,2804132,159099,217111,employed,0,100,7559
57,1565637,1004980,3,245309,217201,281155,self_employed,0,100,68691
26,90498,58045,4,4280750,118627,76120,employed,0,100,0
28,230688,180079,4,2822125,355158,103410,self_employed,1,100,0
61,431480,382579,2,1557877,211196,117480,employed,0,100,0
36,1697924,751000,4,3586404,486578,122122,employed,0,100,92069
31,434239,162413,2,50845,168109,180525,employed,1,100,20743
32,301194,101397,0,3465725,452579,5239,employed,0,100,0
64,1629369,1406757,0,2762703,84735,154634,employed,0,100,27575
25,1035022,392844,4,880863,250363,156224,self_employed,0,100,78362
50,517021,366390,1,4102399,476272,233256,self_employed,1,100,0
19,630174,317364,0,2748781,158595,200630,employed,1,100,30842
19,1504512,1002203,2,3217514,120873,68200,student,1,100,76287
37,490507,174234,4,4104972,497771,112880,employed,1,100,0
40,1421806,962857,5,1356184,406009,69685,self_employed,0,100,10587
35,937763,816476,5,1108023,230433,29325,employed,0,100,0
47,306002,144696,1,3683765,429997,278155,unemployed,1,100,0
38,1823862,928587,0,869837,13958,167667,self_employed,0,100,176263
53,1898741,838812,2,4366528,296228,123100,employed,1,100,152740
20,454647,174763,5,765520,143123,265887,employed,1,100,27352
34,1723117,598020,4,3483188,306658,194313,self_employed,0,100,163687
41,1986327,1461263,2,2399143,85660,179282,employed,0,100,87880
55,1128295,592581,4,2640916,73440,47944,self_employed,0,100,92454
21,1674980,1001223,1,1139046,289699,18930,unemployed,0,100,76811
26,1559695,794073,2,478705,138950,34322,self_employed,1,100,125334
50,1552130,1216579,5,345964,294327,9352,employed,0,100,8244
51,1534827,1141529,2,1239578,174303,91994,self_employed,1,100,43798
62,169475,124177,0,2916414,475140,214919,unemployed,0,100,0
49,331468,264456,2,4191988,11064,194902,employed,0,100,11189
25,748966,508495,0,2852379,31758,229814,unemployed,0,100,41742
32,1116568,405550,2,3203550,450239,33704,unemployed,0,100,52155
48,787956,452939,2,2528765,133749,299212,employed,0,100,40253
22,443017,224127,0,3685602,391276,76086,employed,0,100,0
59,1476125,771392,0,104315,417268,287635,student,0,100,57492
59,927363,396354,5,813276,23084,31128,employed,1,100,101584
46,1516358,613606,0,1577129,100917,63247,unemployed,1,100,160366
31,536121,323351,1,4020134,55014,124159,self_employed,0,100,31551
30,692963,645362,4,651577,445697,166442,student,1,100,0
43,1449774,455939,5,1803171,205751,140795,employed,0,100,157616
37,56667,27405,3,2322418,254375,204113,employed,1,100,0
48,1546530,1434693,4,481915,405731,62024,employed,0,100,0
53,1330483,707559,4,2117216,223616,174754,student,0,100,79861
44,1660327,1204475,4,4673275,160783,194914,self_employed,0,100,59013
54,1462999,693360,5,4910775,110853,51197,employed,0,100,131757
50,760229,495930,1,2705583,240455,42980,employed,1,100,4768
46,1269867,524194,5,1707503,203983,160227,student,0,100,108337
44,1703991,1107842,4,1584601,108903,59096,employed,0,100,97449
21,272427,166594,5,3747206,54702,214596,unemployed,0,100,10226
28,1730787,1458422,1,4322035,159819,62332,employed,0,100,22509
42,1767922,1454333,3,364324,53125,209834,self_employed,1,100,52092
22,1563878,654526,3,3323215,485860,186070,employed,0,100,84698
19,1214314,1106458,0,1619137,297391,173378,employed,1,100,0
57,1140549,630873,4,4707823,381441,290975,unemployed,0,100,25646
30,1168065,388830,4,3065942,301799,67449,employed,0,100,95487
44,1017633,355917,0,4801192,362442,172285,employed,1,100,59854
56,1309069,748953,1,4747103,6588,250080,employed,0,100,110705
34,1574196,1380310,4,4399011,473226,217414,employed,1,100,0
48,1991730,799889,4,1383175,27017,139916,employed,1,100,232964
28,864253,529298,5,2130474,93281,129362,self_employed,0,100,48334
26,1799266,1169945,5,467214,392522,209671,unemployed,0,100,47359
28,628648,552769,3,4864973,271081,264240,unemployed,0,100,0
24,1943128,598611,1,1702405,268922,233943,unemployed,1,100,215118
54,1261519,1108442,1,865164,171617,208485,unemployed,1,100,0
23,60176,28617,3,561611,173183,258987,employed,0,100,0
47,718293,622377,1,63002,324170,20405,employed,0,100,0
46,1429921,823081,5,3159841,129890,105298,employed,1,100,95389
48,1222644,626967,0,1261746,172989,137630,employed,0,100,84537
40,950303,896581,4,4369482,135027,50967,employed,1,100,0
30,1498906,1212027,2,4033691,182279,288678,self_employed,0,100,20919
54,1997217,1229029,5,935202,309897,143420,employed,0,100,91658
29,1653116,897377,0,1697406,147551,143619,employed,1,100,121637
62,675914,343119,3,1820947,386739,200113,employed,0,100,0
35,286821,214995,3,2718666,280054,265069,unemployed,0,100,0
29,1466172,836952,3,682708,187651,216500,employed,0,100,88313
20,1641372,1185747,2,4684308,480514,95899,unemployed,1,100,0
53,1192314,679717,0,834906,21932,252671,employed,0,100,98132
34,1777148,962252,2,4028585,385005,41603,employed,1,100,85978
27,277144,142905,5,518104,70173,280489,self_employed,1,100,12813
30,949638,852118,4,4985529,62538,284395,self_employed,0,100,6996
40,163632,130600,3,2919929,273070,268607,employed,0,100,0
47,1998869,1450828,2,69775,416801,262883,employed,1,100,26247
45,597804,437897,4,1506908,31298,1903,employed,0,100,25721
40,1372590,574331,4,1286330,129270,129566,employed,0,100,133797
22,1470321,1335232,5,2812136,271672,153059,student,1,100,0
47,692411,255256,4,872002,92393,185283,employed,0,100,68952
26,1363133,607457,3,3020669,154516,18209,employed,1,100,120231
51,1100170,347343,1,3909529,146856,7562,self_employed,0,100,121194
43,600141,323999,4,1567368,456778,92315,student,0,100,0
34,552507,276169,1,1162587,334538,101669,employed,0,100,0
51,1853474,1570603,4,4348492,105431,243041,employed,1,100,35487
21,1978375,1451065,2,4021398,104244,148878,self_employed,0,100,84613
31,1143686,932610,5,1666356,301026,32700,self_employed,0,100,0
19,1330079,527587,4,1909424,340263,67463,employed,0,100,92445
23,1982499,1330464,3,2610664,29772,36072,self_employed,0,100,124452
26,1938461,1198683,3,2841451,382936,65380,employed,1,100,71368
41,1868290,1078328,1,3811237,64964,171200,employed,1,100,144999
31,1852096,1751411,1,3137044,338167,66697,unemployed,0,100,0
30,903289,533170,5,3160478,310516,77840,self_employed,1,100,11920
28,1186271,438299,0,3055480,122953,226637,self_employed,1,100,125003
57,115687,37198,2,4819373,123237,144640,employed,0,100,0
42,1137264,931089,5,1620816,443507,86026,employed,1,100,0
47,1604209,491327,0,519629,135265,182952,employed,0,100,195523
41,196636,176316,5,181775,129091,32489,student,0,100,0
51,1486713,647524,4,2447337,309336,53506,employed,1,100,105970
40,788897,688703,1,1689360,164592,186640,employed,1,100,0
36,1443759,1178444,3,917069,235234,202047,employed,0,100,6016
18,1064048,464630,2,4136386,65941,193184,employed,1,100,106695
32,1996085,1683891,3,574658,71702,205343,employed,1,100,48098
58,1081131,550040,5,1758275,417175,137112,employed,0,100,22783
63,1343603,585177,1,1837883,148425,275802,employed,0,100,122000
33,1463356,642963,0,2937245,170946,166062,unemployed,1,100,129889
51,649400,563621,2,1297828,205322,184746,employed,1,100,0
60,1942239,601108,1,2762375,115515,292176,self_employed,1,100,245123
18,1121781,875979,3,4171294,318497,30846,self_employed,0,100,0
39,1167048,958886,4,312147,208143,195309,employed,0,100,3
19,1681873,909656,4,4921476,305305,194104,employed,0,100,93382
30,1609681,1221549,4,3970730,422642,179025,employed,1,100,0
52,1952901,1734759,5,773042,326570,174666,unemployed,0,100,0
38,642396,419626,0,4569305,21394,137256,employed,0,100,40275
58,467801,338970,3,2661007,463771,276391,employed,0,100,0
25,1900435,1435252,2,4655527,390575,225770,employed,1,100,14921
46,807148,746667,1,2439804,170341,115425,employed,0,100,0
63,123203,70590,4,1815386,58291,170338,employed,1,100,0
26,1095261,726693,4,352363,286591,103559,self_employed,1,100,16395
21,1562100,942961,0,967468,355924,286750,unemployed,1,100,52642
20,1455534,735337,4,3408150,135918,31595,employed,0,100,116855
60,1439483,1314265,0,2255317,20816,37628,employed,1,100,20880
21,692971,428355,0,3165312,217137,157454,self_employed,0,100,9495
44,1811894,1639737,0,2374264,386926,269660,employed,1,100,0
54,915628,864510,4,1894562,445737,286711,self_employed,1,100,0
63,392601,336534,4,1392661,26704,124062,self_employed,0,100,5872
47,133738,54480,5,1527324,422453,257926,self_employed,1,100,0
32,1560590,507143,2,3523773,16711,282879,student,0,100,207347
33,1016656,662784,0,919690,186454,37592,employed,1,100,33483
45,787908,511981,5,2337907,358170,239308,employed,0,100,0
29,1152054,798536,1,2662996,452093,49481,employed,0,100,0
42,1451346,489179,5,1615476,146173,22034,unemployed,1,100,163198
45,827227,403857,3,4762442,44313,200880,employed,0,100,75811
63,1019405,635215,0,4390701,225769,224258,unemployed,0,100,31684
21,1027945,652054,5,1230728,447570,4575,self_employed,0,100,0
52,1130923,1035106,1,2021254,254369,51422,employed,0,100,0
56,1394252,1293280,0,2606083,414077,269897,employed,0,100,0
22,317666,278984,4,121506,77710,191976,self_employed,1,100,0
46,1070407,495293,5,2635915,120835,220972,self_employed,1,100,90855
34,1030915,738758,4,2094313,393984,79777,employed,1,100,0
48,1869285,893833,2,4430566,361579,241756,self_employed,0,100,122774
29,1038068,952862,2,2427610,498267,5275,student,0,100,0
53,1434222,902081,0,2888796,4519,72629,self_employed,1,100,105524
48,266860,223745,4,1938319,248521,299913,self_employed,0,100,0
28,1049707,583062,0,2972721,248411,164639,self_employed,0,100,43646
63,728436,399150,5,3235442,227900,236365,employed,0,100,20277
56,944516,304045,1,4072774,244131,49183,self_employed,0,100,79267
47,428299,256406,0,3586876,361873,246260,employed,1,100,0
49,1320466,948563,2,124125,361831,125491,student,0,100,2014
25,289863,111426,3,4071588,427394,165111,employed,1,100,0
27,1483942,623478,1,2398637,215722,234423,employed,0,100,128948
28,1272360,1185283,2,654923,270637,128356,self_employed,0,100,0
44,1478217,1146415,4,3042862,316921,257938,self_employed,0,100,2976
23,823613,733470,0,1479744,329423,220693,employed,1,100,0
58,773413,471392,2,4862957,387611,131186,employed,0,100,0
23,1530612,637443,5,954602,86336,133719,self_employed,0,100,161366
56,725364,296051,2,3051928,80947,101800,employed,1,100,69673
47,1323484,863006,4,3350396,408142,282170,employed,0,100,10467
35,1812155,1386303,3,181605,231435,95159,self_employed,0,100,38883
56,1779878,1593574,4,3927500,29023,76650,self_employed,0,100,31456
56,1273201,718919,0,166434,309272,102481,employed,0,100,49001
31,1383586,707794,5,4930248,126203,4519,unemployed,0,100,109917
32,97508,88510,4,95068,87790,113268,employed,0,100,0
53,784701,466777,0,4388811,187043,121804,self_employed,1,100,26176
40,134935,86132,5,603810,378342,185541,student,1,100,0
53,1310861,776032,5,1019715,454372,55672,employed,1,100,16091
42,722189,577285,4,1115396,238228,237327,employed,1,100,0
26,681752,236063,3,3334104,176382,207633,self_employed,0,100,53861
54,681832,575233,0,2398735,282861,42409,employed,0,100,0
41,282752,156858,0,2618579,272331,133757,employed,0,100,0
36,1921627,1782969,2,41616,46029,293456,self_employed,0,100,18525
53,1276257,632142,4,4731646,289214,67585,employed,0,100,70980
51,238452,144427,2,1947754,91698,66001,employed,0,100,465
28,811882,466472,1,4049137,197914,51319,unemployed,0,100,29499
52,1396066,1146067,0,3367073,123921,31286,employed,1,100,25215
45,986997,726942,3,1739833,232884,120593,employed,0,100,5434
58,314882,226859,3,3701040,367345,262504,employed,0,100,0
48,736258,562730,0,4624999,395767,14362,self_employed,0,100,0
53,1325324,1223801,2,2737087,317622,174313,employed,0,100,0
50,1313172,801916,0,2724901,318689,148229,self_employed,1,100,38513
32,1911918,1383455,1,2743061,397770,214880,employed,1,100,26138
19,1164350,866896,5,2485646,433998,144101,employed,1,100,0
56,1217114,1043190,1,451377,115492,272316,self_employed,0,100,11686
44,117017,57026,1,3359681,424243,109145,employed,0,100,0
64,415766,342640,0,434581,157926,39306,self_employed,0,100,0
33,748982,467752,5,4385627,309473,260614,employed,0,100,0
20,1354311,420519,4,3131721,104309,124373,self_employed,0,100,165896
44,734513,293436,2,4069455,105787,259837,unemployed,0,100,67057
49,259819,219698,3,1420977,194840,114981,employed,0,100,0
52,1278815,606649,5,1553677,128890,51383,employed,1,100,108655
41,1271140,626732,4,1189818,231200,164625,self_employed,1,100,82641
24,670315,521404,5,3571554,88288,59554,self_employed,1,100,12124
57,54651,40760,0,2143962,31232,164140,employed,0,100,0
36,479265,284066,2,4683914,43685,174463,employed,1,100,30302
22,1935797,1499356,5,1129862,304812,1180,student,1,100,26325
56,351081,244620,0,713895,353414,324,employed,1,100,0
25,1184823,496398,3,2955946,9739,186199,employed,1,100,135737
42,546031,262051,0,4208801,183107,40189,self_employed,1,100,20174
39,352502,120461,0,1816452,353945,268831,employed,0,100,0
19,583673,426076,4,1171046,168329,100957,self_employed,1,100,0
57,1095692,368187,0,2934935,292039,293636,employed,1,100,87093
63,189081,148006,3,4080857,474673,61611,employed,0,100,0
27,599632,387556,4,4662178,305560,149089,employed,1,100,0
35,1015147,594064,0,1002349,307551,265777,self_employed,0,100,22706
42,1123200,772689,0,4096228,118719,255209,employed,1,100,46358
33,1913743,1344808,1,942338,341301,16209,employed,0,100,45526
32,454736,309168,5,4049852,455525,136675,self_employed,1,100,0
24,742771,567184,1,409541,64666,27897,employed,0,100,22184
29,1207142,861227,4,2177969,234127,241596,employed,1,100,22357
49,378375,232323,5,455033,45298,32454,employed,0,100,20150
20,1832669,1537974,3,3694290,375131,184555,employed,1,100,0
18,1700408,1586287,0,3808451,437180,298775,unemployed,0,100,0
60,357783,249798,5,3334583,447829,143477,employed,1,100,0
40,1016563,775500,5,766701,329154,267256,employed,0,100,0
52,1612811,1016864,5,4187555,484223,164390,self_employed,1,100,22344
18,789007,442296,2,3496002,10661,47886,employed,0,100,67209
61,643518,553119,4,616027,177471,82757,student,1,100,0
61,647042,275985,5,3028021,459562,14852,student,0,100,0
37,1636172,1224992,4,3560860,477951,204207,employed,0,100,0
33,758614,295250,0,187595,29028,141387,unemployed,1,100,86867
54,1854021,1480065,4,3071864,404177,153323,employed,0,100,0
62,1828489,827428,2,2259276,330875,166869,employed,1,100,134037
52,1800601,1250626,5,2319574,337293,261592,self_employed,0,100,42536
54,148780,58107,5,3761985,495679,35467,unemployed,0,100,0
18,1747424,524908,4,247202,187614,28609,employed,1,100,206980
64,593636,464184,3,3528989,175038,154886,student,0,100,0
51,88389,76800,5,3285857,27611,225297,employed,0,100,0
38,913563,748842,5,2844717,138692,182959,self_employed,0,100,5205
43,1606857,620820,2,2007861,43056,247751,self_employed,1,100,188596
31,971562,439673,5,2345057,75207,254469,employed,0,100,91336
35,1321808,1104867,3,1590765,141816,278060,unemployed,0,100,15024
41,1836252,570939,1,2370355,11601,183099,student,1,100,250742
52,638723,411002,1,1501701,232342,179910,employed,1,100,0
18,852171,718598,0,440290,483958,109463,employed,1,100,0
64,1120394,478290,0,3384583,263583,17115,unemployed,0,100,75704
60,1433004,564126,4,1699034,479023,192656,employed,1,100,77970
33,468737,195984,1,4270255,121187,95994,self_employed,0,100,30313
63,1365129,1080023,4,1178497,359179,165347,employed,0,100,0
56,1920503,1781048,4,3809416,287417,104829,employed,0,100,0
55,185112,80933,3,1178071,169458,270525,unemployed,0,100,0
38,1799293,666837,2,4171093,450711,31237,employed,0,100,136348
41,176724,84127,3,3970573,401154,229634,employed,1,100,0
43,587955,218753,3,1941140,94549,133065,employed,1,100,54930
64,822452,249456,3,4968907,275713,286986,self_employed,1,100,59456
63,1488797,881923,5,1731956,176343,256086,unemployed,1,100,86106
56,1639399,1292498,2,1659899,329991,273539,employed,1,100,3381
35,1304097,654972,5,1991668,467044,30342,employed,0,100,36416
58,921603,474772,3,4264896,200832,204569,employed,0,100,49199
41,706972,316795,5,4267769,287484,166121,employed,0,100,20538
61,1350384,520670,5,3393014,90084,99995,unemployed,0,100,147925
45,1840132,631905,0,546297,78125,35573,employed,0,100,226020
37,1987035,1332595,4,2448954,309831,9512,self_employed,0,100,68921
56,333412,265612,3,839473,46808,26850,employed,1,100,4198
34,1733687,1087690,1,460502,326175,163878,employed,1,100,63964
38,187759,159361,2,727217,109327,98639,employed,0,100,0
35,75070,45052,4,4462835,131102,117769,self_employed,0,100,0
19,1801092,623709,3,572733,176260,13894,employed,1,100,200224
54,581688,402891,2,4745293,95146,55576,student,0,100,16730
53,1744817,1334461,5,1896885,146060,144285,employed,1,100,52859
34,1266268,481459,2,1817582,117642,124710,employed,0,100,133433
60,813676,521012,1,4563374,217794,76697,employed,0,100,14973
23,1169965,576999,2,3594011,313376,2453,employed,0,100,55917
52,637613,590207,4,818367,182915,122635,self_employed,0,100,0
57,1408472,616510,2,1247384,68082,273749,employed,1,100,144775
51,1260565,937488,3,4837194,311789,214849,employed,0,100,2257
39,1818494,910330,0,4963117,195733,168379,self_employed,0,100,142486
54,1775174,1012962,2,3643497,223545,37607,employed,0,100,107733
49,1925587,1612849,4,2390283,11195,297533,self_employed,0,100,60308
27,657338,623266,3,3177754,302829,205710,employed,0,100,0
23,1829278,692682,5,812279,169190,276263,student,0,100,193481
30,992410,594133,2,3171628,199530,35846,student,0,100,39749
23,295366,207693,2,218312,422370,277221,self_employed,0,100,0
53,1202542,667828,3,2673095,168528,165845,student,1,100,73237
50,1956749,754712,2,1713655,304223,64096,self_employed,1,100,179562
19,1011307,319086,3,3535528,477721,233376,unemployed,1,100,42899
33,1103989,353659,1,1181947,201614,142148,student,1,100,109743
57,188031,117214,5,3688315,328095,198382,student,0,100,0
42,1544051,875821,0,3428792,261300,267396,student,1,100,81385
37,213123,199596,2,983104,388156,18988,unemployed,0,100,0
44,1430937,1277604,1,417193,114299,11521,employed,1,100,7806
63,340397,237360,3,2520118,422915,138351,student,0,100,0
32,1722553,1048213,0,2574881,1501,213765,self_employed,1,100,134567
57,805854,542051,2,1685406,55250,229450,unemployed,0,100,41710
27,1616976,973191,5,330702,293865,272614,self_employed,0,100,69983
55,1279771,672337,1,4902030,9872,11136,self_employed,1,100,119512
44,1216004,847239,3,901047,143184,212929,employed,1,100,45116
34,178755,161725,2,1155895,54283,243102,employed,0,100,0
39,1621677,1167432,1,3954278,7886,187234,employed,1,100,89271
56,490435,203693,0,3198979,255964,218591,self_employed,1,100,6155
31,1702292,1037240,0,2291413,64138,108984,employed,0,100,120182
60,137896,56837,5,2336697,186074,194403,employed,0,100,0
45,550027,207708,5,3997069,4877,233067,employed,0,100,67488
25,538983,277186,1,747476,357390,188856,employed,0,100,0
25,79654,34208,0,32007,299276,35585,employed,0,100,0
46,1217518,1105461,0,2040473,291105,226941,employed,0,100,0
58,280188,94231,1,275059,161028,222858,self_employed,0,100,4985
18,312554,289640,3,72777,425331,204607,employed,0,100,0
62,1724468,1459801,4,3520369,212549,174225,employed,1,100,10423
26,1708891,802886,2,1636218,180142,76164,employed,1,100,145172
25,596134,214711,0,4457449,427007,145682,employed,0,100,0
21,243329,162677,3,3223708,303836,188804,employed,0,100,0
38,1295777,596146,3,4242868,42,75083,student,0,100,139917
22,1219291,564358,5,952687,176608,209883,employed,1,100,95664
58,741220,498895,4,3679199,81913,237165,self_employed,1,100,32082
58,495240,295896,1,549649,417047,146863,employed,0,100,0
58,1281993,807006,0,73244,389547,121573,employed,0,100,17087
55,1518434,770466,2,3889027,134108,87830,employed,0,100,122771
40,1745760,891639,0,1052310,322080,298550,student,1,100,106408
40,1215242,1154020,2,1779024,409857,105633,employed,0,100,0
19,291574,161995,2,1063012,90401,139734,employed,0,100,7835
20,1594059,709246,4,4911266,206813,20704,student,1,100,135599
28,555928,421340,5,3202935,253649,116201,employed,1,100,0
45,824709,667561,2,2284971,135614,66764,employed,1,100,4306
20,428045,193860,1,2121948,69501,223452,employed,1,100,32936
26,682453,253235,2,3075427,45634,133630,employed,1,100,76716
49,613091,301107,3,2924155,410831,288413,student,0,100,0
62,328407,210645,3,4355349,7049,167223,employed,1,100,22142
63,216545,118560,5,1838409,70030,3938,employed,1,100,5590
27,1583563,634181,0,3690481,457163,39043,employed,0,100,98443
29,653733,206563,2,4326295,341484,200398,employed,1,100,21137
61,1520265,955794,4,1419262,65355,147016,employed,1,100,99823
37,1133062,981092,2,3540293,339060,157931,employed,0,100,0
58,130337,89545,2,3364471,178854,182729,employed,0,100,0
29,1560676,1349323,2,1725910,412722,272983,employed,0,100,0
26,1570915,1253607,4,714974,241550,148552,employed,0,100,15151
42,1103888,577388,0,2954389,42330,99989,self_employed,0,100,96833
28,1760237,1000815,5,2410882,398739,143350,student,0,100,72136
26,1562597,1344652,2,1214454,69190,205231,employed,0,100,29750
62,507480,384928,0,59811,14169,14288,employed,0,100,21676
62,936068,621185,4,194437,143038,161411,employed,0,100,34368
30,1969580,1803724,0,791696,71002,107120,employed,0,100,18970
30,543393,179501,0,2044673,165812,15261,self_employed,1,100,39615
24,637483,546297,1,4150391,108685,94400,employed,0,100,0
29,790168,400719,2,2270702,492172,143712,employed,1,100,0
58,70741,51069,0,985413,47181,123213,self_employed,0,100,0
40,1867471,1670957,2,626711,298195,215299,self_employed,1,100,0
44,137765,73033,1,2441943,285099,197666,student,1,100,0
45,470133,292334,1,2376048,261343,192288,employed,1,100,0
48,973969,496450,0,3999224,149542,240562,self_employed,0,100,65595
51,1780694,1349338,0,408995,310593,178627,employed,0,100,24152
29,438191,168606,1,4721953,395087,280141,employed,1,100,0
21,285551,225426,3,839730,406737,184833,unemployed,0,100,0
37,893735,721640,0,257158,94395,101751,employed,0,100,15539
53,249598,85591,3,2805302,427424,158697,employed,0,100,0
20,349422,195616,5,3019387,382655,232670,employed,0,100,0
46,1599044,1203963,4,1326256,353632,56825,employed,0,100,8289
23,1052148,380157,4,1887860,474414,69303,unemployed,1,100,39515
22,258181,210603,4,935770,343772,293275,student,1,100,0
60,1053923,756314,0,3106924,8953,74013,employed,1,100,57731
52,131663,79135,0,3761812,302808,143332,employed,0,100,0
29,101654,36768,4,3252187,87967,284544,employed,0,100,0
55,852588,295313,3,1680792,280073,204923,self_employed,1,100,55440
64,686833,315522,0,3979779,446271,199987,employed,0,100,0
37,321893,261912,0,2538635,475980,94348,self_employed,0,100,0
42,1605909,1410804,2,4638722,329730,250791,student,1,100,0
49,725915,334651,2,3338374,238267,299272,employed,1,100,30599
20,307395,153044,2,2930547,470102,229445,unemployed,0,100,0
63,1997701,820268,1,2397477,117657,170866,employed,0,100,211955
18,1612281,1202464,0,3752823,458052,132082,self_employed,0,100,0
18,1513981,481450,4,4911670,265424,289584,unemployed,0,100,153421
19,1598536,1446780,1,1787196,233692,256792,employed,0,100,0
30,1220715,584431,1,4981859,209055,39538,employed,0,100,85445
35,1641897,1314800,1,4522625,255847,136089,employed,1,100,14249
59,1386571,1285312,4,634094,73599,156262,self_employed,0,100,5531
59,1139072,450465,1,1547254,304417,31655,employed,0,100,76837
62,1058026,402920,2,2478965,279398,133876,employed,1,100,75141
38,1021942,489815,5,3623028,66526,138753,unemployed,0,100,93120
19,80299,54862,1,2123565,461300,123508,employed,0,100,0
41,673219,202555,3,1702700,333387,11601,student,1,100,27455
23,972335,674657,2,2188716,450853,271835,self_employed,0,100,0
20,495153,334223,0,2195047,281684,246983,employed,0,100,0
31,1004935,331454,0,3758201,459413,213950,employed,1,100,42813
48,1734703,1110178,2,2030926,56605,6417,employed,0,100,113583
47,1320729,1112539,5,759966,315572,162985,employed,0,100,0
26,1596018,789463,0,143539,118355,43247,employed,0,100,137639
18,880353,732273,4,3672844,430549,160220,employed,0,100,0
55,655944,385396,4,1880792,145908,127980,employed,1,100,24927
64,711924,603223,5,2538488,44929,270547,self_employed,0,100,12754
46,168651,102225,1,1203352,17606,152597,employed,0,100,9763
42,491495,435235,5,1893190,288549,21744,self_employed,1,100,0
56,1733997,1550190,3,552970,263480,255002,unemployed,0,100,0
37,553962,168517,5,1937339,347056,184938,employed,1,100,7677
29,1002989,552406,1,2668973,223195,93559,employed,0,100,45477
51,291539,255610,3,4614343,3867,5120,unemployed,0,100,6412
39,532074,164444,5,415435,45821,237964,self_employed,1,100,64361
61,358332,131276,0,2086568,443582,78566,employed,1,100,0
31,1826066,1059316,2,1265496,222901,145797,self_employed,1,100,108769
45,1143626,1071836,1,4945500,319621,247797,employed,0,100,0
24,127957,115518,5,1726732,57789,40269,student,0,100,0
23,1325398,901654,4,3882567,171102,277703,employed,0,100,50528
53,1257670,583797,1,2630727,214563,90306,employed,0,100,91861
49,1123492,805689,4,4930651,128841,11684,unemployed,0,100,37792
62,1405206,716471,2,2582914,402549,109259,employed,1,100,57237
43,585809,424544,2,4652625,289938,167132,self_employed,1,100,0
23,1302546,534185,2,3304035,86917,167955,student,0,100,136288
51,1535551,1061326,1,2708180,264097,151869,employed,1,100,42025
60,1179614,884200,5,2083900,3079,167107,employed,0,100,58466
46,1131264,864768,4,2748572,415109,89624,employed,0,100,0
23,1739634,1626743,0,191329,337576,236158,employed,1,100,0
18,840740,266572,3,1470837,499822,30582,student,0,100,14869
25,1441376,504894,2,1544879,63704,83897,self_employed,1,100,174555
25,1470101,1019285,0,557804,328562,164248,self_employed,1,100,24450
43,120798,74127,1,3479520,216309,296260,student,0,100,0
39,1018203,721703,3,3430242,416526,183198,student,1,100,0
62,1609200,1208337,5,232336,467093,98691,student,0,100,0
33,758476,244487,5,4666970,98179,78022,self_employed,1,100,83161
27,1289945,791528,5,2791622,55240,58472,employed,1,100,88635
34,1040917,648571,0,4619431,471637,234644,employed,1,100,0
62,1382905,973295,5,4287319,185399,250706,unemployed,0,100,44842
25,1854960,988655,5,177560,17169,148614,employed,0,100,169827
37,522951,180016,0,3064171,180204,96762,employed,1,100,32546
18,1233756,629013,5,4217675,34922,188576,self_employed,0,100,113964
61,1745101,770546,2,3464918,250748,236713,unemployed,0,100,144761
48,770577,625026,0,1405012,151063,291380,self_employed,0,100,0
39,758113,660920,5,4966568,9442,51894,employed,0,100,17550
60,1032641,426426,0,4000684,386242,185853,unemployed,0,100,43994
42,1662496,1157157,5,1791825,63249,272817,employed,0,100,88417
29,1863857,802610,3,1001966,460120,210000,employed,0,100,120225
46,573015,481784,3,2184740,9811,96253,employed,1,100,16283
19,1499271,1201839,1,598632,11302,271118,unemployed,0,100,57225
31,1152300,781509,2,4700320,344152,70279,employed,0,100,5327
41,965333,488741,2,3838214,149692,265776,employed,1,100,65379
42,226846,213009,0,4471881,324592,72756,employed,1,100,0
64,140718,101341,2,3539779,186188,99954,employed,1,100,0
41,1243388,970073,2,1052499,40269,181586,unemployed,1,100,46609
29,1326957,1157502,4,854603,477021,129852,employed,1,100,0
20,1132323,945970,5,2616057,434731,175487,employed,1,100,0
32,527849,440004,0,3624017,311527,200418,employed,1,100,0
62,157155,73101,5,4754626,201499,175366,employed,1,100,0
27,333063,168314,4,1256034,428317,291820,employed,0,100,0
27,543627,301794,1,1324443,207922,227732,employed,1,100,6782
57,1597047,1430791,3,906220,185329,71362,student,0,100,0
59,469247,158231,2,2652697,382317,84511,student,0,100,0
44,522591,244810,2,2642924,92113,119478,employed,0,100,37133
23,999817,587762,4,2280007,255411,92767,employed,0,100,31328
55,634771,485488,5,453768,497435,96577,employed,1,100,0
47,833201,337786,2,45927,386934,166806,employed,1,100,21696
26,1839564,1158681,3,597579,106980,243372,student,0,100,114780
57,939026,486234,0,1364819,250952,250761,employed,0,100,40367
50,371342,163616,4,3444718,7108,171085,employed,1,100,40123
40,1113205,378507,2,1239507,470754,7222,student,1,100,52788
38,859840,717390,3,3333101,412469,96008,student,0,100,0
18,1904784,1419016,2,3017156,65712,151634,employed,1,100,84011
57,942171,454693,2,838196,19439,155138,student,0,100,93607
64,1403938,776329,0,418593,416774,163615,employed,1,100,42166
29,1090098,715387,4,2383055,79471,295126,employed,0,100,59047
52,1142849,581483,5,1870767,283629,16082,employed,0,100,55547
63,1490755,628751,4,1497785,299947,202403,employed,0,100,112411
40,679956,297092,3,2002319,262971,128431,employed,0,100,23978
51,790394,674154,5,669114,123136,48873,employed,0,100,0
51,1806978,1111350,5,4412264,475698,130626,self_employed,0,100,43985
44,127222,77157,4,1841342,358380,171657,employed,0,100,0
49,838617,462867,1,1756562,333794,227395,employed,0,100,8391
36,1317940,1014487,0,4561849,242469,116019,employed,1,100,12196
35,1044595,876696,2,185810,418369,275192,student,1,100,0
25,1667265,1281072,4,4164769,299376,172130,self_employed,0,100,17363
52,72392,44522,1,576626,158659,174128,employed,0,100,0
53,1829938,787475,4,1567216,154697,195455,employed,1,100,177553
45,1380520,900360,2,2550516,435298,282608,employed,0,100,8972
53,317952,245495,4,2871796,481466,219111,employed,1,100,0
55,1020490,580274,2,4758845,63083,143853,employed,0,100,75426
61,1169154,1103729,5,2695183,482529,25486,employed,1,100,0
56,1691401,1535456,3,4369957,16127,107911,self_employed,1,100,27963
57,135630,122913,4,141502,287421,242552,employed,0,100,0
22,511534,350821,0,1780104,91814,61388,employed,1,100,13779
55,377659,248992,2,4718146,19178,281088,self_employed,1,100,21897
30,1757386,1137012,5,1895557,464958,285101,self_employed,0,100,31083
32,1322163,799970,0,863002,390516,12529,self_employed,0,100,26335
21,349218,141324,3,454711,306580,193477,employed,0,100,0
55,137925,119982,0,4523150,337492,238625,student,1,100,0
48,1374806,1143140,0,2098711,447894,48984,employed,1,100,0
47,767192,600580,3,4608694,33657,285943,employed,1,100,26590
19,938280,702246,5,2698770,229603,183131,employed,0,100,1286
24,1563622,943201,4,2700141,311310,146819,self_employed,1,100,61822
26,98076,92889,3,3559491,24704,282842,unemployed,0,100,0
46,1294665,759353,1,4473450,263261,173460,employed,1,100,54410
47,1829574,861219,2,1979864,373491,135399,self_employed,0,100,118972
36,778894,402546,5,710350,236946,169256,employed,1,100,27880
39,1362297,1041983,5,1982948,333600,284233,self_employed,0,100,0
53,1716570,850957,2,3641449,435578,73003,employed,1,100,86006
20,1546418,1136014,5,830420,324695,264383,unemployed,0,100,17141
47,1470247,1120306,5,2630347,404293,61798,employed,0,100,0
54,1128689,1002471,4,1220403,390153,209177,employed,0,100,0
33,1856892,1111977,5,1925960,326317,22823,employed,0,100,83719
19,1085982,671426,3,2922726,238254,165937,self_employed,0,100,35260
58,283738,97838,2,1696120,435126,175308,employed,0,100,0
28,388739,160975,2,775964,393745,241631,student,0,100,0
64,1490338,691692,5,3661306,462278,136776,employed,1,100,67273
45,1889931,1712057,5,3547573,31241,152548,employed,1,100,29326
46,773759,554464,0,1498919,312411,203942,employed,0,100,0
44,1350251,1196913,3,3302163,335846,221001,employed,0,100,0
62,1115967,561276,0,1033403,11553,184663,student,0,100,108627
23,1243656,639656,1,1881336,387369,27820,self_employed,0,100,43326
55,435445,271780,1,4969063,228961,857,employed,0,100,0
35,1471709,1072517,1,706955,419418,116641,self_employed,0,100,0
57,1497110,592281,4,4916933,458537,126270,employed,0,100,89258
22,412229,170054,3,635202,317552,111964,self_employed,1,100,0
27,1760751,1446949,4,1083173,283014,71384,employed,0,100,6157
39,579079,498387,1,1577182,432113,55306,student,1,100,0
58,158288,48195,5,3514915,293646,128493,employed,1,100,0
41,871308,663295,4,4558521,396262,222291,employed,1,100,0
24,1851206,986643,2,4400531,201634,76526,student,1,100,132585
50,50469,26402,4,2595494,103220,16024,employed,0,100,0
29,217136,143789,3,1034305,494592,258372,employed,1,100,0
34,1901183,1503064,0,744447,165261,128747,self_employed,1,100,46571
53,423899,382866,3,4241501,475890,159416,student,0,100,0
51,1572460,482489,0,1239119,175208,81494,student,0,100,182952
37,1349232,638336,5,4392033,400627,103376,employed,1,100,62053
32,147056,81166,4,2907160,347353,270869,employed,0,100,0
26,547941,192269,4,4185131,139669,268752,self_employed,1,100,43200
33,552907,178632,3,3002609,220115,143796,employed,0,100,30831
25,1006402,951847,5,952164,417469,216248,employed,1,100,0
40,608686,438127,0,2318451,126563,211193,self_employed,1,100,8799
61,639292,303330,1,68543,26915,14716,employed,1,100,61809
24,358984,195344,5,233237,114018,181516,employed,1,100,9924
45,1006115,764300,1,347357,470253,23440,employed,0,100,0
48,1585567,625320,4,4036518,166287,257875,student,1,100,158791
57,1074928,619363,4,2450237,115902,102867,employed,1,100,67932
27,663514,571411,5,2746937,470277,21979,student,0,100,0
32,436977,208144,5,2313432,227477,1675,employed,0,100,271
24,727092,299774,5,2902089,13446,186323,unemployed,0,100,82774
59,343302,300467,2,2082469,440286,256168,employed,1,100,0
39,1037364,951798,4,2312596,343952,82314,employed,0,100,0
39,1146795,1000210,5,4827937,13135,46373,employed,1,100,26689
56,1592334,1432334,4,1806177,46769,189,employed,0,100,22646
38,1136469,642085,2,1741621,416698,37881,employed,0,100,15537
38,880251,532043,2,586014,38825,138830,self_employed,0,100,61876
43,138448,97386,3,1850703,434855,50640,employed,1,100,0
59,1885044,637422,5,81762,235149,119703,employed,0,100,202494
27,608037,451869,4,4990675,46536,185899,student,1,100,21926
42,164144,107126,1,823769,167411,103442,self_employed,0,100,0
23,503009,457408,4,4327408,220623,90627,employed,1,100,0
32,504748,329941,4,32114,159028,101376,self_employed,0,100,3155
41,1261878,1191412,5,2932025,106119,235178,unemployed,0,100,0
33,1429713,1329826,0,2201544,192233,105373,unemployed,0,100,0
54,1650192,925739,0,3250645,133466,141802,employed,0,100,118197
21,1007253,324731,3,2890370,495731,220017,employed,1,100,37358
35,353855,291906,1,4822714,120653,8145,employed,0,100,0
58,531790,454247,0,961998,2041,265763,student,0,100,15100
54,222698,146851,5,2954283,307002,202871,employed,1,100,0
28,1042105,808913,5,3694184,323521,295633,self_employed,0,100,0
30,323678,197476,1,2852597,50023,52692,self_employed,1,100,15235
23,305821,217546,2,2402233,273991,229697,self_employed,1,100,0
50,54063,34216,4,3753083,486854,110141,employed,0,100,0
53,515290,315307,3,4057521,399550,28819,employed,0,100,0
38,1397588,1164382,1,2794061,37198,177745,employed,1,100,39201
64,1166498,486027,5,3765413,30422,173452,self_employed,0,100,130009
48,1530154,881341,0,620633,342364,85066,unemployed,1,100,61289
35,1201085,886713,4,1828058,244186,36576,employed,1,100,14037
34,875720,823740,4,1725473,42938,230768,employed,1,100,1808
26,1195408,802858,4,3646623,51693,52635,self_employed,1,100,68171
32,614334,404003,5,4289386,294282,154239,unemployed,0,100,0
46,936824,590400,3,1843102,345672,270902,employed,1,100,150
21,1918128,640135,2,3833849,296609,199188,employed,1,100,196276
41,512430,370522,4,3579854,498848,245469,employed,1,100,0
28,461548,427627,4,4922086,6249,16558,self_employed,0,100,5534
41,1847734,1422065,4,2671397,151964,273016,employed,1,100,54740
61,541007,274682,2,2820838,330317,173720,self_employed,0,100,0
29,1374992,999628,0,2454357,16761,84063,employed,0,100,71720
48,971340,609559,5,4176515,181726,136350,employed,1,100,36010
21,1835580,1346017,1,3870443,144435,274444,employed,1,100,69025
57,935109,886838,4,4524703,123580,165381,employed,1,100,0
61,1851855,1289485,4,2438768,133370,289024,employed,0,100,85799
37,1196650,373970,0,969337,414181,205367,self_employed,0,100,81699
23,1621516,753730,2,1134309,246642,289134,employed,1,100,124228
62,1382264,795107,5,847332,348710,198596,student,0,100,47689
22,651030,224831,5,4187555,282220,200668,employed,0,100,28795
31,1589131,954723,2,3363431,400446,275349,self_employed,0,100,46792
32,259983,154364,1,925297,168952,288452,self_employed,0,100,0
34,1324346,1152368,2,2700294,29439,117776,self_employed,0,100,28507
32,1451310,707662,2,2585828,106586,110481,employed,0,100,127412
42,1409516,796505,0,4402839,270289,60510,employed,0,100,68544
60,1808058,819875,0,3079481,121034,92724,self_employed,0,100,173429
31,1020085,836260,0,2678923,234018,267636,unemployed,0,100,0
45,1567044,1276001,1,2906319,226321,165880,employed,0,100,12944
48,1817532,1661408,2,3015434,124486,227498,employed,0,100,6327
62,552978,464855,0,1638596,395538,105640,employed,1,100,0
44,1314938,1083868,3,257357,124073,117271,self_employed,1,100,21399
58,551249,249969,5,3769180,367866,299051,unemployed,0,100,0
53,86785,64593,4,2498881,189375,106190,self_employed,1,100,0
33,926040,303022,3,4040385,490331,37654,employed,0,100,26537
52,1974796,620884,1,1992395,61190,184394,employed,0,100,258544
30,575298,286242,2,2778528,310401,126685,self_employed,0,100,0
38,1137718,984118,2,3982649,496045,69597,self_employed,0,100,0
64,1860397,891191,4,2916233,273951,148805,employed,0,100,139050
37,1888541,1706948,1,3546676,75669,111469,employed,0,100,21184
25,1123711,498178,5,4828322,486621,125764,employed,1,100,27782
37,883747,292354,1,2529382,487373,105586,self_employed,1,100,20803
49,1864029,1278828,3,144618,385858,265791,self_employed,0,100,39868
23,907462,754370,1,797961,477000,245901,unemployed,0,100,0
31,400293,268412,2,605496,403251,124035,self_employed,0,100,0
51,1652842,1038695,2,2081726,254205,175621,employed,0,100,71988
53,1988638,1163975,2,4855870,301838,8230,unemployed,0,100,104564
29,520297,398226,2,1024968,178373,293009,employed,0,100,0
51,329822,305968,3,1264345,478699,42086,employed,0,100,0
33,792750,399710,2,4744385,405208,223849,self_employed,0,100,0
61,211674,110664,2,773904,183533,71158,employed,1,100,0
52,887005,304670,4,270699,163503,42968,self_employed,0,100,83766
60,52819,21518,3,34388,44455,205368,unemployed,1,100,0
30,139826,89760,3,313469,446523,70800,student,1,100,0
44,1073930,542359,1,3815035,132585,28896,student,1,100,79797
58,1760943,1466551,1,1947348,225940,102437,employed,1,100,13690
47,943233,664415,0,231167,341570,130763,self_employed,0,100,0
50,1036143,803373,2,3411554,460219,40024,self_employed,0,100,0
53,639434,375410,2,3866213,132802,294032,employed,0,100,26244
49,1184925,432193,4,2988376,235558,148570,employed,1,100,103434
31,852401,567299,5,1746700,292095,243742,employed,0,100,0
57,711434,333284,3,4211922,215005,44813,self_employed,0,100,32628
62,1367826,874737,3,2903950,307778,189108,self_employed,0,100,37062
37,740468,275841,4,2623046,443673,213239,student,0,100,4190
44,1149696,927212,3,2844791,262601,67367,employed,0,100,0
50,522854,292590,5,3784279,15684,272069,self_employed,1,100,42915
49,397555,291152,4,4235257,189436,139239,self_employed,0,100,0
59,709797,440116,5,1581544,160057,274624,employed,1,100,21924
46,1665603,1005021,2,2202942,303885,164272,self_employed,0,100,71339
53,411972,225853,2,4720965,454921,159716,self_employed,1,100,0
24,122565,75232,4,4092623,347272,273052,employed,0,100,0
39,1852859,1293774,2,2875588,343781,154809,student,1,100,43060
42,885072,394453,1,4921764,243330,210279,employed,1,100,49457
28,515149,393777,1,1255242,444106,76615,employed,0,100,0
20,272334,167663,0,2166037,144834,244177,self_employed,0,100,0
22,105523,73961,4,4264486,108645,203549,employed,1,100,0
61,1900673,1154069,3,1819486,165669,74091,employed,0,100,116186
60,1836637,746417,3,1875313,381734,193041,employed,1,100,141697
50,616841,316470,0,144994,242088,153629,self_employed,0,100,11656
61,972832,507224,1,774876,182826,23032,employed,0,100,56556
26,1468492,827301,4,3482396,493420,176310,self_employed,0,100,29554
28,287309,145773,0,891539,296909,163450,employed,0,100,0
20,1198558,885223,1,3720516,54338,203273,employed,0,100,51799
25,674954,638667,4,1532527,58629,225015,self_employed,0,100,0
53,779690,591821,2,4875449,474925,228904,employed,0,100,0
26,1553487,1434313,1,1895326,412649,72449,self_employed,1,100,0
53,935880,729882,4,1794623,258125,107780,employed,0,100,0
50,898110,611897,1,2891867,135183,233252,employed,1,100,30205
40,1615392,1225564,1,3482777,244376,177468,self_employed,0,100,29090
20,288209,239465,0,483098,310571,58169,employed,0,100,0
60,720296,606402,2,4942171,408697,298251,employed,0,100,0
59,721678,276654,5,1500581,372095,277544,employed,0,100,14585
33,600153,424050,5,4778878,384240,241179,employed,0,100,0
63,1978347,799198,4,520594,234522,264483,employed,0,100,188925
25,1417161,1097616,1,4577158,440277,64093,unemployed,0,100,0
60,844531,256395,3,4297640,256821,154665,self_employed,0,100,66262
18,1313985,941903,2,2122716,263223,110517,unemployed,1,100,21771
60,1411383,468319,1,4200308,97226,259109,student,0,100,169167
41,1768178,1566088,3,3179733,352356,80724,self_employed,1,100,0
46,1772617,1389161,0,4075798,187306,222310,student,0,100,39229
30,1769375,1589831,4,4314984,402106,11590,employed,0,100,0
62,266784,164147,2,1949851,26834,197817,employed,1,100,15160
19,1818561,548886,2,1648278,470994,11342,employed,1,100,159736
50,1603459,1454895,4,4751025,457588,154671,employed,1,100,0
31,1408400,668343,1,3050776,405327,70258,student,0,100,66945
27,667045,345163,4,1563464,482653,178187,employed,0,100,0
21,652307,430324,4,800360,48711,252671,unemployed,0,100,34654
64,1632267,719950,2,1535444,461917,42778,employed,0,100,90079
33,639338,590685,1,1186648,429495,50508,self_employed,1,100,0
50,1886133,724799,4,4030367,420615,196061,employed,0,100,148143
64,1057252,546726,5,2941648,385524,198525,self_employed,0,100,25000
30,242586,224444,5,4201613,214962,92835,unemployed,1,100,0
22,181614,171514,1,381113,351844,270452,employed,1,100,0
25,1163539,834272,0,4222125,232220,257968,employed,0,100,19409
60,161958,131188,5,3837250,148365,277480,employed,1,100,0
64,400251,270162,2,437347,486129,258056,self_employed,0,100,0
25,1057462,636338,2,2935744,197347,55201,self_employed,1,100,44755
48,1182515,620363,0,4554345,66403,228427,employed,0,100,99149
38,909635,412011,4,47573,383462,94641,employed,1,100,22832
27,1583463,748870,0,1242222,144523,141656,employed,0,100,138013
38,1687642,1040714,0,924838,42764,174129,employed,0,100,120832
62,391028,357059,2,408115,240779,216597,employed,0,100,0
28,892123,772145,3,2611570,129485,234756,employed,0,100,0
41,805901,413250,2,1291978,248585,158222,employed,0,100,28813
45,84356,77511,0,2579779,99499,110574,employed,0,100,0
48,1997112,803674,2,3893220,370362,269537,employed,0,100,164615
29,1382233,902662,3,2274578,215431,272726,employed,0,100,52827
62,59653,44630,0,4562654,179863,289488,employed,1,100,0
41,629171,573917,2,1483418,341668,270127,unemployed,1,100,0
62,913133,413630,4,4879344,164522,267648,student,1,100,66996
45,533470,266838,0,4643689,125551,196898,self_employed,1,100,28216
35,353686,132997,3,3038500,459608,279572,student,0,100,0
50,1579375,818976,2,2646313,398599,101636,self_employed,0,100,72359
32,99006,83608,0,1973807,488639,123578,employed,0,100,0
45,1631510,930566,2,2547994,320460,143947,self_employed,0,100,76096
45,590293,556466,5,534483,173634,299640,self_employed,1,100,0
57,1537659,857738,1,254925,385736,157229,unemployed,1,100,58836
58,97709,74896,5,2464102,98727,284048,employed,0,100,0
29,235579,131880,0,1979501,199753,177591,self_employed,1,100,0
40,475661,216391,0,4010471,440814,294762,employed,0,100,0
47,1032625,429406,1,431003,238381,79506,employed,1,100,72967
41,1179135,486894,2,3970472,462290,19601,self_employed,0,100,45990
26,723252,520657,4,4046653,272475,222239,student,0,100,0
59,535701,186324,4,2192800,73105,131318,employed,0,100,55254
30,431466,308482,4,2702451,23249,97299,employed,1,100,19946
59,1466315,835860,5,812343,470087,110381,employed,0,100,32073
37,1348737,985897,1,3281881,301800,57,unemployed,0,100,12207
36,1145593,360192,5,2373497,231,167839,self_employed,1,100,157033
21,1173907,457219,3,1144120,2183,79629,employed,0,100,142900
43,958430,831080,0,3254049,278714,264845,unemployed,0,100,0
35,1673758,1589974,5,141467,75811,76882,employed,0,100,1594
50,1441700,1221661,3,4533292,413535,14272,student,0,100,0
37,323332,123419,5,3650491,473108,216344,student,0,100,0
60,98726,42530,0,2124422,387564,157225,unemployed,1,100,0
38,277864,115201,5,1734280,375042,177008,employed,1,100,0
57,357131,308578,5,2240014,143959,229612,employed,1,100,0
40,1425240,1193776,3,1334024,483343,222220,employed,0,100,0
28,1836677,1042239,3,316065,301778,273595,employed,0,100,98531
23,485743,184868,1,2032952,102966,165443,employed,0,100,39581
23,616776,541264,1,597220,254613,50949,employed,0,100,0
60,988611,670612,3,2884860,145685,276847,self_employed,0,100,34462
54,1699214,1588961,0,596723,110192,194329,student,0,100,12
28,638140,308492,2,2938917,437758,249321,employed,0,100,0
53,1991828,645967,3,3634728,81740,75994,self_employed,1,100,252824
25,861940,808934,1,1015290,369035,265749,employed,0,100,0
41,76972,40753,0,4245378,260027,17217,self_employed,1,100,0
60,723556,427862,2,3821813,392155,145524,employed,0,100,0
27,1683343,600322,3,2009042,84423,112854,employed,0,100,199719
60,1343568,920974,5,3863066,17928,215826,employed,1,100,80933
36,662038,310534,5,4793868,121294,270735,self_employed,1,100,46041
41,1514389,1124960,1,2032629,342979,151127,employed,1,100,9289
50,1599650,1270176,4,4678690,214551,261921,employed,0,100,22984
57,607819,296016,0,4564754,433535,75454,employed,1,100,0
40,1009783,592709,2,2121446,302508,257816,student,0,100,22913
24,1321309,692708,1,3198057,230661,252996,student,0,100,79587
22,1713493,1604494,4,37420,194167,29691,self_employed,0,100,0
54,1993738,1697300,3,39926,165823,237709,self_employed,0,100,26122
64,73048,41920,0,766071,52822,284633,self_employed,0,100,0
42,630854,399899,2,1694946,484711,85454,self_employed,0,100,0
30,764439,718278,1,1695696,418190,256489,student,1,100,0
27,227659,108558,5,4702032,51485,133076,student,1,100,13523
34,1586104,1388481,3,4465512,228307,263887,unemployed,0,100,0
57,176421,160900,1,1578823,453402,18044,employed,1,100,0
31,1098775,658150,4,1295475,212378,210803,unemployed,1,100,45649
28,976059,449908,5,2914011,405729,93437,self_employed,0,100,24084
63,1686797,676312,3,468589,455904,54093,employed,1,100,110916
27,1655921,575125,1,4548859,91252,264148,employed,0,100,197908
64,950720,397477,0,1073016,114361,256079,employed,1,100,87776
63,261336,135595,0,2092850,460553,197505,employed,0,100,0
58,117529,94348,2,57324,434632,64895,employed,0,100,0
47,1774181,980120,0,3361085,342599,160553,self_employed,1,100,90292
61,1806798,968730,0,4886482,191181,265921,self_employed,0,100,129377
33,1925532,1634580,2,66888,31222,91803,employed,1,100,51945
54,251129,172384,3,2345873,290432,215684,unemployed,0,100,0
31,779081,466743,5,3149877,379465,35400,student,1,100,0
47,1828162,1296528,1,3744299,317955,271568,employed,1,100,42735
21,1995058,1325061,3,2025085,210618,6297,self_employed,0,100,91875
56,744983,438697,1,1319362,136145,83934,employed,0,100,34028
20,528156,295638,0,938363,382941,240969,unemployed,0,100,0
38,1158706,1014144,4,2820385,41000,25703,employed,0,100,20712
39,1384620,581334,2,2644751,11353,29241,employed,0,100,158386
21,838221,337427,5,3315510,334221,280202,self_employed,0,100,33314
40,514073,421789,3,3859741,135580,50170,employed,1,100,0
21,908013,343577,1,2915002,481522,261598,self_employed,0,100,16582
23,153034,142378,4,4607011,280060,237109,employed,1,100,0
55,539925,259885,1,3000854,208072,221096,unemployed,0,100,14393
42,837740,715956,2,3570744,248612,25300,employed,1,100,0
19,959605,691540,3,766375,213499,294823,employed,0,100,10913
50,881492,728052,5,1031807,105585,232075,employed,1,100,9570
54,1070166,599104,2,471728,264185,283407,employed,0,100,41375
51,1856218,801982,5,1215620,326515,223709,employed,1,100,145544
43,340515,312005,3,2462497,493717,58326,student,1,100,0
32,75626,61366,2,2022522,362071,229472,employed,1,100,0
38,1571742,624817,3,2437287,22754,70615,employed,1,100,184834
34,926892,544756,0,3382622,234616,297989,employed,0,100,29503
64,324699,167144,3,2691457,186147,295442,employed,0,100,0
37,697610,279408,0,191437,296158,137494,student,0,100,24408
25,1545865,1059040,4,3703916,130745,192527,student,0,100,71215
24,1168501,912476,3,1327242,81038,200249,employed,1,100,34997
18,1158768,523560,1,3704387,313734,250795,unemployed,0,100,64294
20,489202,321604,3,4071991,353506,83976,employed,0,100,0
55,1716230,738909,3,2493436,254554,4371,employed,0,100,144553
55,1462862,1067372,4,23821,66667,116355,employed,0,100,65764
51,1363850,1028775,1,3148527,272553,12304,student,0,100,12504
48,784072,491307,0,4745523,436961,237060,self_employed,1,100,0
25,1056635,773466,5,388192,113688,24344,self_employed,1,100,33896
42,1641087,1237758,3,3709453,130623,179839,employed,1,100,54541
45,752304,671806,3,4805470,118533,127481,employed,0,100,0
42,293598,247419,1,3344350,109571,265205,student,1,100,0
18,547379,456719,4,4595193,291905,155130,unemployed,1,100,0
33,1461436,459072,1,1278398,403838,58971,student,0,100,119705
20,51206,24109,5,3624462,409830,150006,employed,1,100,0
60,628398,267406,1,3377792,329229,63790,self_employed,1,100,6352
54,976955,924196,2,541383,388995,131468,employed,0,100,0
31,291705,194435,0,4285494,147234,107487,employed,1,100,0
31,934120,385946,4,3798744,464204,122146,employed,0,100,16793
59,372935,250162,3,3398197,298233,277483,self_employed,0,100,0
57,1674833,1258187,4,3561170,312442,24973,unemployed,1,100,20840
32,1536417,1283136,5,271052,228060,210155,employed,1,100,5044
40,996216,479486,5,4442297,11889,291107,employed,0,100,100968
19,1072891,710847,4,3980921,175265,120372,employed,1,100,37355
45,1620097,803861,5,3251632,311449,51622,employed,1,100,100957
60,1747369,1035496,1,2251441,274154,112767,employed,1,100,87543
56,934173,527430,3,2312657,109542,265310,student,0,100,59440
28,468347,205642,3,4392330,139575,95220,employed,1,100,24625
44,178089,87375,2,2178950,226649,193742,employed,1,100,0
39,604682,282430,3,2354839,301507,156855,employed,1,100,4148
31,1347976,1115392,2,1874507,468859,97513,self_employed,0,100,0
34,1169271,461354,5,3943695,375031,268112,employed,0,100,66577
56,1793931,1671614,5,2576714,392269,84000,employed,0,100,0
19,469322,263367,1,4948832,485230,163769,employed,1,100,0
47,1177566,526007,0,2288288,124106,137937,employed,1,100,105490
46,1090202,867530,5,1000635,394626,50077,student,1,100,0
56,1297291,466815,4,879678,353657,148542,employed,0,100,95363
37,1132484,939890,4,4756769,222678,214269,employed,1,100,0
49,53137,26675,3,4951916,367751,129906,self_employed,0,100,0
18,810949,333835,3,1529456,70571,112651,employed,0,100,81308
52,1276662,1084035,4,1608671,19289,33673,employed,1,100,34667
38,856446,588342,0,4310381,486861,232253,employed,0,100,0
23,1090780,709028,0,1728687,371965,277241,student,0,100,1957
36,218031,107755,0,4176236,41604,237502,employed,1,100,13734
52,1628348,1018358,3,2575261,6329,292991,employed,0,100,120732
33,1237604,999594,5,4238333,317397,259747,employed,0,100,0
30,1164601,710515,3,597454,50125,200035,employed,1,100,80792
31,1737821,1234026,5,1228890,192523,154016,student,0,100,62254
27,1193374,388142,0,2296725,72958,177342,self_employed,1,100,146454
30,1974757,1353520,4,3418317,22722,95759,employed,0,100,119702
49,1652375,743679,2,4935973,171756,183528,employed,1,100,147387
47,1526681,1187630,4,31109,34909,102423,unemployed,1,100,60828
23,1640159,826343,5,2743219,163859,43592,self_employed,0,100,129991
30,1604376,788171,2,1514476,323970,266783,employed,0,100,98446
35,1257040,715848,5,4892082,263456,185033,employed,1,100,55547
35,1107738,417062,0,842395,40396,231586,employed,1,100,130055
40,1062129,838890,3,1510538,95213,16408,unemployed,0,100,25605
53,1478423,1047093,0,253328,447121,118621,unemployed,1,100,0
45,1007317,485943,1,4678635,401994,127710,employed,0,100,23875
23,1356016,1087651,3,1168693,107929,119245,self_employed,1,100,32087
33,669978,619720,2,1498817,59398,21895,student,0,100,0
42,1150681,986240,3,650239,234585,239070,employed,0,100,0
29,1573184,895555,0,3310478,232194,135422,employed,1,100,89086
59,1183658,581629,2,3462860,332672,24292,employed,0,100,53871
45,1247692,380891,1,1063498,82676,267104,employed,0,100,156824
46,1393952,652662,4,806841,231952,254347,student,0,100,101867
44,1481730,556084,1,2248418,30091,279647,self_employed,1,100,179110
30,823528,690346,4,3056763,354672,92564,self_employed,0,100,0
33,1037845,835800,3,929331,443493,131306,employed,1,100,0
39,134689,81618,0,259916,288336,133756,employed,0,100,0
37,793031,298241,0,2122157,96126,283389,self_employed,0,100,79732
50,471674,300791,4,1398878,468582,18761,employed,0,100,0
24,172537,111259,0,38968,348625,231849,self_employed,0,100,0
53,396626,281707,3,1907236,241913,67896,unemployed,0,100,0
61,198688,127501,1,3967631,81527,62169,self_employed,0,100,0
26,1993662,727102,3,4601412,327190,106208,student,1,100,187873
28,1538575,1100638,3,2282068,131034,226654,self_employed,0,100,61380
42,1611641,1521156,1,3739455,257793,128439,unemployed,1,100,0
50,597253,425098,5,1957127,482202,80011,student,0,100,0
59,1743838,934511,2,4061474,375400,211511,employed,0,100,86785
64,415583,292651,2,845572,499837,245433,employed,0,100,0
37,1017603,674890,4,2754700,274742,277654,employed,1,100,13594
51,1618357,585448,4,3875076,466545,187356,employed,0,100,113272
42,1579959,1125220,2,4367328,413198,67232,self_employed,1,100,8308
61,743677,538718,5,998130,499441,45457,self_employed,0,100,0
32,208691,110072,2,4252073,21291,241279,self_employed,0,100,15465
44,1256163,622485,3,1787675,436452,242059,self_employed,1,100,39445
50,1356426,845359,0,3341877,106692,110199,employed,0,100,80874
48,1284037,506129,4,569551,469854,82749,unemployed,0,100,61610
32,554129,199354,0,3591540,436072,50659,self_employed,1,100,0
30,1173569,927847,1,3399007,435518,263683,self_employed,1,100,0
58,1002235,419823,2,111583,281828,207628,self_employed,1,100,60116
33,729228,336523,3,3602369,229666,264734,employed,1,100,32607
47,964376,528236,1,4193219,112658,106773,employed,1,100,64696
34,498339,382373,4,4347834,132788,178788,employed,1,100,0
35,1895963,1266953,3,4289228,108763,232870,employed,0,100,104049
38,1397778,835073,1,933124,151553,215902,employed,1,100,82230
49,1125866,1058010,1,4977798,273891,232069,self_employed,0,100,0
29,448865,272057,0,4668437,217267,164470,employed,0,100,0
18,207549,141467,2,2843777,390547,142412,employed,0,100,0
30,332416,117591,5,4974425,467825,216668,self_employed,0,100,0
25,249073,118727,3,341753,478194,14591,employed,1,100,0
61,1001731,491205,3,2554626,125114,16537,employed,0,100,77082
58,679578,302586,5,3540840,271746,149030,unemployed,0,100,21049
31,816411,402165,3,1621125,65799,84787,employed,0,100,69689
33,1257379,772493,1,3346279,76839,90627,employed,0,100,81609
36,1750934,1499821,5,3841512,106525,70676,employed,0,100,28917
27,746237,536623,2,2299832,408075,148040,employed,1,100,0
48,197965,162081,3,1415523,173232,227465,student,0,100,0
53,830367,512410,1,2176292,303731,124920,employed,0,100,2845
20,1510178,1010551,2,4490236,108816,196790,self_employed,1,100,78162
19,480029,165619,1,931303,351041,33319,student,0,100,0
54,1494918,585902,3,4429320,222180,121450,self_employed,1,100,137367
35,1383787,1162739,0,2507624,369275,225924,employed,0,100,0
31,1446259,1367164,5,4085420,44054,176456,self_employed,0,100,7008
19,1092600,883750,5,2149936,409254,186064,employed,0,100,0
41,311566,133317,3,4976854,143486,298272,self_employed,0,100,6952
19,1215446,384004,4,1378311,198938,151632,self_employed,1,100,126500
41,145153,47272,4,3087729,379576,50778,employed,1,100,0
31,1960248,930000,0,3201577,106514,179437,self_employed,0,100,184746
18,604046,527102,3,1663587,341163,250061,self_employed,0,100,0
63,336664,147664,3,2729074,329849,165252,self_employed,1,100,0
28,1443697,1036216,2,2827620,113985,62723,employed,1,100,58699
32,1143079,445694,4,1350839,497951,47464,self_employed,1,100,39886
25,470086,356913,0,2671543,299808,167972,employed,1,100,0
46,1634592,646643,2,1594548,277674,287565,employed,0,100,142054
47,202508,111358,1,2949021,364796,119692,employed,1,100,0
59,1658990,719903,1,2483419,364263,93565,unemployed,0,100,114964
42,1394894,669309,2,3437225,334349,204700,self_employed,0,100,78247
20,587998,447716,0,3738061,26831,169328,student,0,100,22690
18,1565803,1041372,2,4255040,300984,225121,employed,0,100,44689
44,1295904,473680,0,4414778,488289,184037,self_employed,0,100,66786
41,1189532,1002065,3,4075866,320696,76838,employed,0,100,0
41,1164153,805933,1,3951815,314041,64472,employed,1,100,8835
57,1431310,692069,5,101833,164797,176546,self_employed,0,100,114888
20,1002468,560756,1,2280638,281895,102750,employed,0,100,31963
18,1195496,1044035,2,2380900,128811,236781,employed,0,100,4529
24,504930,258345,4,4639552,180014,107563,employed,1,100,13314
39,1131455,544959,2,163928,145235,128216,employed,0,100,88252
28,748626,327050,3,1078324,39787,116089,unemployed,1,100,76357
21,1581309,1284300,2,505373,347181,278713,employed,1,100,0
35,1620711,755148,5,270399,482409,144348,self_employed,0,100,76630
28,820068,498785,0,3865917,316643,248371,employed,0,100,927
50,264272,80999,5,4371729,492659,192945,self_employed,0,100,0
60,1711948,1580837,3,434950,236060,143277,unemployed,0,100,0
58,1120200,942737,5,3559621,484602,114569,student,0,100,0
19,1189889,861823,1,2576935,100784,77946,employed,0,100,45456
40,475374,237460,0,3229449,335924,272423,employed,0,100,0
42,1211734,511271,2,1523481,397960,7203,self_employed,1,100,60500
26,527855,308648,4,1448680,230216,6326,employed,0,100,0
37,1320826,588259,5,4078042,62232,34347,employed,0,100,134066
63,1860167,1690984,4,4997500,22574,214245,self_employed,0,100,29321
64,1685427,1309228,0,1894454,250738,58283,employed,0,100,25092
26,424971,317965,2,1722309,255056,509,unemployed,1,100,0
32,1619984,1200691,4,618780,484785,168638,employed,1,100,0
59,1356123,1081321,5,3782054,20806,102533,self_employed,1,100,50799
51,666201,218772,0,3397812,448783,176456,employed,1,100,0
32,950470,444728,5,468914,90404,260534,self_employed,0,100,83067
50,1044246,703979,4,762262,268665,294387,employed,0,100,14320
61,1836136,811500,0,1054519,112401,94048,employed,0,100,182446
39,1309994,903804,0,2397316,338342,159406,employed,0,100,13569
53,1694890,1564514,2,4776388,350157,243712,employed,0,100,0
30,1078156,556250,4,1642737,91831,24640,employed,1,100,86014
59,324245,256897,5,2552645,291409,183251,employed,0,100,0
31,325795,189536,5,4091803,425607,121447,employed,0,100,0
59,1834368,1404962,0,3867339,231024,41657,employed,0,100,39676
60,921573,314428,1,2042016,463416,274379,employed,0,100,28745
32,362827,194846,0,3628429,70488,145093,employed,1,100,19498
50,377665,291431,0,525859,420371,129653,employed,1,100,0
20,447081,379969,3,169437,249656,296567,unemployed,1,100,0
24,774972,442417,0,3157643,362356,9398,employed,0,100,0
63,1501496,988358,5,1845173,409709,262819,employed,0,100,20685
57,290159,269234,2,2913933,113276,7571,employed,1,100,0
58,1844902,1099052,2,4258384,104919,215945,employed,1,100,128186
22,377744,171213,0,4323871,194956,225438,unemployed,1,100,2314
43,954931,299294,2,4230395,395850,143443,employed,0,100,51957
54,1781988,1602398,5,457466,217651,5036,employed,1,100,0
19,1798301,603017,5,519227,233829,150814,employed,1,100,192290
18,259918,118293,0,4990487,141920,273134,self_employed,1,100,0
21,1498082,1283519,2,4896678,60927,44296,student,1,100,30727
45,1331944,1212814,1,2681807,218653,235124,unemployed,1,100,0
59,1423576,1042901,5,1107729,474361,261480,student,1,100,0
27,1967736,921201,0,2339211,475984,86000,employed,1,100,114110
32,1383788,656350,0,1760149,417261,100324,employed,1,100,62035
35,692029,434960,1,1834479,228740,99223,employed,0,100,5665
63,1741950,1580267,2,514342,173158,271821,employed,0,100,0
56,678673,621277,2,3903314,53525,141936,employed,0,100,774
29,1867198,1082759,4,4352308,404861,298842,self_employed,1,100,75915
25,368066,187253,1,1202870,373454,293097,student,1,100,0
59,887854,489717,5,543250,278089,185524,self_employed,0,100,24009
18,686281,310086,1,380474,331621,211421,self_employed,0,100,8914
52,1374702,566153,3,2449729,188544,61517,employed,0,100,124000
23,1793885,1335599,2,1039509,134222,42193,unemployed,1,100,64812
63,507366,237903,0,4941306,302377,151500,unemployed,0,100,0
33,1097549,921481,1,1059766,111145,124060,unemployed,1,100,12984
38,1936430,892198,3,1344771,67420,163503,unemployed,0,100,195362
30,819317,538777,2,1845843,169279,180465,employed,0,100,22252
23,1515551,1154267,0,31359,478286,95895,employed,0,100,0
56,1165271,843926,3,2731327,462306,28281,employed,0,100,0
46,780571,291690,1,605606,179140,90366,unemployed,0,100,61948
19,501456,240025,0,1614104,145938,62423,student,0,100,23098
21,309771,96260,0,2568480,248461,175874,self_employed,1,100,0
37,532943,364378,4,4760608,214542,786,employed,0,100,0
25,1586679,1111495,3,1858251,417970,146352,employed,1,100,11442
19,465757,283737,0,1238826,459474,66184,student,0,100,0
21,1815083,1292621,1,383844,47834,40185,employed,0,100,94925
58,1057808,902664,0,881771,278031,213391,self_employed,1,100,0
56,972069,452418,4,53563,386770,40100,unemployed,0,100,26576
35,1959228,1273231,4,1590296,354612,99490,self_employed,0,100,66276
63,311019,120638,0,2894821,39734,84130,student,0,100,30129
50,1628060,736826,2,4182918,375550,172595,self_employed,1,100,103136
27,225175,112172,0,2085279,133142,252328,self_employed,0,100,0
56,1808969,1379749,4,362567,143011,275605,self_employed,1,100,57241
35,1000198,395613,4,866608,59025,257651,employed,0,100,109111
36,1117186,840797,1,2374429,460588,147274,self_employed,1,100,0
48,1252822,452108,1,2334419,341847,189914,student,1,100,91773
62,1144786,849196,2,2049116,422342,172307,student,0,100,0
32,1244074,1006359,1,3670849,477272,195617,employed,1,100,0
56,1427042,1264761,5,4028333,466159,76882,student,0,100,0
51,1746109,1465867,5,553394,9451,89865,employed,1,100,54158
37,1548865,1108468,0,4524144,485548,37772,self_employed,0,100,0
49,1911628,1552184,0,3577275,459782,171378,employed,0,100,0
45,1020539,782997,5,890281,297668,230899,employed,0,100,0
43,105487,64098,4,117765,299368,5723,student,0,100,0
56,226192,183547,0,393110,206551,100821,student,0,100,0
55,1866413,566398,4,4632147,345171,259125,employed,1,100,190968
35,432867,356158,0,2086618,2260,222095,employed,0,100,14889
63,1241884,1118511,0,1176879,196499,133392,employed,0,100,0
28,1017811,909811,0,284728,470729,167216,employed,0,100,0
60,1539907,1461470,0,2798915,188792,66023,employed,0,100,0
27,1719467,827449,1,4564570,83414,203538,employed,0,100,161720
19,778025,302593,1,22331,465652,4656,self_employed,0,100,1955
52,885193,548958,4,2005140,322861,293237,employed,1,100,2674
59,1938574,1013159,3,2951330,162336,249405,employed,0,100,152615
50,721336,430800,0,1175356,491381,157476,employed,0,100,0
31,947474,507711,4,672630,327438,251348,self_employed,1,100,22464
26,795341,680638,4,341730,111649,120636,employed,0,100,610
24,496373,324000,0,3073171,426574,55607,unemployed,0,100,0
40,396364,323189,0,3034904,32644,91250,self_employed,1,100,8106
24,147702,72929,5,200935,231176,40867,employed,1,100,0
18,1916566,1066667,4,2466457,134490,61013,employed,0,100,143081
37,1654996,804571,4,4326698,272703,150518,self_employed,0,100,115544
63,1041057,969690,1,2767507,446073,75303,employed,0,100,0
57,1681233,991124,1,518379,184763,244011,employed,1,100,101069
52,953544,540018,0,4365639,380699,151337,unemployed,1,100,6565
55,1480732,1252557,5,1564018,399624,293420,self_employed,0,100,0
64,1264412,1001545,4,4319787,116984,250213,employed,1,100,29176
64,1912958,1718265,0,1855222,231217,29552,employed,0,100,0
25,1489328,1177047,2,54609,89763,242275,employed,0,100,44503
48,1194941,628042,5,3954737,86280,281073,employed,0,100,96123
36,86014,42678,0,4713479,302842,167700,student,1,100,0
22,95007,70777,5,4943806,488990,270073,student,0,100,0
62,1462359,561940,0,1066886,89834,161109,employed,0,100,162116
51,131206,46936,4,63239,80172,272039,employed,0,100,819
61,1504187,1228007,4,3487012,122294,37369,employed,0,100,30777
33,1263231,901110,5,2569333,318925,163320,employed,1,100,8639
24,676671,299267,1,458805,368398,217356,employed,0,100,1801
58,1367515,1005362,3,1531560,221940,132458,employed,0,100,28042
38,571916,286619,0,1882707,393713,111344,employed,0,100,0
61,1440399,698155,1,4143973,308648,136508,student,0,100,86719
42,1141755,545443,2,3865006,431681,187961,self_employed,0,100,32926
64,1623407,1021772,0,782895,55870,53789,employed,1,100,109152
62,539537,491993,5,4834057,475766,160127,self_employed,1,100,0
19,1309582,1200202,5,3758795,76793,188763,employed,1,100,6517
25,1922555,1259564,3,2808602,482925,277655,employed,0,100,36013
36,661398,571807,5,3305228,435818,252735,self_employed,0,100,0
59,980938,616419,2,4076411,253304,7750,self_employed,1,100,22242
54,1318912,817515,0,4227081,34783,249973,self_employed,0,100,93322
36,968974,314737,4,1043660,342643,216974,employed,0,100,62318
18,406983,319202,3,1913107,499226,272181,employed,1,100,0
45,982344,701592,5,3373455,462015,46335,employed,0,100,0
57,671992,361965,4,2267481,135672,144316,employed,1,100,34870
31,1442162,570424,5,3931332,448699,100139,employed,0,100,84607
40,1861278,1756579,2,1161146,405815,174592,employed,0,100,0
25,817173,678962,1,99293,247110,151102,employed,1,100,0
52,1435477,1015915,4,2558613,217997,215994,employed,0,100,40312
48,1872987,582137,3,120102,89308,147586,employed,0,100,240308
40,1554481,1345174,4,2132012,45991,165516,employed,1,100,32663
63,415089,289056,1,1582843,177939,212540,student,1,100,0
24,1233266,496641,0,4961752,491366,120401,unemployed,0,100,49051
19,911894,756121,5,827363,319282,59495,employed,1,100,0
36,401591,278031,1,655377,143236,73679,self_employed,1,100,0
45,805146,519345,2,3617942,99793,154016,employed,1,100,37201
55,104624,40904,0,4498571,191047,82691,employed,1,100,0
53,487703,227060,4,3969098,4785,290519,unemployed,1,100,51171
50,1069628,800944,4,1671936,132294,295139,employed,1,100,27277
35,1252042,660565,5,2200768,174167,252853,self_employed,0,100,83461
55,1507655,791905,1,3177242,334267,112747,employed,0,100,76296
27,1096534,457444,0,4007366,460117,242118,employed,0,100,35794
43,1770258,767908,1,2201838,451475,189320,employed,0,100,110174
32,764632,564514,0,4629820,180122,188772,student,0,100,3999
49,1398636,1257650,1,1961746,54419,62300,employed,1,100,17313
34,526410,176506,5,4171139,314757,107845,unemployed,0,100,7029
18,648194,401911,3,4014888,139391,68515,employed,1,100,21378
32,1058902,975781,3,248580,499847,55381,student,0,100,0
43,847303,548977,0,1307558,4351,158549,unemployed,0,100,58794
51,1710945,984079,5,2336168,158328,248229,employed,0,100,113707
21,1578670,771563,0,781820,236750,56874,student,1,100,114071
44,927269,732921,1,2746563,424981,27330,employed,0,100,0
57,1516169,1337114,3,4316177,137250,264909,unemployed,1,100,8360
24,1886846,1780050,1,1058020,123177,48132,student,0,100,0
53,669541,335264,4,255156,301772,154641,employed,1,100,6500
62,1459461,558529,0,3416464,85723,225691,self_employed,1,100,163041
46,355579,273925,3,595152,127763,80669,employed,0,100,0
38,56824,47734,4,2863982,11356,97635,self_employed,0,100,0
32,1339038,1161447,0,3223097,318276,288222,employed,1,100,0
24,253788,175804,3,718234,430978,178833,employed,1,100,0
64,229411,212025,4,4975258,409727,16792,employed,0,100,0
59,830058,309494,1,1290102,368154,225825,employed,1,100,30481
45,1680510,840554,1,2677658,287044,208763,student,0,100,110582
26,391009,193472,3,4335268,72188,27335,self_employed,1,100,25069
47,971947,543534,2,565807,113015,170843,employed,1,100,63079
49,1344977,1059940,2,3836849,417211,94790,employed,1,100,0
61,1261256,394963,0,3780733,98067,33598,self_employed,0,100,153645
30,1555795,484294,0,3966973,358934,176320,unemployed,1,100,142513
63,1139225,443403,5,1328855,245471,169793,self_employed,0,100,90070
50,1194616,502623,5,1939860,486923,267966,employed,1,100,41013
19,786621,741747,5,1404344,214256,239925,student,0,100,0
37,727536,340239,4,591313,416607,28825,employed,0,100,0
62,376571,224948,4,1499754,69105,170805,self_employed,1,100,16503
39,145290,46325,5,4654574,26831,115818,employed,0,100,14426
52,291658,263896,1,2498732,269978,112030,self_employed,1,100,0
43,1510161,499285,2,3643665,97344,152544,employed,0,100,182706
20,1993278,1767058,0,4308589,424242,249903,employed,1,100,0
58,393294,169192,5,4796937,475595,21882,unemployed,1,100,0
38,816678,727490,2,605949,226124,103541,self_employed,1,100,0
46,1151645,593020,4,3026911,392647,170264,employed,1,100,33195
18,76651,46750,2,4028424,216055,25646,self_employed,0,100,0
38,1417402,1080231,1,4821459,112555,107375,unemployed,0,100,44923
64,829766,649754,0,2606390,438502,134672,self_employed,0,100,0
22,248907,80177,1,4557199,29596,207203,employed,0,100,27826
60,286026,89424,0,1506907,493350,298561,self_employed,0,100,0
20,450480,229332,1,4673939,422415,75884,employed,0,100,0
43,1853439,1172354,4,4468861,477188,56282,self_employed,0,100,40779
61,1455271,1262734,3,1417014,427641,275177,employed,1,100,0
45,1639147,684539,5,1815386,209066,203556,employed,0,100,149108
53,1836854,996013,1,210713,354796,273156,employed,1,100,97208
52,919786,536242,1,4630361,148536,112131,employed,0,100,47001
62,607068,374567,5,1640409,429152,53317,employed,0,100,0
38,433161,328401,2,4601957,107283,121884,self_employed,1,100,0
40,1256273,1119888,4,4516870,287461,230703,student,1,100,0
19,1419467,544938,3,992451,456611,116553,employed,0,100,83583
64,501932,303986,3,2732710,153439,104508,unemployed,0,100,8901
22,319712,300573,0,1690525,231087,138548,student,0,100,0
20,1315041,906649,0,4873096,145073,130879,self_employed,1,100,52663
26,1447179,1232396,3,779350,238081,77967,self_employed,0,100,0
58,1623773,1426198,3,510684,116875,169675,self_employed,0,100,16139
39,1313961,454861,5,1987764,81265,242126,employed,0,100,155566
37,1572115,963084,4,3735422,65958,99789,self_employed,1,100,108614
58,1280085,1184349,3,4754090,256564,43077,self_employed,0,100,0
53,1082591,429807,0,4990148,105918,230722,employed,1,100,109373
21,1983140,837841,0,539232,119457,492,self_employed,1,100,205168
51,564474,355018,2,2576743,224872,12816,unemployed,1,100,0
49,1209342,467483,3,2439163,258209,196184,employed,0,100,96729
32,1488919,1278885,4,1169228,96011,263667,employed,1,100,22804
32,782550,622760,5,1527510,235510,142660,employed,1,100,0
34,1060426,903717,1,1420654,163856,164541,employed,0,100,0
59,1192733,671979,0,2846000,137989,276947,employed,0,100,76552
47,927742,668442,1,4132249,249885,193121,employed,1,100,1882
53,1113750,570900,0,3449889,357461,41399,self_employed,0,100,37077
30,740762,252642,4,2503386,144804,262072,self_employed,0,100,68663
23,874618,702879,1,4169765,377686,279755,employed,0,100,0
48,1275704,1188433,2,2020470,207055,92092,employed,0,100,0
37,966947,469810,5,4504200,46826,60770,employed,1,100,90062
33,1078056,524972,4,3167805,133401,130478,employed,1,100,83936
37,1677743,728564,0,4382065,44463,161933,self_employed,0,100,180943
19,964770,556944,3,2218684,370286,40620,self_employed,1,100,7507
33,1781262,969390,5,2766672,363815,3534,employed,1,100,89611
52,92546,80993,1,3068408,18078,121666,employed,0,100,0
36,1089956,886874,3,3975800,451373,264599,self_employed,1,100,0
56,1899545,1657097,0,4443622,168897,46947,self_employed,0,100,14710
53,1339474,1202392,1,2241813,341570,164225,unemployed,1,100,0
49,503736,373523,1,3574669,343895,50493,employed,0,100,0
64,1423679,1022442,5,2697931,269914,263690,self_employed,0,100,26264
52,1475581,889763,1,3827596,267899,226192,self_employed,0,100,63583
21,1019968,360965,4,1826080,239524,150283,employed,1,100,83895
50,267182,157658,4,718870,115043,296786,self_employed,1,100,0
23,1374709,736399,4,4775471,232336,60114,self_employed,1,100,81194
49,1294262,706639,4,3825178,308203,232247,unemployed,0,100,55883
20,129956,81343,5,926670,421863,270148,self_employed,1,100,0
38,861277,553580,0,1433831,143082,150183,student,0,100,32922
57,61499,27084,2,4837819,264828,193537,unemployed,0,100,0
43,1652085,790739,0,4630913,36317,108211,employed,0,100,165005
64,244339,105573,5,4456234,35907,144919,unemployed,0,100,20571
24,1936143,1507590,1,533214,302696,54959,employed,0,100,25171
56,1230284,1140288,4,2227856,15418,153917,self_employed,1,100,14915
63,596397,273795,5,4870356,397521,294105,employed,0,100,0
49,1587916,1367800,1,2829348,79655,77627,student,0,100,28092
54,1069092,828179,4,3996917,414174,273590,self_employed,0,100,0
32,76660,38255,3,526341,173048,251440,self_employed,0,100,0
21,1736909,1113706,3,3593231,163557,78794,self_employed,1,100,91929
34,1222053,851141,4,2881183,356839,285559,employed,0,100,2814
55,345099,276573,3,26821,34955,29110,employed,0,100,6714
62,641006,419110,5,4893909,112798,253993,employed,0,100,21819
35,808061,586838,4,3514874,126107,263662,self_employed,1,100,19023
34,724946,368517,2,3709642,61039,41689,employed,1,100,59077
59,1065278,404961,1,4793702,109667,118419,unemployed,1,100,110129
31,837251,283877,0,2357191,352537,119161,self_employed,0,100,40167
18,1949764,954777,0,3669713,426508,50378,employed,0,100,113695
50,377249,276921,5,143738,447953,279112,self_employed,0,100,0
34,1688495,604345,0,1166294,108010,168069,unemployed,1,100,195227
49,873691,681712,4,303423,72592,239643,employed,0,100,23877
57,860745,486069,4,1983942,160040,282892,employed,1,100,42927
59,1362915,823575,5,965861,371999,56446,student,1,100,33468
48,747750,327862,2,3775341,468452,219530,employed,1,100,0
55,799340,602092,4,1967803,302869,51958,self_employed,0,100,0
56,1534303,1428150,5,575054,4727,247334,employed,0,100,20285
44,465331,260913,5,4977062,430701,166295,employed,0,100,0
34,1489135,558592,0,4093095,163192,12618,unemployed,0,100,153470
47,1852295,576328,3,2950013,44386,19500,employed,1,100,246316
56,80976,69883,1,2688575,386639,166447,unemployed,0,100,0
23,708344,537246,4,4483946,352765,200147,employed,0,100,0
28,1759412,1495772,0,4020330,365805,203773,employed,0,100,0
23,341674,189709,1,4102334,466325,190522,unemployed,0,100,0
47,485025,345164,1,3230004,86970,163313,employed,1,100,10578
35,674629,372465,4,2228728,199262,262737,employed,1,100,20580
58,732268,376108,5,3102062,488719,256557,employed,0,100,0
21,1788055,1222513,4,3385514,253296,288569,employed,0,100,62449
49,907175,400973,4,2125362,164161,114847,self_employed,1,100,68408
26,592857,458775,5,4044174,98087,288507,employed,0,100,7198
20,695350,495026,2,1457314,334263,92510,self_employed,0,100,0
44,1974859,1114234,5,4581572,346197,97543,employed,1,100,102885
20,1802795,875129,0,1974930,220855,192344,employed,1,100,141362
63,475922,254065,4,2515053,186957,89470,employed,0,100,6979
44,608057,305508,5,4959039,357901,106265,employed,0,100,0
53,1507971,806554,1,3550430,245565,38587,self_employed,0,100,91170
30,1426834,442820,2,1961465,162414,268690,employed,0,100,164319
25,1720678,896863,0,4849883,183799,212489,self_employed,1,100,128003
31,70634,46020,3,3146601,431172,252961,self_employed,0,100,0
43,883065,541818,4,4253886,410778,211582,unemployed,0,100,0
54,1001831,392490,5,1546987,98767,16401,employed,1,100,102114
46,484494,443563,4,2328191,128835,271455,employed,1,100,0
20,1995450,837844,3,4612195,291926,148049,self_employed,1,100,173135
41,1367895,924225,4,600765,102381,199549,employed,1,100,68257
32,686295,371540,5,3115613,412745,162639,self_employed,1,100,0
54,581886,429234,5,2537630,55518,155013,employed,0,100,19426
31,1220464,711810,0,912992,375440,243919,employed,1,100,26642
57,340175,111120,2,712431,375402,242475,self_employed,0,100,0
48,210777,150067,5,3915016,163558,260289,employed,0,100,0
28,413887,373197,1,4913893,357402,147396,student,0,100,0
43,303668,262731,3,97638,487527,265523,self_employed,0,100,0
18,1655258,849796,0,4412382,479026,258299,student,1,100,65287
42,1714473,876673,0,4244693,66490,206464,self_employed,1,100,154261
38,1227083,836817,3,2501300,221242,49219,self_employed,1,100,33804
51,893826,382412,2,4159898,372814,107228,employed,0,100,27719
20,1722160,1219289,2,3126471,116887,119118,student,1,100,77196
24,306490,251555,1,3264293,449461,123268,employed,0,100,0
28,1069505,462336,1,87978,275554,275070,employed,0,100,66322
48,1389207,1281757,1,3973420,483468,239257,unemployed,1,100,0
43,56812,35626,2,924149,160653,232845,self_employed,0,100,0
40,1925405,850068,4,4936173,372293,113192,employed,1,100,140608
33,1013155,348013,4,1049641,361413,156136,employed,1,100,60745
36,1327217,645331,5,4005164,97331,223155,student,1,100,116910
37,273079,165960,4,4251426,139359,118480,student,0,100,0
27,1873114,1144587,3,2216119,41172,87995,unemployed,0,100,137470
61,923607,399821,3,4213254,332957,201087,self_employed,0,100,38165
63,436816,204367,3,1574593,60469,92504,employed,1,100,34395
39,1127018,835006,3,623878,160469,89486,unemployed,0,100,26308
40,1427486,1147176,2,238084,170898,64997,student,1,100,21882
25,1650370,610721,3,951290,203130,215916,employed,0,100,167303
56,434176,318185,1,2007615,183482,101536,self_employed,0,100,0
30,134755,120688,3,566322,40238,189163,employed,0,100,0
30,1387565,448028,0,3845107,488129,295085,self_employed,0,100,90281
24,1240772,866683,4,4333230,446432,150579,self_employed,0,100,0
46,1106814,751227,0,4002087,68352,71791,employed,0,100,57446
62,1084517,491559,0,3849287,304307,279671,employed,0,100,57730
26,504092,421468,5,3231446,195564,186442,employed,0,100,0
43,203061,61782,1,540405,450836,34577,self_employed,1,100,0
23,280870,253890,2,4735451,197819,154349,self_employed,1,100,0
50,1070949,737636,1,3107864,259943,104277,employed,0,100,14673
46,331794,205428,2,1278456,10875,86432,employed,0,100,23098
36,203213,158727,1,1060000,359599,209312,self_employed,1,100,0
49,1856670,1694078,2,1793566,491593,107175,employed,1,100,0
38,1384513,1154971,3,3595449,254091,153789,employed,1,100,0
34,1116060,746706,1,2309533,74198,5401,employed,0,100,59031
51,1400734,534989,0,4981521,469107,138249,employed,1,100,79327
36,761991,417142,1,3340856,4047,232292,employed,1,100,68160
28,824165,714961,0,3498264,98742,30278,student,0,100,2092
53,134591,114844,2,286909,407810,108586,employed,0,100,0
40,1010427,578793,3,4835584,48501,242144,unemployed,1,100,76626
40,1624992,987226,3,1978702,354881,219389,employed,0,100,56576
51,402127,299500,3,3705165,354949,187927,employed,0,100,0
52,1649932,966129,0,1571110,258813,194580,employed,0,100,84997
34,1252041,448439,4,1604105,83349,242993,unemployed,1,100,144050
30,890671,689557,4,2445816,319982,281422,employed,1,100,0
49,235772,170342,1,4567946,292674,14269,self_employed,1,100,0
34,1436664,616521,4,4457396,51272,16127,employed,0,100,153774
23,1248129,1025729,4,160511,301332,201819,student,1,100,0
60,1906841,1584126,4,3224335,365988,66739,self_employed,1,100,0
59,846396,389838,4,4571137,131232,289681,self_employed,1,100,65065
60,201210,78855,0,1004255,294515,147335,employed,0,100,0
53,80580,34453,3,1607972,372480,117365,self_employed,0,100,0
42,1628897,1010866,2,3526803,279161,35464,student,1,100,67773
20,1057608,536802,0,4874641,256320,119533,employed,0,100,52897
64,1531896,1130079,4,4998845,343404,266337,unemployed,0,100,11682
32,1312546,838473,4,3599983,76102,59970,employed,1,100,79594
63,385466,283803,0,3779237,85924,145394,student,0,100,3147
35,1995329,884977,2,3234800,220199,20620,employed,0,100,178030
27,1409962,964780,3,3544627,224574,97319,student,0,100,44121
22,1879383,1642720,4,4873361,28211,222276,self_employed,0,100,41690
55,769224,522601,1,53113,120296,256558,unemployed,1,100,25265
38,591201,442064,5,2312038,52171,277094,employed,0,100,19393
61,1887933,1732480,2,3383325,115871,225837,student,0,100,7916
18,214701,188121,5,3097770,417690,13355,employed,0,100,0
61,1656808,739302,5,3705373,318249,54346,employed,1,100,119851
42,1636226,1359021,4,4105936,89837,36155,self_employed,0,100,37473
60,828880,776675,1,2723563,442803,109161,unemployed,0,100,0
46,1915061,1556351,0,2273887,281116,71753,unemployed,0,100,15518
59,795169,305063,3,2141431,4909,48144,employed,1,100,97039
51,1391616,978500,1,2898163,293953,60388,employed,0,100,23832
64,1018141,737445,4,2285115,22317,260130,employed,0,100,51675
36,487235,192858,1,644814,107986,72551,student,0,100,37278
61,1072604,708769,0,326779,319384,87121,employed,1,100,8890
36,259902,233926,5,163141,64610,38106,employed,1,100,0
53,496808,244440,4,833063,412608,48729,employed,0,100,0
29,1131663,933429,5,4685185,282552,195358,employed,0,100,0
49,552279,396682,2,2355422,176667,229452,student,0,100,0
39,995083,734818,1,1061804,418193,283067,student,1,100,0
18,685026,338875,2,424069,486637,138959,employed,1,100,0
18,886669,702305,0,650305,124606,202545,employed,0,100,11951
54,636663,454482,1,3228733,276369,177871,employed,0,100,0
41,496837,318304,3,1905609,204055,89927,self_employed,1,100,0
30,1730692,1071037,0,1136089,179122,173457,employed,0,100,96106
45,685504,342402,1,930611,225820,295840,self_employed,0,100,23456
50,261304,112724,1,3466980,235282,5951,employed,1,100,0
43,1619640,1293464,3,4377766,227314,261804,employed,1,100,19772
34,1278148,549178,5,2131819,492190,250533,employed,1,100,47355
42,1661778,679329,5,1592197,213854,235677,student,1,100,153718
49,1210057,1032505,1,1588436,188907,65908,employed,0,100,0
19,1318252,463986,1,1071575,63983,89897,student,0,100,158056
60,1076127,430112,2,4814990,84053,25612,employed,0,100,112392
47,1366230,490736,2,3755755,46236,173260,employed,0,100,165851
31,1522496,1404991,4,3974137,112915,190659,employed,0,100,917
30,1442189,530932,1,882081,444865,278375,self_employed,0,100,93278
54,1002244,304575,0,2378955,481347,110249,employed,1,100,43264
28,630180,439909,0,4919279,168621,193285,employed,1,100,4329
62,1525242,1164934,1,708637,24850,143085,self_employed,0,100,67091
26,1530461,635888,5,3104268,404102,112484,unemployed,0,100,98094
53,311103,163865,4,3586587,386729,20942,student,0,100,0
39,1509421,756778,2,1548741,216463,118298,student,0,100,107235
21,328775,253324,2,1506921,499379,53812,employed,0,100,0
48,1699440,945174,5,3301313,195360,195065,self_employed,0,100,111781
60,1703107,1096085,4,287949,229158,262302,self_employed,1,100,75572
55,1590949,1280194,1,29050,221482,6081,employed,1,100,17854
58,1830681,1136157,4,4793057,348266,194503,unemployed,1,100,69251
18,82317,63519,0,3209094,328915,123123,self_employed,0,100,0
36,936333,625743,1,3104591,122492,273094,employed,0,100,37619
26,267546,204207,1,1635090,316333,99184,employed,0,100,0
29,754974,271004,5,3965081,315128,60224,employed,0,100,33768
56,1042625,975732,4,4786095,83331,19557,employed,0,100,0
60,1430719,510091,4,224312,280846,268664,self_employed,1,100,127956
51,1587462,1132605,3,4908651,336426,272338,employed,1,100,23686
28,605997,190911,5,753710,437533,22099,employed,1,100,0
54,1248072,793932,3,761959,369446,218156,employed,1,100,16938
64,548237,198688,2,1327269,204906,210805,self_employed,0,100,28928
34,1453417,521043,3,2992060,195882,23997,employed,1,100,147298
34,746276,362091,2,1189048,266253,57345,self_employed,0,100,23586
33,1358412,620875,0,2644715,69317,252748,employed,1,100,133643
61,804692,312970,3,1010744,43605,95879,employed,1,100,89623
40,124670,84336,4,4098518,294763,34095,employed,0,100,0
60,243739,213396,2,2014806,111377,141347,employed,1,100,0
57,877284,786334,5,41068,152574,91333,student,1,100,0
57,1814431,886820,5,2270343,19757,212143,employed,0,100,181570
29,130211,112238,2,3283865,308558,9627,employed,1,100,0
40,96558,89691,0,2469448,422932,204388,unemployed,0,100,0
36,1128267,567414,3,2034150,321251,207691,self_employed,0,100,47920
49,1743770,1585392,4,3290323,468299,137738,student,1,100,0
18,1892743,1091959,2,4964228,235994,109829,self_employed,0,100,112957
32,666307,400870,0,2168269,45244,78152,employed,0,100,44038
41,1558796,954383,0,2348248,267466,203519,employed,0,100,67389
43,926063,717918,3,1449085,273246,55983,employed,0,100,0
57,1635391,767668,4,4396895,223296,69958,employed,1,100,128885
41,1751511,799088,3,2255988,280984,90321,self_employed,0,100,134287
27,78118,55400,2,4680236,338418,100810,employed,1,100,0
23,1787927,1184395,5,818413,95960,36606,self_employed,0,100,101514
19,1729745,598800,4,3918318,39376,186676,employed,1,100,218313
51,1405162,1245866,5,1613820,6726,86198,employed,0,100,30513
35,1474163,720764,3,69142,75551,242629,employed,0,100,135569
41,754808,594886,4,4762126,18863,221068,employed,0,100,28211
29,454847,307463,0,1183179,6250,11920,employed,0,100,28226
41,1054940,708866,5,4684667,388568,4120,employed,1,100,0
25,724270,621548,5,3567203,452561,220484,employed,1,100,0
18,1325500,1156224,0,3247034,401442,135821,self_employed,0,100,0
62,549165,364705,1,277879,124505,56684,student,1,100,11990
42,1041109,602252,0,571103,97483,161971,self_employed,0,100,68274
27,767498,539585,3,3328104,393713,271645,unemployed,0,100,0
53,441001,166601,0,1287833,101350,30731,employed,1,100,34609
58,310451,177893,5,567599,74573,41690,self_employed,0,100,11596
24,942690,688421,5,2499743,177415,28894,employed,1,100,15370
46,483493,384842,2,4779413,201493,49774,unemployed,0,100,0
43,609755,468806,0,2791317,216779,143836,student,1,100,0
59,646482,267320,5,3516503,220575,277978,student,0,100,31717
52,1201604,838123,5,378663,87085,86468,employed,0,100,55279
49,201940,72438,5,4337719,63884,160520,student,0,100,13123
57,1162132,798846,3,1974796,12576,236569,employed,0,100,70141
49,119034,93424,2,3801540,107252,222069,unemployed,0,100,0
50,1073540,762643,5,3094353,314624,214554,self_employed,0,100,0
35,731456,516550,1,358904,434242,187918,student,1,100,0
56,1641462,1189302,0,2259403,411504,58181,self_employed,1,100,8131
39,471382,269505,1,4564463,339023,49650,employed,1,100,0
32,356297,196050,3,264733,83377,21627,self_employed,1,100,15373
58,577138,340059,4,3859136,114813,201039,employed,0,100,24453
40,603829,264088,5,2075575,381343,133192,employed,0,100,0
58,1626141,967538,3,105102,268779,150351,employed,1,100,77964
54,653572,580357,0,409581,209929,268715,employed,0,100,0
30,1885792,922107,1,4840959,395648,228053,unemployed,1,100,113607
39,138006,80070,3,4733775,93638,254583,employed,1,100,0
62,1755747,1263961,1,1829611,413614,249132,employed,1,100,15634
39,370033,295537,2,1512438,14598,197501,self_employed,1,100,11979
46,935373,286132,5,3434228,245101,150082,employed,0,100,80827
20,741485,542507,1,4472260,328637,100046,employed,1,100,0
36,1410497,554620,3,3117621,329395,140865,student,0,100,105296
61,1971831,1545011,2,4441792,452209,202261,employed,0,100,0
53,1019100,395780,3,2924996,454787,77968,employed,1,100,33706
56,1028866,810297,4,3095435,339768,152399,student,0,100,0
23,837333,765938,0,1583087,38232,118446,self_employed,1,100,6632
31,1957058,871484,5,1805349,412164,54635,unemployed,0,100,134681
45,157000,47990,3,2124772,335558,178556,employed,0,100,0
48,1721804,640674,2,836115,479542,23862,employed,1,100,120317
62,1441633,1293947,5,1826375,483768,32719,self_employed,1,100,0
43,272295,164941,4,2150151,56302,19919,self_employed,0,100,10210
23,1229359,798444,1,2985798,349026,41591,employed,0,100,16377
59,1385654,553575,3,3491293,398410,56328,employed,0,100,86733
20,1609833,1515829,5,3549227,226379,123428,student,0,100,0
26,1531889,641276,5,1906226,155894,190228,employed,1,100,146943
20,1349860,933380,3,199122,102950,246583,self_employed,1,100,62705
34,162155,108663,1,3692238,131151,49927,employed,1,100,0
44,1005652,344449,2,1770560,139624,271639,employed,1,100,104315
31,191673,181645,1,474456,27562,270415,student,1,100,0
54,1328801,873735,4,2795510,102086,44435,self_employed,0,100,70595
57,660026,264749,3,4402644,161748,175025,employed,0,100,46705
64,179903,142235,1,703551,201225,235884,self_employed,0,100,0
21,1730545,960593,3,781078,459642,91487,self_employed,0,100,62061
59,329094,242070,3,2238236,4433,30936,self_employed,0,100,16518
25,505445,225039,5,1024899,27903,188258,unemployed,0,100,50500
28,1423270,1280192,3,1333088,226046,265230,employed,0,100,0
39,1417880,463094,5,4853011,448665,59868,employed,1,100,101224
50,1454468,455471,1,2586149,236061,121217,employed,1,100,152587
59,74886,64562,1,848588,148076,253381,employed,1,100,0
61,251114,164160,5,495137,50752,244572,employed,1,100,7240
49,1970122,1028357,5,1844102,119717,188159,employed,0,100,164409
41,1266845,496278,0,1150397,434670,26309,self_employed,1,100,67179
19,1626819,551295,1,3717686,208398,97372,self_employed,1,100,173425
48,1003683,493884,5,4036097,434008,159824,employed,1,100,15158
24,554729,458865,4,3250796,319506,125009,employed,1,100,0
38,1004408,426994,2,2398401,108571,223384,self_employed,0,100,93768
55,608807,570245,0,1744917,55792,111337,employed,0,100,0
29,570264,464504,3,510819,429408,96941,employed,0,100,0
20,505402,155497,1,2711493,497400,35268,employed,0,100,0
33,949142,623861,2,4508191,141070,242869,employed,0,100,36842
39,497204,277096,2,807994,401016,13850,employed,0,100,0
28,1974291,1162096,2,803404,184141,66859,employed,1,100,125610
56,1370382,806207,3,3103519,54332,111293,self_employed,0,100,101968
31,1061018,905310,5,60899,151589,92613,employed,1,100,823
59,231955,172959,0,830849,73058,99559,self_employed,0,100,0
30,1204230,588809,2,1822185,76063,28700,employed,1,100,107871
33,1319936,838364,0,2376262,133837,91359,employed,0,100,69546
45,749866,462320,4,1060666,401228,294397,employed,1,100,0
24,318112,154798,4,2766712,391464,70980,employed,0,100,0
35,240823,169375,2,3842079,444628,130513,student,0,100,0
32,425248,302173,5,1887228,56011,70678,unemployed,1,100,13412
35,378938,140118,2,1625956,113038,8170,employed,0,100,25156
64,1195268,427854,4,495004,299735,94525,employed,1,100,93535
28,1717211,548274,0,877364,485075,180107,self_employed,1,100,136772
28,701751,480700,0,2999465,365374,3093,employed,0,100,0
56,172624,163531,0,1399242,162816,209977,self_employed,0,100,0
34,1839212,1638072,1,1667953,55722,114779,employed,1,100,29083
57,763305,457704,4,3709411,340365,132284,student,0,100,0
23,1712279,868593,1,3561946,305281,42641,employed,0,100,107680
63,53122,41255,1,2744989,59402,249716,self_employed,1,100,0
22,1062409,550264,4,4321536,40979,61248,student,0,100,94233
50,1513773,488304,1,1789959,7482,83110,self_employed,1,100,203597
38,1230957,783230,1,1209731,207092,4249,self_employed,1,100,48126
26,1160335,589984,5,1983582,481163,178192,student,0,100,17837
50,1899977,624626,3,3150841,300755,181041,self_employed,1,100,194919
22,202754,160949,4,4427005,424777,71839,employed,0,100,0
37,873427,587415,2,377163,138004,126741,employed,0,100,29601
40,1992103,1049520,2,1689508,422082,75887,employed,0,100,104100
54,1830732,1045194,0,4032368,281731,132184,employed,0,100,100761
51,1745449,612401,0,3310165,489687,152815,self_employed,0,100,128672
33,1608727,611847,2,2413963,479925,119610,employed,0,100,103390
63,1361326,779219,0,4802856,43236,119431,employed,1,100,107774
44,171425,68284,1,62412,230042,135924,employed,1,100,0
21,569612,241219,5,4285359,84591,130380,student,0,100,48760
32,443889,239552,2,403778,234206,130966,student,0,100,0
37,1202314,770200,2,3501244,252,101620,employed,0,100,86372
60,941892,623906,5,3396901,90825,204735,employed,1,100,45432
22,1684087,1041091,0,2684399,427331,280605,employed,1,100,43132
57,773016,268560,0,4046138,426955,214597,employed,1,100,15500
33,1377955,484896,1,4790327,14414,293473,employed,0,100,175728
51,411255,178358,5,2736740,10713,169710,student,1,100,44436
64,1459966,1269306,1,1589495,289441,267720,self_employed,1,100,0
31,684541,254996,3,4164246,496512,8344,unemployed,0,100,0
44,1269585,976810,2,1259115,382010,73056,self_employed,1,100,0
19,1165754,970608,1,522977,128435,30458,unemployed,0,100,13342
46,736758,271293,1,2333659,279852,166705,employed,0,100,37122
22,996196,685238,1,3114398,212241,215917,self_employed,0,100,19743
45,1078557,862744,1,1381001,378696,75938,employed,0,100,0
19,1744045,1433732,2,1741720,348014,12383,unemployed,0,100,0
51,1888633,602189,0,3750917,226558,144511,self_employed,0,100,211977
20,325245,210719,0,1676780,1329,182858,self_employed,1,100,22639
58,562114,236728,4,1036119,273697,34007,employed,0,100,10337
39,1352898,1187909,0,1965986,471093,60061,unemployed,0,100,0
43,500576,301420,0,949028,66741,19598,student,0,100,26482
22,777328,443253,4,2151266,219443,280138,unemployed,0,100,22926
21,1380506,599724,3,1347329,450290,255827,employed,1,100,66098
54,1724743,737399,3,3089984,396701,100567,employed,0,100,118128
50,1387385,1310121,5,3764599,447363,154022,employed,1,100,0
34,138047,47482,5,3395425,33844,92666,employed,0,100,11344
25,1688628,552760,4,854204,461975,68122,employed,0,100,134778
30,1330775,629246,4,1121887,216369,171979,employed,0,100,97031
43,108499,58398,2,4591576,155373,66941,employed,1,100,0
52,836918,462268,4,1721631,124332,262218,employed,0,100,50063
64,1871289,794623,2,947286,169788,162986,student,0,100,181375
61,1008462,918120,3,4081014,333913,212814,employed,1,100,0
64,164826,146098,2,1713422,296949,40672,employed,1,100,0
58,1528804,952781,0,2857879,64902,148356,self_employed,1,100,102224
58,1731795,1367866,0,3623219,358125,175473,unemployed,0,100,1160
44,1804350,804919,4,1589486,394738,257840,employed,0,100,120938
63,1784378,1526765,3,2349093,418860,82265,student,0,100,0
51,1204316,683756,5,1743055,81492,253128,employed,0,100,87813
47,1689710,653575,4,2687914,88812,221798,unemployed,0,100,189464
44,1919748,1565583,3,2293588,183757,171190,unemployed,1,100,34081
60,598227,366402,2,4451628,410609,229690,self_employed,0,100,0
42,1778766,1235500,0,197922,209906,69478,self_employed,1,100,66671
46,1439839,1289823,1,916524,336929,200584,self_employed,1,100,0
41,790210,531033,1,1835673,65161,288025,employed,1,100,38803
34,1919927,908161,2,879599,411786,180371,employed,1,100,119995
61,1742661,911229,1,2116034,143276,226649,employed,1,100,137631
19,1471360,1260489,3,3666713,151600,147213,employed,1,100,11854
57,617593,511618,2,1713414,399783,202625,unemployed,1,100,0
33,1813639,1416003,1,3956502,35762,85369,self_employed,0,100,72374
20,903469,346765,1,3962472,93510,200210,employed,0,100,92638
40,1269407,541171,0,2705366,107618,140279,employed,0,100,124123
24,1904403,1441524,3,2520640,276598,153102,self_employed,0,100,37256
41,1769153,850505,1,2600519,190695,100515,self_employed,0,100,145590
25,878915,670061,5,27365,293531,274893,employed,0,100,0
38,592552,444855,0,3322843,200637,24036,self_employed,0,100,0
34,1001846,683870,0,3570548,7822,217566,employed,0,100,62030
44,1241145,1169669,1,4059158,240677,238232,employed,0,100,0
60,597500,518854,4,4987197,136040,249256,employed,1,100,0
29,1609855,609196,5,3881670,289584,85705,self_employed,1,100,142214
42,722062,560792,5,748102,62592,283696,self_employed,1,100,19735
56,705894,601131,1,3382204,370481,198373,employed,0,100,0
48,1594557,1382083,0,3868505,408205,9129,employed,0,100,0
59,257148,163105,0,3810798,402542,206114,employed,1,100,0
47,964305,826848,1,4588250,176149,280607,self_employed,1,100,0
59,1950511,1668338,4,3494696,238392,64959,employed,1,100,8756
53,1986386,1311130,2,1656140,422228,207667,employed,0,100,50605
58,229446,149546,4,1204201,176936,90739,employed,1,100,0
39,159332,111520,4,2548635,179108,91050,employed,0,100,0
32,1845335,742219,4,871550,193361,215862,student,0,100,181950
40,1948982,1520765,5,993155,329576,12409,employed,1,100,19728
51,262483,230659,1,2835655,102600,213466,unemployed,0,100,0
60,234538,155731,2,33336,368358,169786,student,0,100,0
52,1805683,1406535,4,2075891,382942,179637,self_employed,0,100,3241
37,1741447,1113651,4,4065286,202211,168341,student,0,100,85116
59,1498687,997004,3,4801477,379908,80049,self_employed,0,100,24354
46,1430975,966048,4,4407359,376350,109177,employed,1,100,17715
45,897176,418227,3,705330,192085,41905,self_employed,1,100,57372
26,191127,152415,2,4227858,436024,1948,self_employed,0,100,0
49,1237405,706500,4,3248691,277390,167590,self_employed,0,100,50702
25,224900,76232,0,1468004,10329,72814,employed,0,100,27667
30,625600,384784,1,1251070,359708,170560,employed,0,100,0
51,420917,160285,0,3871546,447925,268049,student,1,100,0
64,1495570,1225611,5,1664569,182440,171850,unemployed,1,100,17503
42,1797692,739668,5,922742,357850,223470,unemployed,0,100,140034
28,1660121,1472442,5,2031126,390945,130539,employed,0,100,0
41,1488944,1306387,4,2979022,410324,161396,employed,0,100,0
21,1736452,1523633,4,3188102,341195,28708,student,1,100,0
52,1687751,854010,3,4725476,154658,61637,unemployed,0,100,135816
53,73697,37292,2,3509762,11702,217715,self_employed,1,100,4940
19,903925,483995,0,3995223,306401,285259,employed,0,100,22705
47,219242,191289,4,240733,94752,7111,employed,0,100,0
57,225005,123285,1,4788113,278825,97194,self_employed,1,100,0
23,1824665,1218819,1,2359737,344406,220864,employed,0,100,52287
59,1135735,1057621,2,3911503,345991,239274,student,0,100,0
24,1906615,1437275,5,4649964,146533,113473,employed,0,100,64561
30,822749,672839,0,2155627,110162,85537,employed,1,100,7949
60,1470974,880252,3,4896457,421241,262607,employed,0,100,33896
37,183822,145647,3,1634195,303090,61829,self_employed,0,100,0
22,712406,583552,5,1241343,178146,251798,employed,1,100,0
41,1512922,1125667,3,585646,490202,65982,employed,1,100,0
59,1592814,1512453,5,1612494,11764,251643,employed,1,100,13719
51,1403718,493092,3,3436170,58105,182797,employed,1,100,170504
40,1957839,1646415,1,2643469,156542,294488,employed,0,100,30976
26,1340905,591328,1,1726648,135325,136633,employed,0,100,122850
43,487051,344681,4,1517932,134764,107427,employed,0,100,1521
43,1669781,1387835,4,2055286,200531,291301,student,1,100,16282
35,1761443,1272152,5,1210735,380251,54387,unemployed,1,100,21807
53,1302343,622321,0,2755247,470089,237996,self_employed,0,100,41986
34,94731,47308,0,736328,253609,268601,unemployed,0,100,0
22,1227386,847000,2,2338668,14616,116987,employed,1,100,73153
23,1582797,1406349,5,3909997,320781,63537,employed,1,100,0
51,228638,166230,1,245840,427328,223158,employed,0,100,0
48,1916225,1103419,2,2138165,488861,288219,student,1,100,64788
54,1941740,1674042,3,4798368,459276,32084,employed,1,100,0
37,1489113,735822,4,2788111,51544,265737,self_employed,0,100,140349
29,1430401,918840,4,2397522,23051,55617,self_employed,1,100,97701
28,657053,329288,2,1036225,385175,227636,employed,1,100,0
47,1685581,1365756,2,1465400,489797,231178,unemployed,0,100,0
57,918872,395477,1,1218563,68168,146615,self_employed,1,100,91045
31,367783,267119,3,1094693,344613,222798,employed,1,100,0
63,1699892,1238931,5,2411399,77619,201584,self_employed,0,100,76668
38,1077675,975543,0,932153,93509,64088,unemployed,1,100,1724
40,400748,235149,0,2692839,216062,143018,unemployed,1,100,0
53,1077987,671170,2,1709975,247916,141442,student,1,100,31780
22,1661826,1145275,2,471444,394274,28429,employed,1,100,24455
63,1475166,564241,2,4642637,473115,131356,employed,1,100,87561
63,896132,533909,0,3870018,267908,55468,employed,0,100,18862
20,1517559,603334,4,4147227,54569,52911,employed,1,100,171931
49,72975,59260,4,128363,303827,254016,self_employed,1,100,0
45,1421826,728718,0,855634,388559,286793,employed,0,100,60909
21,1300618,759517,4,2627386,446227,155206,employed,0,100,18974
56,1320755,639290,1,841396,124145,62721,student,0,100,111463
43,913327,426669,5,4663944,439573,188693,employed,1,100,9416
48,1057507,996067,2,3214016,295090,177653,unemployed,0,100,0
27,67172,56518,5,2829383,7510,220006,employed,0,100,628
29,1670763,988987,3,3822229,29304,74651,employed,0,100,130494
34,241227,202261,3,422462,463051,194391,employed,0,100,0
63,1270645,940047,4,4548816,220078,124348,employed,1,100,22103
25,1673221,947112,0,1988668,75616,124417,employed,0,100,130098
28,990677,315234,5,1109816,172661,946,employed,0,100,100556
25,60052,53673,1,1455195,194982,15093,self_employed,1,100,0
47,1864470,834250,5,4337184,287096,54946,employed,1,100,148624
36,1742012,1343229,3,4468572,183451,273524,employed,0,100,43066
35,1592766,1322023,3,2403550,231875,267274,employed,1,100,7773
25,1779010,1212218,4,2171194,68014,175219,employed,0,100,99755
33,1030759,749262,0,838354,280431,130335,unemployed,0,100,213
43,444786,153315,3,4226528,211174,172259,unemployed,1,100,16059
38,1786476,1186707,1,3430005,310523,149968,employed,0,100,57849
59,1054399,519568,2,645024,334919,248276,student,1,100,39982
24,1568541,1049538,0,3421468,137461,212830,employed,0,100,76308
60,1966130,1361985,5,998580,6577,243328,self_employed,0,100,119513
19,171169,59507,2,4602100,15152,72861,self_employed,0,100,19301
38,386559,225808,5,4649525,109003,225177,employed,0,100,10349
21,144869,123218,2,1497012,492733,101641,employed,0,100,0
43,1552951,588030,0,316272,97570,199052,self_employed,0,100,173470
38,490221,385790,1,2242073,57423,263160,self_employed,0,100,9401
28,159885,105323,5,2600214,169543,120846,self_employed,0,100,0
29,891769,623564,1,2898842,482564,236032,self_employed,0,100,0
59,162874,51169,5,646063,225355,133706,student,0,100,0
29,1311710,1130004,4,119077,284889,52139,unemployed,0,100,0
45,997882,884859,0,2739506,374692,136304,employed,0,100,0
57,1868376,1317787,0,3388272,103912,87586,employed,0,100,89335
64,1885539,1776681,5,4206129,11592,245906,self_employed,1,100,19453
62,1991315,988271,4,1470685,496808,25483,employed,1,100,101247
31,1830544,797609,1,3342956,489307,211144,employed,0,100,108725
58,883720,349462,5,2113193,171644,147795,employed,1,100,72522
37,507105,211692,0,1830314,466983,159603,student,0,100,0
46,241811,77930,0,3536896,48185,261784,employed,0,100,23139
57,1053547,797777,5,193708,20167,201220,employed,1,100,47120
27,202262,162329,2,1666212,11521,142731,self_employed,0,100,5682
44,257117,79097,2,2652263,290993,275382,employed,0,100,0
50,1884236,851494,1,4570608,423668,83709,unemployed,0,100,121814
57,1184375,523239,2,1312625,324693,181826,unemployed,0,100,67288
53,837705,596515,2,3573224,263038,30361,employed,1,100,0
34,153793,124896,1,3693688,139374,245298,employed,0,100,0
60,1152117,883731,1,2797861,107636,246174,employed,0,100,32149
60,545504,433847,4,331988,446429,16517,employed,0,100,0
43,532105,406117,0,3166677,117455,209887,employed,1,100,1706
64,962742,764700,0,3542364,323119,203106,employed,1,100,0
63,1651457,1098588,1,1371927,480663,281963,student,1,100,14441
25,1016853,665928,1,3268797,459354,294370,student,0,100,0
23,1763340,1471496,3,525283,43296,156061,self_employed,0,100,49709
57,1663977,1161338,5,1951807,147397,155820,employed,1,100,71048
49,848322,334944,5,4357937,341469,283929,employed,0,100,34381
23,1036938,894700,5,4036091,391081,295749,self_employed,1,100,0
45,373240,228854,2,3515926,338841,249246,employed,0,100,0
35,585235,271468,3,1225289,362957,28185,self_employed,1,100,0
55,1508395,820742,0,2259828,112862,78406,employed,0,100,114958
23,1017116,681858,1,3886812,242191,270215,self_employed,0,100,18613
27,1928625,1072237,4,995738,200724,45628,employed,1,100,131132
30,1478653,1012891,5,584331,481665,242422,self_employed,1,100,0
56,236577,157238,0,2198693,17338,70693,self_employed,1,100,12400
31,501735,330518,1,1655237,127879,252463,employed,0,100,8667
50,1605805,1072128,5,646103,429190,190525,employed,1,100,20897
49,1700289,862838,0,1010881,158681,197391,self_employed,1,100,135753
34,1561561,1343354,3,484803,56724,179458,employed,1,100,32296
34,848657,548220,1,4959325,456081,221026,student,1,100,0
54,200442,66093,2,967425,67281,96523,employed,1,100,13413
18,1697414,834179,4,3255288,410112,124759,employed,0,100,90624
18,1971756,1510559,1,4587965,397530,227556,self_employed,1,100,12733
41,1293712,947809,0,1329823,495367,165814,self_employed,0,100,0
37,1585952,676468,5,3160169,181083,112012,employed,0,100,145680
58,802405,761362,5,3132502,428901,101254,self_employed,0,100,0
57,1106954,782447,1,3389212,13185,221591,employed,1,100,62264
56,1697449,870155,2,4825336,189717,125425,self_employed,0,100,127515
28,186567,103580,2,4191860,101651,250859,employed,0,100,0
42,535193,480472,5,1075975,279245,52740,employed,1,100,0
43,1625303,943050,1,3801981,158626,153265,unemployed,1,100,104725
52,1944646,888143,3,2706230,499643,268260,unemployed,0,100,111371
45,1427875,747343,5,2793687,244254,21226,employed,0,100,87255
35,776549,500576,4,399628,420520,215923,employed,0,100,0
27,493827,198768,4,4986763,203202,6319,self_employed,1,100,18371
43,329855,109886,2,1274308,368455,133495,unemployed,0,100,0
35,1181639,664524,0,4598542,176089,26835,employed,0,100,68205
51,838567,740089,5,3574893,62743,176491,unemployed,0,100,7146
38,1663782,1501758,2,4390657,490510,240239,employed,0,100,0
58,285952,240487,5,4375203,16228,174008,employed,0,100,5847
58,1863121,765315,3,1356922,319653,266697,unemployed,1,100,155630
53,503561,167035,5,4946375,43214,231110,self_employed,0,100,58662
45,1110777,714368,2,1869086,98548,163080,self_employed,1,100,59572
61,1458996,1079544,3,167517,273899,105023,self_employed,1,100,21110
34,1597075,1160048,3,2539021,117107,269046,employed,0,100,63983
26,1767796,841234,0,2497210,110434,143722,unemployed,0,100,163225
60,771044,400781,1,2007366,234487,259804,employed,0,100,27155
40,788811,732753,0,4579348,32293,73531,employed,0,100,4752
42,1858665,1073168,0,1674183,352976,34069,self_employed,1,100,86504
60,498142,359340,5,2526659,488311,292780,employed,1,100,0
43,1242418,777049,1,2271943,471155,103579,unemployed,0,100,0
39,345470,295586,1,1886282,9182,211589,self_employed,0,100,8140
35,612446,517209,1,4437015,448193,284225,self_employed,0,100,0
18,642469,463733,0,2319496,38916,262279,employed,0,100,27963
56,1781968,1613781,2,507344,78593,86918,self_employed,0,100,17918
31,659715,286996,2,570129,446977,200368,employed,1,100,0
46,210217,136380,0,1107422,31705,298310,self_employed,0,100,8426
32,278860,126157,1,559020,470949,23093,employed,0,100,0
64,1480921,542951,0,2970209,35876,83426,employed,1,100,180418
32,1333731,1069421,2,1119312,375945,204545,self_employed,1,100,0
63,718603,501769,1,4410185,361178,93148,employed,0,100,0
34,1884159,692522,0,736093,161607,28086,employed,0,100,206005
34,558152,526193,2,4245795,416841,273900,employed,1,100,0
56,1823056,646131,1,1161370,298490,12697,employed,1,100,175686
44,275661,205844,1,3416567,268386,245924,employed,0,100,0
48,1078904,747280,4,1977664,235671,5004,employed,0,100,19190
54,1257292,715689,1,2320427,164887,186710,employed,0,100,75343
62,355175,305298,2,789704,170334,209337,student,1,100,0
33,1094441,576965,2,4933841,267523,43514,employed,0,100,49990
18,1080634,902234,3,4647829,349581,34990,employed,1,100,0
32,952513,653114,5,4888925,395107,75341,employed,1,100,0
23,1203469,668088,2,3747319,96025,89038,employed,1,100,87871
49,1724175,902627,2,242921,485259,61730,student,0,100,67257
54,1966673,923719,2,466918,246899,211021,self_employed,0,100,159210
33,190179,59179,1,1356863,397171,222955,employed,0,100,0
23,1319173,928042,3,3663668,118810,30352,employed,0,100,54464
61,1552098,924108,5,1682352,135813,66809,employed,1,100,98435
28,266088,138148,3,1326085,132634,6661,employed,1,100,0
28,960950,397906,0,2355810,419085,12186,employed,0,100,28791
42,871248,261909,0,4697494,457323,180434,employed,0,100,30403
28,1896878,1402223,3,3836773,430869,258031,employed,1,100,12757
36,458633,393883,3,2814890,360880,113964,employed,1,100,0
18,1107538,585345,1,129730,199042,11969,employed,1,100,64630
27,283891,185030,2,3353065,147583,291896,self_employed,1,100,0
23,408090,281092,5,540360,71624,51354,self_employed,0,100,11074
48,266565,122797,3,478802,20815,214743,student,1,100,24590
33,1395810,861462,5,2215681,49129,137017,employed,0,100,97043
55,678936,497486,5,438290,492488,256067,self_employed,1,100,0
22,1854457,1612603,4,1052276,58032,146369,self_employed,1,100,36764
62,157816,130102,1,2837062,251105,184621,self_employed,0,100,0
59,451427,390513,0,491465,47896,283374,employed,1,100,2603
28,180504,171113,1,2360644,274202,207444,student,0,100,0
22,483041,227256,3,4450407,41690,70453,employed,0,100,42818
29,911676,704050,4,4213894,443777,62285,employed,0,100,0
31,339208,225525,3,2905765,41493,11296,self_employed,0,100,14437
27,1852467,1261325,5,4416883,78401,117832,employed,1,100,102548
20,1472889,719042,0,1602313,65839,215209,self_employed,0,100,137601
37,1481263,1261620,1,1299049,428212,196005,employed,1,100,0
31,657197,534291,0,3931558,366710,15975,self_employed,1,100,0
43,1331577,1110424,3,4965382,350080,190646,employed,1,100,0
42,1358626,1288024,3,677750,39861,71679,employed,1,100,6148
36,1893089,948081,1,301661,451110,288352,employed,1,100,98779
64,1879356,1754510,3,1424815,86537,131504,employed,0,100,7661
33,460999,201097,2,2129370,324855,96896,employed,0,100,0
59,398420,143003,1,2899488,228107,30810,employed,0,100,5461
23,593609,182039,0,2568377,394148,243494,employed,1,100,3484
23,1848634,836121,4,4168255,374061,24325,employed,0,100,127690
50,1874997,943438,5,1808891,86800,233267,self_employed,0,100,168951
27,847522,424570,3,2690855,184706,33767,unemployed,0,100,47649
44,182755,165293,4,4661676,254292,245377,employed,0,100,0
39,1218321,613421,0,2696589,380747,24124,employed,1,100,44830
34,742178,540695,4,1384879,315578,96063,employed,0,100,0
46,1860617,1749882,1,4841388,21231,102276,student,1,100,17900
19,1198132,588358,5,4248703,96922,76337,student,0,100,102570
41,210106,196229,0,2230282,7694,214966,unemployed,1,100,1236
41,98458,78345,1,2391641,83684,196130,employed,0,100,0
51,1264092,1046829,1,718420,471468,117958,employed,1,100,0
45,859023,575243,4,1124766,311848,196227,employed,0,100,0
32,140493,113160,2,1337037,4802,32997,employed,1,100,4506
37,1449763,1009765,1,816755,348548,69809,student,0,100,18289
42,319225,196356,1,740000,486817,112596,self_employed,1,100,0
24,156089,133490,0,1540609,115134,97608,unemployed,1,100,0
43,740561,617243,5,4848150,179041,5561,employed,0,100,0
58,1593166,887986,2,1141437,244564,37632,employed,1,100,92123
24,1250561,408884,3,2834980,409740,297290,employed,0,100,86387
53,1781848,1607107,1,1444737,150104,242207,employed,0,100,4927
57,1772796,1433351,0,3236515,31501,140443,employed,1,100,61588
59,1953942,1675631,4,1968346,192764,196722,unemployed,1,100,17109
62,1761223,555498,0,279052,221649,65673,employed,0,100,196815
39,1184078,1027951,2,1998551,230204,137601,employed,1,100,0
29,1259859,761933,0,1261938,112375,138363,self_employed,1,100,77110
46,1079308,962462,3,30167,323308,297597,self_employed,0,100,0
39,579647,434667,4,3327527,295810,142048,student,0,100,0
52,1129617,651419,4,2725392,433026,197574,unemployed,0,100,9034
43,1711014,650897,5,2797862,114220,257985,employed,0,100,189179
26,1202768,796789,1,2991830,335341,47086,employed,0,100,14127
25,294080,223736,2,1395622,61969,237069,self_employed,1,100,1674
57,856212,760005,4,1084515,9695,194516,employed,0,100,17302
18,83054,72709,4,2829539,349795,148849,employed,0,100,0
45,1738373,813767,3,543338,269099,29940,employed,1,100,131101
37,267091,93159,0,3677981,188764,37268,employed,0,100,0
63,79574,48168,3,1099590,275814,124786,self_employed,0,100,0
44,1455983,698405,2,3853117,149796,208669,student,1,100,121556
32,1418416,718180,2,1627967,67682,145503,student,0,100,126510
19,437077,320736,4,1102390,71962,134706,unemployed,0,100,8875
31,771249,605655,1,4790204,324903,293841,student,0,100,0
62,241358,187485,0,3862906,475799,184134,employed,0,100,0
58,398210,330990,0,4842613,199095,133105,employed,1,100,0
28,1490270,489181,2,1363903,366499,181621,employed,0,100,126917
19,1832526,1699672,3,3175581,494562,244681,employed,0,100,0
23,545695,283764,4,1707305,381159,202789,employed,1,100,0
44,1174345,632521,5,3612252,178309,115074,self_employed,0,100,72702
25,1374052,976718,0,1610925,88518,6829,employed,1,100,61763
23,1009061,450554,3,4039288,110797,183238,unemployed,0,100,89541
57,688048,509564,3,4654986,490512,60524,employed,0,100,0
63,1683908,792440,5,3614534,35772,89903,employed,1,100,171139
35,997042,753934,2,1212562,151194,67089,employed,1,100,18382
45,916712,762310,4,3496797,39657,77374,employed,0,100,22948
39,1347063,1192342,4,1162815,163837,257012,employed,0,100,0
24,755305,427005,1,1587109,368683,254446,student,0,100,0
33,1363938,1124677,4,4327942,82557,38456,student,0,100,31340
59,895203,539179,2,955637,384197,48058,self_employed,0,100,0
57,1658797,762755,5,3132429,413058,35133,employed,0,100,96596
60,1015033,787164,3,4622935,179494,132781,employed,1,100,9674
26,1379518,677941,0,2146470,206242,184081,employed,1,100,99066
52,419251,172300,3,1313306,410817,86905,employed,0,100,0
21,305352,115659,0,787353,72937,140628,employed,0,100,23351
64,723171,403902,1,4327160,222166,214774,student,0,100,19420
30,883405,693400,1,570056,142480,240254,employed,0,100,9504
28,1880312,1558845,5,2325959,121608,195234,self_employed,0,100,39971
55,1096899,924144,1,3109773,382439,262017,self_employed,0,100,0
63,279932,161857,5,11579,296072,286041,student,1,100,0
32,1363749,442622,5,50981,108066,124021,employed,1,100,162612
62,208116,86563,3,3586474,80648,175855,employed,0,100,8180
52,89066,38027,2,1437215,57867,55017,self_employed,0,100,0
43,1660591,1041965,4,285267,396098,263641,employed,1,100,44505
57,433789,388374,5,3709397,23039,235907,self_employed,1,100,4475
22,790565,304117,5,940730,484964,136085,employed,0,100,296
22,208215,67021,5,3202688,407252,196402,self_employed,1,100,0
36,233051,69980,0,2574696,398776,249983,unemployed,0,100,0
52,1669800,1478414,2,4368414,98523,100095,employed,0,100,18572
29,437025,364646,5,1634918,246752,44599,employed,0,100,0
51,1423760,1318322,4,269006,220897,53021,employed,1,100,0
55,331407,250283,0,3660933,368554,219713,employed,1,100,0
41,1562316,1088837,3,860448,285589,276626,unemployed,0,100,37577
61,371951,141367,0,3394629,245988,215547,self_employed,1,100,0
32,1267837,854759,3,2550730,421307,110494,employed,0,100,0
59,1966481,1600766,4,714357,96413,64337,employed,1,100,53860
41,1137011,983591,2,4843710,159262,98412,employed,0,100,0
49,534781,462887,0,1712603,82255,207428,employed,1,100,0
55,355557,176808,4,187225,442867,115017,employed,1,100,0
61,439519,186126,1,2196817,328418,158053,employed,0,100,0
31,935116,370762,5,2268165,112704,245936,employed,0,100,90329
48,1032127,741727,5,1820150,192072,208167,employed,0,100,19665
55,354155,122365,5,4195545,71360,166909,student,0,100,32085
22,1364932,1181882,2,46126,295638,297563,employed,0,100,0
53,495871,409130,5,739168,378020,142749,self_employed,0,100,0
47,1764851,537412,1,4959452,216785,293220,unemployed,1,100,202130
31,1914444,1305413,5,622162,327939,101400,unemployed,0,100,56218
51,1862943,1325588,1,3990682,147721,259143,self_employed,0,100,77926
18,1830706,1627445,2,4863290,328474,163401,employed,1,100,0
59,1323048,856860,0,4386385,16494,235749,employed,1,100,89938
18,314998,105088,4,2261078,338177,92764,employed,1,100,0
59,887835,660748,2,163719,84534,15092,employed,0,100,28510
54,832031,438626,0,4933783,109123,72305,employed,1,100,56856
44,665331,419966,5,4246404,360871,244246,employed,1,100,0
28,1375305,626501,5,4906159,233312,147429,employed,0,100,103098
56,237577,204148,2,564426,478696,31089,self_employed,0,100,0
29,414128,282543,2,516970,461447,16581,self_employed,0,100,0
24,1447807,1135633,5,1185418,198926,81712,unemployed,1,100,22649
38,1487224,591565,0,4638028,265276,263440,employed,1,100,126076
58,1233026,822782,1,3772949,169094,11040,student,0,100,48229
54,1609203,798160,3,1042061,405884,219907,student,0,100,81031
50,1709184,541129,0,3987731,488173,109822,employed,0,100,135976
47,523971,405335,3,3693184,43485,290365,employed,0,100,15030
48,633579,593305,3,3243540,264855,22744,unemployed,1,100,0
31,1214943,939282,2,1194084,213011,201371,student,1,100,12529
48,579372,205465,0,4276919,354870,8101,employed,0,100,3807
52,1095107,776975,0,428131,217092,270329,self_employed,1,100,20207
47,1734444,1454644,1,1957159,422406,30159,employed,0,100,0
22,1412038,571660,3,4814767,325092,256063,employed,1,100,103057
18,1785895,1674404,1,654298,30207,164788,employed,0,100,16256
41,1251686,882879,4,410952,247425,221374,employed,0,100,24276
42,1349408,1266201,3,367095,217849,199945,employed,0,100,0
48,1096723,778242,1,1417575,193737,27668,unemployed,1,100,24948
27,1457830,1071000,1,3939436,230476,221125,employed,0,100,31270
34,1988005,1577943,3,4617726,493588,14441,unemployed,0,100,0
51,363125,298663,5,822508,50178,216246,employed,0,100,2856
45,1708394,1487953,5,4653956,692,166688,unemployed,1,100,43949
40,1977325,1559814,1,3295725,290701,99713,employed,1,100,25361
36,547013,327464,4,3509896,377468,250114,employed,0,100,0
45,690575,321121,0,1156100,477748,170475,student,1,100,0
56,1700373,949044,4,64735,456527,167569,employed,0,100,58960
37,1216170,1092012,3,2417942,123710,251590,employed,0,100,89
30,1817701,1565020,2,4007722,100789,3594,employed,0,100,30378
63,1792910,960100,5,4750089,183367,108600,employed,1,100,129888
29,1590503,914730,5,3805267,357655,214769,employed,0,100,63623
62,1681226,825915,3,3077093,340941,59344,student,1,100,102873
32,809985,570491,5,4691858,227249,193916,employed,1,100,2448
21,1274928,680845,5,3747137,349061,25965,student,0,100,49004
50,1057005,869131,0,3321567,72663,227788,unemployed,1,100,23042
53,1517477,924794,4,1959019,471004,55372,self_employed,0,100,24335
45,130262,57716,5,3308823,344857,218325,employed,1,100,0
61,1389833,819644,1,2084752,98721,96780,self_employed,0,100,94293
38,584984,455046,1,864554,96299,131381,employed,0,100,6727
23,544751,324090,2,390524,202180,154628,unemployed,1,100,3696
20,1065714,715997,4,97907,1761,5741,self_employed,0,100,69591
45,298016,266468,1,1592978,121193,193268,employed,1,100,0
55,674277,514787,3,4349648,62049,230360,self_employed,1,100,19488
29,1114345,1056337,1,3788570,105164,227051,employed,0,100,0
48,431919,151072,5,162418,391234,46966,self_employed,0,100,0
62,1191724,938783,0,1860355,237572,14286,employed,1,100,3073
58,1798004,1395704,4,4708894,457173,172558,student,0,100,0
40,599027,222098,1,3686180,331220,44501,self_employed,0,100,9141
21,1134077,1052264,1,3064896,405978,102412,employed,1,100,0
54,1352377,1148714,0,2942316,118999,144989,self_employed,1,100,16932
39,1186265,750413,5,4454231,2854,18063,employed,0,100,86599
60,646438,286558,1,269608,145775,236397,unemployed,0,100,42820
22,1170644,493047,2,4168953,106036,120930,student,1,100,114312
29,1899855,727583,5,4006954,363783,220720,student,0,100,161697
54,1755674,747515,4,1323250,89283,202631,employed,1,100,183775
31,797068,718207,1,2378616,123299,248431,employed,1,100,0
47,1552347,1106336,3,4883591,431173,282714,self_employed,0,100,2967
40,1530723,583275,1,3349114,44638,40164,self_employed,1,100,180561
51,907993,816347,5,3477839,15172,72260,employed,1,100,15294
54,362985,121586,2,2441200,241515,149211,unemployed,0,100,0
39,1263707,715137,5,1646202,23685,159593,employed,0,100,104976
64,1969081,1541213,5,1152008,14465,117096,employed,1,100,82680
20,1154893,963516,3,638696,12544,199812,self_employed,1,100,35766
37,1893672,1605863,5,4021079,161085,107670,student,0,100,25344
45,1949143,1782235,2,803712,117276,267689,self_employed,1,100,9926
63,1351875,640955,0,4977794,106582,155345,self_employed,1,100,120867
35,55395,30390,3,3170952,16109,169857,student,0,100,1779
24,426777,303883,3,2859695,4842,258392,employed,1,100,23610
51,1121576,975548,2,3823981,239505,244779,self_employed,0,100,0
63,1612863,1113888,2,2417460,130306,130903,employed,0,100,73733
60,1766782,842501,0,4265662,449650,190840,self_employed,0,100,94926
29,870573,715011,3,3293962,372600,230463,self_employed,1,100,0
51,1407515,1247471,5,4812726,85711,34501,employed,0,100,14866
63,1299750,396984,3,4906092,426979,179181,self_employed,1,100,95157
38,520096,157741,5,1209602,290590,180308,employed,0,100,14352
54,951763,875716,5,615137,21525,205182,self_employed,0,100,10904
55,1035792,685411,3,2565218,290170,92177,employed,0,100,12042
51,126979,45379,3,1644879,362503,43424,employed,0,100,0
63,757558,402788,0,4282479,247829,137389,unemployed,0,100,21388
32,1249367,835477,1,3060977,188492,38479,employed,0,100,45079
47,1255664,886996,3,1070213,227301,55282,employed,1,100,28273
26,1453006,590003,4,173071,275228,5732,student,0,100,117554
35,470985,398468,0,2538419,479311,69825,employed,0,100,0
34,168758,110398,5,709223,364169,183346,student,1,100,0
37,128242,82250,1,3931039,380845,115586,employed,0,100,0
19,1423336,927432,2,3138849,189729,292704,self_employed,1,100,61234
53,120846,41143,5,458700,32695,58283,employed,0,100,9401
19,512684,404455,5,3181876,32186,169189,employed,0,100,15208
49,855159,301328,1,2671575,127264,86538,self_employed,0,100,85313
62,498317,299544,2,1075695,293453,2659,employed,1,100,0
42,738795,504516,4,3225343,269295,91402,self_employed,0,100,0
63,1856388,812098,0,1523351,485087,77478,employed,1,100,111840
37,592562,363479,1,1660750,228246,289263,employed,1,100,167
18,893058,434194,2,3829961,45454,1157,employed,0,100,82681
41,1476927,1124312,3,4578967,102267,116927,self_employed,1,100,50069
41,178578,115515,4,1633295,60696,287166,employed,0,100,473
49,1977489,712298,4,1131164,199288,119358,unemployed,0,100,213180
31,436895,301421,0,605576,267801,35102,self_employed,0,100,0
59,1991885,773987,0,563875,406667,119156,student,0,100,162246
27,1820736,549475,0,1932306,160447,41125,student,1,100,222162
47,1687102,666523,0,1958187,110610,113553,student,1,100,181993
25,1250365,378601,3,3474017,65584,148104,employed,1,100,161235
50,220747,207982,4,3551698,46318,214313,employed,1,100,0
35,1802504,1283330,3,340679,304871,225474,unemployed,1,100,42860
47,1063510,751458,0,116906,475538,202262,self_employed,0,100,0
33,1981030,1795990,1,4164986,202743,171913,employed,0,100,0
37,559049,214059,2,4196207,487775,288664,unemployed,0,100,0
52,1477550,469806,1,3644406,415177,26363,employed,0,100,118513
63,258811,192474,4,1390376,115418,64948,student,1,100,0
52,456353,320173,4,2359436,240918,130320,unemployed,0,100,0
26,1932067,1715765,3,4172586,234039,297128,employed,1,100,0
26,1997527,1018901,2,2810165,211646,59134,employed,0,100,153395
48,1901485,1253319,0,4165041,110324,129056,unemployed,0,100,107568
60,1076316,717911,0,3024779,391731,111865,employed,0,100,0
56,723509,337723,1,617434,14271,103766,self_employed,0,100,74302
49,1224429,653879,2,1798232,380904,240200,self_employed,1,100,37929
63,1378787,725900,3,1185494,411537,204677,employed,1,100,48269
31,1992601,1691516,0,2549875,17250,262472,student,0,100,56766
60,1024491,557413,4,2869542,180145,195965,self_employed,1,100,57386
53,1811682,1277283,0,942345,75404,284482,employed,0,100,91798
24,653777,355017,2,1233828,76609,244003,employed,1,100,44430
49,1252732,444934,5,3175531,309155,41133,employed,0,100,99728
44,225194,203070,4,4684978,428437,9344,self_employed,0,100,0
25,385404,135334,3,3333783,134782,296723,employed,1,100,23057
33,747661,229191,0,2159703,154963,219516,employed,1,100,72701
38,801539,381714,4,3939833,141446,36188,student,0,100,55675
25,1929475,927040,3,4019185,385675,165463,employed,1,100,123351
63,1709308,835286,2,924960,358478,238047,self_employed,0,100,103108
63,1031964,847275,5,2850562,24924,3218,employed,0,100,31952
30,1530459,744543,3,7991,266991,207812,employed,1,100,103784
19,449870,319491,3,3409861,91271,277159,self_employed,0,100,7821
21,1069039,325890,4,2539599,284054,207739,student,0,100,91818
21,967246,851265,0,4939664,114291,114203,employed,0,100,337
59,312967,146771,4,1736644,101004,135014,employed,1,100,13038
48,539445,350319,1,2566589,254304,30717,self_employed,1,100,0
53,235620,157725,4,4187403,469892,232184,employed,1,100,0
34,1124336,512633,4,1673289,302854,71449,employed,0,100,61769
23,1126055,770381,0,2509363,381507,174490,self_employed,0,100,0
60,1206662,1041943,5,2172621,411513,297204,self_employed,1,100,0
20,1869003,962986,2,1281120,269156,260431,self_employed,0,100,127372
19,1588298,1440433,1,3045992,49544,10586,unemployed,1,100,19664
30,1545631,699389,0,2436264,283154,209179,self_employed,1,100,112617
41,1996626,752003,5,3876763,186200,153004,self_employed,1,100,211684
40,1784742,941072,0,4530126,3264,29738,employed,1,100,168081
40,1206534,1061970,3,3010817,28906,88571,self_employed,0,100,23131
56,333657,135095,1,2872776,172867,138240,self_employed,0,100,5138
51,1672559,953870,3,2936660,229841,122723,employed,1,100,97769
46,1608763,1135434,3,857960,275910,5639,self_employed,1,100,39483
50,996508,827289,0,3695118,198354,232599,unemployed,0,100,0
43,120098,106683,2,1734593,440499,120956,employed,1,100,0
34,1079919,1020207,0,410330,299990,22822,employed,0,100,0
29,431222,366291,4,2021284,198683,259900,self_employed,1,100,0
55,1268380,388347,2,2813615,395228,262050,employed,0,100,96960
41,795198,441645,1,1520930,117253,127577,employed,1,100,47259
23,1554523,1329530,2,705774,285995,40027,employed,1,100,0
40,1779541,1662886,1,2469824,451354,26712,employed,0,100,0
27,354697,120131,3,281172,346479,204809,employed,0,100,0
19,1131811,589570,0,3631464,444973,154848,self_employed,0,100,19453
57,1979321,1431191,0,3636307,240643,96884,employed,0,100,61497
54,1269539,718147,4,4351378,379222,37930,employed,0,100,34433
40,1552635,623963,0,181496,331165,166541,employed,0,100,119501
21,386823,342205,2,422332,354348,109706,self_employed,0,100,0
53,147415,73376,4,3745809,154108,135577,employed,1,100,0
49,1318409,614705,0,3256550,174905,258342,employed,0,100,105759
64,316440,212505,4,396900,494141,218873,employed,0,100,0
30,538379,457111,0,3394365,270901,231747,employed,0,100,0
54,1586762,967644,0,4953118,69399,257596,student,0,100,109943
32,105939,39504,5,1277204,87519,112954,employed,1,100,0
38,721239,426380,3,3394863,216138,80826,unemployed,0,100,15744
56,1842567,671341,5,1848070,198045,71165,employed,0,100,194636
31,351346,145110,0,1533992,267898,229987,self_employed,1,100,0
61,1774905,1035855,0,3160863,102105,22150,self_employed,0,100,127388
23,1912681,716061,2,147462,372047,62479,self_employed,0,100,164914
40,524161,385551,1,661031,155370,215546,student,1,100,0
56,1943759,1270267,2,3858355,133560,100984,self_employed,1,100,107986
51,220757,115480,4,68468,444596,244204,student,0,100,0
62,1774036,715630,4,2939617,471677,77369,employed,1,100,117345
36,1698025,1075633,0,1455673,327109,116279,self_employed,0,100,59056
48,1105642,905449,0,4326860,359768,288616,student,0,100,0
48,1524359,1199720,3,805376,301267,187122,self_employed,0,100,4674
36,287246,267739,0,2160088,415881,193027,employed,1,100,0
32,1985313,1241279,2,1138696,112358,79920,unemployed,0,100,126335
49,193990,137825,2,905492,462957,295246,employed,0,100,0
39,974091,446446,2,4679622,181632,252386,self_employed,0,100,69202
63,1322740,1060485,2,3580917,58667,251829,employed,1,100,40717
42,1933156,1208293,1,3109458,285754,54591,employed,0,100,87821
22,173444,105315,5,2078880,248074,270390,self_employed,1,100,0
39,1715204,847695,2,3253403,375443,199553,self_employed,1,100,98413
50,1489951,755210,2,3456117,84811,280720,employed,1,100,129985
31,1887600,820878,4,4926757,412347,272268,employed,0,100,130874
58,1276855,1167788,5,4512504,72575,27271,unemployed,1,100,7298
35,1602257,728507,5,2267860,130219,199369,self_employed,1,100,148706
47,771627,250843,4,394634,22159,243675,employed,0,100,99724
52,580427,333560,4,3438333,467790,7456,unemployed,0,100,0
39,854525,794322,5,4364909,27837,227896,self_employed,0,100,6473
49,792454,253371,5,298714,424409,12310,unemployed,0,100,22934
36,582404,272487,0,37666,430263,123799,unemployed,0,100,0
62,103059,47703,4,3030356,132042,82676,self_employed,0,100,0
44,1655169,1069453,0,4058014,36482,165582,employed,1,100,109846
50,1330042,1053019,4,535030,271745,212222,self_employed,0,100,1055
22,59363,33787,2,3743510,413867,108696,employed,0,100,0
27,1115109,572848,4,4749412,24188,129494,employed,0,100,103614
60,76872,37299,3,3401730,352850,200256,self_employed,0,100,0
24,1550340,1389764,0,4852472,199519,121369,student,0,100,0
28,1860130,1695334,2,1489558,347222,121289,employed,1,100,0
33,759597,514112,5,1446822,192427,118156,self_employed,0,100,10611
48,214206,186892,2,3406714,154135,220111,employed,0,100,0
35,224498,211477,2,296685,33804,3214,self_employed,1,100,0
45,1986684,1326632,5,1920935,439296,108951,employed,0,100,44151
59,1682516,830371,4,2045104,222246,140460,unemployed,0,100,125979
44,1376083,713399,0,3909547,299396,263591,employed,0,100,72657
21,1149918,802675,2,31491,294900,297472,employed,1,100,10468
34,1831500,1003133,2,4480186,145514,246753,unemployed,0,100,136570
19,299175,188914,4,2644399,71820,74408,employed,0,100,7688
47,631216,283613,5,640402,139236,294937,employed,0,100,41673
28,215833,204148,2,1751811,207623,29387,employed,0,100,0
50,319154,135570,5,2567391,61618,295624,employed,1,100,24393
48,1974836,1765732,2,1241118,57264,23591,self_employed,0,100,30367
38,290883,251553,5,2436899,37551,20314,unemployed,1,100,355
54,86959,71893,1,696882,10023,280947,employed,1,100,1008
45,1798431,1634922,4,289233,491037,110043,employed,0,100,0
23,1358748,1119231,1,1180412,476843,100649,employed,0,100,0
62,386976,204766,5,525110,32731,257120,student,0,100,29895
60,1620884,664923,1,112325,159196,39138,employed,0,100,159352
38,1334268,837214,4,941065,33844,133425,self_employed,0,100,92641
63,288663,87622,2,2901354,480931,2200,self_employed,0,100,0
43,1762430,1615786,2,1182306,347219,222804,employed,1,100,0
24,889257,761654,0,4054707,149572,112052,employed,1,100,0
58,988251,823895,0,2743712,183238,126320,employed,0,100,0
26,483573,257381,5,1014227,379677,67680,employed,0,100,0
43,764278,286323,4,4980065,414885,158391,unemployed,1,100,12613
55,353064,269114,3,1038674,32902,229022,student,0,100,10209
24,1038076,748748,1,3430900,407626,199902,student,0,100,0
59,241610,201774,5,1331342,149242,106754,employed,0,100,0
45,1653063,1043312,4,3295973,270538,128279,employed,0,100,67842
54,1885504,751171,2,3389924,267987,261099,employed,1,100,173269
19,1221505,1015728,1,3281725,135456,20904,employed,0,100,14064
25,1359553,1028492,0,542036,244558,3869,employed,1,100,17300
18,404850,373541,1,573216,361283,279754,employed,1,100,0
40,1646804,590138,0,783710,463154,116574,employed,1,100,118702
62,784028,534239,4,3952958,351625,117017,student,0,100,0
61,711164,507565,0,4295189,228261,147108,self_employed,0,100,0
53,1967733,1869215,4,928154,482215,6553,self_employed,0,100,0
59,1734893,1459211,4,4368758,339458,128787,self_employed,0,100,0
23,241244,121385,2,1358580,282775,103948,self_employed,0,100,0
32,1418462,861454,3,1331212,87169,225975,employed,0,100,93967
32,1445026,769300,5,1960774,477206,249135,employed,0,100,39703
44,1990581,1784762,3,1011418,486962,94716,student,0,100,0
36,251726,161275,5,2059287,355130,213927,self_employed,1,100,0
19,494709,438394,3,1135982,286761,97211,employed,0,100,0
25,1203257,644058,4,953046,114066,143449,employed,0,100,89026
55,1463727,610141,5,445362,311577,92922,student,0,100,108401
28,1868466,1218215,5,1229630,205137,270245,employed,0,100,89022
39,350243,329804,4,919460,18559,218526,student,1,100,375
57,89251,63235,5,1497334,492459,291412,employed,1,100,0
38,597184,200512,2,1446421,131887,249704,self_employed,0,100,52956
56,831388,267660,5,4111050,293960,199584,employed,0,100,53953
36,1126313,652446,2,1621783,496999,4330,employed,0,100,0
31,644735,209069,0,1936600,105891,203467,employed,1,100,65954
25,1252768,460975,0,1403985,494344,152005,employed,0,100,59489
23,1184685,935591,4,3142961,153696,53078,employed,0,100,19079
63,1664083,1319403,3,834331,119293,291854,self_employed,0,100,45077
49,549335,230749,1,1062217,2442,75953,employed,0,100,63228
40,803224,685327,2,3010657,418281,118214,employed,1,100,0
22,889765,368471,1,2645849,300200,260700,student,1,100,44218
56,900795,717715,5,3255651,63549,268767,employed,0,100,23906
21,1898715,1313093,1,70103,147543,70170,employed,0,100,87615
28,1784674,1528956,4,2327278,184727,5383,employed,1,100,14198
19,849584,670925,0,2035936,336927,135995,unemployed,0,100,0
31,878095,263617,3,2134947,380960,187844,employed,0,100,46703
25,1380819,468763,1,4902550,247655,40223,unemployed,0,100,132880
24,735441,236012,2,1552024,385488,221181,employed,1,100,22788
34,1630735,1372746,2,4583431,60505,239259,self_employed,0,100,39496
62,355787,244552,2,74501,496300,210450,self_employed,0,100,0
54,1048270,974053,5,481336,470944,101855,self_employed,0,100,0
39,962766,531944,1,757943,448513,133098,self_employed,0,100,0
52,1873430,779836,5,3273922,338113,217680,student,1,100,151096
28,1834066,955593,0,2692169,105165,40535,employed,1,100,154661
43,1765911,840488,3,1825988,454932,84056,self_employed,0,100,94098
63,1250008,1064459,1,3236781,422230,93511,self_employed,1,100,0
61,571331,270183,0,1597856,161891,51801,employed,0,100,27851
58,380772,147255,3,3997653,68416,79011,employed,0,100,33020
31,143908,74320,3,2795639,434463,283664,self_employed,1,100,0
27,1230343,1007067,5,899090,448412,19735,employed,0,100,0
43,208815,117029,3,2579145,81476,53167,self_employed,1,100,2061
42,1537739,1076184,5,2403970,352163,177750,employed,0,100,21878
39,1327376,575495,3,3930759,384920,69927,self_employed,1,100,73392
54,238501,83233,3,1770961,420373,177996,self_employed,0,100,0
32,1626042,735157,5,2296705,20548,272984,student,1,100,174067
23,737297,614082,0,2009596,69372,267303,employed,0,100,10768
36,1242381,928325,3,608358,231859,293956,employed,0,100,16439
45,1918360,677957,1,768457,187124,56998,unemployed,0,100,210655
44,86326,37947,0,1292755,472130,294660,employed,0,100,0
59,291594,131363,3,1750744,223511,66752,employed,0,100,0
52,218654,105649,0,739469,463352,206626,employed,1,100,0
34,1108767,808247,0,3768008,462816,54224,self_employed,0,100,0
42,1026171,417959,2,4264722,272731,117995,employed,0,100,67096
21,407705,153606,0,3830804,388782,73056,self_employed,1,100,0
26,430808,272723,2,2826549,363860,83833,employed,0,100,0
53,953119,488525,4,937842,357327,148703,student,0,100,21453
38,117723,52304,2,24379,186634,52318,student,0,100,0
54,195449,80751,4,4991646,128901,294038,employed,1,100,0
53,1780675,836502,4,468468,94898,168964,unemployed,1,100,169854
21,1472804,478672,4,3593283,419794,71909,employed,1,100,114867
61,278381,139982,2,3318431,465509,42738,self_employed,0,100,0
23,268988,147702,0,2332974,447036,201440,unemployed,1,100,0
55,373226,166729,3,621004,372215,221108,employed,0,100,0
31,709769,510622,5,3650761,229969,30203,self_employed,0,100,0
26,307612,264002,4,2160210,231595,139522,self_employed,0,100,0
52,1196038,933198,3,2670387,308233,5786,employed,0,100,0
28,164139,70426,0,189502,199414,236990,employed,0,100,0
38,730818,281317,4,4413621,61899,174322,self_employed,0,100,77520
56,471228,424503,4,4494771,90352,212701,employed,0,100,0
28,444039,264366,4,4394416,198176,253596,unemployed,0,100,0
35,100838,86890,4,4971642,324799,48082,student,0,100,0
35,1678373,1214495,2,2134947,328462,259570,unemployed,0,100,27083
40,1110087,859904,2,723695,272380,106968,employed,1,100,0
42,780097,332832,1,2531986,418763,95457,employed,0,100,5700
45,767492,625895,3,924195,33969,199974,self_employed,0,100,21525
64,1463516,822696,3,1542784,493176,129819,employed,1,100,29528
36,1208312,652852,1,1677610,62724,10736,unemployed,0,100,98547
44,880046,616387,2,2356300,30592,279979,employed,0,100,46613
33,70439,33811,1,3098955,480037,21830,employed,0,100,0
24,1493216,709719,4,4372698,412257,131156,employed,1,100,74247
59,1060281,372156,2,1771609,29195,210217,self_employed,1,100,131785
28,1085214,605113,4,4474519,213277,105240,self_employed,0,100,53364
22,919543,640540,1,3278099,75530,169922,self_employed,0,100,40694
45,856641,404020,3,1501998,110664,271724,employed,0,100,68391
23,225597,198899,0,4056504,76843,76853,self_employed,0,100,0
38,1529997,1428923,5,2148631,438445,222739,employed,1,100,0
57,1945951,767793,0,33750,288326,42816,student,1,100,177966
58,1798230,1153358,5,3852220,450227,39322,self_employed,0,100,38928
49,154124,76467,4,1511137,248254,210633,self_employed,1,100,0
29,1165341,647702,5,3995848,174105,78677,employed,0,100,68706
55,1254706,738052,0,4255839,1306,87490,employed,0,100,103069
28,281254,166777,4,4143721,424928,283948,employed,0,100,0
51,1023193,558009,1,4181179,18726,160467,employed,0,100,89291
51,315664,167959,2,1590530,377220,209933,unemployed,0,100,0
37,1791002,627050,3,3024904,476644,102137,self_employed,0,100,137461
52,813944,449692,4,1206272,151240,174464,student,1,100,42602
56,767827,723692,2,2688068,498902,101343,employed,0,100,0
45,1581172,945531,2,411359,169723,258324,self_employed,1,100,93183
61,1376994,744457,4,779450,476893,247962,unemployed,1,100,31128
53,1165000,925923,3,3854212,380451,268437,employed,0,100,0
36,55418,48691,3,144003,377344,11837,employed,0,100,0
21,1664373,1215931,2,2916799,181299,217801,self_employed,0,100,53428
32,1849291,987711,0,830707,37639,256878,self_employed,0,100,164788
54,989350,556636,2,2285537,28416,165094,student,1,100,80859
53,925543,529442,1,783934,249673,153356,unemployed,0,100,29285
43,1689403,620262,5,4529722,228614,87713,employed,1,100,168105
26,510236,331248,5,4657046,271269,277289,employed,0,100,0
58,1730880,727869,4,111822,33082,159687,employed,0,100,193985
31,1602351,1176535,2,465899,120635,206324,student,0,100,61036
64,1928976,1529365,3,2815460,485698,271057,employed,0,100,0
41,280741,191500,1,2520257,197097,61957,self_employed,1,100,0
62,1884085,906278,2,329564,114044,295785,self_employed,0,100,172752
20,197504,164568,4,4510037,465159,201926,self_employed,0,100,0
26,1144519,493550,4,4775614,114721,34803,unemployed,0,100,107249
51,1353647,598452,4,4544406,220839,175873,employed,1,100,106871
40,1135801,441768,3,1049522,150313,293161,self_employed,0,100,108743
42,116918,92802,5,2655255,196347,60174,self_employed,1,100,0
35,1961471,1282760,4,190483,183413,173800,employed,0,100,99059
47,1673948,621563,1,142674,242399,71143,employed,0,100,161997
34,1671091,1143171,0,2083187,26015,270494,self_employed,1,100,100380
26,1410558,1210104,1,502049,326637,132169,employed,1,100,0
21,1658212,984477,3,3525380,470980,97662,employed,1,100,40550
28,1695431,1423865,3,1462906,47706,25835,employed,0,100,44771
46,450079,408846,1,2429614,183820,258612,self_employed,0,100,0
48,1915849,906742,1,3506156,4457,58407,student,1,100,200929
55,488920,326017,1,1694936,351604,46673,employed,1,100,0
38,1261843,1109588,3,3595479,433846,86123,employed,1,100,0
64,873640,608342,4,3586647,65395,285928,employed,0,100,39980
21,1596575,931076,5,631134,173707,275262,self_employed,1,100,98358
53,1757977,1208762,3,4969830,366537,274117,employed,0,100,36535
21,1421544,1116609,4,3533449,375552,3902,employed,1,100,0
53,1863832,891882,1,2755843,495188,73575,employed,1,100,95352
42,142146,55855,5,1990,497786,76216,employed,1,100,0
64,1404011,594253,5,4914756,147334,31639,student,1,100,132484
45,1151683,889953,5,1614429,31625,253289,self_employed,1,100,46020
53,1561276,581237,5,3241538,218576,111426,self_employed,0,100,152292
39,1382045,705172,4,554431,5373,186200,unemployed,1,100,134299
64,898132,756169,2,1802439,319652,36017,unemployed,0,100,0
63,389173,340663,0,573362,157103,210997,employed,0,100,0
32,415513,386090,4,1993107,440256,131494,self_employed,0,100,0
38,1027957,714847,0,1351967,223145,292486,student,1,100,17992
28,483435,220114,1,419728,432908,139381,employed,1,100,0
38,623897,456936,0,93167,348310,84959,self_employed,0,100,0
58,327152,138351,2,1218597,152048,46791,student,0,100,7350
29,1443455,658760,5,1555436,375096,31608,employed,0,100,81919
31,780579,705390,3,3573975,395497,162191,self_employed,1,100,0
20,1304238,399536,0,1847448,132882,137621,employed,0,100,154363
37,1814857,1192545,3,1167601,378399,201776,self_employed,0,100,48782
55,514646,173906,3,3768629,49801,256654,employed,0,100,58187
52,888234,395083,4,1900874,224081,73111,employed,1,100,53813
41,1287639,682527,0,317315,24455,68675,unemployed,1,100,116131
42,256221,94945,5,3517079,425359,220948,self_employed,0,100,0
19,230487,74326,4,2082022,114035,58105,student,0,100,8425
28,1852101,983626,5,1507807,79010,67710,self_employed,0,100,157892
29,1442898,912947,5,1875304,111339,264210,unemployed,1,100,83722
33,1318739,1087182,0,4999280,191845,11921,student,0,100,7942
40,633102,329011,2,340843,337721,221034,employed,1,100,0
62,966933,485517,2,3500422,420080,81285,unemployed,0,100,12267
33,744403,228831,4,2217903,319184,297543,employed,0,100,39277
51,737124,516747,1,869142,85423,227018,unemployed,0,100,26990
47,1824421,1455264,3,2419587,65967,172896,self_employed,0,100,60637
26,1383674,418341,3,4529467,357238,11024,employed,1,100,121618
40,287618,87345,0,3616321,467478,63796,unemployed,0,100,0
21,1691042,1459233,2,2284525,484199,38228,employed,1,100,0
60,255823,122899,4,4828215,145718,10927,self_employed,0,100,0
45,321830,206571,1,2926061,320623,185849,employed,0,100,0
59,1320544,961789,0,4794239,107508,288984,employed,0,100,50249
24,1946835,1399872,2,3562413,492281,152448,self_employed,0,100,10936
42,1867631,1239236,1,2543674,380950,201858,employed,1,100,49488
54,1894252,815285,1,1510747,2993,71761,employed,0,100,215194
24,318638,252470,4,3024154,261526,38667,employed,0,100,0
38,719524,481910,4,468439,303285,272252,unemployed,0,100,0
60,1466369,746871,2,92598,185340,108266,employed,1,100,106831
57,1711641,1283756,4,3308214,255543,45381,unemployed,0,100,34468
51,1547256,616167,0,3144917,186796,228043,employed,0,100,148858
57,960116,516939,3,656612,135494,123478,employed,0,100,61536
54,1571965,674045,0,4981177,492278,109827,employed,0,100,81128
25,1363289,728496,5,4351026,149141,235493,employed,0,100,97130
19,314931,207891,0,4318108,92048,28677,employed,1,100,2998
38,711467,425582,1,1465310,10316,111735,employed,1,100,55113
37,558371,374743,2,4414142,213349,16154,employed,0,100,0
30,1873894,931155,2,720316,82095,282044,self_employed,0,100,172128
29,732367,262563,1,4045734,156877,290361,employed,1,100,62585
20,757587,283681,0,2756324,479942,293768,employed,0,100,0
20,1123849,602400,0,3078352,94769,158009,employed,0,100,85335
19,917511,525531,3,4946006,286719,46798,student,1,100,21052
63,1807822,1389427,3,2163283,89682,276764,employed,0,100,65742
31,757376,370877,2,3329571,296122,264928,student,0,100,18075
20,1060457,807636,0,3982226,130726,120534,self_employed,1,100,24418
45,1251259,870329,5,3846934,312262,224476,self_employed,1,100,13733
25,1042042,505328,3,3634762,39867,243418,employed,1,100,99369
47,279333,260965,1,4843602,19930,160066,employed,0,100,0
28,1118077,529663,0,3445318,232208,170918,self_employed,1,100,71241
32,368363,237406,5,2910717,410989,285318,self_employed,0,100,0
34,1229272,1040942,4,3464878,190282,177454,self_employed,1,100,0
64,1358756,599449,3,3796324,446088,230233,self_employed,1,100,62643
27,1799124,619101,1,1000959,209702,80530,employed,0,100,194064
56,277987,171771,1,3875081,200002,125714,employed,0,100,0
47,236536,165958,4,3825955,44919,1148,employed,0,100,5131
33,772385,294618,3,2516901,7847,189809,unemployed,0,100,93983
35,357167,132047,2,1654500,490993,35636,self_employed,0,100,0
47,1010318,356839,1,3677992,129155,39748,employed,1,100,104864
18,707112,514309,0,3609386,499640,263609,student,0,100,0
64,140421,127379,2,4066502,91756,70782,self_employed,1,100,0
56,642427,578834,5,3743944,99983,52874,unemployed,0,100,0
57,1687241,1392867,1,2671037,237692,257888,student,0,100,11336
62,693836,376909,1,2964408,143418,56268,self_employed,0,100,34701
18,619255,415746,4,2272376,213204,196138,employed,0,100,0
53,1571027,1492346,3,637213,20760,194472,employed,0,100,11584
52,1804265,1518528,3,1700640,1412,279107,employed,1,100,56864
42,1102544,392859,5,4279664,286080,164003,self_employed,1,100,84720
61,1777693,535802,4,2820629,9981,62185,employed,0,100,246381
36,493701,271487,4,3627447,24301,22382,employed,0,100,39582
50,1896652,602217,5,3669961,355044,268887,employed,0,100,187878
23,1448863,1151663,2,4985307,40941,268022,unemployed,0,100,51251
55,624753,434605,2,779024,123027,149824,employed,1,100,13424
42,1646932,1203046,5,1480299,178314,108601,employed,0,100,53114
47,1879214,1692218,4,3499222,58720,26962,self_employed,1,100,25655
44,238018,223831,2,3945744,428131,189305,employed,1,100,0
64,885569,451321,0,3070527,226079,163541,employed,0,100,41633
35,1617337,631945,5,1371922,210130,261525,employed,0,100,155052
28,1763488,559322,4,1322942,406950,230837,employed,0,100,159443
42,121896,105580,5,3471121,402604,279639,employed,1,100,0
39,1015659,495538,3,1838496,449976,271638,student,1,100,14028
46,499680,160856,3,289537,168785,100571,self_employed,0,100,34007
42,1200439,826003,4,3615851,79651,229986,unemployed,1,100,58956
40,1987685,1114426,3,166678,114601,21627,self_employed,0,100,151731
27,521379,451531,1,2748804,171863,147496,self_employed,1,100,0
48,53629,19643,0,973288,232063,266424,employed,1,100,0
56,163576,112366,1,4975503,96863,14127,employed,1,100,0
63,579872,471614,4,4569500,167688,4880,self_employed,1,100,0
41,591869,510729,3,66440,268916,65656,employed,0,100,0
42,1764563,611459,5,3359869,254615,61649,employed,0,100,179697
23,473306,382796,2,4886417,242510,287660,self_employed,1,100,0
62,1247113,1019078,1,1594129,456238,219913,self_employed,1,100,0
43,701558,329867,1,1330232,195583,199902,self_employed,1,100,35221
40,154589,76626,3,3496986,129965,158321,unemployed,0,100,0
35,561775,504690,2,4436165,418028,102789,employed,0,100,0
50,480323,340045,4,677475,499157,56600,self_employed,1,100,0
28,579530,185335,3,653514,497377,24115,employed,1,100,0
21,1367741,1137631,0,1308473,58358,161602,employed,0,100,34350
59,1009696,940059,0,1505100,82746,84522,employed,1,100,0
47,1504958,853242,4,776977,338185,151830,employed,1,100,62706
45,1055555,832733,4,3680220,399233,158828,employed,1,100,0
20,868586,669114,0,647460,373033,247745,employed,1,100,0
64,509514,285910,5,210719,50022,255857,employed,0,100,34716
37,1337981,795764,5,3661210,115817,213824,employed,1,100,85279
45,576805,405816,2,342711,368006,255886,employed,1,100,0
54,788407,325744,4,3675246,350592,249038,self_employed,0,100,22414
27,872846,549283,0,1154356,108680,153176,employed,0,100,42976
64,215480,111674,2,214458,274601,183428,employed,1,100,0
37,689949,244750,5,3475887,200985,282961,employed,1,100,48842
53,452341,194655,2,1585066,359630,137115,employed,0,100,0
30,844242,528485,4,4091648,453356,227230,unemployed,1,100,0
35,499379,444435,1,1739781,432763,160670,self_employed,1,100,0
41,958791,824008,2,4072936,153400,5973,employed,0,100,0
47,689526,618158,4,4252524,287509,169232,employed,0,100,0
33,1509525,692727,2,2034839,244822,175567,employed,0,100,114395
28,704806,590220,3,551688,229634,296313,unemployed,1,100,0
56,1346312,704473,2,1643680,181741,231990,self_employed,0,100,92019
45,1426532,1320224,1,2636837,11146,15933,employed,0,100,19032
19,1024268,480763,5,4101511,467767,69486,employed,0,100,15147
32,1767117,911204,2,1040217,24306,46417,employed,0,100,166321
50,533530,163256,1,1137606,152699,258752,self_employed,0,100,43514
44,1791081,1611289,0,3315209,13909,225392,employed,1,100,33176
39,545590,381354,1,820881,279741,253283,employed,0,100,0
47,1529030,768967,2,768771,344231,60986,employed,1,100,83166
37,635004,249926,0,2995880,401869,126847,employed,1,100,0
41,1206335,868216,5,4060398,82412,213616,employed,0,100,51141
18,1770334,641494,5,304643,428943,53315,employed,0,100,139979
55,1534391,605123,0,3591169,378875,118626,employed,0,100,110078
56,523941,329549,0,1100573,329057,25674,employed,0,100,0
63,529555,204354,0,3884529,327287,144090,self_employed,0,100,0
41,460668,165391,2,4585111,96772,41212,unemployed,0,100,39700
18,186817,140302,4,3075189,493620,237605,self_employed,0,100,0
32,812574,487345,1,3075171,308807,224580,self_employed,0,100,3284
33,1678961,557903,4,3212769,460609,3604,unemployed,0,100,132089
22,670676,222133,4,4408889,498314,32331,employed,0,100,0
22,196050,181208,1,1670460,352370,155575,employed,0,100,0
39,68002,22794,3,1479104,98408,225681,employed,0,100,0
28,1820806,1072254,1,208473,372219,228696,employed,1,100,75266
50,1519500,840348,3,2653158,315436,258184,employed,0,100,72743
32,731220,458420,1,2841886,481469,259156,student,0,100,0
36,1876405,1636757,5,2902717,305000,260557,employed,0,100,0
57,1699874,1256889,4,4876455,87016,171242,self_employed,0,100,71193
59,943511,760384,4,146023,454258,277902,self_employed,0,100,0
64,1866916,1080242,5,524908,114672,85411,self_employed,0,100,134400
44,1773591,1183375,1,1302579,134511,270921,self_employed,1,100,91140
36,1404563,483676,0,1547516,214614,119868,unemployed,0,100,141254
58,140515,48742,3,3702621,312896,232367,self_employed,0,100,0
25,58692,50781,0,1179478,145993,260219,unemployed,1,100,0
44,1237578,779141,3,291023,324997,46510,self_employed,1,100,26687
44,1669319,619024,5,2643000,351298,93413,unemployed,0,100,139799
54,1966067,685540,4,1123798,43986,136822,self_employed,0,100,247308
62,672405,603617,3,3156855,267036,192954,employed,1,100,0
28,1029639,423059,4,3070549,341838,4971,employed,1,100,52948
28,1851810,1075072,1,4095782,170491,9423,student,1,100,121249
63,457557,370038,5,4281807,3670,160110,employed,1,100,16769
18,1560198,1347497,1,1641475,161584,82224,unemployed,0,100,10223
62,801447,690693,2,2718317,150023,184806,self_employed,0,100,0
21,1299852,1136353,2,2993146,190808,224437,self_employed,0,100,0
18,1845716,734066,1,3923662,359413,215532,employed,0,100,150447
53,1313772,759866,2,1993104,114647,278624,employed,0,100,87851
24,1356585,988979,5,3159334,7013,215781,self_employed,1,100,72118
59,995849,882114,1,3664533,414771,207434,employed,0,100,0
51,591293,342012,0,3468351,203901,193529,employed,1,100,9075
55,636553,447986,4,1914434,140043,249285,self_employed,0,100,9704
26,919555,849568,1,1891217,308864,240859,employed,0,100,0
24,165858,153704,2,4339892,413187,43337,self_employed,1,100,0
56,378721,277688,5,1236923,95078,200399,student,0,100,1190
36,142665,89457,2,3541795,210141,82298,employed,0,100,0
56,1497877,1006733,2,1779375,228471,287901,employed,1,100,52534
33,1962813,1738650,0,2820720,19643,145539,employed,0,100,40903
35,972910,730270,5,3162052,423082,141714,employed,1,100,0
24,993104,453624,0,2047774,331872,127370,employed,0,100,41521
42,599924,255937,5,1266894,343723,289524,employed,0,100,52
48,231505,94602,0,4369025,326557,74017,unemployed,0,100,0
40,1741705,1198067,1,1970065,326567,225446,student,1,100,43414
40,75834,54082,4,2100361,286988,234062,unemployed,0,100,0
50,1289972,453580,0,4019827,92573,272842,student,1,100,148763
61,254207,199654,2,2765889,189689,212306,self_employed,0,100,0
51,604454,397990,2,4787209,57234,156534,unemployed,0,100,29845
26,810107,400557,0,1189562,338707,206101,employed,0,100,14168
36,1158267,1067549,5,2227175,55461,259687,self_employed,0,100,7051
50,259904,161487,4,1697646,372926,199950,student,0,100,0
49,1807466,1103117,4,4717333,65908,42658,employed,0,100,127688
29,1084714,637095,5,3985940,483139,144977,unemployed,1,100,0
31,375156,249035,4,3581698,5237,127724,employed,0,100,24176
30,114343,37856,5,4509604,415766,202438,self_employed,0,100,0
27,1149610,380067,2,411049,325848,184862,unemployed,1,100,88738
50,1266119,760171,1,3430811,352638,169026,unemployed,0,100,30661
45,1717678,1369735,3,4859588,128138,96199,self_employed,1,100,43960
38,1425389,908837,0,3308214,272414,297116,employed,1,100,48827
38,1915280,1722311,0,4302461,273355,183118,employed,1,100,0
46,1804471,1288463,3,2161879,348712,122945,student,1,100,33459
58,1574703,481107,3,623222,366817,192325,self_employed,0,100,145355
49,798686,471898,2,346876,350776,295022,employed,1,100,0
32,363111,239208,2,1874846,288285,256716,student,1,100,0
39,410052,127402,0,2172158,142443,102798,employed,0,100,28041
42,599898,221572,5,1281398,74959,84879,student,1,100,60673
61,995514,944821,1,2447565,140639,43887,employed,0,100,0
35,1945397,1437880,5,14952,390639,84739,student,0,100,23375
53,1162113,859004,0,2506778,11619,160723,unemployed,1,100,58297
32,330093,221261,0,3188628,16977,114637,employed,1,100,18370
33,999777,882229,0,198245,155271,285779,employed,1,100,0
30,1123774,547864,2,785027,383966,148618,self_employed,0,100,38388
43,1011184,864074,0,1283182,136099,1664,unemployed,1,100,2202
61,763577,277066,1,4780484,100556,1861,employed,1,100,77190
27,821714,767215,1,4858380,488913,2831,employed,1,100,0
20,422033,350881,1,1964703,487997,102765,employed,0,100,0
62,467546,140993,0,269371,404386,197174,employed,0,100,0
61,76452,25899,3,2305934,286072,156852,employed,0,100,0
27,1609318,571506,0,2814353,303258,22078,employed,0,100,146910
43,1566529,1166202,3,4342887,204677,194378,employed,0,100,39129
64,849927,633108,0,2609150,265977,258355,student,0,100,0
34,1750928,617726,1,220935,301631,21415,unemployed,0,100,166314
22,1779075,1052171,3,4569533,108028,114686,employed,1,100,123775
53,359510,163389,1,528324,124617,42992,student,0,100,14300
62,1760190,984591,0,1634054,382628,88018,employed,0,100,78594
63,426282,194184,2,2262737,219950,212616,self_employed,1,100,2429
33,971936,554367,3,309650,498859,131963,employed,1,100,0
39,621042,445589,0,3325810,208966,119467,employed,0,100,0
20,68319,27327,1,927695,431183,64412,employed,0,100,0
24,709762,313647,4,1049230,453697,179188,student,1,100,0
38,130564,69488,5,3361719,279594,299751,employed,1,100,0
42,1874706,1756411,2,4076458,84536,36740,employed,0,100,6751
54,601243,429014,4,4914689,123113,56230,employed,1,100,9823
28,1051301,940990,5,2336376,153006,138283,employed,0,100,0
24,792624,678904,4,4250201,497240,225085,employed,1,100,0
39,1430550,948784,2,1620366,224089,222292,unemployed,1,100,51535
29,174598,83698,1,608796,212569,220954,employed,0,100,0
27,886004,414095,4,3800816,309111,202189,employed,0,100,32559
63,1739350,1165179,4,2399398,490001,211852,self_employed,0,100,16833
36,523750,346773,0,1392343,460261,211880,self_employed,0,100,0
59,1927632,1279507,2,599026,8595,100915,employed,1,100,127905
33,52807,28434,5,3170296,379890,62952,employed,0,100,0
21,1209400,919120,3,2430775,276674,150177,employed,1,100,2721
23,339035,191661,4,4531711,279421,64769,employed,1,100,0
23,52810,27900,0,632605,303672,32045,employed,0,100,0
35,967262,607906,2,1501464,444771,202224,employed,0,100,0
52,1949961,1719158,5,4205904,413543,130651,employed,0,100,0
57,1054826,800641,5,4304301,187520,40722,employed,0,100,13332
44,1648415,1366763,3,2913154,448841,181519,unemployed,1,100,0
20,1139358,737586,3,1443699,383083,223264,employed,1,100,3737
23,269952,176425,4,113094,394590,81964,employed,1,100,0
46,1464780,1258419,1,3981803,23507,89010,employed,0,100,36570
62,1668878,659078,2,3779149,62903,3572,student,1,100,189379
45,1236354,1143749,0,3998798,410631,142297,employed,1,100,0
45,1860583,1187415,2,3574190,394031,43846,employed,0,100,55827
43,1553544,795019,0,1308647,485561,20630,self_employed,0,100,54592
37,283900,143242,4,2346418,318068,215525,employed,1,100,0
33,1430203,468129,2,466922,33471,292662,self_employed,0,100,185720
41,1703809,830580,4,3767156,314438,69226,self_employed,1,100,111758
30,1809008,1045825,1,2307866,306104,13184,employed,0,100,91415
49,1811485,1368322,0,4641076,110002,42624,employed,0,100,66632
60,1213850,584338,1,343921,87266,221499,self_employed,0,100,108449
25,1742531,1267658,0,3034884,66026,3672,employed,0,100,81769
53,1533211,1058606,5,1478182,90663,62604,self_employed,1,100,76788
28,1326129,782837,1,1883448,48211,257130,unemployed,0,100,99016
30,1938888,593911,2,2743207,219906,244196,self_employed,0,100,225014
63,1799092,1228107,5,4713134,10942,62079,employed,0,100,112008
46,66164,24588,0,4766934,363577,160202,employed,1,100,0
46,1641016,506126,4,2530711,132472,155312,employed,0,100,200483
51,1730346,631109,0,1514551,238283,186642,employed,0,100,172190
36,877471,372966,3,3876932,124521,290051,employed,0,100,75996
33,1507638,928135,0,2839841,322059,64689,employed,0,100,51488
59,1511294,1193405,0,2946204,165481,18008,self_employed,1,100,30481
48,1901164,1736810,5,1949858,267783,219879,unemployed,0,100,0
60,1194769,579940,3,2934040,322476,136197,student,0,100,58470
44,381525,253157,1,2437558,438997,70011,employed,1,100,0
31,1651397,1563992,1,3665987,32979,267636,employed,0,100,10885
46,939609,640668,0,1248507,290702,84654,employed,1,100,1647
40,1404720,959864,1,3943086,408368,63178,employed,1,100,7297
64,1872849,760060,3,161787,349854,295525,employed,1,100,152586
45,1221025,614987,4,4412925,464173,4809,self_employed,0,100,28372
55,439424,186177,1,1329525,276701,224099,employed,0,100,0
27,909279,820204,0,352035,321694,173996,self_employed,0,100,0
43,1336085,803926,4,2738049,57363,20047,self_employed,1,100,94959
40,1455902,775356,4,3977037,12929,288210,employed,1,100,133523
56,1116893,867402,4,1008551,192773,58974,student,1,100,11343
35,973326,511482,0,1260789,290175,34553,unemployed,1,100,34333
21,1622610,1402294,4,4306996,29773,127472,employed,1,100,38108
28,1615608,1194242,3,3332499,244121,20304,self_employed,1,100,35448
60,692567,227561,4,505435,157664,227083,self_employed,1,100,61468
57,1271115,843899,5,2010988,247766,259411,employed,0,100,35889
57,1857462,1550180,5,636790,290136,66389,employed,1,100,3429
30,137981,125782,3,320132,124005,62621,employed,0,100,0
42,1587572,788681,0,2358255,295972,165382,employed,0,100,100583
24,1233314,603869,0,125485,111835,129146,employed,0,100,103521
47,776382,508268,5,2443044,487906,242880,self_employed,1,100,0
60,1063226,330432,0,4237240,201337,157326,student,1,100,106291
23,596550,293380,4,3677710,215238,99601,employed,1,100,17586
58,769733,614389,1,1196505,67386,174400,student,1,100,17591
49,1483409,1277298,1,1109559,186817,166415,self_employed,0,100,3858
54,498548,276865,4,2543058,351551,184737,employed,1,100,0
38,1586420,1420737,2,4868526,374544,199631,employed,0,100,0
46,1132114,547828,2,3004168,89050,299722,self_employed,1,100,99047
42,1368379,444961,3,2272931,200830,218376,self_employed,0,100,144517
27,263435,107354,1,26485,358063,102209,self_employed,0,100,0
36,237489,205069,4,1970399,210753,196885,self_employed,1,100,0
21,1229233,1142342,0,3940546,155635,155141,employed,0,100,0
46,1469646,1021014,1,89368,239627,16395,unemployed,1,100,41800
34,1140667,883330,4,741820,381427,106948,employed,0,100,0
51,1146996,966370,5,1450670,157391,99473,employed,0,100,4646
22,150719,63909,5,4481520,340639,285559,employed,0,100,0
23,1610299,1058582,2,130107,193809,51393,employed,1,100,71581
55,1780170,1619602,5,3017225,495677,225686,self_employed,0,100,0
52,1105392,587322,5,970876,335887,35307,employed,0,100,36436
21,1862181,1757625,2,3362644,378611,127136,employed,1,100,0
64,755262,572975,2,4772136,106372,146436,employed,0,100,15182
44,161864,119269,5,397324,497908,220702,employed,0,100,0
58,554768,177020,3,264443,9136,219388,self_employed,0,100,73722
18,1495676,458718,4,2196575,68287,257340,employed,1,100,193734
33,435455,175408,4,4752376,79405,84207,self_employed,0,100,36128
42,1444239,1309194,5,4066086,307497,46980,employed,0,100,0
57,317323,258623,0,4475064,300022,295356,self_employed,0,100,0
21,1779170,1130910,4,3960409,372823,249864,employed,0,100,55087
53,678154,420076,0,1864693,139341,76482,employed,0,100,23747
28,1129081,432721,5,3656366,20067,274805,unemployed,1,100,135258
35,1487540,820228,2,3590966,219776,151034,employed,0,100,89507
40,1971038,783368,1,4574607,82521,124136,unemployed,1,100,221029
61,116866,55753,2,1922660,76825,165465,employed,0,100,0
22,1409185,428618,4,1584139,284483,112205,employed,1,100,139216
56,1633996,895988,0,766340,378969,260160,unemployed,0,100,71807
64,1668127,1227534,2,4304566,228483,163209,self_employed,0,100,42421
34,940146,702027,4,4714471,265567,21918,employed,0,100,0
58,1532043,874340,4,1737088,391780,68655,self_employed,1,100,53184
30,788406,610342,0,396973,441551,82278,student,0,100,0
21,432218,248865,5,953689,132775,167472,unemployed,0,100,10115
60,571606,506895,3,24148,33875,176744,unemployed,1,100,6167
47,1052141,532001,1,1336624,488528,92419,student,0,100,6322
63,257405,178038,3,2585180,48816,58958,employed,0,100,6110
32,1437780,526773,2,1574050,195283,45475,self_employed,0,100,143144
25,1103761,689947,3,435112,285279,37971,employed,0,100,25706
23,1471100,803268,0,4176147,129151,299251,student,0,100,107736
21,898274,419546,1,3796426,34159,151400,employed,1,100,88913
43,819590,414838,3,1232330,380841,32263,self_employed,1,100,4782
42,859584,435804,3,4458214,228618,160803,employed,1,100,39032
38,1303550,801289,1,572276,401981,117412,student,0,100,20055
46,231910,196694,2,491575,229724,263320,employed,0,100,0
27,1126389,694576,0,1303877,165814,239840,employed,1,100,53199
37,1755231,764227,1,4656989,132122,41243,employed,0,100,171776
59,359261,123920,2,3833749,281172,110597,self_employed,0,100,0
37,1028883,542446,1,4513285,201190,183226,student,1,100,57049
42,1771593,712592,0,4649157,423964,55383,student,1,100,127007
24,838741,707261,0,4234738,226425,298511,employed,0,100,0
22,1985619,1879857,3,1504770,280036,97715,self_employed,0,100,0
24,1841812,1568432,3,3842230,36127,91268,employed,0,100,47450
64,585330,321959,4,3033039,323752,59589,employed,1,100,0
47,1261033,444744,4,3717872,317672,273064,self_employed,0,100,99723
45,1847512,1406167,3,2986247,340348,15830,self_employed,0,100,20199
34,994048,729890,0,459526,449419,113082,unemployed,0,100,0
44,166982,57391,2,1380402,284978,119611,self_employed,0,100,0
35,652308,530135,5,3757836,444695,276849,employed,1,100,0
37,229864,192154,3,1464606,419609,293729,student,1,100,0
19,958076,734422,4,4648585,157364,180612,employed,0,100,13257
62,1908641,1475357,0,1407684,342558,181201,self_employed,1,100,18145
39,748213,559927,5,143547,5638,289600,self_employed,0,100,36529
35,1120237,653656,1,2544431,88812,213927,employed,0,100,75553
25,691083,484172,3,4507254,42592,5861,employed,0,100,32863
28,772719,541612,3,4920167,112016,281425,employed,0,100,23818
40,467890,303913,2,1326279,262586,75902,self_employed,0,100,0
48,1642915,1137785,5,3056372,416039,101929,self_employed,0,100,17818
38,498286,278860,0,144937,350097,281128,employed,0,100,0
43,1570595,1163639,2,1050908,437300,253630,employed,0,100,0
61,1650602,738730,1,3504414,237432,47131,self_employed,1,100,134887
41,1644289,1405270,0,3897739,340800,171928,student,0,100,0
53,96652,82454,2,4898887,279123,283979,self_employed,1,100,0
53,1985504,1238180,1,4503359,131796,230022,student,1,100,123105
34,687106,427919,1,440299,168174,28120,unemployed,0,100,18202
59,198110,110818,3,1426646,297580,3260,student,0,100,0
64,647245,213417,5,3091054,288681,189818,employed,1,100,29029
51,891867,350612,5,4508626,400765,88946,self_employed,1,100,28097
31,381786,291843,0,3152302,347429,140434,employed,0,100,0
44,81593,32048,1,1006113,137591,277546,self_employed,0,100,0
42,1344919,763684,2,935678,81151,222901,student,1,100,100016
25,99730,52881,0,477282,21013,265367,employed,0,100,5167
25,564675,249977,1,4168042,91387,66162,employed,0,100,44662
63,506728,326204,3,1081150,59836,66495,student,1,100,24137
54,1607285,861498,4,2617678,444120,292840,employed,0,100,60333
37,301752,239499,4,2833320,388894,177869,employed,0,100,0
59,1240864,887629,5,3241666,194146,297198,self_employed,0,100,31817
35,946095,579340,4,1740646,415289,139721,self_employed,1,100,0
50,860517,580040,1,4529690,171596,128330,employed,0,100,21776
19,927802,538372,1,1944089,244559,220881,employed,0,100,28974
56,1790994,1449276,2,2094766,387048,295572,self_employed,0,100,0
23,474343,438420,4,748059,21815,194141,employed,0,100,2821
24,1107491,884270,4,422463,294262,287577,employed,0,100,0
64,1593101,1370239,0,3025109,228178,38557,employed,0,100,0
59,706014,571434,0,4720241,77550,55496,unemployed,0,100,11405
63,1019516,575973,1,2350817,74488,199447,self_employed,0,100,73810
20,402620,344321,5,1492041,145550,49095,employed,1,100,0
52,1595768,518093,1,4152475,327469,26712,employed,1,100,150041
58,167637,146784,3,555713,60018,119176,employed,1,100,0
48,75393,45651,5,2385533,457336,121473,self_employed,0,100,0
57,52416,26967,4,1603615,481008,124004,student,1,100,0
56,1622649,1040694,4,963442,110560,189766,employed,0,100,94278
31,1092113,815997,1,3020199,421690,124743,self_employed,0,100,0
53,967629,677283,2,4589970,54464,194542,employed,0,100,47176
37,1334192,936289,0,2714703,358322,283188,unemployed,0,100,7916
35,579997,211682,4,1691109,430988,217173,employed,0,100,0
45,1160151,897778,2,1575571,182935,280746,employed,0,100,15887
64,1060769,808940,5,1306530,94965,70209,employed,0,100,31372
55,1549016,581255,0,1784697,252246,67,unemployed,0,100,143102
55,688190,225955,5,2846879,391269,298089,unemployed,1,100,14193
51,892104,837525,3,1730683,365148,172036,employed,1,100,0
40,414216,325183,5,4556200,479887,104692,unemployed,0,100,0
49,793881,550758,5,1093064,153264,8764,self_employed,1,100,17971
32,299370,151350,1,4435711,461599,197435,self_employed,1,100,0
46,469429,224939,2,2376205,377451,225899,self_employed,1,100,0
55,401911,155938,0,4838957,26852,119803,employed,0,100,43824
28,816153,567677,1,1913566,106767,296936,employed,0,100,28341
33,1854778,1250842,1,1229226,9770,254266,employed,1,100,118833
61,1531676,1390880,4,1894426,47462,163003,employed,0,100,18666
55,1243176,880268,0,4988844,292205,297806,employed,1,100,14140
56,1333992,791654,1,4454708,357975,282950,employed,0,100,36872
61,1687245,1490242,4,4365430,480052,212976,unemployed,1,100,0
48,975065,681703,1,2532638,458599,145611,employed,0,100,0
22,826862,631941,0,2589393,38653,92198,employed,0,100,31253
21,1615550,1142733,1,1908478,433684,212720,self_employed,0,100,7826
43,57044,23395,3,1132711,476576,294893,employed,1,100,0
63,107165,40776,3,2520954,473530,126923,employed,0,100,0
27,435870,307712,3,1184519,87099,160518,self_employed,1,100,8211
44,326891,292274,3,1176017,474778,51784,employed,0,100,0
24,1503128,1392463,5,2593817,149108,138755,employed,1,100,0
22,217401,205883,2,4599642,261020,13597,employed,1,100,0
52,1914263,1624440,1,2881850,153955,74886,self_employed,0,100,27173
51,943291,506100,1,3570828,116983,268858,employed,0,100,64041
45,1969116,1375993,1,41422,456293,51324,employed,1,100,27365
52,1381782,961562,1,3824136,272049,14766,self_employed,1,100,29634
22,106825,69373,4,4954465,393631,118881,student,1,100,0
32,1900563,1486890,2,2814329,479533,232649,employed,0,100,0
50,363236,149104,1,961753,238747,272641,employed,0,100,0
45,1821152,769706,4,2611461,124082,99976,self_employed,0,100,185472
45,528772,483316,5,3076217,463088,273541,employed,1,100,0
37,1150801,973472,2,2914077,140005,239373,unemployed,0,100,7464
45,1874928,1560011,4,1047041,494873,225759,employed,0,100,0
32,280378,172157,3,1432947,145583,145794,employed,0,100,0
38,374513,250567,3,4788622,318777,50652,student,0,100,0
52,794426,561010,4,400327,170158,276916,student,1,100,12651
58,883415,433830,1,3950653,43582,6012,employed,0,100,81200
21,1129020,554984,2,4601218,466501,152800,employed,0,100,21506
44,1729349,720998,0,264493,161554,290722,employed,1,100,169359
62,1852725,1230442,4,1208501,192846,91252,employed,1,100,85887
27,417579,169656,4,1511177,359632,201998,employed,0,100,0
31,1562702,673125,4,4843622,84577,79228,self_employed,1,100,160999
64,596760,529115,1,2594009,491922,252092,employed,1,100,0
30,1286785,825954,4,4084593,292802,173676,employed,1,100,33605
19,1267152,890041,0,781160,346960,283788,employed,1,100,6030
60,465348,180225,3,1245062,43127,147702,employed,0,100,48399
58,519597,225474,3,951419,181734,11403,self_employed,0,100,22477
58,208508,75865,2,3919708,208842,261345,self_employed,0,100,0
64,1720175,819637,2,47800,467663,232864,unemployed,1,100,86574
62,259981,226965,3,2952790,297013,261217,employed,0,100,0
46,1216174,1067341,0,4659283,372573,14778,student,0,100,0
18,206995,152727,0,2052432,385254,292564,self_employed,1,100,0
34,1853918,1611416,1,3798019,252369,131755,self_employed,1,100,0
61,50375,21364,3,1362129,341367,211501,employed,0,100,0
45,1897409,751744,3,2373148,128086,232430,employed,0,100,203515
36,505757,403380,2,3843574,479408,283485,self_employed,0,100,0
50,1509120,1423510,1,4789566,186906,154808,employed,0,100,0
21,920417,705471,3,4448740,215095,272900,employed,0,100,0
43,474074,153631,2,2677380,476587,173137,employed,1,100,0
41,1781532,747386,2,3547917,231403,245821,self_employed,0,100,160548
24,277663,127968,5,2564480,24266,10253,self_employed,1,100,25085
60,1933278,1111232,2,4579215,286251,33144,employed,0,100,107158
43,383002,169904,2,3086725,271382,147679,self_employed,1,100,0
33,645850,219207,0,2228663,195033,185248,employed,0,100,46321
31,1014344,474624,4,154263,4393,103752,self_employed,0,100,107065
54,847146,447406,2,2937111,260543,128031,student,1,100,27839
29,853254,413270,0,4208719,466849,125233,self_employed,1,100,0
62,1554698,494507,5,4288872,73442,16519,self_employed,0,100,197349
28,1435283,1295986,4,3701731,328693,171923,employed,1,100,0
18,1479465,964468,0,271321,411562,9320,self_employed,0,100,20686
52,1999758,1702908,4,2122072,139109,17778,self_employed,0,100,31548
49,535243,165941,0,3497986,282323,132852,employed,0,100,17395
50,1952776,1597559,1,955962,485975,83111,employed,0,100,0
22,292841,221940,0,3680881,315615,286455,employed,1,100,0
50,475870,444992,1,4025903,19737,246373,self_employed,0,100,2228
19,809145,303052,4,1173067,36865,29301,self_employed,0,100,93845
50,597660,428954,3,3199871,466444,110864,employed,0,100,0
41,1894053,594296,3,4528532,196994,274704,employed,1,100,220552
57,1435327,763655,2,1678802,275558,136563,self_employed,1,100,79222
30,1275319,909614,5,4143988,469987,240406,employed,0,100,0
50,990116,896902,4,75965,243083,250189,self_employed,0,100,0
24,1096154,387918,5,2922297,348058,158535,self_employed,0,100,72035
52,1438729,889152,0,3902649,449783,169568,self_employed,0,100,19958
36,645777,293795,2,3009150,60173,120708,employed,0,100,58361
51,713036,314132,0,922418,228553,133126,employed,0,100,34070
51,377114,281854,3,698096,419304,229463,employed,0,100,0
43,609740,193729,2,834037,413045,123404,employed,1,100,593
23,237816,169003,4,3417146,496293,196017,employed,1,100,0
43,207300,84069,4,1738856,170443,212146,self_employed,0,100,0
52,323550,100166,2,3904229,187509,31771,student,0,100,7174
40,1822275,1190702,5,3733348,185383,15373,employed,1,100,89237
44,1265229,472000,5,4836266,455498,131996,employed,1,100,67546
27,1629468,1083539,2,805211,442417,116558,employed,1,100,20702
53,890654,429574,0,2193166,5825,182004,employed,0,100,91050
47,1519879,731414,0,1078845,24253,273555,self_employed,0,100,152842
51,764737,629754,4,1052534,6153,298406,unemployed,0,100,25765
56,1714374,1307511,4,1039137,305004,200037,self_employed,0,100,20371
50,62338,52240,2,1905823,248069,169477,employed,1,100,0
26,1222094,704230,5,1708745,494902,189013,employed,1,100,4592
18,1664053,620736,1,4074305,141225,218424,unemployed,1,100,180418
50,817665,651093,2,3474645,349756,33260,self_employed,0,100,0
24,1939426,1675002,2,724419,357525,44864,unemployed,1,100,0
26,1718089,1171977,5,559487,220590,242719,employed,0,100,65104
33,562939,249534,3,2482413,92050,173628,self_employed,0,100,44270
47,1948570,1555768,5,953757,120137,245260,employed,1,100,54532
35,327835,107775,2,3886656,412206,66745,employed,0,100,0
41,299430,156753,3,3901522,14554,95173,employed,0,100,25624
31,1811792,1003781,0,3764251,354037,104250,employed,1,100,90794
63,693933,357726,1,4537615,146313,53030,self_employed,0,100,37978
46,737142,673854,5,1238420,123692,154972,self_employed,1,100,0
54,1391334,1170054,2,1362088,120891,115446,employed,1,100,20077
55,656168,423071,5,3320697,482034,137514,student,0,100,0
36,196731,178601,0,3611760,490768,271825,employed,0,100,0
23,1787748,717674,2,1315998,12878,233817,self_employed,1,100,211439
22,1922283,697139,2,4887185,140842,110385,self_employed,0,100,216860
28,304346,167403,0,791303,132363,181816,employed,1,100,915
24,1018343,961411,2,2718473,365523,265712,employed,0,100,0
27,1077723,956376,1,741051,338047,124036,employed,0,100,0
35,807435,358696,2,1880123,468031,271692,employed,0,100,0
57,1580434,1429514,3,3152463,429437,140724,employed,0,100,0
50,309744,219986,5,72430,375503,26720,employed,0,100,0
32,353180,176927,0,4907415,194350,229376,self_employed,1,100,0
28,1766161,1468076,3,3112047,330963,174597,student,0,100,0
35,1548356,1326727,1,4449284,263857,50124,employed,0,100,0
46,212089,63696,2,3687640,31898,205890,self_employed,0,100,23298
20,249979,96880,0,2953458,139541,263802,unemployed,1,100,2711
47,229000,180249,0,1115072,272090,217616,employed,1,100,0
30,584159,407668,3,3990771,288652,175181,self_employed,0,100,0
43,1701795,799621,1,1485283,336570,134994,unemployed,0,100,113120
36,462895,221503,3,178412,229572,144328,self_employed,0,100,2363
28,515110,191718,5,1723927,261712,250279,self_employed,1,100,12335
22,278029,160634,5,2126725,429281,276038,employed,0,100,0
42,360153,122412,4,555082,437909,152307,employed,0,100,0
46,1837070,1367516,1,1249148,485085,294668,self_employed,0,100,0
39,642895,295402,2,4301235,337346,41426,employed,0,100,2029
62,1165414,1017121,4,4982377,11974,173112,employed,0,100,27263
42,242976,87887,3,2259021,280048,260110,unemployed,1,100,0
49,874241,655527,3,2300141,431374,10012,student,1,100,0
52,916375,793482,1,2570657,66630,148783,employed,1,100,11252
34,1924435,1458036,1,494208,442498,76476,employed,1,100,4780
43,1473175,1328845,5,205998,357532,263062,student,1,100,0
20,1003719,515469,5,3016219,399749,280387,employed,0,100,17700
53,639974,248234,3,2058721,112560,242413,employed,0,100,55835
50,628593,331412,0,3339390,184410,43313,student,0,100,22554
48,758405,521402,2,2343391,307648,35221,unemployed,1,100,0
24,1709360,1563636,1,1599062,475888,193695,employed,0,100,0
37,867421,426850,5,4065122,344757,248488,employed,1,100,19162
63,1641764,1223948,0,608708,221345,37930,self_employed,1,100,39294
60,322899,117983,3,3984878,220857,19857,self_employed,1,100,0
36,589097,279400,5,3947155,457735,29980,employed,0,100,0
62,1591969,642924,3,143039,377966,14018,employed,0,100,114215
57,1661300,1015233,0,281732,75352,225995,employed,0,100,114142
22,903696,821378,3,1470402,237198,46722,unemployed,0,100,0
49,883725,790786,2,1057759,485413,291364,employed,0,100,0
63,1495442,863817,0,167896,285450,195707,student,0,100,69234
34,717226,614990,2,1975713,404552,175910,employed,0,100,0
61,733834,425960,1,3252785,129306,151423,employed,0,100,35713
25,1353119,765708,4,4187264,223436,55335,employed,0,100,72794
52,1711494,1497432,2,972673,216651,211274,employed,0,100,0
23,983283,314535,4,2273737,162826,156496,employed,0,100,101184
61,1433958,1251077,3,3088273,137206,122386,self_employed,1,100,9134
21,886127,746597,2,3579916,117561,215781,employed,0,100,4393
51,973341,419116,2,4671893,348578,176571,employed,1,100,41129
18,723711,408270,3,4304094,34347,198715,employed,0,100,56218
45,109514,93457,5,934593,239288,39873,employed,0,100,0
44,1702213,1128127,2,4110122,452950,167727,employed,0,100,24227
38,1964762,1519735,3,4251574,307092,74231,employed,0,100,27586
42,1337484,537007,1,3419715,27260,52322,student,0,100,154643
41,843218,512708,0,768765,199579,243632,self_employed,1,100,26186
45,1125342,711474,5,4536622,244486,122452,employed,0,100,33876
19,1929929,697991,5,781214,489164,167343,employed,1,100,148554
24,224087,114551,2,1391431,56158,173086,self_employed,1,100,10675
28,288332,224060,1,4830911,183458,278066,employed,1,100,0
47,226217,92868,0,4707179,241488,186576,employed,0,100,0
61,100515,70754,2,2428981,141298,11451,employed,0,100,0
36,619260,215935,1,547101,403031,249035,self_employed,0,100,58
23,1960321,686667,2,3907311,144883,214075,unemployed,0,100,225754
58,1827729,1373627,0,1024300,430549,89311,student,0,100,4710
33,1250928,1182363,2,2325711,429263,6222,self_employed,0,100,0
36,427008,229022,3,176064,364132,278858,unemployed,0,100,0
43,470240,329270,1,739230,74629,112834,self_employed,1,100,13268
32,1315960,924421,2,1518570,343563,10469,employed,1,100,9595
51,1353058,560393,3,4812282,258816,21982,employed,1,100,106769
31,393270,358383,5,3818714,60145,177393,employed,1,100,0
22,1632539,1049773,0,3215800,47631,22934,employed,0,100,107026
55,367450,203580,5,3810166,468472,180315,employed,0,100,0
37,734052,284515,0,3369900,355186,134006,employed,1,100,18870
55,1054971,702095,5,4020642,300385,196061,employed,0,100,10498
29,748202,663395,3,4665122,327358,290374,employed,0,100,0
54,155622,98308,0,916578,38500,124386,student,0,100,3762
24,999838,380080,3,1590858,173753,130425,student,0,100,89200
51,1407798,676295,5,2106276,176602,96245,employed,1,100,110980
49,734540,691899,0,110795,102276,162221,employed,1,100,0
26,1336741,749744,4,1324303,492021,276263,self_employed,0,100,18995
54,845148,794708,4,3623228,379474,50249,self_employed,0,100,0
26,116221,76093,2,3794234,419978,53300,employed,1,100,0
36,1141892,869658,5,2698734,189556,145597,unemployed,0,100,16535
56,858632,380657,5,1517638,14244,115330,employed,1,100,92746
29,1772038,1668777,5,4816938,286398,264705,self_employed,0,100,0
25,1627994,497493,0,1828902,362730,226485,student,1,100,153554
29,747936,640848,4,1834125,274378,294450,employed,1,100,0
54,433118,323782,5,3054491,414004,125485,self_employed,0,100,0
33,1383245,1007670,5,1153856,51087,41694,employed,1,100,64897
58,248241,125345,3,557217,252382,90130,unemployed,0,100,0
20,1361374,573050,0,184763,106762,179861,self_employed,0,100,136312
25,496702,350404,5,3730584,433984,299668,employed,0,100,0
28,798812,714852,1,1349143,248110,68083,employed,0,100,0
35,1806060,835892,3,4343403,366160,168574,employed,0,100,120801
27,617972,509287,4,4451334,171887,5711,self_employed,0,100,0
50,1105086,395086,4,1194855,39984,57782,self_employed,0,100,134003
32,1604676,734884,4,3332248,407704,149792,employed,1,100,92417
40,1697546,570177,2,3647838,368694,70090,employed,0,100,151734
59,190335,104383,2,681356,30062,114832,employed,0,100,11177
29,1408265,1059816,1,847964,442738,114489,employed,0,100,0
45,1285497,799900,1,3052318,52330,119998,unemployed,0,100,86653
20,110663,71886,3,3809218,111257,249277,employed,1,100,0
18,1071961,722205,1,1937836,180897,52060,employed,0,100,33771
52,125663,55941,3,1155745,127105,72453,unemployed,0,100,0
18,901376,465813,5,719290,90895,296585,employed,1,100,68933
53,1430455,852083,0,1228412,452638,79174,employed,1,100,25146
47,768684,517269,2,3328498,376597,49674,unemployed,0,100,0
47,445857,379243,5,2330373,458837,226233,employed,1,100,0
27,275891,165590,4,4626786,232223,260330,employed,0,100,0
64,1521413,1216848,3,1734156,397509,90149,unemployed,0,100,0
58,1830471,689303,1,1172620,403073,121319,self_employed,1,100,147618
31,1930821,742121,0,2581097,426822,125997,employed,1,100,152375
41,441266,215037,1,857533,197514,167640,employed,0,100,5742
37,451085,228621,4,3205428,318857,275394,student,0,100,0
37,664259,469678,0,55595,278031,48859,employed,0,100,0
50,547601,242345,1,4485571,499762,143619,employed,1,100,0
29,1453864,569722,3,3052501,316032,11313,employed,0,100,113621
22,1914280,1377986,5,4130229,195874,154564,self_employed,1,100,68083
40,525739,498531,1,736804,193125,182286,employed,0,100,0
33,543174,513210,2,562193,274598,126313,employed,0,100,0
58,1483337,1333999,2,846593,450121,296378,employed,1,100,0
63,1672884,569357,0,3692983,263354,172051,self_employed,0,100,168034
44,173050,137883,2,4581809,101090,11115,student,0,100,0
26,399486,219601,1,538615,49996,995,employed,1,100,25977
31,973410,812252,4,148202,465641,22490,student,1,100,0
46,1460192,483972,2,4786372,249677,43772,employed,0,100,145308
31,281509,237596,3,2540927,212043,196360,employed,1,100,0
48,523843,368197,1,2133515,252971,183835,employed,0,100,0
24,1553185,546915,2,2876431,269815,28719,employed,0,100,147290
58,930025,858401,5,2660281,259714,110695,employed,0,100,0
61,1272478,1103396,0,3004125,271740,192526,employed,0,100,0
26,1570572,1174618,4,430353,40997,163856,employed,0,100,70991
31,1885420,1018086,4,1776666,430189,75442,self_employed,0,100,87428
36,108045,68208,4,286062,468426,56545,employed,1,100,0
51,1336982,424814,4,3942618,425057,192322,employed,0,100,97422
27,829089,610796,3,3138058,417176,123505,self_employed,0,100,0
64,893377,822800,2,4274200,460246,155269,employed,1,100,0
33,989210,437340,4,3171104,348999,127179,employed,1,100,40574
64,1589959,898153,3,3367127,258367,129799,unemployed,1,100,86687
54,169943,146188,3,4913983,470378,61594,employed,0,100,0
40,467277,160273,4,802624,399083,138856,employed,0,100,0
54,303687,154270,5,2973336,161585,19525,student,1,100,0
48,1233283,1124720,4,2633201,467193,299740,self_employed,0,100,0
19,1408458,1126552,3,4240052,414723,125419,employed,0,100,0
39,1624716,572872,3,996812,488893,203503,employed,0,100,112590
59,144310,86859,0,4076732,346583,67628,employed,1,100,0
21,1253111,793405,3,3844257,390203,232871,self_employed,0,100,13900
50,341736,266989,0,199822,484670,92035,employed,0,100,0
39,1455773,639589,5,1151429,96268,261287,employed,0,100,143983
48,638385,289264,1,3651409,420860,176063,self_employed,0,100,0
29,793433,677784,1,4584756,203752,173620,student,1,100,0
50,1941407,865628,0,3995157,389022,82322,employed,1,100,137351
37,688718,406973,1,2665962,384509,200938,employed,1,100,0
58,252035,189487,3,1831416,33599,225631,self_employed,1,100,5789
26,754284,483629,3,2331575,20877,184699,employed,1,100,49955
40,205321,183758,4,2277643,128595,111986,employed,0,100,0
50,386306,244241,2,2893975,63861,110577,employed,0,100,15640
36,1961877,853202,4,1011184,146916,19246,self_employed,1,100,192351
50,1071669,900808,4,1312761,18773,284669,employed,1,100,30417
22,1333719,1075281,2,1201819,277963,100866,employed,0,100,0
38,1644389,709475,0,961671,104258,190344,employed,0,100,166131
49,75515,60506,3,859728,21215,218542,employed,0,100,0
58,202953,103398,2,2767987,96132,202684,employed,0,100,684
36,468672,312811,5,4826042,434527,240971,employed,0,100,0
63,132468,123338,3,2855026,359243,291464,student,1,100,0
39,194062,63804,0,2639213,196315,258990,student,0,100,0
35,286651,117798,1,1040714,189914,51358,student,0,100,0
53,1546450,1073182,4,1519763,299606,209191,employed,0,100,34732
42,351228,116802,4,1017455,442307,280678,self_employed,0,100,0
53,1149865,427157,3,1503607,479300,119088,student,1,100,48681
33,1556466,1087102,2,4183098,163173,104803,student,1,100,61238
43,1330764,1127093,1,3310792,9004,64809,employed,1,100,38933
30,412985,270393,5,1561426,356360,181218,unemployed,0,100,0
49,1069371,450627,3,1389221,215816,159317,employed,1,100,80585
20,1205621,464649,5,1181592,32604,94478,unemployed,1,100,141673
53,1655057,1379343,4,4250267,230968,96689,self_employed,1,100,8949
54,1828515,1621499,3,4163552,459344,61119,employed,1,100,0
36,1137611,899334,3,742698,23122,179402,employed,0,100,43030
31,466209,206382,4,684652,421697,238217,employed,0,100,0
38,1939832,1025831,1,4268557,245727,110558,employed,0,100,133654
49,846493,490959,3,1897112,350261,145171,employed,0,100,1054
41,1788715,681057,5,1986270,345998,145667,employed,1,100,152331
33,1625389,755344,2,2373304,435432,69615,employed,0,100,86922
54,671803,518838,2,2761852,22913,71154,employed,0,100,26010
25,491359,397288,0,2161118,46925,175588,self_employed,0,100,9429
46,509057,213083,0,3246233,219375,39158,self_employed,1,100,15319
22,1442119,738802,0,1947533,300895,278232,employed,1,100,80484
31,649459,403525,2,467007,284518,53621,employed,1,100,0
41,958846,396773,1,2760353,24880,197919,employed,1,100,107438
27,506058,435740,3,2668947,333913,187315,employed,1,100,0
22,306188,152071,2,1733819,444909,271948,self_employed,1,100,0
62,1782945,822168,0,1940408,158347,182637,employed,0,100,160485
61,128022,112763,0,1602805,202969,144285,employed,0,100,0
28,1054810,778302,3,4459619,294691,174236,self_employed,0,100,0
50,107230,67888,0,3122074,412619,80736,self_employed,0,100,0
46,391677,144809,5,982791,464880,181563,self_employed,0,100,0
51,654915,258333,4,4447199,258144,280606,self_employed,0,100,27687
19,1560523,695197,1,864056,240473,20045,employed,0,100,124970
62,185420,81965,4,2826313,313686,70115,self_employed,0,100,0
58,489486,429064,2,2043680,364428,297440,self_employed,1,100,0
58,655144,597621,3,3710681,457337,157983,self_employed,0,100,0
41,431761,246527,1,4527769,187044,69608,unemployed,0,100,0
56,1490138,641352,5,1660822,284711,104281,employed,0,100,112814
38,1287607,615350,1,2097649,424155,106262,employed,0,100,49620
25,1495408,471395,4,3898528,360225,261728,employed,0,100,132757
27,1928649,848226,5,2623668,80181,255609,self_employed,0,100,200048
62,112475,34876,5,1437378,34664,96584,self_employed,0,100,8586
28,1490131,1378589,0,2269050,267730,141004,self_employed,0,100,0
31,1757186,1239459,5,4543743,49781,7352,employed,1,100,93589
22,1015864,749888,5,2894428,366829,259532,self_employed,0,100,0
42,1447331,511669,2,2141997,266456,269999,employed,0,100,133841
43,1576745,945500,0,3004729,10722,111411,employed,0,100,124104
55,778636,452079,1,4363534,344063,79076,employed,0,100,0
61,1432442,1208677,5,2048106,432852,99979,employed,0,100,0
62,289361,233403,0,4024823,73669,227396,employed,0,100,0
51,266135,151705,2,4062180,53360,36909,employed,1,100,12213
47,1342760,1037967,1,685353,391951,236192,employed,0,100,0
34,757071,269821,0,2525368,202519,273016,self_employed,0,100,56946
53,1738110,807949,3,2756552,259193,10250,employed,1,100,134193
50,635724,261051,0,2449491,290738,152228,self_employed,0,100,16786
48,68775,53062,3,3717218,190607,10518,employed,1,100,0
35,1184843,1035546,4,4152896,423517,75619,self_employed,0,100,0
29,440674,309416,2,1327631,195326,289738,student,1,100,0
23,236335,173062,3,3289295,232603,16598,employed,1,100,0
28,1788689,1223717,5,4249037,107209,84536,employed,0,100,91552
43,520923,356238,2,591218,450679,201037,unemployed,0,100,0
58,1675386,733337,4,2817940,316560,207731,employed,0,100,125097
25,1681286,524441,0,1738346,231379,85744,unemployed,0,100,185093
49,659448,280247,0,2741812,439215,81776,employed,1,100,0
40,1141297,579073,5,3851393,356247,143259,employed,1,100,41195
22,700853,392598,3,1059076,489423,260053,self_employed,0,100,0
47,1413134,1086521,4,2236648,364563,107330,employed,1,100,0
21,1061005,329036,5,3956618,462195,227679,employed,0,100,53954
54,1861309,1259652,0,2499291,80950,256589,employed,0,100,104141
64,1346696,661761,5,4232427,299545,50018,employed,0,100,77077
23,256355,106918,1,2402924,196636,131221,employed,0,100,0
39,1496669,725271,4,3912800,8823,206485,unemployed,0,100,152514
43,804538,433134,1,4319131,286703,217540,self_employed,1,100,16940
46,972439,829159,1,269351,269845,278404,employed,0,100,0
46,1701828,787938,4,733136,438675,108354,self_employed,0,100,95042
22,1090635,701312,0,3253928,204255,44162,employed,1,100,37013
62,1996558,1554964,4,1468662,496156,153096,employed,0,100,0
36,358740,323819,0,9438,352367,123784,employed,0,100,0
20,1392378,447691,2,303128,185302,257704,student,0,100,151876
57,1111715,894481,1,2380982,428856,182943,self_employed,0,100,0
31,1971606,905674,3,4001591,262753,64502,unemployed,1,100,160635
64,123778,104665,5,2212011,468683,274578,employed,0,100,0
57,558612,221179,4,3087254,150354,207580,employed,1,100,37415
57,337223,247880,3,3036741,411775,210502,employed,0,100,0
62,625214,487907,2,168079,149759,196624,self_employed,0,100,0
40,453496,289349,2,1024194,250256,291558,self_employed,0,100,0
44,138790,72711,1,4568048,438886,65520,self_employed,1,100,0
54,299277,120398,3,2321370,274942,250508,employed,1,100,0
30,551654,203124,2,4013954,373333,34767,unemployed,0,100,0
61,1613734,1276738,1,1248918,437513,208245,student,1,100,0
39,464608,157524,4,1308231,164727,206496,self_employed,0,100,28471
28,655946,445190,5,3521616,443473,91332,unemployed,1,100,0
32,831736,265156,4,1670089,6596,123734,unemployed,0,100,111996
46,1429602,857163,3,1441438,435712,163490,unemployed,1,100,27345
32,603500,235318,1,4817127,363225,149774,self_employed,1,100,991
42,1507273,1089665,1,2103705,274264,272676,employed,0,100,28668
38,313299,143895,1,919099,50289,132911,employed,1,100,23822
60,1248276,658805,0,1301326,493260,199911,unemployed,0,100,19242
26,290841,230965,2,910398,107750,135290,employed,0,100,0
42,760655,526661,1,4936277,150822,89046,self_employed,1,100,16634
45,1709533,1316490,0,282405,94381,33859,employed,0,100,59732
40,1988212,1496490,0,2551898,358027,6961,self_employed,0,100,26738
46,747769,656981,5,4926215,444799,216156,employed,0,100,0
47,1330183,1073904,4,56681,396691,105566,employed,0,100,0
42,545586,423126,5,2990718,208261,79818,employed,1,100,0
37,208723,71814,2,4708991,306065,106113,employed,1,100,0
52,644693,241828,4,3204378,420481,128094,student,0,100,0
18,1678526,1095854,2,3222436,353864,2227,self_employed,0,100,45761
63,1485402,765938,4,2334497,205180,144663,unemployed,0,100,102856
56,281827,178155,0,97978,151840,277642,employed,1,100,0
41,1838625,1422673,1,1140729,40373,149678,employed,0,100,75115
46,681181,348331,1,3284567,237696,269247,self_employed,0,100,19030
42,1157712,996656,2,1911215,486346,12731,student,0,100,0
36,1068623,618763,1,411454,363770,212055,employed,1,100,17217
36,348232,179350,4,2089281,239893,289105,self_employed,1,100,0
50,1866254,1181339,5,1873776,420419,276570,employed,0,100,52899
57,426165,269820,4,4554560,164628,285117,employed,0,100,0
40,994726,853525,3,4380601,122652,273113,employed,0,100,3709
56,967726,410554,5,3701282,38675,6798,self_employed,0,100,103699
52,637405,406153,5,3583178,412740,132791,unemployed,0,100,0
45,1755542,1452558,3,687320,74802,269349,employed,1,100,45636
54,877952,644638,1,269244,332826,89449,employed,1,100,0
58,1859285,1230390,2,1625998,282090,217691,self_employed,0,100,69360
20,140799,120003,0,4591131,164341,252142,student,1,100,0
61,1294988,1039423,4,3641164,173664,117939,employed,0,100,16380
29,464358,158340,3,4361656,29585,75432,employed,0,100,55286
25,458359,271045,2,2013189,11797,93892,unemployed,1,100,35103
51,1787420,1354352,0,4982019,464491,104884,self_employed,0,100,0
23,1048072,750219,5,4731251,338216,100213,student,0,100,0
64,1970149,1023738,0,1302116,498468,148617,employed,0,100,89588
19,1243594,727821,2,1391784,453997,71077,self_employed,0,100,12355
38,1635809,1030310,5,4408394,489617,116553,employed,0,100,23176
28,1964784,1136605,0,4512650,51988,104366,student,1,100,155238
50,139594,109178,3,2527295,78597,281648,employed,0,100,0
30,1841098,1141209,1,1586365,323483,284916,self_employed,1,100,75281
60,1114522,912215,4,2385699,115201,59249,self_employed,1,100,17421
32,1145668,681020,3,2736509,311758,199233,employed,1,100,30577
29,1552759,507994,3,1035,30573,199213,self_employed,1,100,202838
40,739899,635199,4,1662551,45322,153148,self_employed,0,100,11875
35,1649597,1281558,1,1497682,343321,267352,employed,1,100,4943
61,1241260,511218,1,683128,93914,258799,employed,0,100,127225
42,1596816,833462,5,1255273,350506,59013,student,0,100,82569
46,1782774,609748,0,2825739,410966,187109,unemployed,0,100,152411
37,202125,123810,0,2526054,194487,116064,student,0,100,0
36,846542,505349,5,2746785,183431,106440,employed,0,100,31552
55,1081984,451839,5,4414978,415806,8835,employed,0,100,42867
53,525096,220787,5,596016,194677,223831,employed,0,100,21926
31,1210225,555690,5,2553746,325165,76750,employed,0,100,65873
51,967849,736512,0,1731539,432058,44576,employed,1,100,0
59,1850828,949042,5,1909485,206803,5966,employed,0,100,138996
60,1486090,1006090,3,83110,402913,44647,employed,1,100,15417
47,1683917,767597,0,1487866,285465,48078,employed,0,100,126170
27,1370782,1177834,1,2182074,455616,60869,employed,0,100,0
61,1007724,757072,5,3519042,319980,193999,employed,0,100,0
25,258664,243731,5,3856197,455998,294144,employed,0,100,0
19,355913,307590,2,1296929,298327,159415,self_employed,1,100,0
60,888725,344541,3,1326131,16308,31267,self_employed,1,100,105575
39,1174851,891883,3,2627550,496936,11336,employed,0,100,0
41,634730,308163,2,3818177,14940,174288,student,1,100,62325
23,965779,663032,3,3574459,261130,295077,employed,1,100,8323
22,1026451,739923,2,804119,59015,120491,self_employed,0,100,45502
47,123067,97164,3,2567686,360989,237287,self_employed,1,100,0
47,1981000,1248984,2,4350022,310606,86395,self_employed,0,100,84281
49,490746,266392,2,3293747,204113,32583,employed,1,100,4048
20,1355193,1239207,1,114162,335000,200432,employed,1,100,0
29,470132,243465,2,1161198,128703,254356,student,1,100,19592
43,144385,70822,5,4930000,371182,156807,student,0,100,0
29,499051,251322,5,4955167,492219,138281,student,0,100,0
51,1211123,1012377,2,4858283,8586,180982,self_employed,1,100,38031
59,383780,273483,4,3733272,85619,198671,self_employed,0,100,4935
26,709010,297607,3,4449515,415663,96921,student,1,100,0
25,1331723,568444,5,4737330,311986,291221,employed,0,100,90258
39,1718880,640649,3,4244398,106477,31583,employed,1,100,194350
64,1684910,964938,0,4992608,216904,254173,self_employed,0,100,100613
26,235021,143314,2,2261975,388977,65084,employed,0,100,0
55,184744,97537,2,2313334,126495,296275,self_employed,1,100,0
41,879921,488815,3,1549349,155531,93635,self_employed,0,100,47114
29,1717630,1196670,5,921763,344309,67811,employed,1,100,35330
29,1015552,665880,0,349621,216174,175142,employed,1,100,26699
63,1222311,715290,1,3793231,444713,257924,self_employed,1,100,12461
35,1504305,936642,2,369688,190870,81654,self_employed,1,100,75358
34,1051238,856988,4,1141658,493655,57695,employed,0,100,0
57,767643,487798,3,4857884,302802,274859,self_employed,1,100,0
54,1422016,1311881,0,4713309,162249,223059,self_employed,1,100,0
48,1666855,1098670,2,4446898,357886,192565,employed,0,100,42059
26,1583648,811820,5,1999587,62033,190947,employed,1,100,141958
56,981140,896108,0,3637274,160142,109397,self_employed,0,100,0
49,91801,33393,4,1133382,485213,201251,self_employed,1,100,0
54,952588,826534,0,593416,303278,235685,employed,1,100,0
36,813882,308787,3,4912754,335473,101721,employed,1,100,33924
59,1654942,1187411,1,3137111,326369,252883,self_employed,0,100,28232
53,376861,330725,1,3794331,292777,176195,employed,1,100,0
20,1133628,418357,1,4662894,374310,194195,employed,1,100,68192
41,1786230,1696393,5,4110253,263849,83352,employed,1,100,0
53,1870367,1146960,5,3228050,193139,214522,employed,1,100,106053
43,1270886,786437,0,1324539,10028,77598,self_employed,0,100,94884
37,636160,332621,5,4597006,267029,140456,employed,0,100,7301
31,1804047,1004440,2,4013313,36027,269898,employed,0,100,152715
49,1246694,742889,2,4104077,273946,200851,student,1,100,45971
25,987487,411278,2,4222025,209971,202874,student,0,100,73247
54,1048304,645773,4,564702,150212,132464,employed,1,100,50463
54,660354,454299,2,2286480,497546,136088,self_employed,1,100,0
28,1581441,500687,3,3833393,55719,129402,unemployed,0,100,205006
23,52383,41078,0,1340001,495237,231136,student,0,100,0
54,757649,503658,3,4054533,96322,19580,unemployed,0,100,31533
49,1261805,468465,1,4016448,228425,230536,unemployed,1,100,112982
50,1431985,1213958,3,1448593,1959,17140,employed,0,100,43213
63,464183,289140,3,4281122,45430,235792,unemployed,0,100,25922
34,1144690,659946,3,3708266,121875,167435,self_employed,0,100,72573
51,868675,476947,4,1869378,336145,147170,employed,1,100,11116
52,648651,525468,0,1975426,478177,265630,unemployed,1,100,0
55,1397002,492631,5,4907217,248657,215826,employed,0,100,131142
39,1187788,900980,2,3692021,83201,115246,student,0,100,40721
61,1979327,1413502,3,2178162,213004,94923,employed,1,100,70564
55,391155,224992,5,346383,353335,179355,unemployed,1,100,0
19,1343469,1233832,1,1183634,157357,50245,employed,0,100,0
49,378373,248957,5,3310807,74491,273530,unemployed,1,100,10984
40,1433203,984978,0,630803,418164,178020,employed,1,100,6012
30,722316,574979,0,1563796,470973,110001,employed,1,100,0
45,909040,642204,3,2884979,113612,159119,self_employed,0,100,30644
33,111632,94649,5,4920702,244526,63783,employed,1,100,0
30,995760,446909,0,1465159,294330,170107,employed,0,100,50904
41,1537233,1246290,0,3183726,467417,69247,employed,0,100,0
21,596827,203714,5,2459018,362815,159214,employed,0,100,6059
55,1748766,1301276,0,4780342,460683,267916,self_employed,1,100,0
49,962710,905434,0,4335292,352651,265577,employed,1,100,0
63,1638866,1223911,1,3834640,360843,114258,self_employed,0,100,10822
62,908758,467330,1,1570635,458230,275576,employed,0,100,0
43,984828,619698,1,2285361,475755,95687,student,0,100,0
60,482134,455776,2,925029,146838,291908,employed,0,100,0
32,295435,180596,1,342826,227345,297355,student,0,100,0
33,603072,489730,2,4229017,49559,12839,employed,0,100,12756
18,1844063,771754,3,1938583,410158,268412,self_employed,0,100,132430
45,236554,200255,0,4086209,250842,284998,self_employed,0,100,0
34,823358,341386,1,2119969,194117,614,unemployed,0,100,57570
33,1628463,1540310,3,2217183,336423,172717,employed,1,100,0
48,526315,194773,0,175856,22188,61718,employed,0,100,61870
54,1777170,973998,3,808703,84546,167322,self_employed,0,100,143725
33,228083,172555,5,4484317,29298,84226,employed,1,100,5245
63,537035,421217,4,2476493,61885,21384,student,1,100,10786
21,1116736,557371,0,2244921,491321,222834,self_employed,1,100,13608
60,1264708,871090,0,2373461,17522,7907,employed,1,100,75219
41,731831,260007,2,1201407,268397,233433,employed,1,100,40685
44,1385535,447888,5,1192433,73848,201835,self_employed,0,100,172759
52,1932813,752521,5,3267343,158299,283553,self_employed,1,100,204398
51,1210341,675340,0,485575,384693,104253,employed,0,100,30061
38,485013,299571,3,1084033,92168,66208,employed,0,100,18654
62,1832600,667812,4,2968791,184865,213917,employed,0,100,195984
30,1918643,1123918,4,1089153,170555,64325,unemployed,1,100,124833
26,1307320,1165928,1,1173289,130970,132604,employed,1,100,2084
24,319899,219539,1,4032239,437691,273946,self_employed,0,100,0
61,1477598,739072,3,663555,232697,66699,employed,1,100,101165
46,1510037,637669,1,3238409,327192,135901,self_employed,1,100,109035
40,1414909,895771,4,3010162,203369,267487,unemployed,1,100,63153
35,823432,375465,4,4795158,421970,263294,employed,0,100,5199
41,1989470,1815746,2,3131597,479225,93083,student,1,100,0
22,764059,391839,0,3470231,422349,68457,employed,0,100,0
41,314589,103599,0,2886729,389881,155221,self_employed,0,100,0
38,1975185,1598578,1,309726,467751,283378,self_employed,0,100,0
61,1043233,849628,3,3994427,421202,166126,employed,0,100,0
46,1108074,973565,0,392078,459339,187967,employed,1,100,0
50,896891,746645,5,942683,48606,63438,employed,0,100,20327
27,928800,457981,0,4133332,112419,253255,employed,1,100,71679
58,1807995,1437878,4,4421709,274584,183373,self_employed,1,100,19106
38,1228648,1054028,1,4105990,138681,292416,student,1,100,7187
35,1960341,1665446,3,1125414,453180,84812,employed,1,100,0
47,677645,403547,2,1389765,413875,55478,self_employed,0,100,0
53,1327629,1004625,3,3803938,476797,27379,employed,0,100,0
50,626483,566493,1,869308,191237,75407,employed,1,100,0
30,886970,626747,3,1832073,496653,102376,employed,0,100,0
22,1125352,572854,5,3707240,472582,254772,self_employed,0,100,15983
23,1612980,568566,0,4854681,181212,296369,student,1,100,172640
37,446661,166472,5,2203764,490201,217826,employed,1,100,0
54,1300672,796351,3,1426289,262817,118488,employed,0,100,48300
29,1638986,1136116,1,4147143,243686,262387,employed,0,100,51836
29,382523,159293,3,1173402,122915,151821,employed,0,100,20062
30,1682655,710011,1,3458571,317046,4206,self_employed,0,100,131119
22,925655,347585,0,4921274,31794,248629,student,0,100,109255
37,214891,108937,4,3146383,280650,79980,employed,1,100,0
47,144314,97612,3,2866850,241611,213369,employed,0,100,0
34,273046,203607,5,3884154,254570,50930,unemployed,0,100,0
38,56015,49964,0,2710421,453352,98356,employed,1,100,0
21,450731,310024,4,730054,452054,271701,self_employed,0,100,0
39,558638,251511,0,1727066,212093,122969,employed,1,100,19006
24,1786121,1380302,4,4801781,407889,21930,self_employed,0,100,0
53,79853,70315,4,3843722,135092,68722,self_employed,1,100,0
44,1095756,478149,2,4279671,386803,44026,student,1,100,46160
31,456914,366805,4,1855846,464060,9063,self_employed,1,100,0
32,698876,576213,5,3241534,316569,191278,employed,0,100,0
36,1658634,827903,4,1040732,66902,89524,employed,0,100,152765
35,1844116,1152756,5,933614,467889,238472,self_employed,0,100,44694
50,1146680,653469,0,1436099,416263,277274,student,1,100,15389
26,272818,126256,1,4753168,52886,216216,employed,0,100,18735
33,809991,514382,4,3332850,375754,50660,self_employed,0,100,0
37,1812947,1574425,4,3879153,316638,285626,employed,0,100,0
40,1554764,538378,1,3207832,215954,192707,student,0,100,160086
55,1195880,1067249,4,4787258,479765,56607,self_employed,0,100,0
63,1915160,643374,3,2841317,167080,232083,unemployed,0,100,220941
53,1727941,1019463,3,2373668,60496,122390,employed,1,100,129596
23,728056,231013,0,839241,385456,254037,unemployed,0,100,22317
29,1625411,1251363,5,4358627,337080,47590,self_employed,1,100,7393
64,1710768,638811,2,1599595,155738,205279,employed,1,100,183243
39,1060692,894068,3,2168942,136478,109653,employed,1,100,6029
54,416758,368361,3,3344907,347408,12298,employed,0,100,0
33,718795,404017,4,1698192,130576,290648,self_employed,0,100,36840
41,749205,704891,4,3446536,418923,200285,employed,0,100,0
41,1248407,696976,3,2525674,492897,84639,employed,0,100,11706
27,1877354,1121335,3,4821230,322914,193696,self_employed,0,100,86620
47,98235,56253,5,355921,338186,180778,employed,0,100,0
30,1240370,811229,4,4036536,267475,213872,self_employed,0,100,32333
27,1519847,1364461,1,1126871,321595,262107,self_employed,1,100,0
43,807042,298700,3,4548487,193027,262241,employed,0,100,63062
22,840242,467507,2,4484714,345145,283454,self_employed,0,100,5517
36,361295,192154,1,707979,122242,102700,employed,1,100,9379
34,848559,309673,2,245735,339271,112527,unemployed,1,100,39922
18,1011166,813283,2,1693619,470259,208823,employed,0,100,0
49,857853,334589,0,4025984,130040,241779,self_employed,0,100,78644
56,862615,285017,4,2315396,135672,226761,self_employed,1,100,88385
55,1023470,954733,2,2266170,91646,85004,self_employed,0,100,0
18,1743803,1313487,3,3996641,167779,173748,employed,1,100,52507
28,1633559,1264902,3,79735,45603,219360,unemployed,0,100,64610
34,1641206,1105808,1,2839133,96338,70766,self_employed,0,100,87811
39,874541,359761,3,3096807,102909,58929,employed,0,100,82374
31,52391,33902,3,2963773,333587,161679,self_employed,0,100,0
61,1915381,1541638,5,4249508,25604,172586,employed,1,100,69627
40,356177,270878,0,1323777,484825,213880,employed,0,100,0
35,625470,448568,2,1964990,220501,205490,self_employed,0,100,0
36,1182575,418020,4,1550109,412086,298304,student,0,100,70493
44,1902665,1371681,1,492516,141337,186196,student,1,100,77929
35,558335,191880,0,170498,409265,101173,employed,1,100,0
34,1357446,1216947,2,195956,56831,148397,unemployed,0,100,16733
43,1391382,1189974,2,3553080,3657,201705,employed,0,100,39550
47,114608,36123,3,1343371,7767,174093,employed,0,100,14143
51,833958,366101,3,2588617,329779,198272,employed,0,100,27615
33,1899852,1272909,1,727402,412639,272469,self_employed,0,100,42860
34,353196,116265,4,2848204,444988,293620,employed,1,100,0
27,651261,580483,3,3969958,482422,187060,employed,1,100,0
47,1521775,1345489,4,1797041,336472,279268,employed,0,100,0
47,1203836,493448,3,2755181,332814,115587,employed,1,100,75514
43,826240,742250,4,10711,373606,212879,employed,0,100,0
24,1017791,770456,3,4357710,150196,106483,unemployed,0,100,19427
22,233516,140168,5,3522361,402849,27489,employed,0,100,0
38,1994843,1194026,3,1034809,274667,222311,self_employed,0,100,105229
25,852422,430184,5,308391,31375,10427,self_employed,0,100,78172
46,1062981,723611,3,428411,323886,239392,employed,0,100,3096
49,998773,690243,3,2339134,456767,83000,employed,1,100,0
41,1869009,767429,4,3996822,23531,73230,self_employed,0,100,215609
61,704534,432943,0,22292,267133,236691,employed,0,100,891
20,239223,88927,1,2331489,322249,244009,employed,1,100,0
50,1504141,1207046,0,2142727,49649,106605,employed,1,100,49489
21,1198039,978635,4,2733457,467838,287959,self_employed,1,100,0
28,1324557,1133983,1,3970454,28869,56334,self_employed,0,100,32340
45,1968133,648365,3,3701073,279789,133906,student,0,100,207995
54,1054021,772686,0,1983524,116708,147596,employed,0,100,32925
25,1225332,1065186,1,1597519,460395,203121,employed,0,100,0
19,1767192,915309,0,3577561,229625,229365,employed,0,100,124451
23,1575774,1284237,4,401625,52924,286045,employed,0,100,47722
49,1624680,493436,1,932530,17320,11910,employed,1,100,222784
53,1788943,1310279,3,1123618,89556,4139,self_employed,0,100,77821
36,1134811,517980,2,1599610,308268,204049,employed,1,100,61712
60,1312146,460328,3,3714835,304513,289212,employed,0,100,109460
58,1754138,1096579,2,286623,179248,186605,employed,0,100,95662
54,1620783,872412,3,4809802,81509,236440,employed,0,100,133372
35,182183,125308,4,2536204,450706,149308,employed,1,100,0
52,953432,816624,1,409075,261621,110411,employed,1,100,0
42,474980,263531,0,1937371,233960,225953,self_employed,0,100,0
57,858351,774553,5,1470816,211877,263764,self_employed,1,100,0
55,1284821,609668,3,2879642,179798,101050,employed,0,100,99070
57,1555491,1253179,2,4817895,394346,7736,employed,0,100,0
34,945589,677440,1,2183994,83052,128446,self_employed,1,100,37019
19,1072571,680976,5,495517,352656,261806,employed,1,100,7787
39,374879,221944,0,3000022,34437,102869,employed,0,100,23699
54,1669250,1492058,2,1420066,379573,220021,self_employed,1,100,0
63,542891,391664,2,4481517,484143,102799,self_employed,1,100,0
50,1896613,1014197,5,1574070,65963,220868,employed,1,100,163290
37,475209,313133,1,3482948,329786,41833,self_employed,0,100,0
57,818298,538694,4,1623810,266736,57341,self_employed,0,100,2573
29,1336614,1162914,4,2818217,54049,104784,employed,0,100,23930
51,479856,156923,4,1774221,481678,66211,employed,1,100,0
52,744918,436906,5,1741038,107354,184856,self_employed,0,100,40131
56,665691,420439,1,2085916,452117,258348,employed,1,100,0
19,611426,243821,2,4802703,488098,120707,employed,0,100,0
45,1728126,519317,1,1567832,377042,256065,employed,1,100,166353
36,1794884,540957,4,1973738,105729,158185,employed,0,100,229639
28,792132,744473,3,58811,389803,243993,employed,0,100,0
60,1119429,391057,1,4789664,394259,157130,employed,0,100,66822
31,1837967,659183,3,2907622,303276,35109,self_employed,0,100,175101
55,1698625,646793,4,808962,497853,243282,employed,1,100,110795
41,942749,888719,1,972812,12988,31222,employed,1,100,8208
19,1634664,1281606,1,4657177,107104,82890,student,1,100,49190
59,1603628,907071,3,357002,351824,89142,self_employed,0,100,68946
24,1449494,1364812,0,998742,85735,215608,self_employed,0,100,0
55,1878538,1247798,3,3365799,422327,101821,unemployed,0,100,41682
26,633315,522207,4,3408084,245864,52828,employed,1,100,0
50,1257220,438934,3,188113,307767,28813,self_employed,0,100,102103
44,1864180,1697450,5,2431434,390529,95433,employed,0,100,0
21,869433,799129,0,1389008,134667,48612,employed,0,100,0
50,726389,625640,4,886912,422513,226216,employed,0,100,0
25,1219149,493361,5,4127654,386129,113502,employed,1,100,67931
57,232371,70208,1,839135,324502,238508,unemployed,1,100,0
26,1637813,1447850,1,2626257,101429,287665,employed,1,100,17706
29,1517747,758309,0,4764085,389631,42554,student,1,100,73961
61,1943439,1041610,5,300140,160068,157491,employed,0,100,148352
28,638371,386666,4,314343,247828,215321,employed,0,100,775
33,134840,68292,4,1343407,132077,232506,unemployed,1,100,0
19,1789310,1228562,1,303123,248507,272242,employed,0,100,62448
64,1256192,706263,3,3124097,130963,20817,employed,1,100,83793
55,1399476,1085479,3,2379891,45775,224972,employed,1,100,53644
60,1191604,382193,4,189098,228485,124808,student,0,100,116185
54,303280,131407,0,191313,406842,72347,employed,0,100,0
63,1925549,1722491,0,3492092,47978,98611,unemployed,0,100,31015
20,1082691,356655,5,745716,402521,283632,employed,1,100,64702
52,1871105,1142041,1,3084407,390623,20506,unemployed,1,100,67688
64,1429966,597599,2,2718507,3042,198811,employed,0,100,165864
26,80209,64671,5,884097,147734,153346,employed,0,100,0
53,1014075,646790,0,1992242,235108,125358,employed,0,100,26435
24,988953,758685,5,2746602,162357,276192,student,0,100,13582
43,1243520,1043520,2,4612628,139376,231760,employed,0,100,12124
29,1977611,1558769,3,3481295,26239,175860,employed,1,100,78520
33,1733720,981195,1,4323181,247416,84579,student,1,100,101021
48,1412965,841874,3,2876154,333841,181018,student,0,100,47449
41,1415270,1027137,0,4076353,77097,280658,employed,0,100,62207
18,1196921,941144,3,4585375,411348,176201,self_employed,1,100,0
43,1331201,721367,4,2551333,364665,281165,employed,1,100,49033
44,1541140,1241897,3,4945167,239791,222825,employed,0,100,11890
22,424578,128734,2,1180086,223372,163178,employed,0,100,14494
55,1661728,1483688,2,3501571,486683,226193,unemployed,1,100,0
64,1675953,1151790,3,1720756,95501,200704,employed,1,100,85732
44,788283,526296,0,92831,21992,225937,employed,0,100,47998
38,993367,660354,2,1917780,68317,197733,employed,0,100,52939
32,972150,316868,5,1188621,190372,285232,self_employed,1,100,92981
29,343502,315033,1,214258,258679,281303,employed,0,100,0
28,1898598,1512567,4,2925170,426722,67924,employed,1,100,0
42,1753372,1341768,0,4865629,279860,240589,employed,1,100,26348
21,153992,116376,1,147683,258792,174688,employed,1,100,0
62,575164,375793,0,526422,218280,247083,employed,1,100,0
39,1077857,759611,2,3648183,179751,206347,employed,1,100,27698
60,1052545,948203,0,4285153,70677,146456,employed,0,100,6732
44,837033,447262,1,1729153,32997,5817,self_employed,1,100,71354
42,545183,375353,5,1817160,475724,209777,employed,0,100,0
41,426621,236240,5,677902,237903,79419,self_employed,1,100,0
26,631797,238301,0,778369,38476,2555,self_employed,1,100,71003
59,694650,273645,5,2187968,160913,106796,employed,0,100,52018
39,1679815,574524,2,2417647,60724,55390,employed,0,100,208913
44,375157,207638,3,4642650,334408,258179,self_employed,0,100,0
41,1568341,826484,1,945317,31879,202551,employed,0,100,141995
18,1750612,666020,5,2590959,49554,65688,self_employed,0,100,207007
18,796953,471723,3,2016307,440817,283703,employed,0,100,0
31,1053478,461922,2,2975248,208847,92067,self_employed,1,100,76541
59,678037,248014,1,3389501,347466,91745,unemployed,0,100,16511
46,744156,378962,3,4678449,35114,45114,employed,1,100,66015
37,209368,154569,1,4300609,178303,291808,student,0,100,0
50,1132789,367263,4,233534,309339,146596,employed,0,100,91237
62,1842911,1374759,3,1915726,300191,198821,employed,0,100,33592
56,937903,368373,3,4203888,207122,13053,student,0,100,72481
37,1755603,1563584,4,1231240,136454,100854,employed,1,100,11112
34,358406,130248,2,1987232,223383,142636,employed,1,100,954
47,1749467,742476,4,2540666,122134,163221,employed,0,100,176971
30,253570,113588,1,203456,11398,253003,self_employed,1,100,25716
39,1466446,1072371,1,1871752,156775,182205,employed,0,100,47459
55,1371724,1134728,1,10439,273575,270339,employed,0,100,0
55,1010901,651223,2,4974287,161124,268335,employed,0,100,39710
26,1272403,997186,4,4104807,334,85407,employed,1,100,54976
45,253007,221849,0,4449398,306070,85867,unemployed,0,100,0
40,1646020,1147127,3,663881,416334,253764,unemployed,1,100,16511
40,403134,202289,4,2100088,40952,70806,employed,0,100,31978
49,1600215,639313,1,2578070,474311,174009,employed,1,100,97318
34,824042,562542,4,4819818,462536,289318,self_employed,0,100,0
57,488076,411782,4,994039,110180,114765,employed,1,100,0
55,1413259,598851,2,3839488,312282,216022,student,0,100,100425
60,1175333,1116167,3,210831,101107,484,employed,1,100,0
45,1804557,690446,2,3957138,297749,17034,employed,0,100,163272
38,177355,57713,5,582561,88469,207523,self_employed,1,100,6234
62,77953,58141,2,639344,137619,155432,unemployed,0,100,0
58,1147151,616348,1,4342352,172180,27599,employed,1,100,71724
47,228989,168485,2,4307262,499213,145738,student,1,100,0
62,1358142,567228,3,1829819,429524,236269,employed,1,100,72277
36,1316862,554938,1,2884656,338453,260667,self_employed,1,100,84694
63,358226,224437,2,1972283,196768,129060,self_employed,0,100,0
40,1645888,1505042,1,750107,90189,44689,student,1,100,10131
23,539352,293413,4,3605068,216460,167128,self_employed,1,100,5895
36,1516841,526930,3,4162179,293489,88371,student,0,100,139284
21,1549787,1207556,0,1946191,279290,137223,self_employed,1,100,12588
40,987215,887946,0,754997,245461,26303,self_employed,0,100,0
22,1553882,833010,0,3329185,391385,9756,self_employed,0,100,65897
50,156187,93258,4,4354575,319700,191304,self_employed,0,100,0
29,1851061,1700107,2,3640061,447630,139160,unemployed,0,100,0
53,512873,403234,5,1298722,39114,40356,employed,0,100,14104
46,1427976,1049468,4,2741283,33660,255186,employed,0,100,68969
31,1130686,433631,0,773712,1291,52545,employed,0,100,139152
24,276386,187349,2,3959460,325637,84695,employed,1,100,0
60,837023,719033,4,2118690,233503,158665,student,0,100,0
59,1634639,1262327,2,355510,394486,76855,self_employed,1,100,0
37,1331949,500153,0,594565,212112,106932,unemployed,1,100,123936
64,963467,709448,3,3668288,290790,155014,employed,1,100,0
54,1095380,901627,0,2802624,142588,90087,self_employed,0,100,10232
31,760335,416722,5,2006761,395361,278525,student,1,100,0
51,659956,521471,0,4081145,133207,38991,employed,0,100,1055
58,1301464,992968,1,1732610,392856,34641,self_employed,0,100,0
58,1255406,647928,5,2608117,378299,260315,employed,1,100,45835
40,887372,694356,2,3331250,163963,285886,unemployed,0,100,5810
56,1513036,1082969,1,3321934,48446,297869,self_employed,1,100,76324
57,1687313,848397,4,2142920,76245,240080,employed,0,100,152534
22,1819295,1179759,4,1660001,411926,130616,employed,1,100,45521
50,752933,449483,0,1665048,26197,94998,employed,1,100,55450
61,955065,317901,5,2587847,432083,224596,student,0,100,41016
27,1099257,817781,1,3256385,218796,291157,self_employed,1,100,12535
27,1526175,593135,1,1443589,238667,46297,employed,0,100,138874
28,1115363,510247,3,379744,371024,248732,employed,1,100,46818
36,189340,174734,3,3969417,388020,145606,unemployed,0,100,0
52,604285,271920,0,3548157,469628,291445,employed,0,100,0
32,199182,110488,5,4366788,472602,185994,employed,1,100,0
44,1035872,957086,5,4100968,185792,172419,employed,0,100,0
22,1110724,874905,4,924246,232935,67528,employed,0,100,576
62,1773028,1316186,3,4353200,477996,272687,unemployed,1,100,0
30,860515,717278,1,4284462,420791,196621,employed,1,100,0
62,1353345,458243,1,2338396,209920,85024,employed,1,100,137036
40,1675430,1468750,0,3235585,346660,92274,employed,0,100,0
33,1773023,822602,2,416725,157133,148689,self_employed,0,100,158657
53,812748,324961,2,1190433,357619,206969,employed,0,100,26033
27,1849382,1551967,4,1458243,35957,260009,employed,1,100,52291
49,1079642,520658,5,2077897,171946,225612,employed,1,100,77407
62,1716498,781116,5,2774855,452546,97389,self_employed,0,100,96567
20,88329,71905,0,3141285,402734,25407,self_employed,1,100,0
59,1949246,655378,3,3988058,487189,218487,unemployed,1,100,161335
54,1544014,539644,4,2273053,192870,194801,student,0,100,162299
25,1252165,1037348,3,1004866,152847,295661,self_employed,1,100,12393
18,1167329,668024,5,2583078,391623,109813,employed,0,100,21536
36,1404092,1193678,0,2410463,21144,216436,employed,0,100,37853
25,1215018,987900,4,3485993,252176,22338,self_employed,0,100,0
40,531712,352229,5,2444976,145240,217481,student,0,100,6848
18,899656,708217,5,184919,197203,155609,unemployed,1,100,0
47,1770474,695936,4,2658460,161550,57521,self_employed,1,100,182597
61,256489,108687,3,4744143,114182,130664,student,0,100,6723
21,780587,661710,2,2546464,245653,197536,employed,1,100,0
38,1235899,644926,2,2653154,253343,21539,self_employed,0,100,67525
38,358064,108572,3,4088996,376664,51768,employed,0,100,0
54,949641,873363,1,669072,298510,1531,employed,1,100,0
37,1042356,794989,1,3132295,84087,189217,student,0,100,32655
45,809890,688000,4,2822444,72969,241097,employed,0,100,9784
42,1802328,1609993,3,4054562,289412,86010,employed,0,100,0
50,1275735,906156,2,4999626,192336,156246,employed,1,100,35448
32,1448611,908285,0,3244818,483973,292797,employed,0,100,11270
50,1107627,440873,1,4901681,32898,38928,self_employed,0,100,126771
20,97639,41256,0,1257548,353822,48094,self_employed,0,100,0
33,839716,497869,2,3847649,466730,270689,employed,0,100,0
60,1794428,616119,3,4026451,152903,149568,employed,1,100,205081
64,702987,570392,1,4920739,109728,161272,employed,0,100,4573
43,1903961,1262286,4,3908318,478587,258147,self_employed,0,100,32617
46,1468103,1324118,0,3080222,114454,68548,employed,0,100,5906
38,1715803,1211479,5,3307025,314666,100589,self_employed,0,100,37931
48,679050,632822,5,161725,226571,247053,employed,0,100,0
49,466593,224518,5,591649,335625,125153,employed,0,100,0
25,1124302,593005,1,3217941,84384,39769,employed,0,100,89382
60,1334199,767377,2,2039111,323340,177758,employed,1,100,48696
24,710246,349419,1,3732444,74994,209259,self_employed,1,100,57166
24,1374965,1123587,1,3906965,350127,253036,self_employed,1,100,0
45,1230895,796133,3,2535041,16244,2069,student,1,100,83703
59,1925815,1147449,3,2810056,456069,256821,self_employed,0,100,64459
36,1611437,961438,4,3702425,424727,16647,employed,0,100,45054
44,1564550,1297612,3,1824442,428826,70386,self_employed,0,100,0
37,689092,314685,5,3321855,434139,250042,self_employed,1,100,0
53,670340,340935,2,3132344,380350,97877,employed,0,100,0
63,671706,607362,4,2087466,181090,252414,self_employed,1,100,0
48,700188,390858,0,4122669,141591,21366,employed,0,100,33547
19,720460,682400,4,3857664,479030,259519,employed,0,100,0
38,953462,557089,3,3893165,132105,161975,employed,0,100,52853
58,625582,359502,4,4624512,316563,95169,employed,1,100,0
51,1443423,989803,4,1651511,258453,235128,self_employed,1,100,39033
48,966637,821971,1,4149559,189612,174470,employed,1,100,0
27,1959260,1503795,5,3476015,300083,201340,self_employed,1,100,31076
22,277447,220590,1,303239,469266,253580,employed,0,100,0
53,220843,206482,1,4921637,122769,24863,employed,0,100,0
47,1306819,1068480,4,3066103,11633,118174,employed,1,100,45341
40,266945,161155,3,1223943,59599,290519,employed,1,100,9238
56,902661,656093,2,439205,233545,245370,self_employed,1,100,2604
26,1132614,951181,2,4797917,397871,253510,self_employed,1,100,0
37,250337,102677,0,3281262,278597,35441,self_employed,1,100,0
52,1812555,953308,2,3009211,343789,57766,employed,0,100,103091
23,1315874,912039,3,2105227,405166,247670,employed,1,100,0
54,79315,43388,2,2196679,255884,54891,self_employed,1,100,0
62,501327,168024,4,1174383,164359,200461,unemployed,0,100,33788
62,617742,562888,4,4340282,333783,143425,student,0,100,0
19,725620,472309,1,867650,326739,167629,student,1,100,0
35,110707,78884,0,3465639,225112,259298,employed,1,100,0
22,1661923,1275754,2,87183,322052,19160,self_employed,0,100,12823
31,304413,98521,4,231217,250563,169070,self_employed,0,100,0
36,1067874,446562,5,1767819,497369,136807,employed,1,100,24788
62,1244662,1104354,2,4676907,61474,266523,student,1,100,15766
27,847190,687661,1,3738071,485902,49176,employed,0,100,0
49,1299562,445683,0,3104370,327074,253894,self_employed,1,100,105360
42,1205187,978603,1,4621552,340594,252834,self_employed,0,100,0
63,1413532,1250767,2,3524813,411509,10835,employed,0,100,0
50,384432,157071,5,3431185,420938,163089,employed,0,100,0
18,1763788,600952,2,4371179,188576,206482,unemployed,1,100,194851
52,1061965,914319,1,4705447,337319,24833,employed,1,100,0
56,1151025,794795,5,2061654,92995,142043,self_employed,1,100,52646
44,1555059,1467193,3,1784206,52155,188750,self_employed,0,100,7142
27,587699,445722,1,1659317,196500,150621,self_employed,1,100,0
51,574311,363084,4,2168002,220482,32519,employed,0,100,0
22,1557391,715821,3,4328826,66420,139882,employed,0,100,155029
32,772170,582874,3,1807286,86239,291451,employed,1,100,20611
50,1660336,581069,2,3254951,424226,270326,employed,0,100,131008
41,518120,295421,5,3495817,147584,29937,employed,1,100,15022
40,1603237,842227,1,589110,350840,72451,self_employed,1,100,82033
18,152026,105187,1,2525036,351761,286599,employed,0,100,0
31,206608,91789,4,3524414,466426,95602,employed,0,100,0
45,913013,370596,2,2194655,498437,282785,employed,0,100,8795
55,1115819,443217,4,232778,192274,252489,employed,0,100,96065
62,168104,84362,3,4006391,232606,285084,self_employed,1,100,0
28,1594847,1373569,5,1520665,74543,115267,self_employed,1,100,29346
26,62718,35008,2,4119709,447547,46882,employed,0,100,0
38,762584,670562,2,4083639,273463,175387,self_employed,1,100,0
24,1481316,1164008,2,2997892,18096,203797,employed,0,100,59842
24,531677,406741,1,715903,170375,239673,employed,1,100,0
44,1283632,1025859,2,1236715,161861,195634,employed,1,100,19182
46,139620,87608,4,4847359,176998,102169,employed,1,100,0
28,378361,179681,4,91759,468950,81541,employed,0,100,0
22,1156708,481325,4,1192847,225987,213199,self_employed,0,100,89879
60,1683601,1048878,3,1675391,441964,192454,employed,1,100,38551
29,1215714,661488,3,2756136,284811,62854,employed,1,100,53882
44,483939,352109,3,3667567,282254,201764,employed,1,100,0
18,382802,201706,5,3660580,323762,170619,employed,1,100,0
25,66034,22263,1,797217,425923,116895,unemployed,0,100,0
50,830626,453932,5,3909906,19849,31285,self_employed,1,100,71368
54,784094,686006,2,714289,436765,279222,employed,1,100,0
59,820705,623005,1,584102,69734,180820,self_employed,1,100,25593
19,1225445,675079,3,1448020,418989,89935,student,0,100,26275
50,358024,156391,1,1464847,319947,32660,employed,0,100,0
21,254508,170018,5,2177441,173865,172011,student,1,100,0
52,1315978,1194792,2,3481902,220326,67966,self_employed,1,100,0
39,1443466,977366,4,4459347,445191,130007,employed,0,100,4181
56,897120,787761,4,2161394,456890,201762,employed,1,100,0
22,98906,75036,3,1642050,223676,171950,employed,0,100,0
25,1917649,725106,1,1718687,129861,27420,employed,1,100,212536
52,451289,341576,4,390315,439165,187834,employed,0,100,0
51,187429,130082,1,3405179,237136,230926,self_employed,0,100,0
58,1638526,875489,4,1899198,143062,116560,student,1,100,123994
37,1478717,1360131,1,392182,306481,70791,employed,0,100,0
35,1981894,1019370,4,3923981,180102,35880,self_employed,0,100,156484
56,1901074,674383,1,4674850,334688,165248,self_employed,0,100,178400
44,597493,275424,0,3631769,196020,145823,unemployed,0,100,25209
36,894850,522253,2,3995267,134,235010,employed,0,100,74492
26,1651403,1450576,1,1371457,295263,236879,employed,1,100,0
37,885349,282128,5,2879345,277747,8632,employed,1,100,65094
24,805560,659189,1,2900353,334172,118585,employed,0,100,0
33,575794,276310,5,4076597,333213,52602,employed,1,100,0
31,1356111,937885,5,2408259,306295,257123,self_employed,1,100,22386
26,1543050,842566,3,3733267,402508,106979,employed,0,100,59595
24,1802270,849740,1,2209366,472629,81305,employed,0,100,95980
38,1821508,1147228,1,630751,180517,153776,employed,0,100,98752
62,1182901,642799,3,1908500,404718,220108,employed,1,100,27076
47,1187161,659600,0,4277984,440058,258759,employed,0,100,17500
31,1215600,491924,1,3103910,317265,161547,self_employed,0,100,81282
50,1791526,703016,3,4790200,385053,295849,self_employed,0,100,140691
44,1925320,904475,2,2230874,482772,20864,employed,0,100,107614
30,1261653,861050,4,4650374,136421,257962,employed,0,100,52836
19,1231854,556129,2,3058667,280349,130094,employed,1,100,79075
46,1191785,956609,0,985014,468241,72649,self_employed,0,100,0
24,1809119,1500666,2,2549343,303933,174911,employed,1,100,903
30,1239667,502044,4,3757996,226913,24787,employed,1,100,102141
32,1810988,1692286,0,4206436,178460,30897,unemployed,0,100,0
62,165414,78269,2,3396701,38448,105547,employed,1,100,9739
36,359195,124747,2,2551801,179628,87508,unemployed,0,100,10963
26,1012083,592019,1,2776232,99250,287401,employed,0,100,64162
59,969596,405315,0,3907241,43155,31402,self_employed,1,100,104225
63,664424,538093,2,1563565,61854,264308,self_employed,1,100,12895
27,824511,308975,5,4518630,270382,281820,employed,1,100,49030
20,997607,612876,4,3249858,437330,63152,employed,0,100,0
34,50218,17796,5,2157697,255244,193922,self_employed,0,100,0
27,767792,678853,2,698973,62764,134664,self_employed,0,100,5234
42,752354,376621,1,1816822,493637,47481,employed,0,100,0
60,977168,684910,4,2663821,339256,208651,self_employed,0,100,0
18,556268,430625,3,2869391,296406,136675,employed,1,100,0
37,346028,111026,1,1184619,210843,198166,self_employed,1,100,4831
40,1692796,927624,2,1136763,332544,145295,self_employed,0,100,86525
33,1976845,957034,5,1618481,147830,34642,self_employed,0,100,174396
59,365690,239514,1,2857456,433462,170721,employed,0,100,0
52,307552,246389,1,3014349,340721,208024,employed,0,100,0
63,1477046,568488,5,3030154,82878,164584,unemployed,0,100,165135
31,895755,545388,4,1419191,419814,19625,employed,1,100,0
29,790829,304241,0,3176931,375657,230515,employed,1,100,22186
21,1149288,934925,3,1514268,21303,158020,student,0,100,38611
53,1911216,1548582,3,716718,27370,27009,self_employed,1,100,67052
53,326257,168010,0,4854053,244663,82293,student,0,100,0
38,1347064,691357,1,1477669,462823,78131,employed,0,100,38576
18,1266653,873363,3,2408027,367200,268953,self_employed,1,100,5217
40,957119,907571,4,1833287,360623,201181,employed,0,100,0
33,1469515,1377432,2,400094,67476,99871,employed,0,100,4921
31,1466504,740858,4,366645,252236,212335,employed,0,100,94681
58,393961,330623,4,1276612,382416,174561,employed,0,100,0
30,1280353,646658,2,4129766,253150,143507,employed,0,100,76108
19,169699,107325,2,3652215,434255,62922,self_employed,0,100,0
30,1090582,349656,4,4784596,492975,237816,employed,1,100,49590
24,620141,565117,3,528788,26599,114307,employed,0,100,5684
31,716608,557223,3,4725825,387775,125066,employed,1,100,0
36,1136620,980319,4,626020,280364,51220,student,0,100,0
23,1238716,820839,5,2461765,117164,296106,self_employed,1,100,60142
31,499601,171136,5,960787,481680,253802,student,1,100,0
43,183259,107289,2,2485099,112839,275538,self_employed,0,100,0
29,1333988,718726,4,605544,401193,51494,unemployed,0,100,42813
41,1095961,695886,1,4711979,177624,242328,employed,1,100,44490
39,620913,271119,1,2668277,166335,205936,employed,0,100,36691
63,1900405,1128026,1,3388328,303582,119388,employed,0,100,93759
59,83376,26607,1,2430104,494710,54335,self_employed,1,100,0
38,1622933,644170,2,4698162,487131,186749,employed,1,100,98326
64,1494539,1294934,1,1069161,135347,82081,employed,1,100,12851
47,1669796,911139,1,2640588,392487,24887,employed,1,100,73233
21,489672,283457,2,2463899,92479,128579,employed,0,100,22747
46,1227271,653160,0,1562858,4453,157843,employed,1,100,113931
57,1787402,1257326,3,4590892,256647,191994,self_employed,0,100,54685
55,569095,172553,3,4610258,417903,59949,employed,1,100,0
28,673707,617422,1,3821673,187371,170098,self_employed,1,100,0
57,833161,550083,1,3029484,394610,88880,self_employed,1,100,0
61,785560,430195,1,4210656,137650,164489,employed,1,100,43542
33,1496100,1288378,0,1873860,326977,192897,employed,1,100,0
42,1359033,846403,4,2949133,217672,19892,self_employed,1,100,58991
21,1954457,704377,0,139597,478513,277329,employed,1,100,154313
27,1037446,926800,2,4561154,91155,153371,employed,1,100,3898
51,61631,33976,3,2510851,30787,99971,employed,0,100,0
33,1930914,1297101,1,2829740,301410,25171,student,0,100,66480
21,401093,366541,3,3207878,375611,299354,employed,1,100,0
35,717935,353097,0,4563726,297269,113787,employed,1,100,13513
62,1038939,431885,1,2843099,90559,107392,employed,1,100,103298
36,1171943,1010792,3,207435,162602,154444,self_employed,0,100,0
49,59641,38129,4,2098960,384671,128949,employed,1,100,0
30,1456656,1095184,2,431877,352761,289698,employed,1,100,1742
36,423422,157478,1,706738,41096,12358,student,0,100,44969
26,1803714,1357391,1,2953131,76406,210215,employed,0,100,73983
49,456442,307254,4,4417071,269950,195248,employed,0,100,0
41,1231686,631934,5,4919682,299805,287711,student,1,100,59989
53,1174649,1001094,1,1211403,149296,243785,employed,0,100,4851
43,965573,578727,3,491317,293120,233234,employed,0,100,18745
21,1142320,646210,1,1718271,1072,294701,employed,0,100,99007
47,1994237,836006,5,3011648,325599,76045,self_employed,0,100,166526
50,1570373,731033,5,3988722,354212,253947,self_employed,1,100,97025
50,289372,138207,1,2577477,393277,209885,employed,0,100,0
48,581957,328088,4,4962062,365329,159027,employed,1,100,0
32,399468,249885,5,2159923,67173,4369,unemployed,1,100,16481
29,193745,182835,1,238484,108501,139797,self_employed,1,100,0
28,657733,430325,1,3808545,463414,225140,self_employed,0,100,0
58,492040,297016,1,4186568,499538,188739,employed,0,100,0
62,1707023,1221926,4,207879,125561,45016,employed,1,100,71907
40,472695,373958,4,1908424,274409,15976,employed,0,100,0
30,241370,226068,5,4255594,283252,177415,self_employed,1,100,0
51,1408130,1335980,3,1384278,118740,138881,self_employed,0,100,0
44,1901570,1634552,4,3568214,233392,224639,employed,0,100,6725
53,723275,236983,4,1133126,393853,236633,self_employed,0,100,18487
27,883738,289204,5,2622167,69055,47919,employed,1,100,105095
63,1812270,924298,1,3230390,471736,253077,employed,1,100,83247
39,1206996,1042984,3,3220897,254886,92044,employed,0,100,0
40,1835520,1459008,1,4997835,107587,134884,self_employed,0,100,53784
51,820242,581606,3,3887877,215694,129156,employed,1,100,4588
26,684961,291326,2,2264448,281867,49415,employed,1,100,22353
19,1724333,1606136,1,1418376,179279,189991,self_employed,0,100,0
37,258625,228649,3,2826793,11327,201754,self_employed,0,100,3729
25,1715428,1532996,5,3905536,297948,176467,employed,0,100,0
45,1889946,1190733,2,3628495,328664,178773,employed,1,100,74109
37,1767196,952735,2,4077641,408268,37331,employed,1,100,81238
61,1149508,820906,0,1615500,412051,29171,self_employed,0,100,0
24,1025948,745448,0,4218433,218145,219431,self_employed,1,100,12470
26,294283,265673,0,3956115,226450,167999,self_employed,1,100,0
49,740754,497401,2,2314742,269174,17124,unemployed,1,100,0
49,1257439,1095482,3,2052932,321789,277497,employed,0,100,0
62,574825,290314,5,2622873,125002,100333,unemployed,1,100,31901
46,1212755,397323,5,1153347,442459,72568,employed,0,100,74594
44,511668,298627,3,2622840,199058,256131,self_employed,0,100,2796
44,666537,286561,5,1506790,368849,253467,employed,1,100,2225
32,883893,712181,4,4747998,2224,276620,self_employed,0,100,33897
49,1140958,939127,1,2337275,67356,280215,employed,0,100,26894
19,926948,749882,2,4465411,391443,102561,unemployed,0,100,0
32,1780747,1069934,4,2598909,398619,119946,unemployed,0,100,62438
61,1655416,1457370,2,2905144,47239,8038,employed,0,100,30161
61,1857308,1095108,0,1531786,320359,288808,student,0,100,88368
28,934044,644445,5,3557128,50599,2881,employed,0,100,47799
26,864501,379298,2,1278071,250029,252617,student,0,100,47034
20,1300361,410282,0,3006013,389047,271580,employed,1,100,100206
49,953185,660455,0,1912052,404834,128459,employed,0,100,0
51,1345567,974878,5,3493775,56900,16845,employed,0,100,62757
21,948804,857604,3,3028689,401064,177676,employed,0,100,0
46,905855,769186,0,2595487,148184,262878,employed,0,100,0
64,454298,365446,4,3743066,466387,190748,self_employed,1,100,0
32,808617,610663,1,3127560,96454,16172,employed,1,100,20299
28,1003192,582554,3,4638986,346139,267200,employed,0,100,14899
59,1644944,1016034,3,4712374,302360,193846,unemployed,1,100,65309
54,1391663,1122481,5,2735324,469431,140496,employed,0,100,0
64,280124,112955,3,292101,333625,282333,unemployed,0,100,0
27,347721,266479,1,3489360,65755,20189,employed,1,100,3097
32,1849104,1305864,5,1403097,72565,169104,employed,1,100,94134
28,1524355,679630,2,3889680,46053,134239,student,1,100,159734
61,301311,177645,3,4284648,279628,89345,employed,0,100,0
27,1017302,822453,0,2695041,280797,142828,employed,0,100,0
33,1826829,685373,2,1688265,86118,15662,employed,0,100,211067
40,194781,137450,3,497444,45639,85014,self_employed,0,100,2338
28,1652664,947936,3,2953426,177474,158701,unemployed,0,100,105450
22,401889,186020,4,2284936,128847,18469,employed,0,100,17404
31,1160668,1020716,4,4406250,184783,71871,employed,0,100,0
59,715048,436465,4,763893,312790,245257,employed,0,100,0
40,743603,700551,5,249331,36233,147842,employed,0,100,1363
38,1413453,1007547,3,3255609,109829,98909,employed,0,100,59215
48,271840,139966,3,4692467,374098,280995,self_employed,0,100,0
30,1082822,535551,4,4235760,236581,158153,employed,1,100,62137
41,1800948,1352370,0,891758,332249,79396,self_employed,0,100,23265
36,1870637,984873,4,2106851,221585,211562,employed,1,100,132835
21,248281,167673,3,2691809,73306,233471,employed,1,100,1460
24,266143,177774,3,2846381,277651,216359,self_employed,0,100,0
35,103485,32089,1,4580923,433541,97517,unemployed,0,100,0
62,1058353,794201,0,2661132,102992,186797,self_employed,1,100,32231
56,1309286,875419,2,528592,120861,260857,employed,0,100,62601
42,878486,726255,0,2877789,215154,145102,employed,0,100,0
29,56818,51727,4,3946258,50703,284101,employed,1,100,0
34,1548065,955921,5,696895,76952,102579,employed,1,100,103038
25,933534,750857,4,4057498,137650,71232,unemployed,0,100,9005
20,503305,304390,0,1493887,156943,22263,employed,0,100,8394
62,933626,457506,5,4789756,334917,52210,self_employed,0,100,28240
56,1200359,1063021,1,4681838,229284,129969,employed,1,100,0
55,1853302,1298860,1,486034,251071,21480,employed,1,100,60674
48,963466,326982,2,1791034,26566,96882,student,0,100,121983
52,533360,483973,4,576123,32187,128023,unemployed,1,100,3439
53,614001,350713,3,2478746,227560,174819,employed,1,100,7145
49,559462,410906,2,3485642,181215,271825,employed,0,100,0
34,337799,311964,0,4506660,302006,144579,self_employed,0,100,0
27,1572988,1017894,1,277519,444083,271044,unemployed,0,100,22202
62,1334853,919411,2,2610787,457911,122477,employed,0,100,0
40,1248527,527572,5,794578,74000,78308,student,1,100,129390
20,1638609,1320233,3,1343163,388634,178177,employed,0,100,0
30,1050619,671411,1,2997570,428546,96955,employed,0,100,0
51,696408,429270,5,3732263,227163,269591,student,0,100,7994
40,1267497,526534,3,1514753,228086,207157,student,1,100,102575
45,1298083,761635,3,3092202,71009,62164,self_employed,0,100,93087
48,921592,844824,1,1167396,11676,158267,unemployed,0,100,13018
43,648862,358120,3,3639051,328695,282538,self_employed,1,100,0
25,1801719,800293,2,54448,396547,80003,employed,1,100,120975
38,1150857,793020,1,3697012,252186,14815,employed,1,100,21130
28,628787,396282,1,4990383,272211,23503,employed,1,100,0
