transaction_amount,location,device,time,frequency,is_fraud
3124768.65,Rubavu,mobile,2,4,1
2210682.45,Rubavu,unknown,13,3,1
782046.04,Nyagatare,pos,3,1,0
2163820.53,Nyagatare,web,6,3,0
4393420.54,Butare,mobile,4,6,0
2290509.94,Butare,web,22,2,0
1713975.93,Butare,unknown,11,4,0
3149004.91,Rubavu,web,7,5,0
3094501.9,Kigali,mobile,7,4,0
453537.18,Kigali,unknown,19,3,0
1182834.6,Nyagatare,pos,3,2,0
2472276.28,Kigali,web,10,2,0
1831972.2,Kigali,pos,18,2,0
1600124.58,Nyagatare,mobile,1,3,0
2228845.68,Kigali,web,16,3,0
1451925.3,Kigali,mobile,19,1,0
1737684.78,Nyagatare,pos,20,2,0
3868262.15,Kigali,unknown,20,3,1
2551399.83,Butare,unknown,3,2,1
4364343.04,Gisenyi,web,19,4,0
4742827.01,Nyagatare,web,15,2,0
4610425.47,Kigali,unknown,10,2,1
1268928.61,Kigali,atm,1,1,0
2364693.21,Gisenyi,mobile,14,2,0
2675493.39,Butare,mobile,7,2,0
4261027.68,Kigali,unknown,1,2,1
2795323.83,Butare,mobile,20,1,0
1263951.1,International,mobile,4,5,0
2737921.8,Kigali,atm,0,1,0
221900.33,Kigali,pos,9,0,0
4170769.78,Kigali,mobile,15,1,0
2830213.87,Gisenyi,mobile,10,2,0
3258760.19,Kigali,pos,0,2,1
1005095.18,Butare,mobile,12,3,0
2790893.32,Nyagatare,unknown,18,4,1
2653419.13,Kigali,mobile,8,4,0
3098344.92,Kigali,mobile,17,4,0
4237176.55,Kigali,pos,17,1,0
3822810.03,Kigali,mobile,6,2,0
2734598.61,Rubavu,mobile,22,4,0
4467068.74,Kigali,pos,3,5,0
1792412.53,Musanze,web,20,2,0
2463007.82,Musanze,mobile,8,6,0
3247345.3,Butare,atm,12,1,0
2204113.06,Nyagatare,pos,5,5,0
1807410.36,Kigali,pos,12,2,0
562415.06,Rubavu,mobile,17,0,0
3179679.44,Kigali,web,22,2,0
963435.52,Kigali,web,13,4,0
691705.75,Kigali,mobile,13,1,0
911173.39,Butare,web,20,1,0
3442558.24,International,mobile,12,4,0
692226.99,Kigali,mobile,10,2,0
4881191.94,Nyagatare,mobile,15,0,0
3792827.61,Nyagatare,web,17,4,0
1963977.17,Butare,mobile,15,4,0
2966617.12,Butare,atm,6,2,0
38629.4,Butare,mobile,20,1,0
4222737.42,Musanze,atm,16,1,0
1356422.24,Kigali,mobile,0,2,0
359882.58,Kigali,web,0,3,0
3790715.44,Kigali,web,4,3,0
1648243.52,Nyagatare,mobile,0,4,0
2837922.02,Kigali,atm,10,0,0
4220235.73,Rubavu,unknown,7,2,1
3879768.84,Butare,mobile,20,4,0
1684515.54,Rubavu,mobile,17,7,0
4343548.58,Nyagatare,web,11,5,0
1944555.15,Kigali,unknown,11,3,0
2500369.1,Kigali,web,2,7,0
3062487.12,Rubavu,atm,13,1,0
355368.61,International,atm,12,6,0
2986020.6,Rubavu,unknown,18,2,1
2887297.5,Musanze,mobile,19,0,0
4367535.63,Gisenyi,web,1,4,0
1768642.53,Kigali,pos,11,1,0
1211322.3,Rubavu,atm,11,6,0
2382834.37,Kigali,mobile,9,3,0
3436814.58,Butare,pos,3,2,0
2809690.24,Gisenyi,mobile,16,6,0
691464.26,Nyagatare,web,6,6,0
1739784.2,Nyagatare,mobile,4,2,0
319396.92,Kigali,pos,3,3,0
3696761.9,Gisenyi,mobile,17,3,0
4414800.14,Musanze,unknown,12,5,1
228842.19,Butare,mobile,12,4,0
2627374.74,Kigali,atm,7,2,0
2830117.18,Kigali,mobile,11,6,0
2194419.99,Kigali,web,14,5,0
2513917.31,Rubavu,mobile,15,2,0
3551928.49,Kigali,pos,18,3,0
2418886.34,Butare,web,4,2,0
4598300.84,Kigali,atm,2,4,0
2704598.55,Kigali,pos,9,4,0
359447.4,Butare,mobile,22,4,0
4766646.64,Butare,web,3,2,0
734480.1,Rubavu,mobile,11,4,0
3922407.27,Kigali,mobile,0,2,0
2634764.98,Kigali,web,4,2,0
3704591.83,Gisenyi,mobile,4,1,0
2567392.71,Nyagatare,web,14,3,0
295321.52,Gisenyi,mobile,6,3,0
1874942.19,Nyagatare,mobile,16,4,0
3103619.57,International,web,23,0,1
3144596.65,Nyagatare,web,22,5,0
4865235.69,International,mobile,7,1,1
3031820.33,Musanze,web,15,1,0
1432552.44,Nyagatare,web,0,2,0
217605.74,Butare,web,10,2,0
3942181.8,Kigali,pos,18,5,0
4446507.64,International,pos,5,5,1
3068383.38,Kigali,web,22,5,0
2412143.49,International,web,18,2,1
4305002.1,Butare,mobile,8,4,0
1202160.22,Kigali,mobile,4,3,0
1993961.05,Musanze,web,22,4,0
2538528.94,Butare,unknown,13,2,0
247338.4,Musanze,mobile,22,4,0
3443050.69,Kigali,mobile,20,3,0
943205.05,International,web,19,3,0
1666099.35,Rubavu,mobile,12,2,0
2072756.82,Kigali,web,12,4,0
3192732.39,Kigali,mobile,19,1,0
327887.45,Gisenyi,unknown,14,1,0
1704638.25,International,pos,12,0,0
1372171.5,Butare,mobile,6,2,0
8096.35,Kigali,mobile,1,2,0
3458421.38,Nyagatare,unknown,23,2,1
1180056.71,International,pos,19,3,0
832608.6,Musanze,unknown,20,3,0
3989927.33,Rubavu,mobile,20,1,0
196471.94,Kigali,mobile,16,6,0
4501249.62,Kigali,web,3,6,0
3434664.86,Nyagatare,unknown,22,3,0
859145.86,Kigali,mobile,3,3,0
1750840.08,Kigali,pos,17,1,0
4749940.67,Butare,mobile,4,2,0
3094413.49,Butare,mobile,6,1,0
3043783.83,Nyagatare,web,3,3,1
3265528.93,Kigali,web,14,3,0
2313957.41,Rubavu,mobile,21,2,0
836933.41,Rubavu,web,10,2,0
754880.11,Nyagatare,web,3,3,0
3436709.57,Butare,atm,18,4,0
4419764.62,Kigali,mobile,15,2,0
1501404.33,Gisenyi,pos,9,3,0
2517266.15,Rubavu,mobile,10,2,0
4961193.1,Kigali,web,16,3,0
1286177.4,Kigali,web,10,1,0
1951374.54,Kigali,pos,10,6,0
1817926.22,Kigali,mobile,23,4,0
163412.89,Musanze,mobile,5,6,0
2547830.11,Butare,mobile,15,3,0
1043785.09,Butare,mobile,12,1,0
643423.69,Kigali,mobile,18,4,0
3552224.79,International,mobile,0,3,1
3828919.34,Musanze,web,19,4,0
4444513.23,Butare,mobile,13,4,0
4670694.9,Kigali,mobile,10,3,0
4345395.27,Rubavu,mobile,19,3,0
612912.11,Butare,unknown,7,2,0
1118532.36,Rubavu,mobile,5,6,0
612815.24,Rubavu,mobile,18,3,0
1767945.89,Kigali,web,20,2,0
620797.19,Kigali,mobile,10,3,0
3266559.84,Kigali,web,5,2,0
3583719.1,International,mobile,10,3,0
798388.67,Musanze,mobile,4,7,0
3108069.46,Nyagatare,unknown,1,3,1
115435.54,Kigali,mobile,15,3,0
2172134.16,Butare,web,5,4,0
1427052.6,Rubavu,web,13,2,0
4992475.14,Kigali,unknown,13,3,1
4613961.7,Musanze,unknown,12,3,0
738253.5,Gisenyi,mobile,7,3,0
4586895.27,International,unknown,23,2,1
2094239.79,Kigali,mobile,10,5,0
2883452.31,Gisenyi,pos,13,4,0
2669055.25,Nyagatare,mobile,21,1,0
3630919.68,Rubavu,mobile,2,7,0
1675116.49,Kigali,mobile,15,1,0
348878.09,Kigali,mobile,13,2,0
2088425.89,International,pos,7,3,1
2722755.5,Kigali,mobile,16,3,0
2774792.33,International,mobile,6,2,0
3963091.85,Kigali,mobile,23,3,0
221607.13,Nyagatare,mobile,4,4,0
4940477.76,Gisenyi,mobile,19,4,0
4952829.73,Nyagatare,web,4,7,0
495534.6,Butare,unknown,16,2,0
1720415.42,Musanze,web,5,6,0
2951758.22,Kigali,pos,14,3,0
1866942.49,Butare,web,20,7,0
2438379.63,Musanze,mobile,12,6,0
1629978.82,Kigali,web,20,1,0
3560810.55,Rubavu,unknown,20,3,1
1820404.21,Butare,web,8,2,0
2149717.15,Butare,web,14,3,0
2879750.73,Gisenyi,web,11,6,0
4846021.71,Kigali,pos,8,3,0
3209201.44,Kigali,web,23,2,0
485057.29,Kigali,web,9,4,0
1594843.65,Butare,mobile,15,2,0
2098862.86,Kigali,mobile,20,1,0
3700999.01,Gisenyi,web,1,6,1
2234654.32,Rubavu,web,1,2,0
3295691.55,Butare,mobile,9,3,0
4197554.03,Gisenyi,atm,7,5,0
522135.75,Gisenyi,mobile,15,1,0
3828815.03,Kigali,mobile,2,4,1
3728026.2,Musanze,mobile,16,4,0
4098652.04,Kigali,web,17,2,0
4780354.32,Butare,mobile,11,2,0
1548335.08,Kigali,pos,21,2,0
2145387.95,Rubavu,pos,22,1,0
1313778.65,Kigali,mobile,9,5,0
1635864.58,Kigali,mobile,11,4,0
1649464.88,Kigali,mobile,5,1,0
4348940.21,Kigali,web,16,4,0
314960.14,Rubavu,mobile,11,5,0
1013891.68,Rubavu,mobile,13,3,0
3052985.79,Kigali,mobile,0,3,0
3826091.31,Kigali,mobile,15,7,0
3487036.58,Gisenyi,web,15,5,0
233355.09,International,unknown,5,1,1
2269245.01,Gisenyi,pos,22,2,0
922775.7,Rubavu,atm,15,2,0
4940716.96,Gisenyi,web,16,2,0
4994460.37,Kigali,mobile,7,3,0
254967.27,Nyagatare,pos,4,4,0
3338786.78,Kigali,mobile,2,2,1
4065418.17,Musanze,web,5,3,0
1624236.95,International,mobile,20,2,0
3468335.36,Kigali,atm,21,5,0
938748.84,Kigali,web,16,2,0
640231.79,Gisenyi,pos,21,3,0
4626546.43,Musanze,web,14,4,0
3212857.35,Nyagatare,mobile,12,1,0
4084827.73,Rubavu,unknown,16,5,1
2663799.51,Kigali,web,11,8,0
774049.42,Butare,mobile,20,1,0
1883587.6,Musanze,mobile,14,1,0
4408343.94,Musanze,mobile,20,3,0
78525.08,Kigali,mobile,5,4,0
1036284.57,Gisenyi,web,9,5,0
1266806.35,International,unknown,7,1,1
1315347.38,Musanze,mobile,13,0,0
493384.18,Kigali,unknown,22,3,0
4241174.36,Kigali,atm,6,1,0
797989.84,Butare,pos,23,3,0
4148457.09,Rubavu,atm,14,5,0
1775631.36,Gisenyi,web,22,3,0
2286861.8,Kigali,mobile,4,2,0
2314522.77,Rubavu,web,8,4,0
3565887.54,Musanze,mobile,19,2,0
3656633.52,Kigali,mobile,19,4,0
3203619.8,Kigali,pos,9,2,0
3868955.53,Musanze,web,22,5,0
42011.74,Gisenyi,atm,16,1,0
2524299.75,Musanze,web,18,1,0
2620364.71,Gisenyi,web,10,1,0
1197079.53,Butare,atm,13,0,0
2782076.36,International,mobile,21,2,0
2336053.27,Musanze,pos,5,3,0
2360825.49,Butare,web,15,3,0
592693.43,Nyagatare,atm,12,3,0
2176595.06,International,mobile,15,3,1
3832270.43,Kigali,atm,16,3,0
2050244.96,Nyagatare,mobile,13,1,0
2437748.37,Kigali,unknown,14,4,1
4837618.3,Kigali,atm,9,1,0
4358985.53,Kigali,web,6,7,0
4643536.44,Kigali,mobile,9,2,0
388843.92,Gisenyi,pos,5,3,0
3093094.09,Rubavu,atm,13,3,0
1117447.67,Nyagatare,web,19,1,0
2021516.14,Kigali,mobile,16,1,0
3398910.99,Gisenyi,mobile,8,2,0
2894785.04,Gisenyi,web,20,9,0
2528908.71,Butare,atm,15,4,0
4072334.96,Rubavu,atm,6,4,0
3413151.85,Butare,web,3,5,0
4105315.01,Gisenyi,mobile,10,4,0
4659695.27,Nyagatare,mobile,1,5,1
3559998.02,Nyagatare,mobile,7,2,0
1977279.37,Gisenyi,mobile,13,1,0
1064285.36,Kigali,mobile,16,7,0
1354941.15,International,web,22,3,0
1983452.06,Gisenyi,web,11,2,0
3700585.47,Musanze,unknown,19,1,1
201253.29,Kigali,atm,23,2,0
4071500.23,Nyagatare,mobile,12,2,0
3790795.59,Rubavu,atm,0,7,1
2497333.56,Rubavu,mobile,1,4,1
1998634.3,Kigali,unknown,9,1,0
563928.91,Rubavu,web,22,3,0
1448863.03,Kigali,mobile,5,1,0
548585.55,Kigali,web,12,4,0
4094513.13,Kigali,unknown,16,5,1
2546934.65,Kigali,pos,21,3,0
1234310.51,Kigali,mobile,6,5,0
90937.7,Rubavu,mobile,6,2,0
2619842.88,Musanze,pos,7,7,0
3760559.44,Kigali,unknown,13,0,1
3832585.68,Musanze,unknown,21,3,1
1072523.81,Butare,unknown,1,0,0
4975312.53,International,web,6,5,1
2844115.19,Kigali,pos,16,5,0
1660369.18,Kigali,mobile,0,3,0
1964342.33,Musanze,pos,21,0,0
622622.03,Kigali,mobile,13,1,0
2467032.56,Butare,web,21,1,0
3766600.54,Butare,web,0,2,0
2047345.78,Musanze,pos,7,3,0
4334329.86,Kigali,mobile,8,5,0
2384023.51,Gisenyi,unknown,7,6,0
4503098.82,Butare,web,16,2,0
3516167.22,Kigali,web,12,3,0
275521.0,Kigali,pos,7,1,0
335553.81,Nyagatare,web,20,3,0
4000631.95,Kigali,unknown,5,2,1
1784440.15,Butare,web,18,1,0
946630.75,Butare,web,11,5,0
4326669.74,Rubavu,unknown,22,5,0
4916541.68,Butare,unknown,14,1,1
4043836.8,Gisenyi,mobile,8,5,0
3625785.0,Kigali,mobile,13,4,0
5292.32,Rubavu,web,2,3,0
530316.64,Butare,unknown,11,5,0
3354883.49,Kigali,web,10,2,0
2048117.74,Musanze,atm,2,4,0
97866.88,Musanze,mobile,7,2,0
3704477.9,Gisenyi,web,0,1,1
2094116.0,Butare,mobile,16,4,0
3294295.73,Kigali,mobile,17,2,0
2341944.56,Nyagatare,mobile,9,2,0
132975.32,Kigali,mobile,11,1,0
3179804.88,Kigali,unknown,16,5,1
3940535.88,Nyagatare,mobile,21,3,0
780305.96,Gisenyi,web,9,5,0
4455465.24,Butare,mobile,13,1,0
908218.03,Musanze,pos,8,3,0
2114471.76,International,web,7,1,1
2636171.52,Kigali,mobile,18,2,0
1569671.86,Kigali,mobile,16,3,0
2502535.77,Butare,mobile,14,4,0
3591922.77,Kigali,web,5,2,0
3572418.78,Rubavu,mobile,6,3,0
4611452.49,Butare,mobile,17,3,0
4310523.61,Butare,web,15,5,0
4925535.36,Kigali,mobile,10,8,0
2977101.13,Kigali,web,8,2,0
2002873.06,Kigali,mobile,19,5,0
1200870.52,Kigali,unknown,9,7,0
1220224.87,Rubavu,web,12,2,0
755044.53,Kigali,mobile,6,3,0
3633471.54,Kigali,mobile,1,4,0
3271384.37,Butare,web,17,2,0
1461824.83,International,pos,5,5,0
4460741.35,Kigali,web,1,5,1
2761655.58,Kigali,mobile,14,5,0
345560.64,Kigali,web,10,4,0
307723.9,International,mobile,2,2,0
716363.16,Butare,web,8,2,0
1056711.21,Gisenyi,mobile,12,3,0
4437242.99,Kigali,web,10,3,0
3892352.67,Kigali,pos,22,1,0
1009019.83,Kigali,pos,12,4,0
1242837.52,Gisenyi,atm,10,2,0
3184121.72,Rubavu,mobile,9,3,0
4357679.6,Musanze,web,4,1,0
1583987.25,Nyagatare,web,23,3,0
2627720.12,Kigali,mobile,3,1,0
4451942.56,Kigali,atm,6,4,0
3853273.52,Musanze,web,6,2,0
4457601.54,Butare,web,12,4,0
1390730.22,Nyagatare,mobile,13,2,0
3454825.27,Nyagatare,web,8,4,0
570505.96,Kigali,mobile,22,0,0
3081231.19,Rubavu,mobile,9,4,0
1520475.67,Kigali,atm,13,0,0
3507550.83,Butare,mobile,1,1,0
709801.93,Musanze,web,2,1,0
3328068.56,Butare,mobile,8,3,0
3542741.42,Kigali,mobile,19,5,0
4285853.0,Kigali,atm,9,1,0
3435539.42,Kigali,atm,3,3,1
2614559.98,Butare,pos,8,1,0
3920906.18,Rubavu,pos,21,0,0
1422523.67,Rubavu,web,8,4,0
3387493.69,Rubavu,pos,8,0,0
3622776.37,Kigali,mobile,15,1,0
1963009.73,Kigali,mobile,2,1,0
4944838.11,Kigali,web,21,6,0
1780770.53,Nyagatare,mobile,13,2,0
422913.6,Kigali,web,21,6,0
1517720.16,Kigali,mobile,19,5,0
497635.97,Kigali,mobile,12,3,0
1696851.14,Kigali,pos,16,1,0
639800.48,Musanze,web,18,3,0
2197954.55,Kigali,mobile,6,2,0
3889988.36,Rubavu,atm,6,3,0
337681.54,International,pos,6,2,0
2815758.07,Nyagatare,mobile,15,5,0
219616.01,Kigali,atm,0,1,0
4423103.54,Kigali,web,17,7,0
4606952.54,Musanze,web,13,3,0
2462043.04,International,unknown,2,3,1
3846271.2,Rubavu,mobile,10,3,0
2964758.22,Kigali,web,1,2,0
1703644.06,Kigali,mobile,17,3,0
1226081.42,Butare,atm,15,3,0
3793099.78,Kigali,pos,18,2,0
2150186.1,Kigali,mobile,13,2,0
4601232.17,Gisenyi,mobile,22,3,0
4878471.89,Butare,unknown,4,2,0
1052358.16,Kigali,unknown,23,3,0
2805535.99,Kigali,unknown,1,4,1
2684902.74,Kigali,unknown,20,4,1
4340560.26,Kigali,web,16,5,0
3455079.31,Nyagatare,unknown,18,1,1
3037083.84,Musanze,pos,10,1,0
3395284.85,Butare,mobile,20,5,0
1947592.87,Rubavu,pos,8,5,0
4801477.32,Butare,atm,15,2,0
288599.39,Musanze,mobile,18,7,0
146130.36,Kigali,atm,10,7,0
2078240.89,Kigali,web,13,4,0
773302.45,Kigali,pos,10,1,0
2724229.21,Kigali,pos,14,0,0
45545.01,Kigali,unknown,21,1,0
2298685.03,Musanze,mobile,9,4,0
1474975.35,Kigali,atm,9,1,0
1012200.55,Butare,mobile,21,3,0
2223525.36,Musanze,atm,21,2,0
4272817.53,Rubavu,web,2,1,0
3277145.72,Kigali,web,6,1,0
800128.28,Kigali,mobile,0,0,0
2494615.86,Nyagatare,web,12,6,0
4658389.76,Gisenyi,web,18,4,0
2196404.5,Rubavu,mobile,2,5,1
2352995.89,Kigali,unknown,14,4,1
4706817.62,Kigali,atm,16,7,0
679473.01,Butare,web,0,3,0
3675339.91,Kigali,pos,12,2,0
1496157.42,Musanze,mobile,23,4,0
4329525.35,Rubavu,web,7,6,0
272285.24,Musanze,pos,5,3,0
4952012.64,Gisenyi,mobile,11,1,0
3843159.8,Gisenyi,mobile,7,1,0
1422022.75,Gisenyi,mobile,19,4,0
3804399.04,Musanze,unknown,12,2,1
4614887.34,Kigali,web,12,1,0
565030.5,Rubavu,web,12,1,0
4567935.05,Gisenyi,mobile,20,2,0
1801192.03,Butare,web,7,5,0
32793.3,Butare,atm,17,1,0
562548.64,Kigali,unknown,19,5,0
4424027.25,Kigali,mobile,0,3,1
4913341.01,Musanze,mobile,7,3,0
4476912.38,Nyagatare,mobile,15,3,0
2207962.39,Butare,web,11,4,0
4807069.81,Musanze,web,1,2,0
2034547.67,Gisenyi,atm,15,1,0
568923.5,Nyagatare,pos,17,3,0
1705037.01,Butare,web,10,4,0
4992106.61,Kigali,web,10,2,0
3129915.02,Nyagatare,web,4,2,0
1700323.55,Musanze,pos,10,1,0
3121083.4,Kigali,web,16,3,0
2145964.58,Musanze,atm,11,4,0
248218.19,Kigali,atm,21,3,0
1006037.59,Musanze,unknown,11,3,0
96667.07,Rubavu,pos,7,2,0
1274333.72,Kigali,mobile,22,2,0
3697955.38,Musanze,pos,9,4,0
966996.31,Kigali,web,5,2,0
2640517.87,Kigali,pos,0,2,1
3508167.79,Butare,unknown,10,3,0
2743637.75,Nyagatare,web,8,4,0
77345.01,Kigali,atm,22,2,0
1817028.18,Gisenyi,mobile,2,3,0
2208431.69,Musanze,mobile,13,3,0
1714095.38,Rubavu,web,12,2,0
2731545.75,Gisenyi,mobile,19,5,0
2566011.83,Nyagatare,pos,2,3,1
937657.48,Butare,mobile,19,2,0
3759994.18,Nyagatare,atm,16,3,0
806237.99,Gisenyi,atm,18,1,0
2295097.37,Rubavu,web,14,3,0
3781632.85,Butare,atm,4,8,0
3486462.8,Kigali,web,20,4,0
2161213.33,Kigali,mobile,8,4,0
3944707.59,Rubavu,pos,20,1,0
3568932.6,Kigali,web,16,1,0
1922987.32,Gisenyi,mobile,13,3,0
4477619.14,Rubavu,atm,4,2,0
710226.63,Musanze,web,10,3,0
1792731.37,Butare,mobile,6,4,0
3489199.45,Kigali,pos,11,6,0
4364950.77,Musanze,mobile,3,4,0
1613237.36,Butare,web,22,1,0
2806431.38,Nyagatare,mobile,15,0,0
59692.83,Musanze,atm,1,5,0
1854528.56,Rubavu,web,15,2,0
1655009.57,Kigali,web,1,2,0
4212433.3,Kigali,mobile,10,0,0
370346.46,Musanze,web,22,2,0
311041.8,Kigali,web,18,5,0
2213788.84,Musanze,mobile,22,3,0
2037241.33,Butare,mobile,18,3,0
808218.87,Musanze,pos,21,4,0
1317089.3,Gisenyi,web,12,3,0
4870985.34,Butare,web,22,3,0
2566156.23,Rubavu,unknown,20,2,0
439721.46,Musanze,pos,6,3,0
249209.24,Rubavu,mobile,12,3,0
210168.38,Butare,pos,19,7,0
1945400.69,Kigali,mobile,15,6,0
4328154.06,Musanze,mobile,16,8,0
4164666.51,Butare,mobile,10,2,0
1839748.04,Musanze,web,13,4,0
3872230.71,International,web,23,5,1
3761366.16,Gisenyi,atm,1,3,0
2415235.72,Kigali,mobile,14,4,0
2022236.12,Nyagatare,mobile,12,0,0
903152.83,Kigali,web,21,5,0
1394215.55,Kigali,web,12,3,0
1693807.83,Kigali,mobile,4,1,0
4063682.84,Kigali,unknown,21,0,1
2764988.37,Nyagatare,atm,16,4,0
1004972.18,Kigali,mobile,3,3,0
479590.14,Kigali,web,5,1,0
2483570.81,Kigali,mobile,21,2,0
3331749.85,Rubavu,web,5,3,0
4094508.62,Kigali,web,22,5,0
3986674.69,Kigali,mobile,2,5,0
4120866.51,Butare,web,19,4,0
2239512.83,Kigali,web,0,1,0
4328354.71,Butare,web,15,1,0
2223318.95,International,mobile,16,4,1
841022.39,Musanze,mobile,19,3,0
1987194.06,Kigali,mobile,5,1,0
1700455.37,Rubavu,web,11,3,0
1961188.08,Butare,unknown,11,3,0
3293267.01,Musanze,web,18,1,0
3284754.13,Kigali,mobile,20,5,0
1124895.15,Kigali,mobile,15,3,0
1579994.88,Musanze,web,16,2,0
2976976.81,Musanze,unknown,16,4,1
421100.24,Butare,unknown,17,0,0
3443476.65,Kigali,mobile,14,1,0
894872.08,Nyagatare,pos,5,4,0
4253630.33,Kigali,mobile,8,4,0
2008237.49,Kigali,pos,23,2,0
1104418.93,Musanze,pos,10,4,0
3339268.13,Butare,mobile,20,1,0
2770377.01,Kigali,mobile,7,4,0
860092.17,Musanze,mobile,4,7,0
4135891.62,Butare,web,14,5,0
2266718.73,Gisenyi,mobile,9,2,0
761648.2,Musanze,web,2,4,0
3981011.68,Butare,web,6,0,0
667605.69,Kigali,mobile,5,1,0
4840208.49,International,web,22,4,0
2209328.14,Kigali,unknown,4,6,1
3641247.22,International,mobile,23,3,1
2260112.66,Kigali,atm,7,3,0
938219.56,Butare,web,4,3,0
3790691.1,Rubavu,web,15,3,0
1447140.43,Nyagatare,mobile,11,2,0
3412247.96,Musanze,mobile,6,4,0
1287234.91,Kigali,web,3,3,0
1205920.84,Kigali,unknown,22,3,0
2287499.36,Kigali,unknown,5,4,1
4081288.71,Kigali,web,11,1,0
3068358.44,Rubavu,web,12,1,0
323811.96,Nyagatare,mobile,17,5,0
3669456.55,Gisenyi,pos,17,4,0
2899065.12,Butare,mobile,9,3,0
3118015.87,Butare,web,6,1,0
1768214.01,Gisenyi,mobile,6,2,0
2781030.17,Rubavu,pos,2,3,0
1859757.55,Musanze,mobile,18,1,0
407987.6,Rubavu,web,12,2,0
4222229.19,Rubavu,web,17,3,0
3390294.6,International,mobile,15,4,1
3352359.84,Nyagatare,mobile,9,6,0
968796.98,Musanze,pos,14,4,0
3318151.03,Kigali,web,21,0,0
1160537.1,Rubavu,web,10,0,0
3437829.67,Butare,unknown,21,5,0
1667985.66,Gisenyi,mobile,8,4,0
787990.18,Rubavu,pos,5,5,0
4531368.62,Rubavu,web,7,4,0
523699.3,Nyagatare,web,20,2,0
3809058.19,Nyagatare,mobile,11,3,0
509327.46,Gisenyi,unknown,23,2,0
3423755.86,Nyagatare,mobile,17,6,0
552372.78,Musanze,web,8,2,0
2544367.94,Kigali,atm,21,3,0
940384.46,Kigali,web,10,3,0
4332974.62,Kigali,mobile,20,3,0
2007722.1,Gisenyi,unknown,17,7,1
77624.03,Butare,mobile,9,4,0
3140992.18,Rubavu,mobile,0,3,1
2225973.12,Musanze,mobile,2,4,1
4298766.62,Kigali,web,11,0,0
2166004.32,Nyagatare,unknown,23,2,1
2055996.83,Kigali,unknown,6,4,1
2270739.03,Nyagatare,web,14,4,0
4299340.16,Nyagatare,atm,22,3,0
2934319.4,Rubavu,atm,20,4,0
3346977.42,Kigali,web,13,7,0
3602194.23,Kigali,pos,12,0,0
4687608.85,Musanze,mobile,16,4,0
4187684.2,Kigali,mobile,19,0,0
4636457.67,Butare,mobile,15,3,0
1716853.05,Butare,mobile,4,3,0
1074592.79,Rubavu,unknown,8,6,0
1017345.86,Butare,atm,20,2,0
4289076.56,Rubavu,mobile,20,3,0
4153040.86,Musanze,mobile,14,1,0
3252232.85,Rubavu,unknown,8,3,1
315180.45,Kigali,atm,11,3,0
1590581.76,Nyagatare,web,5,0,0
3671139.34,Gisenyi,mobile,16,3,0
1243219.58,Butare,mobile,3,1,0
3120482.57,Gisenyi,web,9,3,0
2713934.74,Butare,atm,15,4,0
1313730.53,Musanze,mobile,15,2,0
4671722.99,Butare,mobile,13,6,0
1284066.88,Musanze,mobile,18,1,0
4474008.38,Musanze,web,0,0,1
2704889.13,Kigali,unknown,6,1,1
459594.15,Kigali,pos,10,0,0
4168206.96,Nyagatare,web,15,2,0
3957264.51,Kigali,pos,0,2,1
4154957.16,Kigali,mobile,21,2,0
3190923.65,Butare,mobile,14,2,0
3558222.32,Kigali,mobile,17,4,0
4535336.37,Kigali,mobile,22,2,0
638927.89,Kigali,unknown,1,3,0
415647.7,Rubavu,unknown,14,3,0
625815.66,Musanze,mobile,18,4,0
4350423.18,Kigali,web,11,4,0
2814889.51,Butare,mobile,11,1,0
880738.37,Kigali,web,9,3,0
708989.49,Butare,mobile,14,4,0
2227395.07,Kigali,mobile,4,2,0
4078762.41,Kigali,pos,4,4,0
4025981.01,Nyagatare,unknown,5,3,1
4256339.72,International,mobile,22,3,1
3844839.19,Gisenyi,mobile,22,5,0
308568.24,Kigali,web,0,3,0
3600974.44,Gisenyi,atm,5,2,0
2595046.97,Nyagatare,mobile,15,1,0
3632197.86,Kigali,web,0,4,0
2421671.56,Kigali,pos,21,3,0
2417953.49,Rubavu,mobile,8,3,0
631110.24,Rubavu,mobile,19,3,0
4526173.6,Kigali,unknown,1,4,1
1873421.47,Nyagatare,atm,19,3,0
2912079.27,Rubavu,web,22,2,0
1036177.75,Kigali,mobile,18,4,0
1844760.05,Kigali,pos,21,0,0
4352951.83,International,mobile,1,4,1
1048392.03,Musanze,mobile,1,4,0
1030925.01,Kigali,web,0,1,0
1302865.3,Butare,unknown,9,4,0
2873518.11,Butare,unknown,14,1,1
2603680.76,Rubavu,web,17,6,0
877022.35,Kigali,unknown,6,0,0
3459999.12,Kigali,web,4,2,0
4537746.38,Kigali,mobile,19,1,0
994544.97,International,mobile,6,2,0
3364932.65,Nyagatare,mobile,11,4,0
2932129.76,Gisenyi,atm,11,8,0
1645030.33,Butare,mobile,13,1,0
3089344.18,Kigali,mobile,8,3,0
1049939.49,Gisenyi,web,13,6,0
4169857.19,Rubavu,mobile,7,7,0
111549.33,Rubavu,web,15,6,0
2835531.35,Kigali,mobile,1,1,0
1594241.52,Rubavu,web,16,4,0
4406862.92,Nyagatare,unknown,2,5,1
2497081.66,Kigali,pos,8,3,0
4012538.95,Musanze,mobile,22,6,0
4619139.81,Musanze,web,5,0,0
1672080.58,Kigali,mobile,2,6,0
4401769.11,Rubavu,mobile,2,3,1
3631531.5,Kigali,web,13,5,0
541317.9,Gisenyi,web,0,3,0
520047.78,Butare,mobile,20,1,0
4086818.28,Musanze,mobile,9,5,0
2341846.29,Butare,mobile,20,3,0
2476003.78,Butare,mobile,16,4,0
4456287.07,Nyagatare,mobile,6,4,0
4519064.78,Nyagatare,pos,7,6,0
563973.57,Kigali,mobile,1,3,0
1868554.79,Butare,mobile,23,3,0
4476186.23,Kigali,mobile,9,1,0
4099361.81,Kigali,atm,16,4,0
3605183.6,Rubavu,web,9,4,0
510285.04,Kigali,mobile,0,4,0
3106162.23,Kigali,web,14,2,0
2909466.08,Rubavu,atm,12,1,0
836251.72,Gisenyi,mobile,11,3,0
3869407.02,Nyagatare,web,10,3,0
1560228.94,Butare,mobile,9,2,0
3103318.3,Nyagatare,unknown,11,5,1
1809496.51,Gisenyi,mobile,13,2,0
422433.87,Kigali,mobile,20,1,0
2624212.06,Gisenyi,web,7,3,0
1533562.36,Rubavu,web,6,1,0
357029.36,Kigali,web,14,1,0
992945.33,Kigali,unknown,7,4,0
3094469.42,Gisenyi,mobile,4,3,0
507359.31,Butare,unknown,21,2,0
437787.97,Butare,atm,12,3,0
4720135.83,International,unknown,6,4,1
538063.13,Kigali,mobile,18,2,0
1880610.61,Gisenyi,mobile,15,4,0
667487.75,Nyagatare,web,6,4,0
4696375.83,Kigali,mobile,16,6,0
2406066.42,Kigali,mobile,5,4,0
556040.65,Kigali,mobile,14,1,0
3844197.8,Kigali,mobile,2,4,0
3904042.55,Gisenyi,mobile,1,8,1
4506046.72,Gisenyi,unknown,11,4,1
3528424.11,Musanze,web,13,2,0
274054.01,Kigali,mobile,20,4,0
2751782.58,Butare,atm,18,5,0
1920507.27,Musanze,web,17,3,0
3743030.96,Musanze,web,1,2,0
2954849.58,Kigali,mobile,10,3,0
3626140.0,Kigali,unknown,1,2,1
902629.37,Musanze,web,4,1,0
2185636.43,Kigali,web,2,1,0
2160805.58,Gisenyi,web,15,3,0
4904882.57,Kigali,atm,5,1,0
96041.26,Kigali,mobile,9,1,0
4080306.69,Kigali,web,2,2,0
486009.66,Rubavu,mobile,13,4,0
402350.09,Rubavu,mobile,11,4,0
1641218.38,Kigali,web,11,1,0
3503984.09,Kigali,mobile,4,5,0
3392392.4,Butare,atm,23,3,0
3139589.28,Kigali,unknown,13,0,1
3872868.24,Kigali,pos,7,5,0
1162274.08,Kigali,web,13,3,0
3169405.3,Kigali,mobile,19,1,0
3190368.71,Rubavu,web,12,5,0
3271850.4,Nyagatare,mobile,22,1,0
2972470.95,Kigali,unknown,0,3,1
1108003.7,Kigali,unknown,1,2,0
4571537.34,Kigali,unknown,16,2,1
4880035.14,Kigali,web,3,2,0
3446088.97,Nyagatare,web,5,1,0
2220676.55,Kigali,atm,17,5,0
2686185.28,Kigali,mobile,17,2,0
542303.4,Gisenyi,pos,22,4,0
1817297.79,Butare,mobile,23,3,0
4880683.7,Gisenyi,pos,17,3,0
2738837.45,International,pos,7,7,1
2803357.4,Kigali,mobile,3,1,0
4769922.36,Kigali,web,5,3,0
4431827.72,Kigali,pos,17,5,0
2843797.53,Gisenyi,unknown,14,4,0
1345319.75,Gisenyi,pos,7,2,0
585098.61,Butare,unknown,19,4,0
4318325.3,Kigali,unknown,12,3,1
4600497.54,Butare,unknown,2,4,1
2471677.46,Musanze,web,16,4,0
473195.56,Gisenyi,mobile,4,4,0
3031320.54,Rubavu,web,10,2,0
1837623.26,Kigali,mobile,15,5,0
789724.37,Nyagatare,web,2,5,0
4595757.38,Kigali,web,19,2,0
1197625.54,Gisenyi,pos,17,5,0
3555952.0,Musanze,mobile,11,4,0
2147174.61,Nyagatare,web,19,3,0
4139690.38,Kigali,unknown,14,1,1
3504324.1,Butare,web,3,5,0
616238.57,Kigali,web,12,6,0
2248333.87,Musanze,atm,20,1,0
1299312.88,Kigali,mobile,7,3,0
3568065.57,Butare,mobile,23,2,0
2723671.79,International,web,20,1,1
1701236.0,Nyagatare,mobile,13,2,0
1647636.0,Kigali,mobile,3,1,0
572877.72,Kigali,unknown,22,2,0
1069502.26,Kigali,web,9,3,0
3567474.5,Rubavu,unknown,18,1,1
3049717.45,Rubavu,mobile,0,4,0
1778301.93,Kigali,mobile,2,3,0
4180659.97,Kigali,web,22,2,0
2422322.05,Kigali,mobile,5,5,0
3972273.55,Butare,mobile,11,3,0
3906010.16,Nyagatare,pos,0,4,0
4240070.75,Kigali,atm,11,6,0
4248933.65,Gisenyi,mobile,17,4,0
3395473.46,Nyagatare,mobile,18,2,0
3747242.76,Rubavu,web,9,3,0
3884647.53,Kigali,atm,4,1,0
846212.42,Butare,mobile,8,5,0
1501574.02,Nyagatare,web,7,6,0
521646.57,Kigali,mobile,0,3,0
947262.13,International,mobile,23,5,0
3891547.12,Kigali,mobile,15,2,0
4735578.61,Kigali,mobile,13,3,0
3368340.52,Musanze,mobile,19,1,0
4430295.51,Musanze,atm,4,1,0
1590224.42,Kigali,mobile,20,4,0
4229055.0,Kigali,web,13,1,0
1694260.29,Nyagatare,web,18,0,0
4470886.54,Kigali,pos,7,4,0
3990330.17,Kigali,mobile,2,3,0
4917994.13,Kigali,unknown,16,2,1
4136449.92,Rubavu,mobile,13,2,0
1991349.19,Nyagatare,web,4,2,0
550843.86,Kigali,web,23,5,0
4371428.36,Kigali,web,21,3,0
2856169.27,Butare,pos,20,2,0
4290778.68,Rubavu,mobile,0,2,0
1935951.01,Rubavu,web,14,3,0
145231.69,Kigali,web,18,2,0
262556.73,Kigali,web,15,1,0
3352657.15,Kigali,mobile,14,2,0
572755.62,Kigali,mobile,2,3,0
3727437.25,Kigali,web,23,3,0
2097503.32,International,mobile,8,0,1
2815758.03,Kigali,pos,17,1,0
4006166.27,Musanze,web,8,3,0
1265730.69,Butare,web,7,1,0
2064806.29,International,mobile,18,0,1
3647921.8,Kigali,mobile,23,7,1
4592179.57,Kigali,mobile,15,3,0
1451853.66,Kigali,atm,4,1,0
3113803.36,Rubavu,web,12,4,0
4756094.19,Kigali,mobile,13,6,0
3244436.52,Nyagatare,pos,8,4,0
4463999.12,Gisenyi,mobile,17,6,0
4698679.39,Gisenyi,mobile,0,1,0
4646748.44,Butare,atm,17,2,0
3792506.18,Kigali,mobile,17,2,0
2760701.38,Kigali,mobile,21,4,0
484215.81,Butare,web,8,1,0
1113919.35,Kigali,unknown,10,4,0
1279207.75,Nyagatare,mobile,10,8,0
166781.23,Musanze,mobile,5,3,0
510065.93,Gisenyi,unknown,18,1,0
1474136.11,Butare,web,3,1,0
454159.34,Butare,mobile,4,2,0
848090.27,Butare,mobile,14,2,0
272560.78,Rubavu,web,1,2,0
2082954.98,Kigali,mobile,14,4,0
4106725.79,Butare,web,8,2,0
4061313.1,Musanze,web,0,4,0
4524499.7,Butare,atm,16,4,0
3728124.71,Kigali,mobile,4,1,0
1222587.56,Kigali,web,10,0,0
3512098.29,Rubavu,unknown,19,14,1
3769232.57,Nyagatare,mobile,9,7,0
2715766.15,Nyagatare,mobile,5,5,0
4035149.48,Musanze,unknown,8,2,1
356793.58,International,mobile,16,2,0
2974105.54,Kigali,pos,12,5,0
2399726.95,Kigali,pos,10,4,0
4026156.47,Kigali,web,16,2,0
640239.0,Gisenyi,atm,6,4,0
1063513.57,Kigali,mobile,18,1,0
2793680.48,Kigali,atm,9,2,0
4736053.01,Butare,atm,18,4,0
416457.91,Kigali,mobile,12,4,0
3717013.43,Rubavu,web,20,5,0
1027393.31,Kigali,unknown,6,1,0
527691.62,International,unknown,21,2,0
1974133.19,Nyagatare,unknown,16,3,0
2915472.64,Nyagatare,web,3,2,0
4135176.2,Musanze,mobile,14,4,0
3173641.91,Gisenyi,web,23,1,0
2458589.88,Kigali,atm,6,3,0
1428694.0,Rubavu,mobile,13,3,0
1463118.94,Rubavu,pos,20,2,0
3852998.87,Kigali,pos,4,4,0
570741.35,Gisenyi,atm,8,5,0
732795.6,Butare,mobile,8,5,0
3598822.03,Butare,atm,5,6,0
4805229.63,Kigali,mobile,8,2,0
601610.9,Rubavu,mobile,22,1,0
3047325.7,Nyagatare,atm,10,4,0
1196322.34,Musanze,atm,5,0,0
129276.2,Kigali,mobile,1,6,0
4161422.15,International,unknown,18,0,1
2543268.72,Kigali,mobile,8,3,0
119937.81,Kigali,web,0,1,0
4477318.78,International,pos,14,8,1
2678658.36,Musanze,web,22,5,0
3685468.41,Musanze,web,16,3,0
2117812.3,Kigali,mobile,6,4,0
924823.92,Kigali,mobile,7,4,0
2328133.74,Kigali,mobile,2,2,1
1438717.92,Musanze,web,1,2,0
1484028.83,Kigali,web,20,1,0
3219568.67,Kigali,pos,18,4,0
470851.24,Kigali,mobile,9,3,0
1985374.15,Gisenyi,atm,22,4,0
2733453.65,Butare,web,9,2,0
3549432.43,Nyagatare,web,17,1,0
3164679.86,Kigali,mobile,6,5,0
4431289.73,Musanze,mobile,15,5,0
4961925.22,Butare,atm,14,3,0
4687148.41,Rubavu,mobile,17,4,0
3820879.79,Kigali,mobile,22,5,0
3430233.27,Rubavu,unknown,22,4,0
177640.7,Kigali,unknown,3,1,0
2667727.31,Rubavu,mobile,9,5,0
3318752.65,Butare,web,2,6,0
2064993.77,Kigali,web,8,3,0
1924290.67,Butare,web,10,3,0
2712861.15,Nyagatare,mobile,0,0,0
4533246.27,Kigali,web,19,8,0
1305011.38,Kigali,web,9,3,0
1995574.58,Butare,web,14,1,0
3265612.49,Gisenyi,pos,13,2,0
930443.3,Butare,mobile,14,7,0
4174600.45,Kigali,web,3,4,0
3330502.99,Kigali,pos,23,2,1
1761634.17,Kigali,unknown,3,3,0
3610973.94,Kigali,web,13,2,0
1397093.01,Nyagatare,web,4,5,0
3872417.25,Kigali,pos,19,2,0
353904.92,Kigali,mobile,16,3,0
2134046.56,International,web,23,6,1
1308563.47,Nyagatare,mobile,1,0,0
4083593.59,Kigali,web,4,2,0
3763858.94,Gisenyi,atm,17,5,0
4209385.97,Gisenyi,mobile,20,3,0
3257989.43,Kigali,pos,3,4,0
3976714.43,Rubavu,mobile,21,2,0
2194221.95,International,mobile,2,3,1
3390448.05,Butare,pos,11,5,0
156072.79,Butare,mobile,21,4,0
4403682.68,Rubavu,web,17,2,0
3424025.87,Rubavu,mobile,2,2,0
4330549.24,Musanze,mobile,17,4,0
3854408.91,Kigali,web,20,3,0
1432240.22,Musanze,mobile,4,4,0
1364764.71,Nyagatare,web,10,3,0
3998294.07,Kigali,unknown,23,3,1
923953.6,Kigali,pos,5,2,0
553750.67,Gisenyi,pos,22,2,0
75703.5,Butare,mobile,12,4,0
1492491.02,International,atm,11,5,0
496775.62,Kigali,atm,15,1,0
4008531.81,Gisenyi,unknown,19,1,1
2422976.88,Butare,mobile,21,5,0
1262949.86,Butare,atm,12,7,0
3010633.65,Rubavu,mobile,22,2,0
352226.92,Butare,mobile,2,3,0
3630743.2,Kigali,web,11,1,0
2507214.53,Musanze,atm,23,4,1
32878.61,Kigali,mobile,3,3,0
1596426.16,Kigali,mobile,3,5,0
3751086.77,Gisenyi,mobile,17,1,0
940981.79,Butare,mobile,8,1,0
4809405.35,Gisenyi,mobile,8,4,0
4483197.41,Butare,unknown,9,3,1
3891304.52,Butare,atm,9,5,0
393202.52,Butare,mobile,20,4,0
1769509.57,Kigali,mobile,7,1,0
1491337.63,International,unknown,23,2,1
688557.78,Gisenyi,pos,16,3,0
4998094.67,Kigali,web,18,2,0
736414.58,Rubavu,mobile,11,3,0
1576980.07,Nyagatare,atm,11,5,0
4400767.19,Kigali,web,1,8,0
722354.61,Kigali,web,20,3,0
2347905.1,Butare,atm,2,4,1
4878462.81,Kigali,mobile,22,0,0
1236818.77,Musanze,unknown,14,5,0
3515439.56,Gisenyi,unknown,1,6,1
400658.22,Kigali,mobile,13,2,0
3004559.27,International,unknown,14,3,1
1695578.14,Gisenyi,atm,2,3,0
3497972.88,Nyagatare,unknown,15,4,0
2164733.58,Butare,unknown,6,3,0
1495343.73,Gisenyi,mobile,2,2,0
2730266.42,Butare,mobile,2,0,0
698864.72,Butare,mobile,4,2,0
4072252.64,Kigali,mobile,16,4,0
3753671.61,International,mobile,18,1,1
2725068.37,Kigali,mobile,1,4,0
1835557.98,Butare,mobile,1,1,0
4576173.19,Kigali,mobile,11,7,0
3172474.77,International,mobile,13,4,1
1424358.26,Gisenyi,mobile,12,1,0
4033639.69,Musanze,mobile,2,11,1
3175281.0,Gisenyi,pos,1,3,1
635499.58,Musanze,unknown,13,7,0
571609.11,Butare,mobile,2,4,0
4690556.04,Butare,web,4,2,0
1439915.95,Butare,pos,11,0,0
3317581.26,Kigali,web,9,1,0
182651.15,Kigali,atm,6,4,0
2782731.43,International,unknown,3,2,1
1156027.62,Rubavu,mobile,6,4,0
698561.53,Nyagatare,mobile,20,3,0
3867628.88,Kigali,web,14,4,0
4047808.51,Butare,web,12,4,0
3576203.56,Kigali,mobile,19,3,0
56428.63,Rubavu,unknown,18,4,0
1424903.62,Musanze,pos,1,6,0
1805125.85,Rubavu,mobile,3,0,0
3454405.69,Kigali,atm,1,0,0
3777840.64,Kigali,pos,19,6,0
3139460.68,Rubavu,mobile,18,3,0
3945547.18,Musanze,mobile,4,3,0
2136785.74,Kigali,pos,18,3,0
2709454.03,Butare,mobile,22,1,0
321718.75,Kigali,web,10,5,0
2136102.65,Kigali,mobile,1,5,1
2163449.25,Gisenyi,unknown,21,7,0
3057794.79,Rubavu,mobile,16,4,0
1889792.82,Kigali,mobile,23,5,0
1192655.71,Rubavu,atm,11,2,0
1188362.65,Kigali,mobile,21,3,0
669797.54,Rubavu,mobile,7,4,0
3505262.74,Butare,mobile,19,1,0
3113030.62,Nyagatare,web,2,2,1
2896459.97,Butare,mobile,14,1,0
2655332.64,Kigali,mobile,10,6,0
1838003.73,Musanze,pos,13,4,0
3843699.97,Musanze,mobile,15,2,0
4610159.81,Kigali,pos,9,3,0
2200225.95,Kigali,atm,19,5,0
2045738.49,Kigali,pos,22,3,0
814056.42,Musanze,mobile,21,2,0
3353708.67,Kigali,web,8,3,0
2790682.27,Butare,atm,6,3,0
4939995.98,Gisenyi,mobile,18,3,0
2921823.67,Rubavu,web,9,1,0
1443410.03,Musanze,mobile,20,4,0
2814921.84,Butare,mobile,7,5,0
4923483.82,Butare,pos,20,1,0
3616814.23,Kigali,web,20,1,0
643322.26,Gisenyi,web,2,1,0
1716141.51,Butare,mobile,11,1,0
1493775.46,Kigali,web,19,2,0
4284190.48,Butare,mobile,15,5,0
3056008.66,Rubavu,unknown,18,2,1
4050604.93,Gisenyi,mobile,20,4,0
881642.14,Butare,pos,7,1,0
4540220.51,Kigali,unknown,20,1,1
292025.83,Rubavu,mobile,6,1,0
1874498.52,Gisenyi,mobile,11,4,0
71238.15,Butare,pos,15,1,0
921805.33,Kigali,atm,9,3,0
4811148.22,Kigali,mobile,2,5,1
392937.41,Kigali,pos,17,3,0
727460.18,Nyagatare,pos,17,3,0
4624282.71,Musanze,web,10,2,0
3551017.73,Nyagatare,unknown,0,2,1
2035118.56,Musanze,web,14,2,0
344294.7,Butare,web,12,2,0
3925302.28,Butare,mobile,0,3,0
2463886.66,Kigali,unknown,14,3,0
1615422.82,Rubavu,mobile,17,1,0
1804071.75,Butare,mobile,21,4,0
2526635.05,Kigali,atm,5,1,0
2756388.5,Kigali,mobile,21,2,0
4090584.8,Rubavu,web,5,3,0
3858632.76,Butare,mobile,14,4,0
3835409.93,Kigali,mobile,5,4,0
3646625.28,Musanze,web,23,2,0
3789055.68,Gisenyi,web,21,1,0
3388168.83,Kigali,atm,13,1,0
4340183.36,Kigali,web,20,4,0
2787492.75,Rubavu,web,13,1,0
2604460.88,Kigali,web,19,5,0
3506629.25,Rubavu,mobile,16,3,0
830446.86,Butare,mobile,10,3,0
3884870.09,Musanze,pos,17,1,0
4680811.14,Nyagatare,web,10,5,0
1481651.69,Musanze,mobile,19,4,0
3055419.26,Kigali,mobile,8,5,0
163596.26,Butare,pos,19,3,0
3829231.4,Kigali,unknown,7,4,1
2798561.03,Butare,atm,17,3,0
3368434.6,International,web,16,5,0
715392.1,Kigali,pos,11,5,0
4047369.3,Nyagatare,web,21,4,0
1280053.72,International,web,4,5,0
3424118.62,International,pos,18,4,0
2965912.25,Musanze,mobile,14,3,0
3269130.33,Butare,atm,17,2,0
251661.32,Kigali,mobile,23,4,0
3709381.93,Gisenyi,mobile,3,3,0
3976351.02,Gisenyi,pos,13,4,0
2374341.71,Kigali,web,13,2,0
2044600.79,Gisenyi,web,12,4,0
1713052.25,Kigali,web,22,2,0
4639445.59,Gisenyi,unknown,7,0,1
3775463.74,Nyagatare,pos,12,3,0
3493244.33,Butare,web,0,2,1
4628070.32,Musanze,web,16,3,0
1744171.77,Gisenyi,web,8,0,0
3150875.36,Kigali,atm,8,3,0
3430441.12,Kigali,pos,16,0,0
4981139.6,Musanze,mobile,20,6,0
2136216.98,Kigali,web,10,2,0
2001205.17,International,mobile,13,1,0
422897.38,Nyagatare,web,15,0,0
492713.2,Kigali,mobile,3,0,0
2559239.4,Kigali,pos,13,3,0
856324.21,Gisenyi,web,9,0,0
365117.7,Gisenyi,pos,12,5,0
4824482.58,Kigali,unknown,10,4,1
4757111.28,Kigali,unknown,3,4,1
1626721.2,Gisenyi,mobile,1,4,0
3949452.1,Musanze,mobile,4,5,0
4362808.99,Kigali,web,15,2,0
2324002.97,Rubavu,atm,1,2,0
1118873.68,Nyagatare,mobile,2,0,0
649459.23,Kigali,unknown,7,5,0
704541.45,Butare,web,22,5,0
3984767.31,Nyagatare,web,3,3,1
1922386.87,Kigali,unknown,16,1,0
3467691.5,Kigali,pos,17,6,0
2693697.83,Rubavu,mobile,13,2,0
1973644.57,Butare,web,4,4,0
619516.79,Rubavu,atm,20,4,0
1667578.21,Kigali,atm,4,4,0
4200949.52,Gisenyi,atm,23,3,1
4057083.99,Kigali,mobile,9,2,0
142328.78,International,mobile,1,4,0
701812.65,Gisenyi,mobile,8,2,0
3779628.13,Rubavu,mobile,15,4,0
1678996.62,Kigali,mobile,20,1,0
3218133.54,International,pos,6,4,1
2813597.36,Kigali,mobile,20,0,0
3260510.54,Kigali,atm,3,4,0
268955.91,Kigali,unknown,7,2,0
4655630.47,Nyagatare,mobile,2,3,0
105337.26,Rubavu,web,3,2,0
40658.46,International,mobile,16,2,0
1131151.94,Kigali,mobile,15,3,0
4967482.85,Rubavu,web,22,5,0
363125.91,Butare,mobile,14,5,0
4372563.62,Gisenyi,web,14,0,0
795865.81,Butare,mobile,18,6,0
545961.91,Rubavu,unknown,22,2,0
3894962.5,Nyagatare,mobile,9,4,0
4233470.23,Gisenyi,mobile,10,5,0
3961018.35,Nyagatare,web,12,3,0
1205523.88,Musanze,mobile,11,5,0
4399273.71,Nyagatare,mobile,0,3,0
359891.22,Rubavu,mobile,3,1,0
1710216.33,Butare,pos,18,5,0
2316184.04,Kigali,web,21,1,0
339142.49,Musanze,mobile,3,1,0
2899426.47,Kigali,atm,4,6,0
2797135.39,Kigali,web,12,2,0
4960916.78,Butare,mobile,20,1,0
3108509.18,Gisenyi,unknown,18,3,0
1988029.61,Rubavu,mobile,15,4,0
3951029.15,Rubavu,atm,22,5,0
1675167.54,Rubavu,pos,21,5,0
2664576.84,Musanze,mobile,20,3,0
277820.3,Musanze,mobile,2,5,0
1613667.54,Musanze,web,20,0,0
2640776.02,Butare,web,10,5,0
3511708.31,Kigali,unknown,11,1,1
495614.44,Gisenyi,mobile,9,4,0
3986035.05,Kigali,web,15,3,0
4500844.85,Nyagatare,pos,20,6,0
1405545.31,Rubavu,web,6,2,0
3826850.23,Musanze,web,10,5,0
902152.28,Kigali,pos,0,4,0
2617317.65,Gisenyi,web,13,5,0
3988278.01,Butare,pos,14,1,0
1932765.18,Kigali,mobile,22,4,0
131988.11,Musanze,web,3,4,0
2700066.89,Butare,mobile,10,3,0
4223577.01,Kigali,pos,4,3,0
542082.72,Kigali,atm,7,3,0
148692.19,Kigali,web,23,5,0
4045299.36,Kigali,mobile,4,3,0
1336029.33,Kigali,mobile,1,4,0
1822036.36,Kigali,mobile,5,5,0
435366.66,Rubavu,web,5,1,0
483546.61,International,mobile,16,2,0
3072909.51,Kigali,web,4,2,0
2761372.13,Kigali,atm,13,2,0
1462362.68,Kigali,web,3,3,0
2263961.41,Kigali,web,14,4,0
1941294.72,Butare,unknown,13,6,0
3475417.06,Butare,mobile,11,0,0
4310514.08,Kigali,web,0,9,1
3825629.55,Kigali,mobile,7,1,0
22536.04,Gisenyi,web,23,3,0
498217.53,Butare,atm,17,4,0
2147169.21,Butare,atm,10,2,0
4259068.38,Nyagatare,web,13,5,0
1185252.45,Gisenyi,mobile,18,1,0
4394820.96,Kigali,mobile,18,4,0
550513.29,Kigali,atm,3,4,0
363499.32,Butare,atm,6,4,0
4567141.78,Nyagatare,mobile,17,0,0
810303.64,International,mobile,14,4,0
2319146.02,Kigali,atm,9,3,0
1630122.24,Kigali,unknown,15,5,0
738608.36,Nyagatare,web,14,3,0
3160739.02,Kigali,mobile,1,3,0
4818381.73,Kigali,mobile,8,4,0
3290718.18,Kigali,atm,3,4,0
1768816.56,Gisenyi,web,6,1,0
3559128.88,Butare,mobile,22,1,0
716669.15,Kigali,mobile,20,4,0
2900291.55,Musanze,atm,16,1,0
2347552.5,Rubavu,mobile,11,0,0
1800237.87,International,web,7,2,0
3697966.73,Kigali,unknown,20,2,1
592876.48,Musanze,unknown,8,4,0
2664185.98,Kigali,atm,23,3,0
4272059.43,Kigali,mobile,3,3,0
1008949.92,Kigali,mobile,1,3,0
1323073.94,Butare,mobile,12,2,0
3303528.63,Musanze,mobile,6,4,0
3863048.5,Kigali,mobile,14,1,0
1417036.34,Musanze,mobile,7,3,0
1799810.09,Rubavu,web,3,1,0
3699692.46,Kigali,web,3,2,0
1426975.66,Kigali,mobile,10,1,0
3331404.4,Kigali,mobile,16,4,0
794594.34,Rubavu,web,12,4,0
2056846.64,Gisenyi,mobile,8,0,0
3443541.71,Kigali,mobile,9,2,0
2299792.83,Kigali,mobile,8,2,0
96677.12,Kigali,web,20,4,0
2032198.6,Rubavu,atm,13,3,0
1442032.29,Kigali,web,22,3,0
506860.27,Nyagatare,mobile,2,1,0
46185.49,Kigali,web,7,5,0
228054.25,Gisenyi,mobile,11,3,0
4746263.66,Kigali,web,7,3,0
3749221.13,Kigali,web,4,2,0
4698738.69,Kigali,atm,5,0,0
574362.09,Rubavu,mobile,18,2,0
2852763.33,Kigali,mobile,2,2,0
416901.18,Butare,mobile,13,0,0
134518.55,Butare,web,13,1,0
2331672.58,Butare,web,12,0,0
3231894.56,Nyagatare,mobile,6,3,0
318280.02,Kigali,web,8,3,0
1825616.05,International,atm,14,2,0
451289.92,Butare,mobile,14,2,0
1810837.16,Musanze,mobile,17,0,0
2359242.59,Kigali,pos,22,5,0
1687988.16,Kigali,web,7,2,0
2881457.0,Kigali,mobile,0,5,0
2923157.99,Gisenyi,atm,19,7,0
1665010.2,Nyagatare,pos,8,5,0
1948297.28,Kigali,mobile,8,2,0
2205607.56,Rubavu,web,20,3,0
1878578.71,Gisenyi,mobile,22,3,0
3803357.98,Rubavu,mobile,21,4,0
700167.55,Kigali,web,12,4,0
4285248.63,Kigali,web,19,1,0
1656589.46,Kigali,pos,22,5,0
3619942.29,Kigali,atm,2,5,0
4418937.09,Kigali,mobile,16,1,0
4437319.78,Kigali,web,17,2,0
2262099.17,Kigali,atm,6,8,0
1283387.49,Butare,mobile,9,6,0
3028999.26,Nyagatare,mobile,19,5,0
920223.07,Nyagatare,mobile,22,1,0
3953089.06,Kigali,mobile,7,4,0
3556868.82,Kigali,web,6,3,0
3978304.8,International,web,4,2,1
2166570.91,Butare,mobile,0,3,1
2787362.79,International,mobile,21,2,1
514081.82,Butare,mobile,6,1,0
3438384.27,Nyagatare,atm,3,2,0
2434449.98,Butare,mobile,18,5,0
2546436.89,Gisenyi,web,5,4,0
4235037.25,Butare,mobile,18,6,0
3861719.39,Kigali,web,7,5,0
2676195.11,Musanze,web,4,7,0
1775854.08,Kigali,unknown,21,1,0
2232453.99,Kigali,atm,18,2,0
1754142.97,Nyagatare,unknown,16,5,0
758451.28,Butare,web,16,3,0
3229056.99,Kigali,atm,20,1,0
3457729.26,Kigali,pos,4,1,0
4856064.57,Kigali,mobile,16,1,0
2278794.53,Kigali,unknown,5,8,1
4986463.42,Kigali,mobile,8,1,0
935899.38,Rubavu,atm,19,3,0
3283325.85,Rubavu,atm,7,3,0
4973845.83,Kigali,mobile,6,2,0
3201804.68,Butare,unknown,21,1,0
2262123.29,Kigali,unknown,1,4,1
2576503.88,Kigali,web,5,4,0
4227632.94,Gisenyi,mobile,11,1,0
4695582.92,Nyagatare,web,14,1,0
2269905.69,Nyagatare,mobile,0,2,1
3861963.96,Butare,unknown,4,2,0
4668475.26,Kigali,web,5,6,0
1410961.82,Butare,web,23,4,0
2466056.39,Butare,web,14,7,0
4977090.07,Kigali,mobile,3,2,0
1767716.09,Gisenyi,web,11,4,0
3098629.94,Gisenyi,web,18,6,0
3285329.26,Butare,mobile,23,3,0
771165.06,Butare,pos,17,2,0
4033181.82,Nyagatare,mobile,5,3,0
2064796.6,Gisenyi,web,15,3,0
2501866.91,Musanze,mobile,16,3,0
3214390.93,International,mobile,10,2,1
2052718.23,Musanze,web,3,6,0
1625749.79,Nyagatare,mobile,15,2,0
2732380.43,Musanze,mobile,8,3,0
1734251.28,Kigali,pos,22,3,0
2170931.55,Kigali,web,9,1,0
542483.34,Kigali,mobile,12,3,0
4223792.94,Kigali,unknown,3,2,1
2058830.27,Kigali,unknown,13,0,1
414378.65,Musanze,mobile,6,5,0
3950223.74,Kigali,unknown,2,8,1
98616.74,Rubavu,web,19,3,0
2996931.33,Nyagatare,unknown,16,3,0
3513467.47,Kigali,unknown,13,6,1
956456.43,Kigali,web,14,4,0
656731.52,Nyagatare,mobile,0,3,0
569858.2,Kigali,unknown,3,1,0
4966653.29,Kigali,web,0,2,0
3775556.58,Kigali,mobile,17,6,0
1563896.0,Kigali,web,20,0,0
1678120.6,Musanze,web,12,5,0
3243299.46,Gisenyi,unknown,6,4,1
2288630.96,Kigali,pos,17,5,0
1357065.05,Gisenyi,mobile,22,1,0
285954.48,Kigali,mobile,20,3,0
3919376.3,Kigali,mobile,5,0,0
4441185.22,Gisenyi,web,18,3,0
1030193.45,Rubavu,pos,9,2,0
317493.87,Kigali,web,15,3,0
593568.22,Musanze,web,12,3,0
2071589.43,Musanze,mobile,21,2,0
1497091.56,Nyagatare,web,1,2,0
367752.35,Gisenyi,mobile,9,3,0
2274616.29,Kigali,mobile,4,2,0
1019992.55,Rubavu,mobile,4,4,0
335209.42,Kigali,mobile,21,3,0
3289811.73,Kigali,unknown,18,5,1
2862745.21,Musanze,unknown,17,1,0
4132076.29,Nyagatare,atm,18,3,0
1511756.36,Kigali,web,3,3,0
679545.48,Kigali,pos,7,1,0
1801123.69,Gisenyi,unknown,22,2,0
3893645.9,Nyagatare,mobile,11,3,0
1209075.91,Gisenyi,mobile,0,4,0
1275376.75,Musanze,atm,6,3,0
738349.63,Nyagatare,web,2,3,0
4932578.55,Butare,pos,3,4,0
4836565.47,Rubavu,mobile,12,3,0
3290431.67,Rubavu,mobile,10,1,0
1074483.01,Rubavu,web,6,5,0
3832898.41,Butare,mobile,1,2,0
2919875.18,Gisenyi,mobile,20,3,0
3747955.91,Gisenyi,mobile,3,3,0
4302121.6,Gisenyi,mobile,8,4,0
1592712.6,Butare,mobile,8,1,0
4568536.87,Kigali,atm,1,5,1
4492842.37,Rubavu,web,0,5,0
2735878.94,Kigali,web,0,2,1
3423015.48,Kigali,mobile,5,2,0
2055473.93,Nyagatare,mobile,12,3,0
3275686.15,Kigali,mobile,16,3,0
2745017.88,Butare,unknown,15,3,1
1614438.04,Rubavu,mobile,5,7,0
1614531.39,Gisenyi,mobile,21,5,0
3258504.54,Kigali,web,10,2,0
4783161.84,Kigali,mobile,8,0,0
1008140.63,Kigali,pos,6,2,0
1962987.0,Kigali,pos,1,1,0
4028643.1,Kigali,pos,0,5,0
615495.86,Butare,atm,18,1,0
4970836.87,Kigali,mobile,15,2,0
3390853.81,International,mobile,1,3,1
4554046.93,Rubavu,mobile,7,0,0
4190348.69,Gisenyi,pos,10,1,0
3885786.11,Rubavu,web,9,8,0
164988.85,Butare,unknown,3,3,0
2032777.33,Butare,web,18,4,0
1009711.04,Nyagatare,mobile,1,0,0
4356730.97,Rubavu,mobile,16,4,0
3401591.19,Gisenyi,mobile,22,4,0
535813.02,International,mobile,1,1,0
1798308.95,Rubavu,web,0,5,0
347006.19,Kigali,mobile,21,2,0
3700113.14,Kigali,atm,19,5,0
2091880.72,Kigali,web,12,1,0
1172239.16,Nyagatare,atm,2,1,0
2588694.09,Kigali,unknown,17,0,0
210701.15,Kigali,web,5,6,0
1286844.42,Musanze,atm,13,0,0
876933.42,Kigali,mobile,3,2,0
4653252.98,Kigali,unknown,11,5,0
1885848.48,Musanze,mobile,5,4,0
2922572.6,Gisenyi,web,19,2,0
2514958.28,Butare,unknown,8,2,1
3296194.77,Kigali,mobile,5,0,0
1395940.6,Rubavu,mobile,5,0,0
604337.51,Nyagatare,mobile,11,2,0
407717.3,Musanze,mobile,3,3,0
967388.12,Gisenyi,web,7,1,0
2414406.35,Kigali,mobile,11,5,0
1180518.92,Nyagatare,mobile,3,5,0
2170293.39,Gisenyi,pos,6,2,0
146998.11,Nyagatare,mobile,8,4,0
3137941.71,Kigali,mobile,2,3,0
4390868.91,Rubavu,mobile,20,2,0
238425.9,Nyagatare,mobile,0,4,0
1090589.81,Kigali,mobile,19,3,0
1589193.16,International,pos,18,2,0
1436559.25,Kigali,mobile,15,3,0
202405.58,Butare,mobile,2,4,0
533339.08,Musanze,web,5,3,0
4562352.71,Kigali,mobile,5,3,0
3556953.33,Rubavu,mobile,17,2,0
4792211.14,Kigali,mobile,21,3,0
2202590.3,Gisenyi,mobile,1,2,0
4395226.16,Musanze,mobile,13,1,0
4082787.77,Kigali,web,1,3,1
4374767.81,Kigali,web,8,6,0
196251.23,Nyagatare,web,23,1,0
3262752.03,Musanze,unknown,22,4,1
2833361.4,Nyagatare,atm,0,4,1
2726306.18,Butare,unknown,18,2,0
2522167.64,Rubavu,mobile,8,4,0
3979984.73,International,unknown,6,3,1
4840300.6,Butare,mobile,5,2,0
4144679.7,Musanze,mobile,22,2,0
4352041.67,Kigali,web,12,3,0
2419771.57,Butare,atm,8,6,0
3453201.05,Kigali,unknown,9,5,1
2078113.88,Butare,web,5,2,0
1801750.58,Kigali,mobile,13,3,0
4476459.35,Kigali,mobile,16,2,0
4526103.68,Kigali,web,3,2,0
3411259.85,Butare,mobile,14,3,0
4189292.03,Butare,mobile,13,4,0
1802138.49,Kigali,pos,23,3,0
2169086.27,Nyagatare,mobile,12,1,0
4105170.95,Kigali,web,4,5,0
1990552.38,Musanze,web,0,5,0
200318.11,Kigali,unknown,5,0,0
1766815.1,Kigali,web,0,3,0
1991452.41,Kigali,mobile,16,6,0
773603.68,Nyagatare,web,13,4,0
1720949.36,Musanze,mobile,16,5,0
4672142.86,Kigali,mobile,13,3,0
4292736.25,Kigali,web,15,5,0
2229896.84,Rubavu,pos,6,4,0
3549592.9,Kigali,unknown,9,7,1
759673.88,Nyagatare,web,14,5,0
3762878.02,Musanze,web,11,2,0
2379185.96,Nyagatare,web,22,6,0
3612979.78,Kigali,pos,7,5,0
3220294.26,Kigali,mobile,15,2,0
1164206.66,Nyagatare,web,5,4,0
4173540.51,Butare,mobile,10,2,0
2861097.03,Butare,mobile,5,4,0
3921094.96,Rubavu,pos,21,4,0
470384.73,Kigali,mobile,0,6,0
3076944.02,Nyagatare,mobile,17,5,0
1459774.16,International,pos,2,1,0
4304546.39,Kigali,atm,7,5,0
4747555.08,Kigali,web,7,4,0
279610.26,Kigali,mobile,0,5,0
3621552.34,Kigali,web,4,4,0
515337.59,Kigali,mobile,3,0,0
4287608.08,Kigali,atm,0,3,1
623059.4,Kigali,mobile,15,3,0
975436.86,Butare,web,5,4,0
1258475.0,Rubavu,mobile,12,1,0
3639299.52,International,atm,6,2,1
1463026.01,Kigali,pos,11,1,0
2980626.25,Rubavu,web,16,4,0
2859927.36,Gisenyi,mobile,16,2,0
2011606.97,Butare,unknown,15,6,1
2697678.08,Rubavu,web,10,4,0
591399.97,Kigali,mobile,21,5,0
4380933.17,Kigali,mobile,13,0,0
1035779.66,Kigali,mobile,18,1,0
4401193.0,Kigali,mobile,20,4,0
2593927.83,Butare,mobile,10,4,0
3069872.62,Kigali,unknown,21,1,1
1286856.49,Kigali,mobile,18,4,0
1112036.15,Kigali,web,18,5,0
2453769.49,Kigali,atm,14,5,0
1337163.29,Kigali,web,4,4,0
2115983.59,Gisenyi,unknown,11,3,1
2201379.62,Kigali,unknown,12,1,1
1354951.16,International,web,22,4,0
1459004.05,Kigali,atm,16,4,0
4864560.6,Kigali,mobile,16,5,0
2937482.52,Kigali,web,10,2,0
4159457.16,Rubavu,mobile,8,1,0
229188.55,Rubavu,web,15,1,0
10122.13,Nyagatare,mobile,7,1,0
2595752.38,Kigali,mobile,7,2,0
4134113.12,Kigali,mobile,21,4,0
3054788.73,Nyagatare,atm,9,4,0
3094339.02,Musanze,mobile,6,5,0
697222.41,Kigali,atm,5,0,0
4892848.11,Nyagatare,unknown,18,3,0
2648738.28,Rubavu,mobile,12,5,0
513457.81,Kigali,atm,22,2,0
2071279.38,Kigali,web,22,0,0
360319.92,Butare,atm,5,4,0
2090992.26,Rubavu,mobile,2,4,0
3557953.2,Kigali,unknown,10,4,1
1617969.08,Kigali,unknown,17,3,0
1565854.76,Kigali,mobile,0,1,0
2571939.0,Musanze,mobile,8,5,0
2492680.49,Kigali,web,12,5,0
2335979.85,Gisenyi,web,6,3,0
2584463.31,Musanze,unknown,4,3,0
240271.77,Musanze,pos,20,3,0
2371596.46,Rubavu,pos,3,2,0
4960057.75,Rubavu,atm,13,2,0
3821795.67,Butare,mobile,3,5,1
1438202.14,Butare,unknown,14,1,0
3388730.92,Kigali,web,22,1,0
1649847.84,Butare,mobile,23,2,0
957974.86,Kigali,mobile,9,1,0
3867871.87,Butare,mobile,20,4,0
1048326.9,Rubavu,mobile,8,2,0
4293200.52,Butare,web,10,3,0
1902357.87,Butare,web,15,6,0
3784338.67,Musanze,web,15,5,0
1298352.77,Gisenyi,unknown,4,3,0
3263849.69,Kigali,web,8,8,0
1063052.59,Butare,mobile,9,4,0
109661.46,Kigali,mobile,10,3,0
4073113.53,Kigali,web,10,2,0
4280885.5,Gisenyi,web,8,4,0
4402930.69,Kigali,mobile,9,2,0
181969.38,Musanze,mobile,2,2,0
3804728.65,Gisenyi,mobile,16,4,0
4179434.11,Kigali,unknown,16,2,0
1558834.8,Kigali,mobile,11,3,0
2352521.27,Kigali,mobile,5,1,0
2039871.79,Kigali,atm,15,4,0
2200791.64,Musanze,mobile,6,3,0
4233597.59,Kigali,web,17,3,0
2089634.82,Gisenyi,web,21,5,0
1512167.83,Nyagatare,mobile,18,3,0
652350.75,Butare,mobile,21,4,0
3374359.16,Kigali,web,22,5,0
421477.57,Musanze,pos,11,2,0
306380.69,Butare,atm,1,3,0
3408055.65,Gisenyi,pos,13,2,0
3471597.6,Nyagatare,pos,8,3,0
995800.69,Butare,web,12,6,0
4785944.6,Kigali,web,9,5,0
3939176.1,Rubavu,unknown,4,2,1
3432297.0,Kigali,atm,21,1,0
3771860.67,Nyagatare,mobile,12,6,0
2059728.98,Nyagatare,mobile,17,7,0
2278484.59,Gisenyi,mobile,6,6,0
4351139.29,Kigali,web,12,1,0
127582.37,Butare,mobile,12,1,0
4012204.57,Butare,mobile,15,2,0
2238118.94,Kigali,web,15,5,0
2320110.44,Kigali,pos,3,0,1
1628835.31,Kigali,web,20,2,0
3035556.65,Gisenyi,mobile,11,7,0
3378528.94,Rubavu,pos,22,1,0
804187.83,International,atm,5,4,0
2828801.53,Kigali,atm,20,6,0
2324826.86,Kigali,web,2,6,0
3909652.39,Kigali,atm,21,1,0
2726663.82,Nyagatare,pos,21,2,0
2148151.27,Kigali,pos,12,5,0
2644890.83,Nyagatare,web,21,2,0
2453092.25,Nyagatare,mobile,10,2,0
4675921.68,Kigali,mobile,10,3,0
1559782.79,Kigali,atm,0,3,0
187226.09,Kigali,mobile,17,3,0
3310152.77,Kigali,pos,12,3,0
3019413.68,Butare,web,8,2,0
4549891.56,Butare,pos,12,4,0
587824.35,Musanze,web,4,3,0
2613466.78,Kigali,web,4,3,0
754279.86,Kigali,mobile,3,1,0
2278816.99,Gisenyi,mobile,7,3,0
3996948.72,Kigali,mobile,7,4,0
4287011.49,Butare,web,1,1,1
4169384.87,Kigali,unknown,11,7,0
2737250.47,Kigali,web,10,6,0
3169983.64,Musanze,pos,8,3,0
2758046.91,Rubavu,unknown,16,2,1
2806398.28,Kigali,mobile,3,2,0
4425811.87,Butare,web,18,1,0
1046759.84,Kigali,web,1,6,0
2194110.02,Kigali,mobile,16,4,0
3050509.22,Gisenyi,mobile,4,4,0
3826878.07,Kigali,mobile,19,2,0
3809567.67,Kigali,atm,16,2,0
586683.15,Kigali,mobile,10,4,0
1109938.87,Rubavu,mobile,15,3,0
4557635.31,Kigali,pos,15,2,0
1787917.68,Nyagatare,mobile,5,2,0
14061.85,Kigali,atm,5,4,0
999385.44,Kigali,unknown,6,2,0
4847775.71,Nyagatare,web,22,6,0
1549087.96,Gisenyi,web,17,3,0
3068765.89,Kigali,mobile,13,7,0
3633386.18,Butare,web,21,2,0
3233090.89,Kigali,mobile,2,5,0
1888142.15,Rubavu,atm,17,5,0
2152360.37,Kigali,pos,19,3,0
4190007.57,Nyagatare,mobile,13,3,0
3314094.26,Butare,web,6,2,0
117664.65,Rubavu,pos,10,2,0
1017686.2,Rubavu,web,14,3,0
1431846.54,Kigali,web,14,0,0
1827750.76,Nyagatare,pos,4,4,0
2884680.17,Kigali,unknown,13,2,0
1832869.73,Kigali,mobile,22,3,0
4125147.08,Butare,mobile,3,7,0
2369440.98,International,pos,16,3,0
2511142.75,Kigali,mobile,21,2,0
2137232.23,International,pos,23,4,1
1552676.52,Butare,mobile,16,2,0
3624138.19,Musanze,mobile,22,4,0
1148200.15,Butare,web,6,0,0
3447604.33,Kigali,mobile,0,3,1
2648765.9,Nyagatare,mobile,17,2,0
511765.04,Kigali,web,17,3,0
90327.25,Rubavu,mobile,19,4,0
847633.39,Musanze,mobile,1,2,0
3805223.92,Musanze,mobile,4,1,0
1923295.51,Rubavu,web,12,5,0
4024480.11,Kigali,unknown,14,3,1
2509778.12,Butare,mobile,13,4,0
164216.77,Gisenyi,web,23,3,0
4230568.82,Nyagatare,web,17,3,0
4681349.05,Kigali,mobile,23,3,0
371538.9,Butare,mobile,3,2,0
1042149.17,Kigali,mobile,22,4,0
3577906.82,Butare,web,10,3,0
4985879.13,Kigali,unknown,21,1,1
4381580.47,Kigali,web,19,4,0
495189.83,Musanze,mobile,21,2,0
3036381.85,Butare,mobile,11,4,0
3326185.91,Butare,unknown,12,4,1
3154345.02,Nyagatare,mobile,2,0,1
2840517.29,Kigali,web,13,3,0
1461373.39,Kigali,mobile,11,1,0
3342696.58,Kigali,mobile,19,2,0
3642392.1,Rubavu,mobile,3,2,1
2879043.12,Gisenyi,unknown,11,2,1
2486029.05,Butare,atm,8,2,0
1095543.23,Rubavu,mobile,0,4,0
2723847.8,Butare,mobile,23,3,0
641688.21,Musanze,web,8,3,0
364043.6,Butare,mobile,23,2,0
3889367.05,Nyagatare,web,4,7,0
3381525.03,Kigali,pos,7,3,0
3245336.53,Kigali,web,14,3,0
4640674.56,Rubavu,pos,12,1,0
1904173.19,Kigali,atm,20,1,0
1998960.24,Butare,web,22,1,0
2069027.65,Rubavu,atm,19,6,0
2326682.81,Kigali,mobile,14,2,0
2564458.52,Kigali,mobile,21,3,0
3890198.15,Butare,atm,5,1,0
1088907.7,Nyagatare,mobile,5,4,0
2170705.15,Butare,mobile,14,3,0
2525884.27,Gisenyi,mobile,0,3,0
846003.81,Kigali,pos,10,3,0
3509862.64,Butare,unknown,2,2,1
281825.57,Butare,web,13,2,0
2929769.54,Kigali,unknown,16,2,0
1011109.73,Kigali,pos,2,1,0
42837.07,Kigali,mobile,23,3,0
1579200.27,Kigali,web,10,4,0
2145988.83,Kigali,web,4,1,0
4086597.25,Rubavu,mobile,12,7,0
2039524.35,Gisenyi,mobile,22,2,0
4577220.12,Kigali,atm,10,3,0
4212772.73,Gisenyi,mobile,17,5,0
964091.65,Musanze,unknown,14,1,0
779008.71,Musanze,web,3,6,0
1219588.21,Rubavu,mobile,19,4,0
1798729.63,Kigali,mobile,10,1,0
2917611.1,Kigali,web,1,3,0
620845.47,Kigali,mobile,9,3,0
2660440.4,Rubavu,mobile,8,0,0
2904075.78,Kigali,web,17,3,0
3304620.77,Butare,web,16,4,0
2750685.21,Musanze,pos,4,2,0
4125945.77,Nyagatare,web,7,1,0
3208131.41,Musanze,unknown,7,1,0
4622795.46,Kigali,mobile,13,2,0
3504770.04,Nyagatare,mobile,4,1,0
2180833.03,Rubavu,web,16,0,0
1048818.05,Gisenyi,atm,6,1,0
53098.28,Kigali,mobile,6,4,0
452468.99,Nyagatare,web,9,2,0
948783.87,Kigali,mobile,6,3,0
1082598.54,Kigali,unknown,21,3,0
3710349.38,Kigali,web,11,4,0
1930585.96,Rubavu,mobile,17,0,0
1623035.14,Gisenyi,mobile,23,2,0
262311.59,Nyagatare,pos,16,3,0
2693533.4,Kigali,pos,10,4,0
3064737.95,Kigali,web,16,2,0
4389348.15,Rubavu,mobile,6,0,0
2514458.86,Kigali,mobile,15,2,0
39096.95,Butare,atm,16,3,0
326861.15,Kigali,web,19,3,0
1355391.19,Gisenyi,pos,12,5,0
696358.33,Musanze,atm,9,7,0
3853051.75,Kigali,mobile,5,3,0
539730.98,Kigali,mobile,15,3,0
804337.02,Kigali,web,20,2,0
3334103.42,Gisenyi,mobile,7,1,0
1198522.03,Gisenyi,pos,11,4,0
4845420.41,Musanze,mobile,11,3,0
4316006.9,International,web,18,2,1
3722828.59,International,mobile,18,3,1
1716010.77,Kigali,mobile,21,2,0
284371.48,Gisenyi,mobile,2,2,0
1682336.59,Musanze,mobile,0,1,0
1883960.94,Rubavu,mobile,5,3,0
637600.34,Nyagatare,web,11,1,0
603643.7,Butare,mobile,0,2,0
3340707.6,Butare,mobile,17,3,0
1162395.93,Kigali,web,1,2,0
3390214.52,Kigali,pos,17,2,0
2741732.59,Rubavu,atm,11,1,0
4507368.52,Butare,pos,4,5,0
3985950.8,Rubavu,unknown,19,6,1
757284.48,Kigali,mobile,3,6,0
3051002.66,Nyagatare,web,2,3,0
3265807.18,Nyagatare,mobile,3,0,1
4310341.46,Rubavu,unknown,6,3,1
3204963.33,Kigali,mobile,18,3,0
704000.73,Kigali,mobile,10,8,0
1292616.92,Gisenyi,unknown,15,3,0
3188175.97,Nyagatare,pos,21,4,0
4559755.9,Gisenyi,mobile,2,2,1
4457699.07,Musanze,mobile,21,1,0
1796251.11,Gisenyi,pos,16,5,0
4153451.21,Rubavu,mobile,14,1,0
2556683.85,Gisenyi,pos,2,2,1
2321981.69,Gisenyi,unknown,19,2,1
1754760.24,Rubavu,mobile,10,3,0
3391174.87,Kigali,mobile,3,2,0
2998188.27,Nyagatare,mobile,19,3,0
1873631.85,Nyagatare,mobile,13,4,0
3814309.52,Rubavu,web,0,1,1
1897037.73,Rubavu,atm,17,1,0
2922144.28,Butare,web,16,2,0
1962218.36,Musanze,mobile,14,3,0
584824.89,Nyagatare,mobile,19,4,0
806391.28,Musanze,mobile,12,2,0
3283865.99,Kigali,web,23,6,0
4056211.33,Musanze,pos,0,2,0
2342580.59,Butare,web,23,2,1
1628273.16,Gisenyi,unknown,1,1,0
1682819.16,International,mobile,10,4,0
2988437.66,Kigali,pos,4,3,0
2338713.39,Kigali,mobile,14,3,0
4193.16,Kigali,pos,8,4,0
3857474.14,Kigali,unknown,0,3,1
712018.53,Kigali,atm,8,3,0
3374213.0,Butare,mobile,10,3,0
1721397.45,Nyagatare,web,21,3,0
2890223.93,Musanze,web,11,3,0
4275659.32,Kigali,web,0,3,0
771785.85,Gisenyi,atm,15,4,0
3888287.22,Musanze,atm,15,2,0
192023.09,Butare,mobile,6,4,0
4606882.22,Nyagatare,mobile,2,1,0
1008331.86,Nyagatare,mobile,4,3,0
3972171.27,Kigali,web,3,3,0
336568.86,Nyagatare,mobile,2,4,0
1635578.58,Gisenyi,mobile,2,5,0
3167920.2,Butare,web,19,2,0
3294293.95,Musanze,web,2,1,0
3494198.56,Musanze,unknown,21,3,0
1754619.95,Rubavu,pos,17,4,0
3330208.14,Musanze,mobile,11,1,0
2142792.93,International,atm,16,3,1
2829816.65,Nyagatare,pos,22,1,0
2736358.84,Kigali,web,16,2,0
841115.26,Nyagatare,mobile,7,2,0
4233068.0,Musanze,unknown,0,5,1
4335772.15,Nyagatare,unknown,16,3,1
1019024.94,Rubavu,mobile,21,4,0
2082959.17,Nyagatare,atm,8,3,0
2324646.41,Kigali,mobile,10,2,0
2744835.62,International,mobile,12,1,1
111851.89,Kigali,mobile,2,0,0
3794196.27,Nyagatare,web,17,1,0
4309860.56,Nyagatare,web,9,2,0
711398.29,Kigali,mobile,14,1,0
4483196.44,Nyagatare,mobile,0,4,0
4254635.63,Musanze,mobile,5,1,0
2711512.62,Nyagatare,pos,20,1,0
1374021.18,Kigali,mobile,14,2,0
1037844.63,Musanze,web,6,2,0
2445882.65,Butare,web,20,3,0
2536267.13,Kigali,atm,5,2,0
3259515.79,Musanze,web,14,1,0
4008286.46,Butare,mobile,17,2,0
4672532.1,Nyagatare,unknown,12,5,1
3981506.33,Rubavu,mobile,0,2,0
4545272.09,Kigali,mobile,21,1,0
2497092.81,Kigali,atm,17,3,0
194903.53,Kigali,atm,2,3,0
259624.99,Kigali,pos,11,5,0
1342803.38,Rubavu,mobile,0,2,0
3070124.09,Nyagatare,pos,23,2,1
1676453.14,Gisenyi,atm,6,0,0
831135.45,Musanze,web,7,3,0
4252550.24,Kigali,mobile,14,2,0
4924981.36,Butare,web,4,3,0
83699.31,Butare,mobile,21,2,0
447575.75,Rubavu,unknown,2,4,0
2496944.11,Butare,atm,6,3,0
1688667.41,Kigali,web,3,7,0
3910865.0,Kigali,pos,1,3,0
3271683.87,Kigali,web,6,5,0
343017.57,International,mobile,21,4,0
2724643.61,Kigali,mobile,0,3,1
1682994.46,Musanze,unknown,10,3,0
4825580.56,Kigali,pos,8,2,0
2376657.6,Kigali,unknown,9,1,1
4638354.71,Rubavu,mobile,18,4,0
151357.87,Butare,mobile,14,2,0
516821.69,Nyagatare,mobile,9,0,0
1931652.06,Nyagatare,pos,16,2,0
4434840.05,Musanze,mobile,11,2,0
2723248.1,Musanze,web,22,4,0
4120790.55,Nyagatare,mobile,3,2,0
1418006.4,Musanze,unknown,13,3,0
557915.77,Butare,web,18,3,0
1230571.08,Kigali,atm,23,1,0
3226694.4,Musanze,web,12,3,0
4357149.79,Kigali,web,23,2,0
2275269.14,Kigali,mobile,3,2,1
968480.84,Kigali,mobile,6,2,0
3188241.42,Gisenyi,mobile,17,1,0
985071.39,Kigali,mobile,10,3,0
2851653.37,Kigali,web,12,3,0
511907.47,Rubavu,web,16,5,0
4055769.77,Musanze,web,14,0,0
4025930.7,Kigali,atm,14,4,0
2706506.86,Musanze,mobile,16,2,0
191393.94,Kigali,web,4,6,0
1401286.99,International,web,8,1,0
691855.11,Butare,mobile,3,3,0
2617517.46,Kigali,mobile,19,1,0
509120.64,Nyagatare,mobile,6,2,0
4348697.67,Kigali,atm,9,2,0
4250896.36,Kigali,mobile,0,4,0
780912.33,Kigali,web,1,5,0
3474592.73,Butare,web,22,3,0
3482668.19,Musanze,unknown,9,1,1
1984073.6,Musanze,pos,7,5,0
765418.96,Gisenyi,mobile,18,4,0
660972.56,International,mobile,0,7,0
3697510.02,Musanze,mobile,1,2,1
1101276.98,Rubavu,mobile,15,3,0
3017467.06,Kigali,mobile,1,6,1
4329475.14,Butare,mobile,23,5,0
2965700.64,Kigali,mobile,3,5,1
4869824.72,Kigali,mobile,15,1,0
3227686.71,Rubavu,pos,18,2,0
1573358.27,Kigali,atm,7,5,0
4262410.43,Kigali,mobile,16,2,0
1554906.4,Butare,web,2,2,0
4857866.11,Kigali,mobile,16,2,0
2388920.86,Gisenyi,mobile,2,1,0
4766258.72,Nyagatare,web,11,5,0
918399.39,Kigali,mobile,5,2,0
57486.83,Kigali,web,13,1,0
981058.41,Nyagatare,mobile,7,6,0
492292.66,Rubavu,web,5,5,0
3669913.13,Kigali,atm,12,4,0
1323096.0,Kigali,pos,20,2,0
3197551.21,Musanze,mobile,1,2,1
3343450.87,Rubavu,web,4,2,0
3441382.58,Kigali,web,21,2,0
4163124.3,Kigali,unknown,23,5,1
745254.79,Rubavu,mobile,8,4,0
252794.93,Gisenyi,mobile,0,4,0
149010.8,Kigali,mobile,11,2,0
519398.12,International,mobile,15,6,0
1896238.09,Kigali,pos,17,3,0
4836896.01,Kigali,web,14,4,0
1766448.88,Kigali,web,9,3,0
2264888.18,Musanze,pos,8,2,0
4072076.4,International,mobile,4,4,0
4593030.8,Kigali,unknown,9,3,1
4857221.8,Kigali,atm,15,4,0
4132342.9,Rubavu,mobile,22,3,0
2512829.03,Butare,web,19,4,0
1147767.5,Kigali,pos,5,3,0
2992035.6,Nyagatare,mobile,9,3,0
984376.84,Gisenyi,unknown,13,6,0
279095.8,Kigali,pos,16,5,0
4596810.0,Butare,atm,10,4,0
2424209.13,Butare,mobile,5,2,0
2541447.0,Butare,mobile,13,8,0
3046290.52,Butare,web,18,2,0
2257317.08,Gisenyi,web,9,1,0
2222430.11,Kigali,mobile,23,7,0
4575769.02,Kigali,pos,12,4,0
4082822.37,Rubavu,pos,23,4,0
1063354.7,Musanze,web,6,2,0
1459242.26,Musanze,web,7,3,0
3303282.89,Kigali,web,2,4,1
2855674.05,Butare,mobile,14,4,0
3830913.69,International,mobile,16,3,0
3638299.29,Kigali,atm,15,4,0
3542881.79,Musanze,web,23,3,0
4401149.45,Kigali,web,4,1,0
3832882.19,Musanze,web,10,4,0
1214615.52,Rubavu,mobile,10,3,0
4364249.58,Rubavu,mobile,18,7,0
1677993.26,International,atm,14,5,0
4554516.98,Nyagatare,web,13,3,0
4121437.69,Kigali,mobile,10,2,0
370889.91,Kigali,mobile,10,7,0
3856517.43,Butare,mobile,11,1,0
2500820.51,Kigali,mobile,23,1,1
4885575.23,Kigali,mobile,5,1,0
2292365.47,International,mobile,0,3,1
335505.23,Butare,mobile,11,2,0
1466036.25,International,web,1,2,0
2151332.02,Kigali,mobile,3,5,0
2959792.43,Kigali,web,8,1,0
760952.87,Gisenyi,pos,15,2,0
2575655.6,Rubavu,mobile,8,3,0
2417622.27,Kigali,atm,9,2,0
4183394.46,Butare,mobile,1,3,0
1512363.35,Nyagatare,mobile,0,2,0
2247862.46,Musanze,web,0,5,0
1943369.01,Kigali,unknown,1,7,0
3161340.74,Kigali,web,9,3,0
4181026.83,Kigali,mobile,19,0,0
3378282.85,Rubavu,mobile,8,2,0
2325512.45,International,mobile,7,5,0
3189329.56,Kigali,web,2,4,0
1611558.69,Gisenyi,mobile,11,6,0
720927.16,International,web,10,7,0
1598929.76,Kigali,atm,0,2,0
2218725.98,Rubavu,mobile,15,4,0
2196605.03,Kigali,atm,5,1,0
3688137.41,International,atm,9,3,1
4681758.63,Kigali,pos,12,4,0
1945102.53,Butare,mobile,12,4,0
432699.37,Kigali,mobile,22,2,0
167549.22,Kigali,unknown,1,5,0
20261.88,International,mobile,10,4,0
4690531.71,Gisenyi,web,5,4,0
4978168.94,Rubavu,mobile,7,5,0
257394.7,Gisenyi,pos,13,4,0
1791364.42,Kigali,mobile,13,4,0
3346891.01,Kigali,mobile,0,3,1
895137.52,Gisenyi,web,13,1,0
2972388.72,Musanze,mobile,23,6,0
4068179.99,Gisenyi,web,2,3,1
4290503.11,Gisenyi,web,10,2,0
3532250.18,Rubavu,web,13,3,0
409280.0,Kigali,pos,12,3,0
1742304.72,Rubavu,web,12,5,0
4836730.21,Butare,mobile,15,6,0
964178.94,Rubavu,mobile,7,4,0
2269903.4,Kigali,atm,1,3,0
1671217.58,Kigali,atm,14,2,0
1028088.65,Kigali,pos,1,4,0
1618018.67,Musanze,mobile,21,1,0
947998.61,Kigali,mobile,8,2,0
4386328.14,Kigali,web,2,1,1
872629.2,Musanze,mobile,17,4,0
3117909.07,Butare,mobile,11,3,0
4711606.91,Kigali,pos,2,9,1
4763252.22,Kigali,mobile,14,1,0
3002323.13,Butare,mobile,5,3,0
1354844.17,Gisenyi,web,3,4,0
1239865.11,Kigali,mobile,17,2,0
3737479.66,Nyagatare,mobile,11,0,0
4903546.27,Kigali,mobile,4,1,0
388436.1,Butare,web,7,1,0
3947448.17,Rubavu,web,20,3,0
615365.41,Nyagatare,mobile,20,2,0
1491277.64,Kigali,mobile,21,2,0
2833334.95,Rubavu,web,13,5,0
1486474.87,Gisenyi,atm,8,4,0
3251480.74,Kigali,unknown,0,3,1
2086270.78,Rubavu,mobile,15,5,0
1095959.11,Kigali,atm,17,1,0
2654888.27,Musanze,mobile,15,3,0
120536.67,Nyagatare,mobile,23,3,0
3705521.21,Butare,mobile,11,3,0
2611683.19,Kigali,web,11,2,0
4733528.24,Rubavu,web,13,2,0
514395.95,Butare,mobile,7,4,0
3661595.05,Kigali,unknown,4,4,0
1505101.49,Kigali,mobile,20,3,0
1866056.84,Kigali,mobile,5,6,0
1742759.37,Rubavu,web,23,2,0
1790430.58,Butare,unknown,12,3,0
2154459.35,Gisenyi,unknown,19,4,0
105513.75,Butare,mobile,19,6,0
4233863.4,Rubavu,mobile,13,3,0
4409038.82,Rubavu,web,16,1,0
198262.9,Butare,web,9,3,0
3880127.97,Kigali,web,12,3,0
361826.91,Butare,mobile,10,6,0
4039164.08,Kigali,mobile,0,1,1
3065132.12,International,mobile,6,3,1
1532110.63,International,pos,4,5,0
3069606.05,Butare,mobile,4,0,0
2533477.2,Kigali,pos,0,4,0
3178956.25,Kigali,mobile,1,3,0
2377121.2,Nyagatare,atm,13,3,0
3864486.52,Kigali,mobile,18,2,0
226825.05,Gisenyi,pos,20,0,0
1721739.4,Kigali,pos,17,5,0
2796654.1,Musanze,mobile,13,2,0
2941421.03,Nyagatare,mobile,6,8,0
848140.16,Gisenyi,mobile,5,1,0
373110.76,Gisenyi,pos,15,2,0
105382.61,Kigali,mobile,23,6,0
2065361.62,Rubavu,mobile,0,5,1
1652270.69,Butare,unknown,23,4,0
2839256.06,Rubavu,web,12,3,0
2247849.42,International,pos,2,3,1
1970643.24,Musanze,atm,23,3,0
4216681.3,Butare,mobile,21,1,0
3107769.99,International,pos,12,0,1
3230680.6,Gisenyi,web,2,2,0
1909441.0,Kigali,web,14,3,0
3884333.16,Rubavu,mobile,17,6,0
760861.81,Musanze,unknown,20,3,0
2010302.65,Kigali,pos,0,3,1
236345.94,Rubavu,mobile,2,3,0
577629.05,Nyagatare,mobile,19,4,0
408088.52,Kigali,atm,5,4,0
2207459.94,Gisenyi,mobile,23,2,0
3486773.12,Kigali,mobile,9,3,0
1563827.2,Musanze,web,23,1,0
133542.0,Gisenyi,mobile,21,3,0
3536188.36,Butare,pos,14,6,0
1037561.62,Kigali,pos,19,6,0
3613512.1,Nyagatare,unknown,7,1,0
37269.45,Butare,mobile,16,1,0
1562054.33,Musanze,mobile,3,5,0
3106343.12,Kigali,web,1,2,0
4355818.28,Musanze,atm,11,2,0
3770765.15,Kigali,mobile,20,2,0
2248373.79,Kigali,mobile,5,1,0
3592714.76,Kigali,web,9,1,0
2687938.27,Kigali,web,2,1,0
4067071.08,Butare,web,7,2,0
3860441.71,Butare,web,12,8,0
4879272.92,Kigali,atm,13,7,0
525137.87,Butare,web,3,2,0
1703854.18,Kigali,web,23,5,0
962287.84,Nyagatare,atm,3,6,0
3154025.03,Butare,mobile,2,1,0
3320306.48,International,pos,18,2,1
1019451.51,Kigali,mobile,2,3,0
2108052.22,Kigali,mobile,2,2,0
3010950.04,Kigali,web,15,5,0
3294936.53,Kigali,mobile,20,1,0
513683.6,Musanze,mobile,7,6,0
4605403.6,Kigali,mobile,14,6,0
170898.53,Kigali,web,19,3,0
4864725.55,Kigali,unknown,8,4,1
1581970.94,International,web,5,4,0
1582069.69,Nyagatare,web,19,8,0
2230406.96,Kigali,atm,3,2,0
3474944.32,Butare,unknown,9,3,1
798429.12,Butare,mobile,3,2,0
1275296.41,Kigali,web,19,3,0
4807882.64,Butare,mobile,1,4,1
4384272.3,Kigali,mobile,5,3,0
1062352.23,Butare,mobile,0,4,0
2865270.67,Kigali,mobile,10,0,0
1018406.95,Gisenyi,pos,2,3,0
2750531.26,Kigali,atm,4,2,0
1829183.59,Gisenyi,mobile,21,2,0
1812442.49,Rubavu,mobile,7,0,0
3175531.72,Gisenyi,web,19,5,0
1259578.32,Butare,atm,15,0,0
2021595.9,Kigali,atm,11,2,0
4626331.62,Kigali,mobile,19,6,0
3776946.31,Kigali,atm,13,2,0
1916725.57,Musanze,pos,0,2,0
1151694.2,Gisenyi,mobile,10,4,0
3295228.65,Kigali,atm,9,5,0
4038544.58,Rubavu,mobile,13,2,0
4303893.02,Gisenyi,mobile,14,3,0
2821624.26,Kigali,web,14,3,0
2584240.89,Musanze,web,23,2,0
3598352.19,Musanze,web,1,3,0
879246.29,Kigali,unknown,5,3,0
4260768.61,Gisenyi,mobile,8,4,0
370080.56,Kigali,web,5,1,0
3015283.0,Kigali,web,0,3,0
2948672.72,Nyagatare,pos,4,4,0
1553856.22,Musanze,mobile,11,3,0
177796.56,Kigali,mobile,23,2,0
3589415.43,Butare,unknown,15,5,1
121358.53,Butare,web,0,3,0
898468.6,Kigali,unknown,16,1,0
2721412.02,Kigali,web,17,6,0
4699945.17,Musanze,web,4,2,0
330134.58,Nyagatare,web,19,5,0
2894145.29,Rubavu,unknown,19,2,0
1644800.73,Kigali,mobile,12,4,0
3347255.15,Nyagatare,mobile,20,4,0
4764567.62,International,web,16,3,1
1343317.28,Musanze,mobile,15,3,0
4779656.96,Kigali,atm,12,3,0
4353196.19,Butare,unknown,19,6,0
3035476.05,Nyagatare,pos,2,1,0
3791304.24,Kigali,mobile,5,8,0
4324507.58,Kigali,atm,10,2,0
4017441.43,Musanze,web,6,5,0
1633875.07,Kigali,mobile,13,4,0
4063114.08,Nyagatare,web,11,5,0
1567937.45,Gisenyi,pos,0,2,0
4335462.92,Gisenyi,mobile,16,3,0
1277702.52,Musanze,web,17,6,0
2861518.17,Kigali,mobile,10,5,0
3464771.76,Rubavu,pos,11,4,0
2129243.26,Gisenyi,mobile,12,2,0
3914970.99,Butare,web,12,1,0
4626816.85,Kigali,web,4,0,0
931672.34,Musanze,web,11,2,0
167696.54,Kigali,mobile,3,1,0
3132768.83,Butare,web,19,3,0
3011133.22,Kigali,web,9,3,0
1706851.62,International,web,16,3,0
3927422.15,Kigali,web,12,2,0
4130799.67,Musanze,mobile,14,3,0
1660262.41,Kigali,web,18,5,0
3411521.36,Kigali,atm,9,4,0
3210304.35,Butare,mobile,6,6,0
1713549.55,Musanze,web,11,0,0
4845756.71,Rubavu,mobile,21,3,0
1732338.06,Nyagatare,web,20,2,0
3101609.97,Kigali,mobile,12,6,0
1900942.0,International,web,14,1,0
59659.22,Kigali,mobile,15,3,0
458646.65,Rubavu,mobile,6,1,0
1161965.5,Kigali,mobile,1,2,0
4060934.85,Musanze,mobile,17,1,0
2210603.23,Nyagatare,pos,14,5,0
2943324.01,Gisenyi,web,14,4,0
4719310.93,Butare,atm,22,1,0
735545.05,Musanze,mobile,23,1,0
4309165.94,Nyagatare,mobile,17,1,0
1896490.42,Rubavu,mobile,10,6,0
1687731.27,Nyagatare,pos,0,0,0
3127828.69,Gisenyi,web,4,2,0
4493243.43,Rubavu,web,16,6,0
1743005.29,Gisenyi,mobile,10,0,0
3807160.5,Butare,atm,8,2,0
96700.8,Rubavu,pos,20,2,0
3115696.51,Gisenyi,web,7,5,0
3152978.07,Rubavu,mobile,19,5,0
2780524.57,Nyagatare,mobile,0,1,0
4689144.21,Kigali,atm,8,1,0
4692987.1,Butare,mobile,13,3,0
1710633.35,Kigali,web,13,3,0
2282093.08,Butare,web,3,5,1
3961981.56,Kigali,unknown,13,2,0
4219635.05,Rubavu,mobile,2,3,1
2090135.04,Musanze,web,17,5,0
1745458.45,Rubavu,mobile,16,3,0
4103172.34,Butare,pos,8,6,0
1884659.01,Butare,mobile,16,1,0
2026458.35,Gisenyi,atm,19,3,0
678084.39,Gisenyi,mobile,17,6,0
2714974.21,Musanze,pos,14,4,0
1632577.1,Nyagatare,unknown,23,2,0
2953238.34,Butare,web,4,2,0
2241321.23,Kigali,web,2,0,1
3740808.25,Kigali,web,13,2,0
1389225.47,Kigali,unknown,3,3,0
860411.79,Butare,web,2,0,0
3514947.32,Kigali,mobile,17,4,0
1920943.95,Butare,web,5,4,0
2818236.07,Kigali,web,5,1,0
4705373.15,Kigali,atm,18,3,0
2420726.43,Rubavu,mobile,20,3,0
762384.45,International,unknown,8,3,1
2133804.21,Kigali,pos,12,4,0
2392915.61,Kigali,mobile,15,0,0
3830009.07,Kigali,mobile,14,2,0
976343.68,Kigali,web,14,5,0
1734835.39,Kigali,mobile,9,4,0
250616.58,Kigali,web,16,3,0
3510038.67,Nyagatare,web,22,2,0
3719789.75,Gisenyi,mobile,13,1,0
2286228.25,Kigali,web,0,2,0
2691574.16,Kigali,mobile,21,4,0
3749194.28,Gisenyi,unknown,12,2,1
1341873.0,Rubavu,mobile,15,3,0
3035022.95,Kigali,mobile,20,3,0
4819614.78,Kigali,unknown,3,3,1
3290010.11,Kigali,mobile,2,3,0
391011.63,Kigali,pos,9,7,0
1451655.22,Kigali,mobile,19,2,0
2595873.47,Butare,mobile,13,4,0
363817.5,Rubavu,mobile,11,5,0
3383010.77,Butare,unknown,10,5,1
3271233.89,International,mobile,16,4,1
4381680.29,Gisenyi,web,4,3,0
2500213.94,Nyagatare,web,8,5,0
3460846.68,Nyagatare,pos,21,3,0
910500.03,Musanze,mobile,9,3,0
14847.03,Kigali,mobile,19,3,0
861683.84,Butare,atm,20,3,0
311541.88,Kigali,web,16,2,0
2138876.27,Butare,web,12,5,0
2341782.53,Kigali,mobile,3,2,0
3222541.25,Kigali,pos,19,2,0
704288.95,Musanze,mobile,8,3,0
1073973.13,Rubavu,mobile,4,4,0
3991731.65,International,mobile,18,3,0
2882824.21,Butare,mobile,7,5,0
147303.29,Kigali,pos,9,1,0
4242099.16,Kigali,atm,22,4,0
3149213.09,Butare,mobile,23,5,0
933602.21,Kigali,atm,3,7,0
1260702.67,International,web,22,5,0
2767960.3,Kigali,mobile,3,2,1
2804225.51,Kigali,mobile,20,5,0
4026040.73,Kigali,web,4,1,0
1793233.9,Nyagatare,pos,3,1,0
2746741.08,Rubavu,web,4,3,0
2912898.62,Musanze,web,16,4,0
2793602.75,Kigali,pos,15,1,0
364992.77,Gisenyi,mobile,11,4,0
2056558.75,Rubavu,mobile,0,2,0
1694751.16,Kigali,web,1,4,0
4963892.2,Rubavu,web,7,3,0
2328709.97,Gisenyi,unknown,10,1,0
2176421.76,Kigali,mobile,1,2,0
2418695.99,Kigali,mobile,12,2,0
4596453.27,Kigali,web,1,5,0
3057463.55,Gisenyi,mobile,13,1,0
1946022.37,Gisenyi,unknown,15,2,0
4562930.69,Butare,unknown,0,0,1
4649249.79,Kigali,web,13,1,0
1321931.51,Butare,web,15,3,0
1967283.76,Kigali,web,23,2,0
4832310.12,Rubavu,atm,18,6,0
2705472.92,Nyagatare,web,22,3,0
2159009.52,Butare,mobile,4,6,0
977424.97,Kigali,atm,22,2,0
1922501.98,Musanze,unknown,23,5,0
3156358.01,Kigali,atm,2,3,1
193986.39,Gisenyi,mobile,20,3,0
416989.78,Kigali,atm,20,4,0
27379.34,Rubavu,unknown,6,2,0
1095027.21,Butare,web,13,3,0
915372.5,Butare,mobile,17,3,0
4254113.0,Nyagatare,mobile,7,5,0
926597.49,Butare,mobile,22,0,0
3306074.54,Kigali,web,11,2,0
592236.49,International,unknown,6,3,1
2968002.07,Kigali,web,20,2,0
2178382.95,Butare,mobile,23,3,1
2043636.24,Gisenyi,web,16,5,0
4282881.18,Nyagatare,mobile,22,0,0
839013.47,Rubavu,mobile,10,1,0
2976293.18,Musanze,atm,8,0,0
4109409.35,Musanze,mobile,23,6,0
3569627.16,Kigali,mobile,14,1,0
4916737.43,Rubavu,web,14,5,0
11028.33,Gisenyi,web,3,4,0
4421854.39,Kigali,atm,23,1,0
3067450.06,Kigali,mobile,11,4,0
12921.41,Musanze,web,11,5,0
2327736.36,International,web,7,4,1
3837303.17,Rubavu,mobile,16,2,0
913142.2,Rubavu,mobile,16,4,0
3392546.67,Kigali,mobile,10,2,0
698772.27,Kigali,mobile,8,8,0
4017360.47,Gisenyi,web,16,4,0
2842532.61,Kigali,web,15,1,0
169916.32,Rubavu,web,18,5,0
454833.1,Kigali,atm,2,5,0
4319393.32,Butare,web,19,2,0
165490.58,Kigali,mobile,12,3,0
1493063.72,Kigali,mobile,11,2,0
2834775.98,Gisenyi,web,18,5,0
1067592.18,Kigali,mobile,2,2,0
1121548.71,Kigali,mobile,4,6,0
3880282.04,Butare,atm,4,5,0
1455327.42,Gisenyi,mobile,23,2,0
193395.46,Kigali,web,12,2,0
3605748.44,Gisenyi,mobile,22,3,0
4771852.61,Kigali,web,12,1,0
4159753.92,Kigali,unknown,14,4,1
2743035.87,Musanze,unknown,11,1,0
2124706.32,Butare,unknown,4,2,1
4625863.27,Kigali,web,19,4,0
3831244.08,Musanze,mobile,3,3,0
2853500.88,Nyagatare,mobile,12,0,0
4399171.68,Kigali,mobile,15,3,0
3008760.96,Kigali,mobile,17,4,0
4867536.59,Butare,mobile,22,4,0
4291523.25,Rubavu,web,1,3,1
2752450.93,Gisenyi,mobile,9,7,0
4614219.63,Rubavu,unknown,7,2,1
1712523.55,Gisenyi,web,17,3,0
3504784.64,International,mobile,17,4,1
856792.38,Nyagatare,web,19,3,0
4476876.89,Kigali,mobile,15,3,0
1240626.72,Butare,pos,14,3,0
4745188.04,Butare,mobile,22,5,0
85448.79,Butare,web,15,2,0
3409343.57,Nyagatare,atm,4,7,0
750705.82,Kigali,mobile,2,3,0
3854171.96,Gisenyi,mobile,14,3,0
2459783.7,Nyagatare,mobile,21,2,0
4548296.44,Kigali,atm,8,1,0
3575488.51,Nyagatare,mobile,1,0,0
3841445.81,Musanze,pos,12,6,0
602836.61,Kigali,mobile,22,2,0
483257.77,Kigali,mobile,9,2,0
4252863.25,Kigali,mobile,9,4,0
1129256.33,Kigali,mobile,15,3,0
4334775.66,Gisenyi,mobile,3,3,1
713119.42,International,web,21,0,0
1542602.18,Kigali,web,3,0,0
4643729.28,Kigali,web,14,2,0
4198669.31,Kigali,web,17,1,0
271686.1,Nyagatare,mobile,20,3,0
2240763.5,Gisenyi,unknown,13,5,1
4549384.28,Kigali,pos,15,3,0
74281.83,Musanze,pos,14,1,0
537043.77,Nyagatare,web,18,3,0
3226156.83,Butare,pos,2,5,0
525364.92,Kigali,web,9,4,0
2244466.84,Kigali,web,13,2,0
2539360.0,Kigali,atm,2,1,0
4301340.19,Kigali,web,17,3,0
4786975.41,Kigali,mobile,19,1,0
2561398.62,Nyagatare,unknown,22,2,1
2552046.43,Kigali,web,1,2,0
3634113.29,Butare,web,19,1,0
962936.83,Kigali,web,20,4,0
4704322.27,Kigali,mobile,18,2,0
6494.02,Rubavu,pos,20,4,0
9468.45,Kigali,web,20,3,0
3128518.98,International,pos,17,2,0
1707752.72,Kigali,web,0,1,0
1990877.14,Kigali,atm,14,5,0
1107575.16,Musanze,atm,1,1,0
2039308.09,International,mobile,15,6,0
4140001.73,International,mobile,20,4,0
3496397.62,Musanze,pos,23,3,0
473721.45,International,mobile,16,4,0
283870.85,Musanze,pos,13,4,0
2531210.89,Kigali,web,21,3,0
3650939.74,Musanze,web,13,2,0
3322613.1,Butare,mobile,18,3,0
4320641.41,Butare,web,20,2,0
666756.46,Kigali,mobile,0,1,0
3028960.31,Gisenyi,mobile,4,2,0
3830189.73,Rubavu,atm,9,2,0
4689235.02,Musanze,mobile,1,0,0
504864.75,Kigali,web,8,1,0
1198589.43,Kigali,web,18,4,0
1773279.87,Butare,unknown,4,5,0
2703981.75,Kigali,pos,4,3,0
2043356.67,Musanze,web,13,4,0
4305655.86,Kigali,pos,2,2,1
4752659.43,Kigali,atm,20,5,0
350858.24,Butare,mobile,13,2,0
3498553.32,Gisenyi,unknown,4,5,1
571809.46,Kigali,web,7,1,0
4489826.79,Kigali,web,7,1,0
710921.67,Butare,atm,5,4,0
4957560.29,International,mobile,1,2,1
2139037.18,International,mobile,5,4,0
1909993.44,Rubavu,mobile,22,1,0
2931609.28,Musanze,atm,6,3,0
1972085.0,Kigali,web,10,4,0
1173850.69,Kigali,mobile,4,4,0
3145904.65,Gisenyi,mobile,9,0,0
3641953.81,Musanze,atm,19,4,0
4726635.37,Kigali,web,14,4,0
2045888.48,Butare,web,6,5,0
3529011.79,Kigali,mobile,5,3,0
4168100.78,Gisenyi,web,6,5,0
4157003.39,Musanze,mobile,3,2,0
171833.56,Musanze,atm,14,3,0
1778833.75,Rubavu,mobile,17,4,0
67585.09,Kigali,mobile,9,4,0
2795620.06,Musanze,unknown,6,0,1
4325519.59,Kigali,mobile,3,3,0
4074682.71,Musanze,mobile,17,4,0
4056342.24,Kigali,mobile,7,4,0
1759504.07,Butare,pos,7,3,0
232125.11,Gisenyi,atm,9,4,0
862502.4,Kigali,unknown,7,2,0
3353621.45,Nyagatare,web,18,2,0
669647.05,Butare,mobile,19,6,0
627079.17,Kigali,mobile,1,0,0
1768699.36,Kigali,atm,13,2,0
473126.87,Rubavu,unknown,22,5,0
1649255.82,Kigali,unknown,22,1,0
4848478.42,Butare,atm,16,8,0
100245.57,Butare,atm,8,3,0
4152798.76,Kigali,web,20,2,0
4968111.5,Kigali,atm,6,4,0
2182308.17,Butare,mobile,7,0,0
4715305.32,Kigali,mobile,18,1,0
1306093.77,Kigali,web,6,4,0
4911495.36,Kigali,web,20,2,0
4307825.78,Butare,web,19,7,0
4423545.5,Kigali,mobile,17,2,0
652426.59,Nyagatare,web,22,3,0
4350377.06,Musanze,mobile,12,3,0
4709144.04,Kigali,mobile,22,6,0
4095330.37,Kigali,unknown,9,1,0
457274.43,Nyagatare,unknown,9,3,0
424340.77,Butare,mobile,7,4,0
1788351.17,Nyagatare,web,19,6,0
3524775.87,Rubavu,atm,12,5,0
62757.91,Kigali,web,9,2,0
4753253.41,Musanze,mobile,1,3,1
2627483.61,Butare,pos,10,2,0
1792183.03,Rubavu,web,18,2,0
2806364.03,Kigali,mobile,16,7,0
3579073.09,Kigali,web,14,5,0
1366758.8,Kigali,mobile,11,1,0
1455972.67,Kigali,web,21,1,0
2341150.16,Butare,atm,7,2,0
3349818.67,Kigali,mobile,9,3,0
3531998.49,Nyagatare,mobile,23,1,1
1620621.17,Kigali,atm,3,1,0
1612796.55,Musanze,web,3,3,0
2435800.18,Nyagatare,mobile,9,4,0
2709837.54,Kigali,web,11,3,0
3247245.97,Kigali,web,11,2,0
3088739.55,Rubavu,web,16,4,0
1862903.16,Rubavu,web,21,2,0
1484785.51,Kigali,mobile,3,3,0
1539952.0,Kigali,pos,17,1,0
3227182.59,Kigali,mobile,7,2,0
2166021.2,Gisenyi,mobile,6,2,0
672179.64,Kigali,atm,7,6,0
30112.33,Gisenyi,mobile,17,1,0
148871.98,Kigali,unknown,8,4,0
4337647.98,Rubavu,web,3,4,0
2289407.14,Musanze,pos,16,3,0
3287307.31,Musanze,web,5,3,0
4645222.96,Kigali,atm,3,0,0
631836.13,Nyagatare,web,14,2,0
2238355.67,Gisenyi,web,17,3,0
2695567.45,Nyagatare,web,16,2,0
4207753.77,Gisenyi,unknown,21,2,0
4968595.26,Butare,mobile,7,3,0
3558536.59,Rubavu,mobile,18,1,0
3209349.6,Kigali,web,11,0,0
4601602.49,Kigali,mobile,9,4,0
4186985.87,Kigali,web,7,3,0
4325288.3,Musanze,mobile,1,1,1
14027.27,Nyagatare,web,3,2,0
2572403.24,Musanze,web,5,4,0
3913751.47,Nyagatare,mobile,22,3,0
907694.88,International,unknown,15,3,0
3757385.73,Butare,atm,3,3,0
46296.18,Kigali,atm,19,4,0
2876045.87,Gisenyi,web,22,2,0
4256714.94,Kigali,mobile,22,4,0
2157026.12,Kigali,web,22,1,0
3697392.91,Rubavu,atm,20,5,0
2652228.15,Kigali,mobile,3,4,1
3236631.25,Kigali,web,13,2,0
2583581.25,Rubavu,unknown,12,4,1
2379445.8,Kigali,atm,21,1,0
4208212.08,Kigali,web,22,4,0
464169.56,Kigali,mobile,9,1,0
2923464.1,Gisenyi,web,8,2,0
574495.03,Kigali,atm,20,5,0
2814258.15,Rubavu,web,5,6,0
4817998.42,Nyagatare,atm,4,2,0
285960.91,Musanze,mobile,4,4,0
2110323.01,Nyagatare,web,2,5,1
4009955.02,Nyagatare,web,0,4,1
1848773.0,Kigali,mobile,17,4,0
2601813.68,Musanze,mobile,15,1,0
573981.68,Butare,mobile,6,2,0
1115754.84,Kigali,mobile,10,1,0
3432282.81,Rubavu,mobile,15,1,0
4143023.48,Kigali,web,19,5,0
3232458.52,Kigali,web,10,4,0
4184685.94,Rubavu,mobile,9,2,0
3028484.51,Kigali,unknown,18,4,1
4051135.94,Kigali,web,12,6,0
4914442.56,Nyagatare,web,3,2,0
414582.26,Kigali,mobile,7,7,0
2398508.33,Musanze,mobile,6,3,0
949868.39,Kigali,web,23,1,0
2326410.12,Nyagatare,mobile,0,1,0
2498183.93,Butare,mobile,16,3,0
3109795.42,Butare,mobile,19,4,0
2196770.29,Butare,web,12,6,0
1623899.78,Musanze,mobile,12,6,0
216319.89,Kigali,mobile,8,5,0
174450.27,Rubavu,atm,21,1,0
875454.25,Kigali,mobile,14,6,0
2245207.56,Nyagatare,mobile,14,1,0
2087871.42,Kigali,mobile,1,2,1
953882.12,Kigali,unknown,14,1,0
4111786.69,Rubavu,mobile,3,1,0
3417624.31,Rubavu,web,12,3,0
1716153.33,Gisenyi,web,19,3,0
3984939.28,Kigali,unknown,20,1,1
4946234.9,Gisenyi,pos,21,3,0
1225589.6,Kigali,mobile,2,4,0
1813268.23,International,mobile,8,1,0
4964494.81,Butare,web,19,4,0
689843.92,Kigali,mobile,8,5,0
386400.22,Nyagatare,pos,3,3,0
2605195.31,Kigali,atm,17,1,0
2342411.3,International,unknown,21,3,1
391904.59,Rubavu,web,7,2,0
1450535.1,Gisenyi,mobile,20,4,0
2094973.85,Kigali,web,1,7,0
4111137.0,Gisenyi,mobile,16,2,0
3539357.85,Kigali,web,20,1,0
4572675.93,Musanze,unknown,19,2,1
1662833.43,Kigali,web,3,4,0
1547237.42,Kigali,mobile,6,2,0
2316176.91,Butare,atm,5,1,0
38136.92,Musanze,mobile,1,5,0
1036996.78,Gisenyi,mobile,19,3,0
1057749.82,Rubavu,atm,2,4,0
305919.62,Kigali,mobile,5,2,0
2275925.88,Kigali,mobile,6,2,0
4527648.27,Kigali,mobile,20,5,0
20650.07,Kigali,pos,5,2,0
3142259.13,Musanze,mobile,13,1,0
4396723.92,Kigali,web,19,4,0
538051.75,Kigali,mobile,11,1,0
4586332.79,Nyagatare,web,22,1,0
4092698.96,International,mobile,19,3,1
1073249.44,Gisenyi,atm,2,6,0
4526765.21,Kigali,web,8,3,0
4020176.92,Butare,mobile,12,2,0
557389.77,Kigali,unknown,18,4,0
4153081.94,Rubavu,pos,22,3,0
2711143.6,Kigali,mobile,4,4,0
4079891.56,Kigali,mobile,13,3,0
3088516.15,Kigali,web,14,3,0
1959589.11,Gisenyi,web,14,5,0
3005901.78,Kigali,mobile,2,1,0
3181085.61,Kigali,atm,10,1,0
3831147.63,Gisenyi,mobile,4,3,0
4153493.45,Kigali,mobile,7,4,0
3316221.74,Kigali,web,17,3,0
4948246.22,Kigali,atm,20,5,0
3892865.42,Musanze,pos,14,2,0
4553869.61,Nyagatare,mobile,12,3,0
1597811.92,Nyagatare,mobile,11,1,0
1581479.05,Butare,mobile,0,4,0
1811994.21,International,web,14,3,0
2198861.59,Kigali,pos,6,6,0
4807019.98,Rubavu,mobile,7,1,0
368119.33,Rubavu,web,23,3,0
2492468.68,Kigali,mobile,6,4,0
806222.03,Kigali,pos,16,2,0
4054561.38,Nyagatare,mobile,4,0,0
156205.77,Musanze,web,13,1,0
2275993.71,Kigali,mobile,16,4,0
1974007.74,Butare,web,9,1,0
461358.86,Gisenyi,web,22,1,0
1883906.39,International,atm,10,1,0
4045247.97,Rubavu,mobile,17,2,0
687804.53,Gisenyi,mobile,17,3,0
4917537.03,Nyagatare,web,23,3,1
292742.5,Rubavu,web,7,6,0
1445869.31,Nyagatare,atm,0,9,0
3874608.12,Butare,pos,8,1,0
1787927.65,Rubavu,mobile,9,4,0
2402027.27,Gisenyi,atm,15,2,0
933699.23,Gisenyi,mobile,9,3,0
3577621.66,Kigali,web,12,1,0
898118.29,Nyagatare,web,17,1,0
4243731.12,Kigali,mobile,2,3,1
2697727.98,Kigali,mobile,16,3,0
2741010.07,Rubavu,unknown,14,0,1
4667591.21,Butare,mobile,2,3,1
3865111.41,Kigali,mobile,9,5,0
3715825.86,Nyagatare,pos,12,1,0
4290271.81,Kigali,web,1,3,0
459540.51,Kigali,web,2,0,0
3630358.79,Kigali,mobile,21,8,0
1166422.96,Nyagatare,mobile,17,1,0
1405091.23,Butare,mobile,20,1,0
76223.11,Kigali,mobile,10,3,0
4468658.46,Gisenyi,mobile,16,1,0
3695695.1,Butare,mobile,20,4,0
696866.01,International,pos,10,3,0
1639952.05,Nyagatare,web,16,1,0
2399924.37,Kigali,mobile,14,1,0
2469806.96,Rubavu,mobile,9,3,0
2978471.88,Kigali,unknown,3,5,1
2361182.46,Kigali,mobile,1,1,0
3243402.26,Kigali,pos,23,7,0
4419412.04,Gisenyi,atm,13,1,0
1990663.74,Butare,web,4,5,0
4383616.24,Musanze,web,8,3,0
1098441.27,Kigali,web,0,1,0
607345.93,Butare,web,11,3,0
1197386.78,Nyagatare,atm,6,2,0
1033359.98,Kigali,pos,11,2,0
4925402.88,Gisenyi,web,19,7,0
1905578.11,Musanze,atm,9,4,0
3257540.61,Kigali,pos,19,2,0
3480415.24,Nyagatare,mobile,2,4,1
2226320.51,Rubavu,web,7,2,0
1118246.89,Gisenyi,web,6,1,0
2190771.02,Kigali,mobile,1,1,0
2369067.55,Rubavu,web,17,4,0
4770061.45,Musanze,web,9,0,0
2843334.21,Rubavu,mobile,15,4,0
4849378.09,Gisenyi,mobile,7,2,0
2883774.89,Rubavu,mobile,20,6,0
725417.58,International,pos,20,4,0
1922191.0,Kigali,mobile,10,4,0
3961670.47,Rubavu,web,13,5,0
2108400.53,Musanze,mobile,20,3,0
499119.36,Gisenyi,mobile,13,0,0
480832.76,Kigali,atm,8,5,0
1185705.25,Musanze,pos,10,3,0
2824076.53,Nyagatare,web,6,3,0
4150859.81,Rubavu,pos,4,0,0
2668796.89,Butare,pos,7,1,0
3730528.89,Kigali,mobile,8,2,0
3228142.72,Kigali,web,2,4,0
2620733.88,Rubavu,atm,0,1,1
1074432.23,Gisenyi,web,18,2,0
4415901.11,Kigali,pos,14,2,0
1378939.13,Kigali,web,15,4,0
1264473.24,Kigali,mobile,8,2,0
1289359.22,Rubavu,web,8,4,0
478879.4,Kigali,web,10,3,0
2493520.88,Kigali,web,2,4,0
1637987.67,Kigali,mobile,11,5,0
2609948.93,Musanze,mobile,11,3,0
2265850.35,Kigali,pos,1,2,1
2599199.13,Gisenyi,web,17,4,0
1488617.93,Butare,mobile,18,7,0
4075783.0,Butare,mobile,3,4,0
2671197.91,Gisenyi,mobile,1,0,1
1042569.13,Butare,mobile,8,1,0
4509067.6,Kigali,unknown,2,6,1
547720.78,Gisenyi,pos,1,8,0
3667305.69,Kigali,mobile,16,3,0
3392402.8,Kigali,atm,22,5,0
364758.18,Nyagatare,web,14,4,0
4507587.32,Rubavu,mobile,7,1,0
1581903.95,Kigali,atm,18,3,0
3704604.63,Butare,mobile,6,4,0
1385369.43,International,atm,9,5,0
2628695.87,Kigali,pos,16,0,0
4861681.9,Nyagatare,pos,8,4,0
3054076.66,Rubavu,atm,21,1,0
1481965.65,Butare,unknown,18,6,0
2292156.54,International,atm,5,8,1
3380367.73,Kigali,web,0,1,0
2226221.88,Kigali,mobile,13,5,0
4553787.44,Kigali,mobile,4,3,0
4337369.95,Musanze,atm,9,4,0
734477.48,Kigali,unknown,11,2,0
3924812.0,Kigali,atm,19,1,0
4712103.35,Gisenyi,web,19,4,0
1584882.67,Kigali,mobile,10,5,0
1191479.46,Kigali,unknown,18,1,0
48438.94,Kigali,web,18,0,0
578729.35,Musanze,web,1,2,0
4804584.9,Nyagatare,pos,15,2,0
1955912.58,Rubavu,unknown,3,2,0
1937014.03,Kigali,mobile,3,0,0
1333761.25,Butare,web,20,3,0
820712.52,Kigali,mobile,19,5,0
2544196.56,Nyagatare,unknown,9,0,0
3616076.69,Rubavu,mobile,23,2,0
2754201.27,Kigali,unknown,15,4,1
177733.46,Kigali,mobile,8,1,0
4017446.47,Butare,unknown,5,3,1
4658004.96,Musanze,web,4,1,0
2202163.52,Nyagatare,web,9,0,0
1832639.53,Kigali,mobile,3,4,0
1149655.13,Musanze,mobile,8,1,0
1509700.56,Kigali,web,19,5,0
3222415.31,Kigali,mobile,1,1,1
3850845.57,Kigali,web,8,2,0
1661412.57,Kigali,pos,8,3,0
1698693.28,Kigali,mobile,5,3,0
2255781.05,Kigali,web,13,3,0
851428.78,Nyagatare,mobile,0,6,0
4636077.34,Kigali,pos,17,6,0
3527427.61,Butare,mobile,11,3,0
2168200.35,Butare,mobile,22,2,0
611801.42,International,pos,0,5,0
4244203.33,Kigali,web,5,3,0
2418829.87,Kigali,mobile,5,5,0
3984515.98,International,web,22,4,0
167453.74,Gisenyi,atm,3,6,0
1368633.65,Kigali,web,10,2,0
3110665.84,Kigali,mobile,0,2,0
2439872.64,Kigali,web,0,3,0
1475712.35,Gisenyi,unknown,7,2,0
1006050.62,Rubavu,web,20,3,0
1509415.74,Butare,mobile,22,3,0
3711825.83,Nyagatare,atm,2,1,0
918944.9,Butare,mobile,11,1,0
2969269.13,Kigali,mobile,21,5,0
2118692.33,Kigali,mobile,5,1,0
3815308.0,Kigali,web,5,7,0
1008491.8,Kigali,web,16,3,0
1350812.84,International,atm,23,1,0
1993738.32,Kigali,web,8,2,0
833294.76,Butare,mobile,13,1,0
2306243.26,Kigali,mobile,18,3,0
2080546.02,Kigali,pos,12,9,0
4950432.68,Gisenyi,mobile,4,2,0
2969521.61,Butare,web,8,0,0
347775.39,Kigali,mobile,9,3,0
2299978.27,Nyagatare,mobile,3,2,0
4392568.4,Butare,mobile,23,2,0
4333904.55,Kigali,unknown,6,4,0
4809045.2,Musanze,mobile,18,4,0
4471207.22,Kigali,mobile,16,4,0
881910.36,Butare,mobile,13,3,0
18349.59,Butare,web,16,0,0
3081455.32,Musanze,unknown,19,4,1
3512370.61,Kigali,mobile,13,1,0
656495.14,Nyagatare,atm,6,2,0
834593.08,Rubavu,web,14,7,0
4815401.28,Musanze,web,11,3,0
4719194.36,International,mobile,12,5,1
785279.26,Musanze,mobile,17,2,0
1235418.52,Kigali,mobile,5,3,0
4460622.25,Gisenyi,mobile,5,1,0
2175249.16,Nyagatare,mobile,5,3,0
3990464.09,Butare,unknown,2,1,1
1980232.16,Rubavu,web,6,1,0
3682046.39,Kigali,web,11,0,0
1984430.6,Musanze,web,1,1,0
4495945.89,Musanze,mobile,17,4,0
1628200.61,Nyagatare,web,0,4,0
2615829.1,Rubavu,mobile,21,5,0
2609018.66,Nyagatare,unknown,14,2,0
3244532.46,Kigali,web,10,5,0
1533846.87,Musanze,mobile,23,1,0
3213481.21,International,web,19,3,0
705608.58,Musanze,mobile,19,4,0
4468120.81,Gisenyi,atm,22,3,0
721295.35,Nyagatare,unknown,7,1,0
4201554.53,Kigali,unknown,11,5,1
3465893.77,Kigali,web,17,5,0
1705664.83,International,atm,4,4,0
1637502.47,Rubavu,mobile,18,2,0
4830242.35,Kigali,mobile,14,2,0
975321.82,Kigali,pos,23,2,0
3614932.35,Rubavu,web,16,1,0
918819.66,Musanze,unknown,22,7,0
4527034.9,Kigali,unknown,10,2,1
3709824.06,Butare,mobile,5,1,0
4663557.09,Musanze,mobile,17,3,0
4395599.01,International,web,13,1,1
2747719.67,Gisenyi,web,5,1,0
761569.43,Gisenyi,mobile,7,3,0
1107686.84,Butare,web,11,2,0
1009488.46,Butare,mobile,16,1,0
1103586.89,Kigali,web,23,0,0
2382332.52,Kigali,mobile,9,4,0
4339033.48,Butare,web,0,0,0
116061.47,Kigali,mobile,14,5,0
1192782.79,Kigali,web,16,3,0
2984216.5,International,unknown,7,3,1
4326684.74,Kigali,mobile,7,3,0
1487753.19,Kigali,atm,9,4,0
1912944.53,Gisenyi,web,13,1,0
1867440.34,Kigali,pos,14,2,0
1468821.47,Rubavu,mobile,9,3,0
3493963.76,Kigali,mobile,19,1,0
3279245.7,Gisenyi,unknown,12,3,1
4216453.41,Musanze,mobile,18,4,0
4587928.11,Rubavu,mobile,19,5,0
4502428.75,Kigali,unknown,13,2,0
2701034.11,Musanze,mobile,13,6,0
928894.46,Kigali,web,7,3,0
1111199.17,Gisenyi,atm,13,4,0
2951473.87,Gisenyi,atm,19,4,0
4592031.73,Musanze,mobile,8,0,0
2652391.96,Butare,mobile,2,6,1
4678674.86,Kigali,pos,4,2,0
1311618.96,Butare,web,23,1,0
432190.72,Butare,web,14,2,0
3981553.89,Musanze,web,23,2,0
4396978.22,Kigali,atm,12,7,0
2240682.24,Musanze,mobile,0,3,1
512669.87,Kigali,mobile,6,1,0
212115.31,Rubavu,unknown,11,4,0
313258.3,Kigali,mobile,20,1,0
2195852.74,Rubavu,unknown,11,0,1
1174457.55,Musanze,unknown,3,4,0
2309885.22,Gisenyi,atm,0,5,0
2442703.27,Gisenyi,web,3,5,1
2290735.21,Rubavu,mobile,18,3,0
3099802.07,Rubavu,web,16,1,0
3397179.22,Rubavu,atm,8,4,0
1980029.01,Musanze,atm,6,3,0
1685490.04,Kigali,mobile,6,4,0
1842322.22,Kigali,web,17,3,0
351372.56,International,web,22,1,0
1608492.95,Nyagatare,web,3,3,0
999963.27,Gisenyi,pos,19,5,0
1454555.44,Kigali,web,3,4,0
3572128.3,Nyagatare,mobile,2,3,1
4942697.9,Musanze,mobile,20,1,0
4617803.06,International,mobile,21,1,1
4108215.76,Kigali,mobile,23,5,1
3686116.74,Kigali,web,19,3,0
4724715.78,Butare,mobile,18,1,0
3760333.21,Nyagatare,mobile,20,8,0
2355037.87,International,mobile,15,2,0
3007008.95,Kigali,mobile,2,3,0
1529271.96,Kigali,unknown,21,2,0
17040.03,Kigali,unknown,2,0,0
1768387.67,Nyagatare,mobile,15,1,0
2024446.84,Butare,pos,22,4,0
3665594.24,Nyagatare,web,10,1,0
4296172.91,Butare,web,11,2,0
4813292.26,Kigali,web,2,4,1
1759282.87,Gisenyi,unknown,4,2,0
4787005.98,Butare,web,6,7,0
3997028.09,Butare,mobile,23,3,0
154706.47,Nyagatare,atm,8,3,0
2976506.6,Butare,web,11,2,0
1828526.18,Musanze,mobile,5,2,0
170539.04,Kigali,web,21,6,0
2657749.66,Butare,web,16,1,0
2924293.0,Gisenyi,mobile,21,1,0
1261527.66,Kigali,unknown,20,1,0
4699428.81,Kigali,pos,12,2,0
3052465.96,Rubavu,web,19,2,0
880230.29,Kigali,mobile,12,5,0
3606423.67,Kigali,web,19,1,0
2495948.2,Kigali,web,13,5,0
2366433.61,Nyagatare,atm,14,1,0
4172749.05,Musanze,mobile,17,1,0
691329.9,Musanze,web,10,2,0
2455188.2,Kigali,web,22,4,0
3903924.89,Kigali,web,10,1,0
3302112.0,Kigali,mobile,5,3,0
27565.58,Gisenyi,web,6,1,0
3937359.24,Rubavu,web,8,2,0
4723387.24,Kigali,unknown,1,2,1
3523491.84,Butare,web,12,2,0
4379566.67,Kigali,web,15,2,0
1804378.19,Kigali,web,23,5,0
1753340.43,Rubavu,mobile,7,3,0
1604662.22,Rubavu,mobile,8,5,0
3674979.65,Kigali,atm,21,5,0
4710358.75,Nyagatare,web,1,2,0
4427061.16,Kigali,pos,20,4,0
751494.4,Nyagatare,unknown,17,3,0
3130725.62,Butare,mobile,19,3,0
4979793.42,Butare,mobile,11,6,0
1477194.4,Butare,mobile,20,5,0
3174106.57,Nyagatare,mobile,7,3,0
4533165.84,Kigali,atm,9,8,0
4497790.93,Gisenyi,mobile,8,2,0
1607715.67,Kigali,pos,14,0,0
470077.61,Nyagatare,web,10,5,0
3230221.79,Kigali,mobile,20,5,0
4734864.01,Rubavu,web,10,3,0
2540164.65,Butare,web,5,0,0
2288808.12,Rubavu,atm,16,5,0
4319810.06,Kigali,mobile,0,5,1
2123271.1,Kigali,unknown,16,0,0
3404803.06,Kigali,web,1,4,0
1943517.47,International,pos,23,2,0
1885998.9,Kigali,mobile,20,2,0
939443.92,International,atm,10,2,0
442714.13,Butare,web,9,1,0
4425860.8,Kigali,web,2,5,1
906508.51,Kigali,mobile,4,3,0
311560.9,Gisenyi,web,10,1,0
2911749.39,Gisenyi,unknown,23,2,1
2730210.74,Butare,mobile,6,1,0
2838999.64,Kigali,mobile,17,1,0
2340790.39,Kigali,atm,8,5,0
710110.79,Kigali,web,11,1,0
105063.71,Rubavu,web,9,2,0
232546.43,Butare,atm,19,2,0
4715764.16,Gisenyi,web,5,1,0
2659505.37,Kigali,web,1,2,0
1998904.82,Rubavu,unknown,20,3,0
2054453.66,Kigali,mobile,21,6,0
3261150.64,International,mobile,1,4,1
1883625.56,Gisenyi,pos,0,2,0
3982397.1,Kigali,atm,14,3,0
1300084.61,Rubavu,mobile,13,2,0
1836612.02,Musanze,mobile,10,4,0
4675016.58,Musanze,pos,2,3,0
1301788.23,Kigali,web,1,0,0
3308098.69,International,pos,11,2,1
1823154.1,Kigali,unknown,21,3,0
2356249.97,Kigali,mobile,18,4,0
226418.84,Kigali,unknown,1,4,0
836585.83,Kigali,atm,13,3,0
510012.96,Kigali,pos,22,3,0
4223653.38,Gisenyi,web,16,3,0
4808475.45,Kigali,mobile,8,2,0
340339.08,Gisenyi,web,14,5,0
384690.43,Kigali,web,0,5,0
2761068.63,Kigali,unknown,4,2,0
2520422.61,Kigali,web,6,4,0
3253035.38,Gisenyi,mobile,9,4,0
3684160.77,Gisenyi,web,20,2,0
3986198.72,Rubavu,mobile,2,4,1
745842.36,Nyagatare,unknown,17,3,0
189659.73,Kigali,web,1,3,0
4445849.78,Butare,unknown,8,2,1
2347969.7,Kigali,mobile,10,6,0
4856236.01,Gisenyi,web,15,5,0
2664081.04,Kigali,mobile,21,4,0
2550381.86,Gisenyi,web,13,2,0
3115085.3,Musanze,web,3,6,0
851134.84,Gisenyi,web,9,3,0
1270575.5,Musanze,mobile,15,2,0
4529079.4,Gisenyi,mobile,9,2,0
1062032.59,Nyagatare,mobile,6,3,0
1165237.67,Nyagatare,pos,17,1,0
2550165.82,Butare,atm,19,3,0
3205936.19,Musanze,atm,16,3,0
5018.88,Butare,mobile,10,0,0
2284177.56,Rubavu,mobile,3,3,0
1995366.12,Kigali,mobile,22,1,0
4328163.15,International,web,9,3,1
4198567.49,Nyagatare,web,8,2,0
4529664.3,Nyagatare,mobile,10,1,0
4210332.03,Kigali,mobile,4,3,0
3933663.46,Kigali,web,21,2,0
4295095.3,Butare,web,6,3,0
874445.22,Nyagatare,pos,8,2,0
1704575.03,Nyagatare,web,10,2,0
3418249.82,Kigali,mobile,10,2,0
4615693.23,Butare,web,15,2,0
3334710.38,Butare,mobile,7,0,0
1040140.55,Rubavu,web,20,1,0
4723352.99,Kigali,mobile,7,2,0
3801828.85,Kigali,mobile,1,3,0
3582860.51,Kigali,web,16,4,0
3812651.83,Kigali,mobile,19,1,0
3295893.88,Nyagatare,pos,1,5,0
111051.86,Rubavu,mobile,18,4,0
1268464.49,Rubavu,mobile,12,4,0
4782880.91,Nyagatare,pos,22,3,0
1443377.1,Butare,mobile,9,4,0
3858246.61,Butare,mobile,13,2,0
2122707.61,Kigali,mobile,4,5,0
4537684.82,Kigali,pos,2,1,0
2788566.44,Musanze,web,1,2,1
3159614.04,Nyagatare,web,8,2,0
1198506.02,Musanze,mobile,6,5,0
288088.27,Kigali,atm,3,4,0
3782903.19,Kigali,mobile,2,2,0
338682.63,Gisenyi,atm,13,5,0
3609130.06,Kigali,web,9,4,0
2777686.56,Kigali,web,18,2,0
4100208.55,Butare,web,18,2,0
1029262.56,Butare,mobile,16,2,0
2707877.34,Rubavu,mobile,9,4,0
3071049.85,International,web,23,4,1
371951.82,Gisenyi,pos,6,3,0
3694833.95,Kigali,unknown,19,1,1
1945452.66,International,web,1,4,0
645005.99,Gisenyi,mobile,6,2,0
1935631.13,Gisenyi,unknown,7,1,0
491958.28,Kigali,web,14,0,0
4440035.37,Butare,mobile,16,4,0
2284071.12,Butare,unknown,13,0,1
690571.3,Nyagatare,mobile,7,4,0
1260852.34,Musanze,web,14,7,0
3623383.19,Kigali,mobile,11,3,0
3930547.79,Kigali,atm,17,0,0
207061.32,Kigali,unknown,14,3,0
299871.1,Butare,unknown,5,4,0
4585967.26,Kigali,mobile,23,1,0
1655245.65,Kigali,atm,7,5,0
967022.68,Musanze,web,13,3,0
615726.63,Kigali,pos,17,5,0
2380049.41,Kigali,mobile,17,8,0
3855377.95,Musanze,web,9,3,0
2605828.28,Butare,mobile,4,3,0
103858.06,Musanze,atm,2,0,0
2419782.88,Butare,pos,23,3,0
1558629.56,Musanze,mobile,23,4,0
3414454.42,Butare,web,7,1,0
2617783.09,Kigali,mobile,23,3,0
4826703.08,Butare,mobile,23,4,0
2991021.69,Gisenyi,web,20,2,0
3162588.59,Gisenyi,pos,12,2,0
2601393.75,Nyagatare,unknown,11,3,0
1555371.93,Kigali,web,6,3,0
3153200.49,Gisenyi,pos,0,1,0
1664891.71,Musanze,web,0,2,0
3586882.06,Nyagatare,pos,23,8,0
1184613.76,Butare,atm,4,6,0
1838623.01,Kigali,mobile,11,3,0
2918449.81,Musanze,web,3,3,0
3142644.27,Nyagatare,mobile,6,3,0
3343230.0,Kigali,mobile,12,1,0
3501732.19,Kigali,unknown,15,6,1
1591872.73,Nyagatare,mobile,7,5,0
4462935.75,Butare,mobile,14,3,0
150153.07,Kigali,mobile,22,2,0
942555.48,Gisenyi,web,9,2,0
351169.03,Butare,mobile,16,2,0
3357849.09,International,mobile,10,2,1
1368689.35,Kigali,unknown,20,3,0
996167.96,Kigali,pos,15,2,0
2403597.1,Kigali,mobile,14,5,0
3095428.08,Kigali,mobile,0,3,0
3096420.82,Kigali,web,5,3,0
2787483.92,Musanze,pos,6,6,0
4959935.81,Kigali,unknown,10,0,1
4301143.78,Rubavu,mobile,4,0,0
1194681.6,Butare,web,1,7,0
3793701.94,Butare,web,14,3,0
2846701.46,Musanze,mobile,7,4,0
353059.98,Gisenyi,pos,0,2,0
248380.63,Kigali,atm,23,2,0
3998195.45,Kigali,unknown,0,3,1
2725180.95,Butare,mobile,13,3,0
2856838.78,Musanze,mobile,14,2,0
1681677.14,Kigali,pos,10,8,0
4651775.18,Kigali,mobile,4,5,0
3566882.24,Butare,web,6,5,0
4638898.59,Kigali,web,21,1,0
496786.65,International,web,1,4,0
2918854.88,Kigali,mobile,2,6,0
3187817.49,Butare,web,5,3,0
630403.62,Kigali,mobile,2,2,0
1731651.81,Rubavu,unknown,0,1,0
1074414.33,Gisenyi,web,1,4,0
4922302.65,Musanze,pos,8,3,0
2717304.25,Gisenyi,unknown,10,4,1
1576646.93,Kigali,mobile,2,4,0
3322651.01,Kigali,mobile,18,4,0
3297908.33,Rubavu,pos,4,3,0
1736978.21,Butare,pos,16,8,0
4969617.33,Kigali,mobile,10,1,0
4044903.43,Kigali,unknown,0,2,1
2001890.69,Kigali,web,0,5,0
3300466.69,Kigali,web,13,3,0
3552842.84,Musanze,pos,12,3,0
869495.69,Gisenyi,mobile,19,3,0
4390856.78,International,web,12,2,0
4130276.03,Butare,mobile,8,3,0
3778496.82,Butare,mobile,20,0,0
1113768.97,Kigali,mobile,7,3,0
681680.95,Gisenyi,mobile,10,6,0
903150.14,Gisenyi,web,2,3,0
465547.54,Kigali,web,15,4,0
4701484.0,Kigali,web,19,5,0
4257546.5,Kigali,mobile,20,4,0
454351.94,Kigali,mobile,11,2,0
3390014.54,Butare,mobile,1,6,0
1228313.96,Butare,mobile,18,2,0
86859.63,Gisenyi,mobile,0,4,0
1462314.49,Gisenyi,mobile,22,0,0
2200430.33,Rubavu,mobile,15,4,0
100680.77,Kigali,web,5,7,0
1618938.29,Rubavu,mobile,10,3,0
3501912.97,Butare,mobile,1,2,1
1142528.08,Butare,mobile,8,1,0
2424722.43,Gisenyi,mobile,18,4,0
4437960.77,Butare,mobile,18,4,0
142440.72,Butare,atm,12,3,0
3928292.91,Kigali,mobile,0,2,1
1919772.17,Musanze,mobile,9,3,0
2705978.88,Butare,mobile,14,2,0
1154743.2,Butare,unknown,6,4,0
2894952.83,Kigali,mobile,0,2,1
3653632.9,Gisenyi,unknown,23,5,1
1008088.88,Kigali,mobile,17,3,0
1716672.45,Kigali,pos,2,5,0
2837111.3,Rubavu,web,14,3,0
2084196.59,Nyagatare,web,14,3,0
1466117.81,Musanze,mobile,15,1,0
2258711.32,International,pos,9,3,1
1454493.42,Musanze,web,23,3,0
1509716.98,Gisenyi,web,21,6,0
3053363.07,Butare,web,22,3,0
2385587.83,Kigali,mobile,0,6,0
3385522.59,Kigali,pos,16,3,0
4187306.27,Kigali,mobile,10,6,0
4714855.16,Butare,mobile,1,3,1
757180.98,Gisenyi,web,5,1,0
3131138.63,Gisenyi,mobile,11,6,0
2912206.49,Butare,unknown,22,3,1
4334792.81,Kigali,mobile,17,3,0
4479501.58,Kigali,web,2,1,0
3802632.71,International,web,12,5,1
2977511.41,Nyagatare,web,12,3,0
996714.37,Kigali,web,1,2,0
1383553.67,Gisenyi,mobile,1,1,0
3014034.06,Kigali,unknown,0,2,1
697149.15,Kigali,pos,12,1,0
920228.88,Rubavu,web,15,2,0
4557205.63,Musanze,mobile,0,2,0
4781581.89,Butare,pos,23,6,1
26670.91,Kigali,web,11,5,0
4312478.4,Butare,mobile,17,1,0
4690098.86,Butare,mobile,13,3,0
2628934.49,Nyagatare,web,23,3,1
2244778.09,Rubavu,web,8,5,0
4594038.08,Rubavu,web,15,5,0
38162.02,Kigali,web,7,5,0
4202508.94,Rubavu,mobile,3,4,1
1483232.04,Butare,mobile,13,5,0
3205990.45,Musanze,web,13,1,0
1616328.54,Kigali,mobile,9,2,0
2614962.23,Butare,mobile,0,2,0
4041681.65,Kigali,mobile,13,4,0
906754.15,Kigali,mobile,18,4,0
3319761.14,Musanze,mobile,2,4,0
4491735.01,Rubavu,mobile,21,4,0
4505308.02,Rubavu,mobile,5,5,0
4470657.62,Kigali,mobile,6,5,0
2592557.94,Rubavu,mobile,22,1,0
3838622.42,Butare,pos,14,1,0
2234565.3,Butare,web,12,1,0
2301086.85,Butare,web,9,1,0
1419629.43,Nyagatare,mobile,21,2,0
1426494.73,Kigali,pos,17,1,0
189602.7,Musanze,pos,4,4,0
2657592.38,Nyagatare,mobile,11,5,0
1544150.19,Kigali,atm,12,4,0
938838.32,International,mobile,16,1,0
609003.24,International,web,18,0,0
1735320.65,Gisenyi,pos,3,3,0
4495103.3,Kigali,unknown,14,3,1
2582249.68,Butare,mobile,20,2,0
2784901.4,Kigali,unknown,23,1,1
272112.24,Kigali,mobile,19,3,0
2599471.78,Rubavu,unknown,23,3,1
3338224.9,Gisenyi,atm,14,3,0
754000.74,Gisenyi,unknown,7,4,0
4917777.2,Kigali,mobile,22,4,0
4575614.88,Kigali,unknown,8,1,0
4965514.76,International,pos,13,4,0
1801904.74,Gisenyi,mobile,8,1,0
4111584.63,Musanze,mobile,10,2,0
1644014.21,Kigali,mobile,6,4,0
3745773.3,Musanze,web,10,4,0
4739175.0,Rubavu,mobile,21,4,0
775525.57,Kigali,web,2,3,0
702029.2,Rubavu,mobile,16,4,0
522470.27,Nyagatare,mobile,17,3,0
3991854.65,Kigali,web,10,1,0
3333334.71,Butare,web,20,3,0
2611814.64,International,mobile,13,1,1
3869676.31,Musanze,mobile,12,3,0
4249690.93,Gisenyi,mobile,13,5,0
4747667.38,Kigali,mobile,22,3,0
1006654.62,Butare,mobile,21,4,0
2208662.29,Rubavu,atm,9,3,0
4615105.2,Butare,mobile,11,1,0
2306887.88,International,mobile,22,1,0
2438531.29,Musanze,pos,10,1,0
4712254.93,Kigali,mobile,5,4,0
3673514.14,Butare,mobile,4,1,0
2760464.77,Kigali,web,21,4,0
1786752.35,Gisenyi,web,16,0,0
4576789.67,Butare,mobile,20,3,0
45188.05,Kigali,web,12,6,0
1605370.49,Rubavu,web,16,4,0
4730392.75,Kigali,web,20,1,0
2491269.88,Butare,pos,1,1,0
3119461.24,Kigali,unknown,9,3,1
2663311.68,International,web,4,2,1
1987104.84,Kigali,unknown,3,7,0
3326579.56,Kigali,web,12,2,0
3832490.4,Rubavu,web,19,2,0
1822449.7,Kigali,pos,21,2,0
2952811.98,Kigali,unknown,7,5,0
414249.35,Rubavu,unknown,5,4,0
2738215.77,Kigali,atm,16,2,0
3738874.28,Kigali,web,10,5,0
2926426.58,Kigali,mobile,3,5,0
4392298.93,Kigali,web,13,1,0
1431322.84,Gisenyi,atm,6,5,0
2459034.47,Butare,mobile,16,4,0
437856.02,Kigali,mobile,14,1,0
3500254.55,Kigali,mobile,18,2,0
2214736.11,Kigali,atm,12,1,0
2652062.19,Kigali,web,2,4,0
642409.12,Kigali,web,9,4,0
4986760.45,Kigali,unknown,7,1,1
3859714.17,Kigali,web,17,4,0
2003448.55,Rubavu,atm,2,2,0
2850013.61,Nyagatare,web,17,1,0
3093776.33,Nyagatare,pos,20,4,0
4803849.77,Kigali,pos,11,2,0
3842058.86,Kigali,unknown,23,4,1
1748659.26,Kigali,mobile,7,1,0
4888539.69,Kigali,mobile,14,2,0
1509330.64,Gisenyi,atm,6,2,0
2884941.85,International,pos,18,2,1
3503488.06,Nyagatare,mobile,2,4,0
1355993.4,Butare,mobile,4,2,0
4781827.29,Butare,pos,8,2,0
1080941.46,Kigali,web,0,6,0
2209145.23,Butare,atm,18,3,0
899776.57,Gisenyi,web,8,1,0
4375000.2,Gisenyi,mobile,22,2,0
1108395.3,Gisenyi,pos,1,2,0
174189.8,Musanze,web,17,1,0
195182.54,Butare,web,16,1,0
2069060.0,Butare,atm,2,7,0
2614126.65,Kigali,mobile,3,3,0
208672.34,Kigali,web,14,4,0
464780.3,Kigali,mobile,0,5,0
487766.04,Kigali,mobile,13,2,0
3342672.17,Gisenyi,atm,12,2,0
1499425.2,Gisenyi,web,15,5,0
2813081.98,Butare,unknown,15,2,1
368943.01,Musanze,web,0,8,0
4460631.74,Kigali,mobile,2,1,0
1522514.13,Rubavu,web,4,2,0
3891114.52,Gisenyi,mobile,23,0,0
4133602.0,Kigali,unknown,4,2,1
4939549.23,Kigali,web,11,2,0
3705324.0,Gisenyi,web,14,4,0
2214306.34,Nyagatare,mobile,6,5,0
763562.77,Kigali,web,8,4,0
239837.21,International,mobile,0,0,0
4431355.96,Butare,web,4,4,0
2233593.63,Rubavu,web,17,4,0
3749943.42,Musanze,mobile,0,3,1
2481904.24,Kigali,mobile,14,1,0
4398382.55,Kigali,pos,6,2,0
3748451.88,Kigali,web,22,3,0
427746.07,Kigali,web,16,2,0
3760858.45,International,mobile,9,1,1
1334437.34,Kigali,web,6,6,0
3865394.53,Nyagatare,mobile,15,1,0
4742600.75,Gisenyi,web,5,3,0
4650695.98,Kigali,pos,21,2,0
625438.66,Kigali,mobile,11,1,0
273833.86,Rubavu,atm,16,5,0
3885019.71,Gisenyi,mobile,10,3,0
3549953.58,Kigali,mobile,9,2,0
881274.3,Nyagatare,unknown,6,2,0
3422994.38,Kigali,mobile,16,0,0
77931.59,Butare,mobile,11,3,0
3155994.84,Butare,web,4,5,0
4161611.63,Nyagatare,unknown,0,4,1
3209374.09,Kigali,web,11,1,0
327449.41,Kigali,unknown,0,3,0
4954866.37,Kigali,web,12,3,0
1780779.35,Kigali,mobile,11,3,0
1902700.72,Gisenyi,web,14,3,0
424214.31,Kigali,mobile,7,2,0
836004.85,Gisenyi,mobile,11,4,0
1356243.38,Musanze,mobile,20,0,0
3996112.25,Butare,mobile,10,3,0
3458898.16,Musanze,mobile,4,1,0
2918452.32,Musanze,mobile,2,4,0
4319534.13,Kigali,mobile,10,7,0
4989027.05,Kigali,mobile,17,5,0
1924179.9,Kigali,mobile,9,5,0
1956421.53,Musanze,unknown,19,0,0
3680578.83,Butare,web,0,6,0
3221921.96,Musanze,web,22,1,0
67460.54,Butare,web,23,1,0
3277308.81,Kigali,web,17,5,0
3598182.15,Rubavu,mobile,15,1,0
4929689.99,Gisenyi,web,0,2,0
2934061.63,Kigali,pos,6,2,0
3422246.85,Kigali,web,14,1,0
3943844.15,Kigali,pos,21,4,0
480250.12,Kigali,mobile,4,4,0
3673393.55,Rubavu,pos,14,3,0
2734555.14,Rubavu,web,21,4,0
500827.88,Gisenyi,web,12,2,0
3349569.27,Kigali,web,5,3,0
1172904.12,Butare,mobile,12,4,0
2689720.32,Rubavu,web,19,4,0
1405160.57,Rubavu,mobile,0,1,0
523129.62,Musanze,mobile,3,4,0
1254696.65,Kigali,mobile,23,2,0
2194313.71,Kigali,web,9,2,0
2470897.23,Kigali,unknown,13,1,1
742830.36,Kigali,web,3,1,0
1605232.63,International,mobile,20,5,0
4297023.52,Kigali,unknown,18,3,1
4551955.47,Musanze,mobile,5,3,0
2676142.84,Gisenyi,mobile,8,1,0
2452062.86,Kigali,web,11,9,0
2907254.92,Butare,mobile,13,3,0
1073239.99,Butare,web,20,4,0
4967858.96,Kigali,mobile,17,2,0
3726490.97,Kigali,web,2,5,1
1194110.02,Kigali,mobile,2,4,0
1361095.96,Gisenyi,pos,3,2,0
3242237.73,Rubavu,atm,18,2,0
1614571.22,Butare,unknown,0,5,0
1776906.2,Nyagatare,mobile,14,3,0
3904822.88,Rubavu,web,14,2,0
1335001.78,Nyagatare,atm,13,3,0
3526353.36,Butare,unknown,6,5,1
4674456.87,Kigali,web,3,4,1
621113.72,Gisenyi,unknown,10,3,0
721848.83,Musanze,mobile,1,1,0
4714394.07,Butare,web,1,3,0
1017994.53,Gisenyi,mobile,6,3,0
104993.71,International,mobile,19,0,0
4342605.33,Kigali,mobile,14,2,0
1411873.28,Musanze,web,4,6,0
1492120.5,Butare,web,20,3,0
1134992.27,Butare,mobile,21,3,0
4588375.66,Kigali,mobile,16,2,0
3872206.03,Rubavu,unknown,4,4,1
2984163.88,Musanze,mobile,0,0,0
2266564.95,Butare,mobile,15,6,0
718078.83,Musanze,mobile,14,4,0
4629970.86,Gisenyi,mobile,15,2,0
3748443.15,Kigali,mobile,13,5,0
1394778.25,Nyagatare,mobile,6,4,0
4737506.58,Rubavu,mobile,2,3,0
4675987.11,Nyagatare,web,1,4,1
3297764.38,Kigali,atm,22,6,0
4925025.28,Nyagatare,mobile,20,0,0
936647.6,Kigali,mobile,3,5,0
3657086.1,Kigali,atm,9,3,0
761304.48,Kigali,mobile,12,2,0
3458610.19,Kigali,atm,20,2,0
4599299.17,Kigali,web,6,3,0
2680719.76,Kigali,pos,19,0,0
3815451.65,Kigali,mobile,5,5,0
716037.08,Nyagatare,atm,18,4,0
3166156.25,Musanze,web,11,3,0
316427.88,Musanze,web,17,3,0
184970.93,Butare,mobile,3,2,0
3170495.88,Butare,mobile,14,1,0
2864256.5,Butare,atm,8,1,0
1646591.08,Kigali,mobile,17,0,0
2564891.59,Gisenyi,web,2,2,1
3421858.58,Kigali,mobile,18,4,0
3223816.72,Rubavu,web,20,2,0
368625.74,Butare,mobile,4,4,0
3390757.55,Musanze,mobile,9,4,0
3297835.63,International,pos,10,2,0
3348235.15,Nyagatare,mobile,6,2,0
4236842.63,Rubavu,unknown,0,1,1
2883724.86,Butare,mobile,1,8,1
4689535.34,Kigali,web,4,3,0
4900056.39,Rubavu,mobile,4,3,0
3759343.24,Kigali,mobile,12,3,0
1793729.43,Kigali,web,6,1,0
715920.53,Gisenyi,web,6,1,0
4100789.53,Kigali,pos,18,1,0
733588.36,Nyagatare,pos,19,6,0
731274.03,Gisenyi,mobile,1,2,0
4595253.26,Gisenyi,mobile,11,5,0
2799583.44,Musanze,unknown,10,3,1
1467018.2,Kigali,mobile,15,1,0
4814937.94,International,pos,17,5,1
3536799.76,Kigali,mobile,18,1,0
2674455.12,Nyagatare,unknown,15,4,1
1647736.53,Nyagatare,mobile,22,3,0
3383244.35,Kigali,mobile,5,4,0
3654610.39,Gisenyi,web,16,6,0
3560694.85,Rubavu,web,8,3,0
977090.58,International,mobile,0,2,0
3486372.56,Kigali,web,22,4,0
2907443.65,Gisenyi,pos,7,4,0
4250456.17,Musanze,atm,5,3,0
3124031.62,Kigali,pos,16,2,0
731810.27,Nyagatare,mobile,1,3,0
1593004.31,Butare,mobile,6,3,0
3719216.42,Gisenyi,web,13,3,0
3699938.93,Kigali,atm,15,5,0
1113962.59,Kigali,mobile,4,3,0
1773289.29,Butare,mobile,8,4,0
77090.55,Kigali,unknown,23,6,0
1658856.89,International,mobile,3,3,0
132181.92,Musanze,web,20,2,0
4364417.1,Nyagatare,mobile,13,2,0
3333402.9,Butare,atm,18,2,0
4845754.28,Butare,pos,17,3,0
4459675.24,Musanze,mobile,11,5,0
3017574.67,Kigali,web,20,6,0
2514891.85,Butare,pos,3,1,1
4418680.59,Butare,web,22,3,0
1492426.23,Gisenyi,web,12,0,0
1117979.45,Gisenyi,web,16,5,0
2050400.58,Rubavu,web,21,7,0
266462.63,Butare,unknown,8,4,0
1510208.14,Kigali,mobile,5,1,0
418859.79,Nyagatare,mobile,8,5,0
263778.35,Musanze,unknown,1,2,0
2756923.41,Kigali,mobile,7,3,0
3540971.99,Butare,pos,15,4,0
2683604.26,Kigali,unknown,9,2,0
353351.59,Gisenyi,mobile,8,4,0
1975149.27,Butare,web,2,0,0
555201.7,Kigali,mobile,5,4,0
3250493.19,Rubavu,mobile,20,2,0
4132119.14,Kigali,web,5,4,0
583970.26,Kigali,web,11,1,0
334730.4,Kigali,mobile,10,5,0
2030056.73,Musanze,web,13,4,0
1517716.65,Gisenyi,web,8,2,0
1303818.91,Butare,web,13,4,0
1057374.98,Rubavu,pos,2,1,0
1584966.62,Kigali,unknown,23,3,0
4826889.49,Gisenyi,pos,15,5,0
4288425.89,Kigali,mobile,22,3,0
3006984.77,Kigali,mobile,9,4,0
4002472.57,Gisenyi,mobile,10,4,0
74170.32,Kigali,web,8,4,0
557720.87,Musanze,atm,3,4,0
1462661.5,Butare,mobile,2,2,0
3219673.05,Kigali,mobile,10,2,0
4417128.23,Gisenyi,mobile,8,3,0
1156085.22,Kigali,web,18,2,0
696442.68,Musanze,unknown,14,1,0
4239672.81,Butare,web,2,1,0
2045973.65,Musanze,web,0,1,1
3497692.45,Kigali,mobile,14,2,0
2740369.58,Kigali,atm,10,7,0
879969.06,Kigali,atm,19,1,0
3503026.3,Kigali,mobile,6,3,0
2104180.54,International,web,23,5,1
1439098.82,Rubavu,mobile,1,2,0
4513540.08,Kigali,pos,6,6,0
30426.12,Kigali,mobile,3,2,0
2024646.23,Kigali,pos,8,6,0
1502909.72,Kigali,web,19,2,0
272870.21,Kigali,mobile,9,1,0
402576.14,Kigali,mobile,9,2,0
861848.33,Rubavu,mobile,14,4,0
2525246.13,Gisenyi,unknown,16,3,1
1413576.45,Gisenyi,mobile,21,6,0
4189376.13,Rubavu,unknown,3,5,1
1200259.52,Kigali,pos,13,1,0
3601245.88,Kigali,mobile,20,5,0
1052278.19,Kigali,mobile,7,5,0
213241.54,Gisenyi,web,17,4,0
1323476.32,Nyagatare,unknown,11,4,0
4187923.84,Nyagatare,pos,8,3,0
411714.59,Gisenyi,web,11,4,0
1722806.07,Gisenyi,web,2,2,0
40580.07,International,web,18,2,0
3151407.73,Butare,unknown,21,4,0
4713827.54,Nyagatare,unknown,13,3,1
1922138.7,Butare,mobile,4,6,0
2884801.2,Kigali,unknown,11,3,1
2261696.39,Nyagatare,unknown,5,3,1
4866667.03,Kigali,web,4,5,0
3680125.31,Rubavu,web,23,3,1
221592.9,Kigali,pos,8,2,0
544068.97,Nyagatare,unknown,17,3,0
2352668.92,Kigali,web,23,5,0
3158913.77,Kigali,web,16,4,0
1452334.25,Butare,mobile,23,2,0
3373386.23,Butare,mobile,22,5,0
2882838.72,Musanze,unknown,0,2,1
2175745.34,Musanze,mobile,13,9,0
2911693.98,Kigali,pos,18,3,0
4582359.42,Kigali,web,5,4,0
1216399.09,Gisenyi,mobile,0,4,0
3956164.06,Gisenyi,mobile,4,1,0
60279.8,Nyagatare,mobile,5,1,0
424449.23,Butare,unknown,1,0,0
4748452.8,Nyagatare,mobile,22,6,0
3488794.46,Kigali,atm,22,6,0
3166769.39,Nyagatare,web,13,4,0
1670609.31,Kigali,web,21,1,0
922093.73,Musanze,mobile,5,4,0
1899890.4,Gisenyi,mobile,13,2,0
2992151.77,Nyagatare,pos,21,5,0
3172092.07,Kigali,atm,12,2,0
848168.55,Rubavu,mobile,8,2,0
2227786.85,Musanze,atm,10,0,0
2834008.97,Musanze,web,11,4,0
4799824.07,Gisenyi,mobile,11,0,0
2747340.81,Rubavu,pos,1,1,1
2903206.75,Kigali,web,8,4,0
3826060.83,Kigali,web,17,5,0
2094850.27,Kigali,mobile,12,3,0
1919647.27,Musanze,web,2,4,0
2954750.59,Kigali,mobile,13,1,0
3916647.4,Kigali,mobile,18,2,0
3188089.79,Nyagatare,mobile,3,4,1
931062.68,Musanze,web,13,3,0
1988802.55,Rubavu,web,4,1,0
2563227.69,Butare,mobile,16,3,0
2618960.05,Rubavu,web,1,4,0
1698305.9,Gisenyi,mobile,10,1,0
2612312.0,Kigali,unknown,21,2,0
3365040.47,Gisenyi,atm,17,2,0
2340129.58,Butare,atm,10,2,0
2257011.14,Kigali,mobile,17,5,0
4008013.33,Kigali,unknown,14,3,0
3784311.72,Nyagatare,unknown,3,1,1
2112313.56,Musanze,web,6,3,0
4980068.7,Nyagatare,mobile,16,3,0
332821.7,Rubavu,web,21,3,0
1630315.69,Gisenyi,mobile,1,3,0
184634.11,Kigali,web,5,2,0
4197427.18,Kigali,unknown,3,2,1
3778273.32,Kigali,atm,22,1,0
3418541.17,Kigali,mobile,14,4,0
1072753.88,Gisenyi,mobile,15,4,0
3538740.38,Nyagatare,unknown,0,1,1
1776881.13,Nyagatare,mobile,11,5,0
4342913.22,Rubavu,pos,21,0,0
997908.47,Gisenyi,mobile,18,2,0
1089594.89,Kigali,web,22,4,0
4802951.16,Nyagatare,atm,14,2,0
2585342.23,Rubavu,mobile,12,3,0
2232205.51,Butare,web,5,8,0
1759067.65,Kigali,web,1,1,0
4156147.0,Musanze,web,4,3,0
1763861.38,Kigali,mobile,15,1,0
1781106.77,Nyagatare,web,22,2,0
617109.09,Kigali,unknown,11,2,0
2603871.56,Kigali,mobile,14,1,0
4618788.08,Butare,mobile,19,4,0
4787717.38,Kigali,mobile,3,3,1
4977579.95,Kigali,mobile,10,2,0
2365616.16,Rubavu,mobile,11,5,0
3874852.94,Kigali,web,9,3,0
2762897.39,Gisenyi,web,1,3,1
2740014.75,Gisenyi,pos,23,2,0
4031301.43,Kigali,web,15,2,0
4176872.21,Kigali,unknown,2,1,1
99456.38,Kigali,atm,23,1,0
4713977.88,Butare,web,7,2,0
4115006.17,Kigali,web,16,1,0
3605683.27,Kigali,pos,14,3,0
4260235.85,Kigali,atm,7,2,0
2686547.66,Kigali,web,1,4,0
3866430.97,Musanze,mobile,9,4,0
2993445.7,Kigali,web,21,2,0
2714882.15,Gisenyi,atm,16,3,0
1058432.81,Musanze,web,3,2,0
4237151.44,Nyagatare,unknown,22,2,1
4419413.15,Gisenyi,pos,10,4,0
4855977.53,Musanze,web,22,8,0
602633.11,Butare,mobile,21,1,0
1458225.19,Butare,mobile,4,3,0
3427185.69,Butare,web,19,7,0
4276219.13,Rubavu,mobile,6,3,0
3756645.22,Rubavu,mobile,4,3,0
2278232.7,Musanze,mobile,6,6,0
3630024.01,Gisenyi,web,16,3,0
361088.47,Nyagatare,pos,22,3,0
3312860.97,Rubavu,mobile,1,1,1
40560.3,Nyagatare,web,0,3,0
238220.08,Musanze,mobile,15,1,0
3786599.14,Rubavu,mobile,11,1,0
2388396.41,Nyagatare,atm,3,1,0
298225.14,Rubavu,web,19,5,0
2409565.04,Kigali,web,19,3,0
314240.28,Kigali,unknown,15,4,0
1730488.2,Kigali,mobile,1,1,0
787284.34,Musanze,pos,18,4,0
1097252.64,Kigali,web,12,3,0
978430.22,Kigali,web,18,1,0
1859153.74,Kigali,mobile,15,3,0
539987.63,Kigali,pos,14,2,0
2638918.38,Musanze,mobile,16,5,0
2035801.52,Kigali,web,7,10,0
4199405.28,Rubavu,pos,23,3,0
4129712.5,Kigali,web,2,2,1
4121476.77,Butare,web,9,4,0
2348461.56,Kigali,mobile,6,4,0
1454297.65,Kigali,atm,9,2,0
2077298.67,Gisenyi,web,7,1,0
3437015.01,Butare,web,20,5,0
2649166.89,Butare,web,2,2,0
3121708.37,Kigali,mobile,4,5,0
3468741.83,Gisenyi,web,16,5,0
4591857.29,Musanze,web,10,2,0
4719907.18,Kigali,web,20,3,0
4202429.76,Butare,mobile,22,3,0
325774.95,Kigali,pos,14,2,0
4896685.36,Nyagatare,atm,10,7,0
3518301.82,Kigali,mobile,0,4,0
3467114.05,Nyagatare,web,23,1,0
116018.36,Musanze,mobile,12,2,0
2397259.91,Kigali,mobile,10,1,0
3132685.2,Butare,web,6,3,0
1392907.76,Gisenyi,mobile,20,4,0
416658.54,Gisenyi,web,0,3,0
2662458.08,Rubavu,atm,8,4,0
2231749.64,Butare,web,7,1,0
220879.58,Nyagatare,mobile,20,2,0
2597330.77,Kigali,web,9,2,0
539030.33,Kigali,web,8,6,0
2123041.6,International,unknown,2,2,1
1352429.34,Rubavu,web,21,1,0
4852368.82,Rubavu,pos,5,2,0
174148.82,Musanze,unknown,9,3,0
2800336.17,Butare,web,8,1,0
760025.65,Kigali,mobile,10,3,0
1596810.91,Nyagatare,pos,23,4,0
919912.91,Kigali,pos,20,3,0
4975736.83,Kigali,pos,23,4,0
162294.15,Kigali,unknown,2,2,0
2707011.62,Nyagatare,mobile,7,0,0
3040409.55,Kigali,mobile,12,1,0
3860953.39,Rubavu,web,14,4,0
3130104.59,Kigali,web,2,4,1
1157118.86,Rubavu,pos,6,1,0
2990395.4,Butare,mobile,18,2,0
4874846.9,Gisenyi,web,22,1,0
4242334.62,Kigali,unknown,0,7,1
2267758.82,Kigali,mobile,8,1,0
2387302.38,Kigali,mobile,2,2,0
664975.53,Musanze,web,15,3,0
2849840.65,Rubavu,mobile,10,4,0
1401576.84,Kigali,mobile,16,3,0
541017.22,Musanze,mobile,14,3,0
2371309.92,Musanze,mobile,13,4,0
225833.88,Kigali,mobile,8,2,0
601098.65,Rubavu,mobile,9,6,0
1095610.41,Kigali,pos,22,1,0
4953177.77,Butare,web,12,3,0
4042503.76,Butare,pos,5,0,0
2709020.8,Gisenyi,mobile,12,3,0
1163210.64,Kigali,mobile,12,4,0
2594839.98,Kigali,mobile,12,4,0
3245160.93,Rubavu,mobile,13,3,0
23317.3,International,pos,17,0,0
4939474.07,Rubavu,mobile,22,3,0
3134091.61,Butare,mobile,4,4,0
4941238.25,Kigali,atm,6,3,0
2345594.43,Gisenyi,atm,21,3,0
3117725.0,Gisenyi,mobile,22,2,0
2307572.98,Gisenyi,web,22,2,0
47913.47,Nyagatare,web,19,0,0
4249533.63,Rubavu,mobile,23,4,1
2245283.55,Musanze,mobile,0,1,1
2354945.49,Kigali,atm,12,2,0
1800140.71,Kigali,mobile,16,2,0
2163566.01,Kigali,web,1,3,0
3627890.81,Musanze,pos,12,2,0
3503272.09,Rubavu,mobile,23,5,1
4041990.59,Kigali,mobile,15,5,0
4873348.01,Kigali,pos,23,2,1
1956130.58,Musanze,web,13,5,0
1695128.11,Kigali,web,6,7,0
2467878.56,Kigali,web,19,4,0
772370.62,Kigali,mobile,1,3,0
3790269.05,Nyagatare,atm,17,4,0
2905899.06,Kigali,mobile,11,1,0
1057097.96,Kigali,mobile,21,7,0
4320243.24,Gisenyi,web,20,9,0
3095503.06,Butare,atm,6,3,0
170679.58,Butare,atm,18,4,0
982986.19,Musanze,mobile,5,5,0
4455521.89,International,atm,8,4,1
1905537.26,Butare,web,19,2,0
4921765.75,Kigali,web,3,3,0
2648996.56,Butare,unknown,19,2,0
1039971.78,Kigali,mobile,2,1,0
2969675.85,Butare,web,8,3,0
512203.52,Kigali,web,4,0,0
4037669.83,Butare,mobile,3,4,0
3139387.13,Nyagatare,atm,18,4,0
4819751.13,Kigali,web,4,5,0
3450693.9,Rubavu,web,15,4,0
246227.2,Butare,web,20,6,0
2382402.99,Rubavu,web,21,5,0
2656785.56,Butare,web,15,4,0
4583921.44,Kigali,mobile,20,5,0
2162617.72,Nyagatare,mobile,23,5,0
2967771.11,Rubavu,mobile,1,2,0
930187.55,Butare,atm,4,2,0
1223508.39,Musanze,atm,15,2,0
2743159.53,International,web,1,5,1
3485074.33,Butare,unknown,12,2,1
2177585.77,Kigali,mobile,18,4,0
2163626.49,Musanze,pos,13,3,0
1280343.44,Butare,mobile,20,2,0
3490804.76,Kigali,mobile,3,1,0
27861.64,Kigali,mobile,9,2,0
2564086.82,Musanze,web,9,5,0
18321.99,Rubavu,atm,13,0,0
2967542.82,Nyagatare,pos,15,0,0
155017.0,Kigali,web,22,5,0
4700365.37,Kigali,mobile,10,2,0
2390029.83,Kigali,mobile,0,5,1
3420271.65,International,unknown,21,2,1
4268065.57,Kigali,mobile,20,3,0
1177492.86,Gisenyi,atm,17,2,0
2700499.48,Gisenyi,mobile,19,1,0
4317316.2,Gisenyi,mobile,10,3,0
2689099.15,Rubavu,mobile,1,3,0
1964166.09,Butare,mobile,8,4,0
1844664.6,Kigali,web,10,2,0
1920849.75,Rubavu,mobile,6,1,0
3077348.73,Kigali,unknown,14,2,1
228782.9,Kigali,mobile,19,1,0
2077206.68,Kigali,atm,15,3,0
2803165.35,Kigali,web,4,0,0
3932010.75,Butare,mobile,20,3,0
2650203.73,Nyagatare,mobile,14,7,0
4630900.59,Butare,web,5,2,0
2219143.08,Butare,mobile,16,2,0
3254145.36,Kigali,web,22,2,0
88396.77,International,web,11,3,0
1192621.11,Nyagatare,web,18,2,0
4077379.0,Musanze,web,9,1,0
2931282.17,Kigali,mobile,23,3,0
4730892.22,Gisenyi,atm,12,2,0
3764505.75,Kigali,mobile,0,3,1
2248594.46,Butare,mobile,4,4,0
3893666.98,Kigali,mobile,8,5,0
2339200.01,Kigali,mobile,14,5,0
1651179.27,International,web,16,5,0
235956.81,Gisenyi,web,0,5,0
4328184.01,Kigali,mobile,23,3,1
2094999.21,Musanze,mobile,4,0,0
3426008.84,Kigali,mobile,20,7,0
765720.9,Rubavu,web,5,5,0
4144897.3,Gisenyi,atm,6,2,0
4121090.13,Kigali,web,10,3,0
2410996.91,Butare,pos,17,2,0
3360887.47,Kigali,mobile,21,4,0
2607508.48,Kigali,mobile,8,5,0
2761553.73,Kigali,pos,13,4,0
4444063.44,Kigali,atm,9,3,0
4834595.2,Musanze,web,16,1,0
1837810.97,Kigali,pos,5,1,0
1658999.76,Gisenyi,web,6,2,0
1519385.28,Kigali,web,4,7,0
3853908.59,Nyagatare,web,2,2,0
3614625.85,Butare,web,22,2,0
219478.48,Kigali,web,16,8,0
442660.23,Butare,mobile,6,3,0
3231201.4,Kigali,unknown,0,5,1
1375155.64,Kigali,unknown,14,2,0
458355.79,Gisenyi,mobile,5,7,0
2068611.73,Kigali,web,16,2,0
4387475.4,Kigali,atm,22,1,0
1831875.76,Butare,mobile,10,5,0
3478302.38,Kigali,mobile,19,2,0
4502924.06,Kigali,web,10,2,0
846980.75,Butare,mobile,20,3,0
3048703.81,Kigali,pos,16,1,0
4538342.38,Nyagatare,pos,10,2,0
967468.77,Butare,atm,23,1,0
4943568.71,Kigali,pos,13,1,0
1825735.11,Kigali,web,12,3,0
1088020.29,International,mobile,3,3,0
4189178.35,Butare,mobile,15,0,0
2339810.97,Kigali,pos,4,2,0
3353555.56,Kigali,atm,0,3,1
2448291.27,Butare,mobile,13,6,0
3217817.23,Kigali,atm,12,2,0
177326.39,Rubavu,mobile,16,5,0
1751226.04,Butare,mobile,14,1,0
3286730.64,Musanze,mobile,6,0,0
1754227.52,Kigali,mobile,15,3,0
3878885.22,Kigali,atm,5,2,0
4804442.1,International,atm,21,5,1
187538.53,Butare,web,22,4,0
4276663.12,Kigali,web,4,8,0
845735.56,Kigali,web,3,6,0
4586726.8,Butare,pos,8,4,0
4733990.33,Rubavu,mobile,10,4,0
2846113.43,Kigali,mobile,12,0,0
2395321.1,Musanze,web,2,0,0
3792620.23,Kigali,web,0,3,0
4590148.55,Kigali,web,3,6,0
1162614.14,Kigali,pos,14,2,0
1912515.99,Nyagatare,mobile,3,2,0
2087971.21,International,web,0,3,1
4229183.33,Kigali,web,10,5,0
685016.65,Kigali,mobile,1,3,0
3115409.39,Nyagatare,mobile,6,8,0
1755031.05,Kigali,pos,14,3,0
4427627.87,Kigali,web,6,2,0
1699284.5,Musanze,mobile,7,6,0
4889742.45,International,unknown,16,2,1
78652.73,Butare,mobile,2,2,0
1198148.34,Kigali,web,11,3,0
2286875.91,Musanze,web,5,6,0
1281994.75,Kigali,mobile,13,1,0
3687098.86,Kigali,mobile,0,2,1
4072850.07,Butare,atm,6,5,0
3487691.22,Nyagatare,mobile,5,3,0
4852007.22,Kigali,web,0,2,0
2280461.99,Butare,pos,14,2,0
4898859.09,Butare,mobile,15,1,0
623490.85,Musanze,atm,11,1,0
4229800.3,Rubavu,web,8,2,0
192687.22,Musanze,mobile,16,2,0
2659816.87,Rubavu,web,4,2,0
2422615.83,Gisenyi,web,0,2,0
4281569.93,Kigali,mobile,19,4,0
3503811.83,Musanze,web,4,6,0
2205562.07,Gisenyi,unknown,14,4,1
4478409.93,Rubavu,web,16,5,0
4429404.05,Musanze,mobile,0,4,0
124146.8,Kigali,web,9,2,0
4355157.39,Butare,atm,22,4,0
2633163.49,Butare,mobile,5,1,0
4194884.68,Kigali,web,17,1,0
907027.32,Kigali,web,5,4,0
755902.05,Musanze,mobile,3,1,0
3611154.63,Musanze,atm,5,5,0
1377150.8,Musanze,web,6,1,0
2794423.34,Rubavu,web,14,4,0
3444233.29,Kigali,web,20,3,0
3052232.34,Kigali,atm,23,4,0
3494977.88,Butare,web,15,4,0
3101976.24,Musanze,web,5,3,0
1895950.59,Kigali,mobile,12,5,0
452926.83,Musanze,pos,7,2,0
4276798.07,Kigali,mobile,0,3,0
4230118.1,Kigali,mobile,2,3,0
28892.47,Musanze,pos,14,0,0
4204407.06,Rubavu,mobile,13,2,0
755368.54,Kigali,pos,22,2,0
1664646.58,Musanze,web,7,2,0
2067036.53,Musanze,mobile,19,5,0
3398314.43,Musanze,atm,13,2,0
462531.22,Butare,mobile,10,7,0
4133314.62,Kigali,web,21,3,0
4713767.56,Musanze,atm,19,2,0
4763503.0,Gisenyi,web,1,4,0
459644.09,Nyagatare,atm,1,1,0
4596941.58,Kigali,unknown,16,1,1
2839360.57,International,web,14,2,0
3634779.35,Kigali,mobile,0,0,0
4653018.23,Kigali,atm,14,3,0
3305146.79,Kigali,web,4,5,0
2283968.86,International,web,1,0,1
2625796.61,Kigali,web,4,1,0
3422675.14,Butare,atm,7,5,0
4723522.16,Kigali,web,12,1,0
4449098.59,Kigali,mobile,7,1,0
2885547.74,Rubavu,atm,3,3,0
1055445.84,Nyagatare,pos,10,4,0
1733972.26,Kigali,mobile,11,0,0
1809356.59,Butare,mobile,3,6,0
1446225.58,Gisenyi,unknown,11,2,0
3733854.55,Kigali,mobile,18,3,0
4180020.01,Nyagatare,mobile,21,4,0
1599494.56,Butare,web,23,2,0
4230706.87,International,mobile,5,2,1
3672319.82,Kigali,web,8,4,0
2205861.84,Kigali,mobile,19,2,0
3493465.82,Gisenyi,web,17,3,0
3846806.89,Musanze,unknown,14,3,0
2805375.01,Kigali,mobile,18,0,0
2215845.39,Kigali,mobile,7,3,0
509021.38,Rubavu,atm,4,2,0
7347.67,Kigali,web,10,4,0
4686287.93,Musanze,web,5,1,0
1337790.15,Kigali,unknown,9,2,0
3315088.61,Gisenyi,mobile,10,7,0
4716834.11,Nyagatare,web,18,6,0
4091547.25,Kigali,mobile,11,1,0
613352.73,Musanze,mobile,16,3,0
4009661.3,Kigali,web,7,4,0
3632102.3,Rubavu,unknown,20,2,0
1647320.81,Kigali,atm,18,5,0
3448164.19,Kigali,mobile,10,4,0
4129523.18,Rubavu,web,18,1,0
1457463.83,Gisenyi,atm,19,2,0
4345211.86,Butare,mobile,1,3,0
394532.51,Kigali,mobile,5,1,0
2637508.54,Butare,mobile,8,3,0
1166481.67,Kigali,web,15,5,0
3640188.47,Kigali,mobile,17,1,0
874742.52,Gisenyi,web,19,1,0
1707598.22,Nyagatare,pos,8,1,0
637365.09,Butare,atm,2,4,0
4059667.74,Kigali,web,7,2,0
661807.78,Nyagatare,mobile,5,3,0
3615896.45,Kigali,pos,17,4,0
3536297.47,Gisenyi,unknown,11,6,1
712270.75,Kigali,mobile,23,3,0
2830472.36,Musanze,unknown,15,6,1
2484648.15,Kigali,pos,18,4,0
2972725.59,Butare,unknown,0,5,1
4686169.55,Musanze,mobile,0,2,0
403144.84,Nyagatare,unknown,5,2,0
4102608.4,Kigali,mobile,21,3,0
4310606.26,Kigali,mobile,8,6,0
631807.31,Kigali,mobile,9,3,0
3280702.64,Nyagatare,web,11,4,0
3510764.68,Nyagatare,mobile,20,2,0
2743557.08,Kigali,mobile,16,3,0
2514898.33,Kigali,web,19,4,0
1589433.22,Butare,mobile,19,1,0
3445563.39,Butare,pos,21,1,0
1428090.52,Kigali,mobile,12,1,0
2300385.92,Butare,mobile,9,0,0
4286917.15,Kigali,mobile,16,1,0
448155.3,Kigali,mobile,18,0,0
2642087.1,Rubavu,atm,16,4,0
2430627.27,Musanze,mobile,10,3,0
1892717.75,Musanze,mobile,12,5,0
2987849.7,Gisenyi,web,13,7,0
78624.7,International,web,18,5,0
2462601.64,Kigali,mobile,10,3,0
2428709.86,Kigali,mobile,19,2,0
2580803.4,Kigali,atm,7,3,0
1062595.06,Kigali,web,22,4,0
1038378.7,Musanze,mobile,3,4,0
3236189.19,Kigali,unknown,14,5,0
464091.17,Butare,mobile,21,5,0
1529954.65,Gisenyi,web,18,6,0
4154164.22,Musanze,web,23,4,1
519266.97,Gisenyi,mobile,22,1,0
2340595.91,Kigali,mobile,18,2,0
3343319.42,Rubavu,web,2,2,0
708650.98,Butare,mobile,18,2,0
1562658.09,Butare,mobile,12,6,0
2794001.53,Kigali,web,0,2,1
1636475.66,Kigali,atm,23,6,0
550133.92,Kigali,pos,5,5,0
1162415.61,Kigali,mobile,2,2,0
547522.02,Kigali,atm,0,4,0
4917786.79,Kigali,unknown,12,4,1
1178625.19,International,web,16,5,0
2653004.58,Kigali,web,1,1,0
2142895.29,Butare,unknown,18,4,1
2847783.23,Butare,pos,6,2,0
2490706.51,Gisenyi,web,14,1,0
3635945.62,Kigali,atm,0,3,1
4365132.98,Musanze,mobile,17,1,0
1426854.29,Rubavu,web,1,3,0
918442.02,International,atm,0,1,0
4921707.07,Kigali,mobile,16,1,0
4330429.26,Gisenyi,web,6,5,0
1819909.47,Musanze,mobile,9,2,0
4473986.64,Kigali,pos,11,3,0
3352896.28,Musanze,pos,12,1,0
2187384.49,Kigali,web,7,5,0
4367173.05,Kigali,mobile,8,1,0
3376575.95,Nyagatare,web,8,2,0
4132342.89,Kigali,mobile,3,2,1
2089089.84,Gisenyi,mobile,16,5,0
3993677.91,Butare,unknown,16,3,0
1834951.23,Kigali,mobile,18,2,0
3675527.89,International,mobile,18,0,1
2177934.94,Kigali,web,15,3,0
2026270.43,Kigali,mobile,2,7,0
3983266.43,Kigali,mobile,0,3,1
625621.39,Butare,web,4,1,0
4641081.0,Kigali,mobile,9,3,0
2543649.32,Gisenyi,mobile,17,7,0
3180553.96,Butare,web,17,3,0
2026604.83,Kigali,mobile,20,6,0
3229550.31,Rubavu,atm,23,2,0
3549402.32,Butare,unknown,15,5,1
4342452.44,Musanze,atm,9,2,0
4271966.38,Nyagatare,unknown,2,5,1
1789394.59,International,mobile,16,2,0
3079456.43,Kigali,mobile,0,4,0
3902996.2,Butare,mobile,18,3,0
3824435.02,Butare,pos,6,3,0
4454711.78,Kigali,mobile,7,6,0
4159801.73,Nyagatare,atm,21,6,0
3589420.7,Kigali,web,6,6,0
3744401.75,Butare,mobile,0,1,1
4037315.06,Kigali,pos,4,3,0
4189523.61,Rubavu,web,12,4,0
1763668.81,Rubavu,mobile,9,2,0
3909162.76,Nyagatare,unknown,13,4,1
4746070.33,Butare,atm,6,3,0
1165200.46,Musanze,web,3,5,0
241650.67,Butare,unknown,13,5,0
362445.26,Musanze,atm,15,4,0
1083982.54,Kigali,mobile,9,6,0
4598991.94,Butare,unknown,3,1,1
634417.02,Kigali,web,13,4,0
3738141.42,Musanze,mobile,14,3,0
4335285.63,Kigali,pos,2,1,1
4387666.35,Kigali,mobile,1,2,0
2084034.55,Nyagatare,web,13,2,0
2476561.04,Butare,mobile,12,5,0
1616582.65,International,mobile,23,4,0
737148.28,Butare,mobile,22,10,0
1061250.29,Gisenyi,mobile,20,1,0
674358.32,Rubavu,web,18,2,0
2037907.58,Kigali,web,15,1,0
852142.74,Kigali,web,2,3,0
2017302.11,Rubavu,mobile,1,8,1
4256020.05,Butare,pos,20,6,0
3272750.88,Musanze,pos,7,1,0
3313927.52,Kigali,mobile,0,3,0
4059424.45,Butare,web,16,2,0
206446.94,Kigali,web,11,3,0
3972657.22,Gisenyi,unknown,13,7,1
982146.04,Musanze,unknown,13,0,0
1729961.56,Kigali,mobile,16,5,0
1540560.1,Butare,unknown,5,3,0
528724.91,Butare,mobile,2,3,0
868962.75,Musanze,web,5,3,0
4781757.81,Gisenyi,mobile,23,3,0
3001561.15,Kigali,mobile,5,1,0
2370121.82,International,web,3,5,1
3789095.02,Nyagatare,web,6,2,0
4068790.01,Gisenyi,mobile,3,4,0
551759.14,Musanze,unknown,17,4,0
3704656.62,Kigali,mobile,2,3,1
4662016.49,Kigali,mobile,2,1,0
2927387.69,Musanze,pos,14,1,0
3070977.68,Kigali,pos,18,3,0
4352101.25,Kigali,atm,10,5,0
3397573.06,Gisenyi,mobile,14,2,0
4976339.92,Kigali,web,4,6,0
1413826.83,Kigali,atm,22,2,0
4227480.15,Kigali,web,21,2,0
3062239.9,Butare,web,6,2,0
1828994.84,Rubavu,web,0,1,0
4415356.82,Kigali,mobile,21,2,0
4981233.16,Butare,mobile,20,1,0
289717.92,Kigali,atm,1,5,0
4627651.02,Kigali,mobile,6,2,0
1015953.46,Kigali,web,19,2,0
1026337.52,Kigali,web,7,2,0
209259.58,Kigali,web,10,2,0
4610977.58,Musanze,mobile,22,2,0
3797110.5,Nyagatare,web,15,5,0
267719.21,Rubavu,web,13,2,0
3167859.28,Kigali,pos,18,5,0
601112.13,Gisenyi,web,4,0,0
3757150.4,Rubavu,mobile,2,3,0
2045564.69,Kigali,web,3,4,1
259358.28,Kigali,mobile,10,4,0
4147122.54,Butare,web,7,3,0
2862280.17,Kigali,unknown,0,3,1
3864454.46,Butare,web,21,3,0
3372816.99,Kigali,mobile,14,3,0
2172263.68,Butare,web,11,3,0
3493482.96,Rubavu,unknown,23,0,1
74259.93,Butare,pos,6,3,0
1699017.93,Kigali,pos,23,2,0
3889378.05,Musanze,web,13,3,0
3815428.0,Kigali,mobile,12,2,0
4437103.13,Butare,mobile,9,4,0
3055422.08,Kigali,unknown,0,4,1
4711012.91,Kigali,mobile,18,2,0
2788782.18,Gisenyi,mobile,4,3,0
2502519.81,Kigali,atm,1,1,1
986484.44,Musanze,mobile,12,1,0
3894292.68,Butare,web,14,1,0
3460439.75,Nyagatare,atm,10,3,0
2304073.04,Nyagatare,web,20,1,0
436000.19,Kigali,web,7,3,0
628949.05,Kigali,mobile,18,2,0
572748.75,Butare,web,13,1,0
1878308.74,Kigali,web,11,4,0
795308.38,Butare,pos,4,3,0
4304280.08,Kigali,web,16,5,0
4496780.93,Butare,web,10,1,0
4283916.94,Butare,atm,21,5,0
3044470.26,Gisenyi,web,11,5,0
2981978.81,Kigali,mobile,0,6,1
4454674.97,Kigali,pos,16,3,0
2031837.65,Kigali,pos,6,4,0
312190.42,Rubavu,pos,11,6,0
2352230.59,Musanze,mobile,23,4,0
2768775.46,Rubavu,mobile,15,7,0
2747486.0,International,unknown,11,5,1
795440.9,Kigali,mobile,1,2,0
3917173.16,Butare,web,18,2,0
3659968.56,Nyagatare,mobile,14,0,0
1149649.74,Kigali,atm,13,3,0
2756370.78,Musanze,pos,7,5,0
3951745.88,Gisenyi,web,5,1,0
38919.27,International,mobile,21,1,0
1376136.46,Kigali,atm,5,3,0
2360453.32,Butare,mobile,4,3,0
4225235.49,Kigali,mobile,13,1,0
3994936.87,Kigali,pos,3,5,0
755387.12,Nyagatare,pos,14,2,0
2313978.1,Butare,web,2,1,0
1523531.23,Gisenyi,web,23,6,0
2007467.58,Musanze,unknown,18,3,1
2703353.75,Butare,mobile,23,1,1
2496953.15,International,mobile,16,1,0
708302.41,Nyagatare,atm,11,3,0
608879.77,Rubavu,mobile,17,4,0
651779.4,International,mobile,17,3,0
4206520.77,Kigali,web,17,3,0
100166.81,Kigali,atm,14,6,0
1012421.97,Kigali,mobile,11,3,0
4779480.94,Nyagatare,web,20,5,0
330573.66,Gisenyi,web,15,2,0
182089.08,Nyagatare,mobile,1,5,0
1936952.96,Kigali,web,12,1,0
756427.21,Kigali,pos,18,2,0
2829034.87,Butare,atm,20,1,0
1693235.59,Kigali,web,14,4,0
1045242.58,Nyagatare,mobile,6,4,0
4993009.28,Butare,mobile,7,3,0
1705850.06,Musanze,mobile,13,4,0
3205211.74,Butare,atm,16,2,0
4370628.14,Butare,atm,1,2,0
4611974.57,Rubavu,atm,17,5,0
2050931.45,Kigali,mobile,22,4,0
4880793.21,Nyagatare,mobile,20,5,0
3622964.31,Butare,atm,4,4,0
2916587.12,Kigali,unknown,5,4,1
3466550.02,Rubavu,web,21,1,0
1801008.8,Gisenyi,atm,18,1,0
2122314.72,International,atm,20,3,1
2931552.13,Nyagatare,pos,13,1,0
1634507.23,Kigali,mobile,12,2,0
3844174.3,Kigali,unknown,2,0,1
1255808.46,Kigali,pos,18,2,0
3984129.15,Kigali,pos,3,3,0
761210.61,Butare,unknown,13,3,0
1087345.64,Gisenyi,web,20,4,0
3765593.06,Nyagatare,mobile,23,3,0
1316076.23,International,pos,9,1,0
3977073.56,Butare,mobile,12,2,0
3919458.05,Butare,atm,12,1,0
1286877.55,Gisenyi,web,21,3,0
365868.54,Gisenyi,mobile,22,2,0
832219.73,Kigali,web,16,4,0
3762757.38,Kigali,atm,15,1,0
4235047.53,Nyagatare,mobile,16,0,0
1915586.03,Rubavu,mobile,19,2,0
821512.05,Rubavu,web,7,4,0
377811.01,Musanze,mobile,17,1,0
1079472.22,Kigali,unknown,8,2,0
4898434.46,Butare,pos,14,3,0
851779.95,Kigali,web,9,0,0
431291.94,Rubavu,mobile,10,5,0
3927474.88,Kigali,web,4,3,0
3077249.77,Rubavu,web,7,4,0
2674339.34,Kigali,web,3,1,0
2239538.83,Butare,unknown,5,4,0
3509355.52,Musanze,pos,16,1,0
3491925.79,Kigali,mobile,5,4,0
2122417.32,Kigali,web,14,2,0
1171522.11,Nyagatare,web,22,6,0
4206396.65,Rubavu,unknown,2,4,1
823529.2,Butare,web,20,6,0
2670264.56,Butare,web,15,2,0
3463524.24,Kigali,web,10,5,0
3194565.39,Gisenyi,mobile,23,3,1
3094162.26,Kigali,mobile,21,3,0
3312699.72,Nyagatare,mobile,1,3,1
4378336.75,Gisenyi,mobile,20,4,0
1827280.16,Kigali,mobile,12,5,0
3137368.82,Gisenyi,pos,18,0,0
3484984.92,Kigali,mobile,5,1,0
2951837.6,Kigali,unknown,21,1,1
4515061.71,Butare,mobile,14,3,0
3274066.42,Kigali,mobile,10,2,0
2122433.17,Rubavu,unknown,17,3,0
4228012.71,Musanze,unknown,18,0,0
2448095.2,International,mobile,10,4,1
2651051.29,Musanze,mobile,8,4,0
2911606.38,International,mobile,17,2,1
1614262.04,Kigali,web,2,5,0
3612837.89,Gisenyi,mobile,8,4,0
491081.87,Kigali,mobile,11,2,0
4344311.58,Kigali,pos,13,3,0
3772811.49,Rubavu,pos,12,2,0
1768482.19,Kigali,unknown,23,2,0
1132352.33,Kigali,web,19,4,0
1939795.78,Kigali,mobile,10,2,0
4025360.36,Kigali,web,22,3,0
158338.18,Kigali,pos,4,3,0
2339887.32,Kigali,mobile,1,3,0
1270924.01,Kigali,unknown,6,4,0
4374819.52,Nyagatare,mobile,13,6,0
2069500.95,Kigali,mobile,15,4,0
3489642.69,Kigali,mobile,7,4,0
1789783.51,Kigali,unknown,19,2,0
1648833.49,Kigali,mobile,9,1,0
1629701.43,Kigali,mobile,7,1,0
3391033.97,Rubavu,atm,10,5,0
4821222.35,International,unknown,22,2,1
1041119.7,Rubavu,mobile,18,1,0
3219684.22,Nyagatare,web,2,7,0
1327539.45,Musanze,unknown,11,5,0
2746975.59,Kigali,pos,18,2,0
2708223.45,Rubavu,unknown,2,3,1
2250505.07,Musanze,unknown,6,5,1
2493471.42,Kigali,mobile,4,2,0
4401215.63,Nyagatare,mobile,11,2,0
443478.32,International,unknown,19,6,0
4151500.56,Gisenyi,atm,23,3,0
2311835.5,Kigali,mobile,18,3,0
1668303.38,Kigali,atm,12,6,0
886141.3,Gisenyi,mobile,21,3,0
4074124.89,Kigali,web,3,3,1
2960415.14,Kigali,mobile,20,4,0
3642014.42,Kigali,web,22,6,0
1575158.8,Gisenyi,unknown,19,2,0
1965099.83,Gisenyi,atm,23,2,0
4568261.82,Gisenyi,web,18,1,0
4805930.84,Kigali,mobile,6,1,0
3699340.97,Nyagatare,mobile,12,2,0
3747255.36,Butare,atm,18,2,0
3472154.19,Gisenyi,web,1,3,0
2936256.08,Butare,mobile,7,6,0
2975594.11,Butare,unknown,1,1,1
4819032.55,Nyagatare,web,8,3,0
3754682.18,Gisenyi,web,20,5,0
3276878.81,Butare,mobile,19,3,0
945753.48,Musanze,pos,11,1,0
4885381.34,Kigali,pos,15,2,0
2601706.7,Kigali,atm,7,6,0
4718594.29,Butare,mobile,17,1,0
3567930.91,Kigali,mobile,20,3,0
200884.16,Kigali,web,15,3,0
2695208.0,Butare,mobile,0,2,0
4463464.25,Gisenyi,mobile,1,5,1
259377.54,Butare,mobile,4,0,0
4333704.39,Kigali,mobile,2,2,0
3067149.77,Kigali,unknown,9,4,1
223114.05,Kigali,atm,12,2,0
1868304.85,Nyagatare,mobile,9,7,0
151337.89,Kigali,web,14,4,0
9080.63,Kigali,mobile,16,2,0
4482177.43,Kigali,unknown,6,2,1
3743017.22,International,web,6,3,0
1447715.3,Butare,web,2,4,0
568995.8,Kigali,mobile,14,1,0
272635.69,Kigali,web,13,4,0
4586153.04,Nyagatare,web,6,5,0
3127971.48,Kigali,web,4,1,0
803214.16,Rubavu,mobile,7,3,0
3407469.09,Gisenyi,mobile,15,3,0
4994454.14,Butare,mobile,17,3,0
3940243.09,Musanze,mobile,22,2,0
2232938.27,Kigali,mobile,18,2,0
4070976.26,Nyagatare,mobile,9,3,0
3721661.26,Rubavu,pos,3,4,1
443721.66,Nyagatare,web,0,2,0
4628520.28,Kigali,unknown,6,9,1
4420574.19,Kigali,mobile,12,3,0
2953002.34,Kigali,pos,10,1,0
2540991.95,Gisenyi,pos,10,2,0
1139093.01,Kigali,web,7,2,0
4172372.22,Nyagatare,web,1,7,1
2159716.1,Rubavu,web,4,0,0
2896743.8,Musanze,mobile,20,4,0
850852.38,Gisenyi,mobile,7,0,0
1069506.88,Gisenyi,mobile,18,4,0
4926014.02,Kigali,pos,17,6,0
2470252.85,Nyagatare,web,13,3,0
4078806.52,Gisenyi,mobile,17,1,0
4148735.15,Butare,web,16,5,0
4907560.9,Nyagatare,mobile,22,3,0
4914528.63,Nyagatare,mobile,5,1,0
2285048.61,Kigali,atm,2,6,0
4751626.73,Nyagatare,unknown,4,4,1
1827589.37,Kigali,mobile,16,2,0
3038391.81,Butare,web,2,3,0
4108651.29,Kigali,mobile,7,2,0
4568975.79,Nyagatare,web,2,3,0
2619434.2,Butare,web,7,1,0
2089588.36,Nyagatare,mobile,16,4,0
3642726.01,Musanze,web,3,2,1
2279909.88,Nyagatare,mobile,8,7,0
3359171.25,Nyagatare,unknown,22,1,0
4021192.43,Nyagatare,mobile,4,2,0
4205715.77,Kigali,mobile,0,0,1
1271943.05,Kigali,unknown,10,3,0
2857504.88,Gisenyi,mobile,8,4,0
125658.8,Kigali,web,5,4,0
3988882.18,Nyagatare,mobile,15,4,0
625913.32,Nyagatare,mobile,5,1,0
4358486.66,Kigali,unknown,23,2,1
2034344.62,Kigali,mobile,1,5,0
836757.75,Gisenyi,web,14,1,0
3979176.66,Rubavu,pos,2,4,0
1001831.79,Butare,web,20,2,0
1972376.16,Kigali,atm,20,1,0
2834597.54,Kigali,atm,12,4,0
1800469.68,Rubavu,mobile,5,3,0
895554.2,Rubavu,web,17,5,0
2030765.93,Kigali,mobile,23,2,0
721649.73,Kigali,mobile,11,4,0
3595917.74,Butare,unknown,0,5,1
857939.07,Butare,mobile,11,3,0
2412171.49,Musanze,web,22,4,0
2802111.08,Butare,mobile,21,4,0
4725362.16,International,unknown,22,2,1
391752.64,Kigali,mobile,23,2,0
4652311.15,Rubavu,atm,1,2,0
1041527.67,Musanze,atm,9,5,0
4204760.86,Gisenyi,mobile,3,5,0
452931.02,Kigali,atm,8,3,0
4943517.54,Kigali,unknown,6,1,1
4038259.95,Gisenyi,web,11,4,0
315224.02,Rubavu,mobile,1,4,0
1070948.16,Kigali,web,14,3,0
2742950.69,Kigali,mobile,16,4,0
2618098.27,Nyagatare,unknown,18,3,0
3146531.38,Musanze,mobile,11,4,0
2317801.63,Kigali,web,15,4,0
3670954.45,Nyagatare,web,5,6,0
1742753.78,Gisenyi,mobile,4,2,0
882345.99,Butare,mobile,16,4,0
169380.54,Kigali,web,18,4,0
1624165.68,Rubavu,web,9,2,0
2134680.72,Nyagatare,unknown,20,2,0
3295514.04,Kigali,mobile,8,2,0
4032378.5,Butare,mobile,10,8,0
1200693.98,Nyagatare,unknown,9,4,0
2466266.27,International,mobile,14,2,1
1169052.49,Kigali,web,13,2,0
4755851.16,Musanze,mobile,15,5,0
3237910.01,Kigali,unknown,11,4,1
3389673.05,Butare,mobile,14,7,0
2656355.13,Musanze,pos,20,4,0
1409507.93,Butare,unknown,13,1,0
1002549.19,Kigali,pos,11,4,0
3283399.25,Gisenyi,web,16,3,0
4608575.07,Kigali,unknown,8,2,1
1064862.04,Kigali,web,2,4,0
2859035.79,Gisenyi,atm,23,0,1
2646860.2,International,mobile,16,3,0
3208444.66,Rubavu,web,8,4,0
2939155.82,Kigali,web,18,2,0
1364336.64,Nyagatare,mobile,22,5,0
3457362.74,Kigali,unknown,11,4,1
1363662.74,Kigali,mobile,22,6,0
3265141.9,Gisenyi,atm,5,3,0
1500016.8,Butare,mobile,1,2,0
412572.51,Rubavu,mobile,9,1,0
636552.91,Rubavu,web,0,2,0
4170564.19,Rubavu,web,2,2,1
607215.63,Butare,mobile,22,3,0
1652900.85,Kigali,mobile,7,2,0
1438564.94,Nyagatare,mobile,13,5,0
289769.62,Kigali,pos,9,3,0
2997797.91,Butare,atm,20,3,0
3994027.96,Kigali,atm,2,1,0
4961652.77,Kigali,unknown,13,2,0
4680192.41,Kigali,atm,18,4,0
247105.9,Kigali,mobile,13,3,0
1287914.74,International,unknown,18,3,1
2060885.25,International,mobile,3,5,1
4375134.23,Gisenyi,mobile,22,3,0
1800743.85,Butare,mobile,6,2,0
2851776.56,Kigali,mobile,8,6,0
3298135.19,Musanze,mobile,15,3,0
1490144.7,Kigali,web,0,2,0
2909911.75,Kigali,web,20,1,0
254902.08,Butare,web,22,4,0
2401176.33,Kigali,mobile,19,2,0
1892989.42,Kigali,pos,19,1,0
1779095.11,Kigali,mobile,3,2,0
1174847.05,International,pos,4,1,0
4088762.31,Rubavu,mobile,17,1,0
4409674.06,Gisenyi,mobile,16,2,0
4440698.32,Kigali,pos,21,2,0
1980836.87,Butare,mobile,11,2,0
1296176.91,Gisenyi,unknown,11,2,0
492512.26,Musanze,mobile,1,3,0
3362202.14,Nyagatare,unknown,6,2,0
1651173.74,Kigali,atm,9,1,0
1383692.99,Kigali,unknown,7,6,0
1857504.88,Gisenyi,mobile,13,3,0
2773841.03,Nyagatare,atm,2,5,0
810045.35,Butare,pos,22,5,0
4806707.08,Gisenyi,unknown,4,1,1
3663204.17,Kigali,mobile,14,3,0
234404.92,Musanze,mobile,15,2,0
1534285.53,Gisenyi,atm,3,4,0
251837.05,Kigali,mobile,14,4,0
1147831.25,Butare,mobile,6,4,0
1433311.15,Rubavu,web,13,2,0
3590039.65,Kigali,web,14,0,0
3593839.91,Kigali,web,21,4,0
227103.88,Kigali,mobile,12,5,0
2940844.17,International,web,21,2,0
4804572.7,Kigali,mobile,17,5,0
3142011.04,Kigali,atm,19,4,0
4802756.36,Kigali,mobile,23,2,1
1903105.31,Butare,mobile,11,3,0
2299161.57,Kigali,web,22,3,0
2477684.82,Nyagatare,web,2,1,0
4619773.5,Kigali,mobile,19,6,0
1901715.12,Kigali,web,18,0,0
4917100.33,Butare,web,13,3,0
2715858.61,Kigali,web,15,4,0
1090994.55,Kigali,pos,9,5,0
518888.4,Nyagatare,mobile,8,2,0
864777.31,Butare,unknown,6,5,0
196894.07,Nyagatare,mobile,23,0,0
3461705.11,Kigali,web,4,7,0
2584762.45,Gisenyi,mobile,11,2,0
3689750.5,Musanze,atm,11,4,0
3911419.48,Butare,web,20,2,0
4656850.09,Gisenyi,unknown,16,1,1
585433.14,Nyagatare,web,8,1,0
930923.17,Kigali,atm,14,3,0
2741597.47,Kigali,mobile,11,6,0
648056.8,Musanze,mobile,13,4,0
464062.27,Kigali,unknown,19,2,0
3331854.83,Gisenyi,mobile,13,0,0
3623695.22,Butare,unknown,16,4,0
4217080.76,Rubavu,mobile,12,1,0
4578775.52,Rubavu,web,18,2,0
2212775.97,Gisenyi,web,4,2,0
4899381.75,Nyagatare,unknown,21,3,1
189916.02,Kigali,web,7,6,0
4350703.05,Musanze,mobile,23,4,0
1607718.55,Butare,web,16,1,0
4608611.65,Rubavu,pos,6,3,0
1113410.63,Kigali,mobile,14,1,0
3705097.78,Kigali,mobile,6,2,0
2127571.15,Musanze,pos,19,6,0
1907633.47,Kigali,pos,10,2,0
297567.55,Kigali,mobile,7,3,0
3529705.68,Kigali,web,22,4,0
877176.13,Rubavu,mobile,14,3,0
2315234.34,Rubavu,atm,16,2,0
706969.92,Nyagatare,mobile,20,4,0
3022586.85,Nyagatare,mobile,9,5,0
1155690.64,Rubavu,web,14,2,0
2972185.46,Kigali,unknown,22,0,1
4733105.59,Kigali,mobile,12,4,0
4604632.04,Kigali,mobile,22,2,0
1002721.56,Kigali,mobile,19,3,0
496378.45,Nyagatare,unknown,16,2,0
213784.18,Musanze,pos,14,4,0
4142608.85,Kigali,unknown,20,2,0
1246913.26,Nyagatare,mobile,7,2,0
1420044.85,Musanze,mobile,16,1,0
1131613.27,Nyagatare,mobile,3,3,0
4200499.73,Kigali,pos,1,0,1
4894520.53,Kigali,mobile,23,3,1
3776055.66,Butare,web,11,0,0
4117977.51,Kigali,mobile,15,4,0
3102692.05,Butare,web,9,5,0
2644110.15,Kigali,mobile,13,2,0
3608029.23,Nyagatare,mobile,10,1,0
179296.51,Kigali,web,10,3,0
307471.93,Butare,mobile,15,3,0
3436523.81,Nyagatare,pos,4,0,0
1675682.29,Musanze,web,18,2,0
2444427.37,Musanze,mobile,21,3,0
3910071.82,Gisenyi,mobile,23,2,0
2886000.96,Butare,mobile,10,2,0
4026406.74,Butare,mobile,23,2,1
2096066.63,Kigali,web,11,1,0
1437473.05,Kigali,mobile,7,2,0
1174567.13,Musanze,mobile,6,7,0
658838.91,Butare,mobile,8,2,0
184464.21,Kigali,web,15,3,0
266218.5,Rubavu,web,0,4,0
1355358.64,Rubavu,mobile,9,2,0
1392423.77,Kigali,pos,1,1,0
1909231.75,Butare,web,12,3,0
2958291.05,Gisenyi,web,3,0,0
3796618.03,Gisenyi,mobile,17,2,0
988926.19,Butare,web,15,2,0
3796361.26,Kigali,web,0,2,0
695378.14,Kigali,mobile,23,4,0
4943473.76,Kigali,mobile,10,9,0
1425526.4,Butare,mobile,5,2,0
4186756.41,Kigali,mobile,19,0,0
952733.91,Nyagatare,web,13,5,0
4753238.58,Gisenyi,mobile,19,5,0
4133220.61,Gisenyi,mobile,13,2,0
1797266.61,Butare,mobile,7,4,0
2107647.89,Kigali,web,15,4,0
19688.05,Kigali,web,11,4,0
1257535.51,Kigali,web,14,1,0
1446837.63,Gisenyi,mobile,23,3,0
2263967.13,Musanze,atm,6,6,0
695679.55,Nyagatare,mobile,2,3,0
2394095.06,Rubavu,atm,7,3,0
3342508.19,Nyagatare,mobile,19,3,0
1856725.85,International,mobile,13,3,0
1161360.28,International,web,6,2,0
2738808.58,Gisenyi,web,19,3,0
145505.01,Kigali,web,20,2,0
1704516.84,Kigali,unknown,20,2,0
2638187.42,International,pos,16,3,1
1679546.16,Kigali,mobile,22,3,0
1727484.41,Kigali,web,11,0,0
4241559.16,Kigali,atm,3,6,1
4669991.94,Rubavu,mobile,18,3,0
4137049.54,Nyagatare,mobile,4,4,0
494787.82,Butare,unknown,0,2,0
1449067.35,Kigali,unknown,10,2,0
3556616.19,Musanze,mobile,15,9,0
4871976.78,Butare,mobile,1,2,0
1211786.6,Kigali,mobile,1,3,0
4491103.29,Nyagatare,web,10,3,0
3695205.43,Rubavu,atm,8,1,0
4917260.11,Kigali,web,2,3,0
468380.62,Kigali,mobile,0,1,0
1974031.37,Kigali,web,22,2,0
2390835.95,Musanze,web,11,4,0
3360577.08,Butare,web,17,2,0
3270033.2,Kigali,web,23,3,0
4531773.55,Kigali,mobile,9,2,0
4193446.28,Butare,web,15,3,0
277335.66,Kigali,mobile,15,2,0
2432957.34,Gisenyi,web,12,4,0
2035602.62,Kigali,mobile,3,2,1
4985724.36,Nyagatare,pos,10,1,0
2136577.34,Musanze,pos,21,3,0
3413254.39,Kigali,web,0,3,0
1422504.95,Kigali,atm,13,0,0
3073337.47,Butare,web,11,3,0
1033562.13,Rubavu,web,22,3,0
3018231.47,Rubavu,web,13,2,0
4341017.1,Musanze,mobile,7,2,0
96679.34,Kigali,unknown,8,1,0
2523179.75,Kigali,web,10,2,0
4911861.94,Gisenyi,unknown,13,3,1
796732.98,Rubavu,web,4,3,0
917469.93,Musanze,mobile,0,4,0
2354383.19,Kigali,mobile,18,2,0
4355030.41,International,web,12,3,0
2814016.67,Kigali,unknown,13,3,1
2543788.87,Kigali,web,8,2,0
434241.92,Kigali,web,21,1,0
4809949.08,Kigali,mobile,20,4,0
1735906.1,Musanze,mobile,8,5,0
1259409.86,Kigali,mobile,2,2,0
2059013.85,Butare,atm,20,2,0
2071203.72,Kigali,pos,13,5,0
2292936.28,Kigali,mobile,13,3,0
3442846.74,Nyagatare,mobile,9,0,0
4339798.87,Musanze,web,8,3,0
287035.74,Kigali,mobile,6,3,0
2454097.44,Butare,web,16,2,0
2070183.64,Nyagatare,unknown,11,4,1
54895.12,Musanze,atm,8,4,0
4082539.01,Rubavu,mobile,5,1,0
522013.85,Butare,mobile,23,1,0
574182.67,Gisenyi,web,18,1,0
241967.94,Kigali,unknown,22,1,0
1002507.96,Butare,atm,16,2,0
884493.0,Butare,mobile,13,3,0
1739655.25,Nyagatare,mobile,0,4,0
3296522.34,Kigali,web,14,6,0
271943.99,Kigali,mobile,23,4,0
4301448.66,Kigali,mobile,17,1,0
1633229.79,Gisenyi,mobile,16,6,0
3033233.35,Rubavu,atm,23,3,1
60519.56,Kigali,mobile,15,3,0
1829356.67,Rubavu,web,8,0,0
10753.53,Gisenyi,atm,17,4,0
827708.64,Kigali,mobile,10,3,0
2239528.23,Kigali,pos,18,5,0
2675669.57,Nyagatare,mobile,4,1,0
765066.53,Gisenyi,web,1,3,0
3726208.78,Rubavu,mobile,5,4,0
945423.83,Nyagatare,pos,1,3,0
579667.54,Kigali,web,3,4,0
1667455.85,Kigali,web,7,0,0
2757367.6,Butare,mobile,15,2,0
4944514.63,Kigali,mobile,14,1,0
2093869.29,Musanze,web,0,2,0
2130269.09,Kigali,atm,3,1,1
297137.68,Kigali,mobile,2,4,0
3829215.46,Kigali,pos,0,4,0
909324.12,International,web,3,2,0
3724145.42,Gisenyi,web,9,6,0
4553129.08,Rubavu,mobile,0,1,0
3841219.7,Kigali,mobile,6,1,0
3212445.88,Kigali,web,14,4,0
3019779.52,Musanze,unknown,8,1,1
2268437.65,Gisenyi,mobile,15,3,0
723141.2,Kigali,mobile,4,4,0
3894303.63,Gisenyi,web,19,2,0
2386872.69,Butare,mobile,0,1,1
3128416.29,Kigali,mobile,9,3,0
1870389.14,Gisenyi,mobile,16,5,0
1004013.24,Kigali,mobile,22,2,0
4032639.06,Musanze,atm,18,0,0
1712327.83,Gisenyi,unknown,16,1,0
4333466.8,Nyagatare,unknown,20,2,1
4828641.65,Butare,web,14,0,0
4150027.64,Butare,mobile,2,0,0
641126.16,Musanze,atm,9,6,0
4275127.13,Butare,atm,13,4,0
2597029.45,Gisenyi,mobile,16,5,0
1207437.3,Gisenyi,web,16,2,0
466233.59,Butare,pos,5,3,0
1392909.94,Musanze,mobile,12,4,0
687566.7,Butare,mobile,6,4,0
128710.09,Nyagatare,web,8,3,0
4938827.86,Musanze,web,15,4,0
4157795.47,Rubavu,web,4,3,0
3694876.84,Nyagatare,web,16,5,0
965472.35,Butare,mobile,0,4,0
139168.33,Musanze,web,8,4,0
2426276.81,Kigali,mobile,17,0,0
3708601.3,Kigali,mobile,17,2,0
4814205.4,Rubavu,web,12,3,0
4219496.5,Kigali,unknown,8,3,1
4467565.03,Gisenyi,web,20,4,0
1193694.41,Kigali,mobile,6,2,0
777052.43,International,web,4,2,0
1239284.96,Butare,pos,23,4,0
693328.08,Kigali,web,7,3,0
3992519.88,Butare,mobile,22,2,0
4515263.78,Musanze,web,0,2,1
1537056.46,Nyagatare,mobile,0,1,0
4384692.45,Butare,pos,23,4,0
275648.38,Kigali,mobile,22,4,0
3386944.02,Nyagatare,mobile,20,5,0
2637702.3,International,mobile,12,0,1
1384078.11,Kigali,mobile,17,3,0
3841121.38,Kigali,pos,1,5,1
1060630.38,Gisenyi,web,8,8,0
2081039.36,Butare,web,22,1,0
3549441.75,Gisenyi,mobile,5,5,0
1691475.79,Kigali,web,20,5,0
4276873.25,Kigali,atm,18,2,0
4327202.34,Gisenyi,mobile,23,1,0
1013050.83,Kigali,mobile,21,4,0
2202229.75,Kigali,web,14,3,0
2160347.21,Gisenyi,pos,8,3,0
2050520.65,Kigali,web,13,1,0
2510109.7,Butare,atm,8,6,0
372294.39,Rubavu,pos,20,2,0
4350314.95,Kigali,mobile,22,3,0
1449928.93,Gisenyi,web,21,4,0
9561.06,Butare,pos,1,2,0
3425677.11,Kigali,web,7,5,0
3252535.18,Rubavu,web,14,5,0
4915819.49,Kigali,atm,23,4,0
3596376.45,Kigali,atm,11,3,0
1663864.19,Kigali,web,8,4,0
4763111.45,Butare,mobile,10,1,0
1827046.32,Gisenyi,web,16,4,0
4106312.81,Kigali,mobile,13,2,0
1678702.51,Nyagatare,mobile,5,3,0
244017.21,Kigali,web,19,2,0
3669057.41,Kigali,web,21,5,0
1751379.55,Kigali,atm,2,1,0
1694769.05,Kigali,mobile,12,4,0
3579400.21,International,pos,15,4,1
1610528.29,Rubavu,web,11,2,0
590504.51,Musanze,web,21,2,0
2022849.0,Butare,mobile,12,4,0
4119308.28,Butare,web,21,1,0
651457.34,International,mobile,18,3,0
2772626.64,Kigali,atm,20,2,0
661730.34,Kigali,atm,8,2,0
246389.65,Kigali,mobile,23,1,0
1893859.52,Kigali,web,9,5,0
3289587.64,Rubavu,mobile,18,2,0
1375299.17,Kigali,web,16,4,0
2228932.87,Nyagatare,unknown,21,1,1
2456908.96,Kigali,pos,6,3,0
4206530.76,Kigali,mobile,23,5,0
4094986.55,Nyagatare,mobile,16,3,0
12234.88,Gisenyi,atm,13,4,0
2069888.01,Musanze,web,3,5,0
3280627.11,Kigali,web,15,5,0
4262054.65,Kigali,pos,19,5,0
244964.47,Nyagatare,mobile,0,1,0
3141427.47,Rubavu,mobile,5,5,0
4210176.48,Kigali,web,16,6,0
1275752.56,Kigali,mobile,17,3,0
1026679.03,Kigali,web,17,3,0
2339513.01,Nyagatare,web,20,5,0
4812916.62,Rubavu,mobile,11,3,0
3464585.53,Gisenyi,mobile,4,4,0
2122712.99,Musanze,atm,16,4,0
104803.57,Nyagatare,atm,19,5,0
2783850.95,Musanze,web,4,3,0
1744265.61,Butare,mobile,9,4,0
928975.35,Kigali,web,3,3,0
2500990.44,Rubavu,mobile,10,4,0
1707242.48,Kigali,pos,18,3,0
194104.05,Musanze,web,8,5,0
3627667.35,Kigali,mobile,0,4,1
3663048.31,Kigali,mobile,21,1,0
3094347.83,Kigali,unknown,21,3,1
4204182.86,Kigali,mobile,21,5,0
1016306.13,Kigali,pos,12,5,0
1431364.66,Kigali,unknown,14,1,0
2293549.59,Kigali,mobile,4,3,0
301345.83,Kigali,web,15,1,0
4417787.13,Nyagatare,web,18,2,0
2453397.73,Kigali,web,8,1,0
1623653.88,Kigali,mobile,21,2,0
2390078.26,Gisenyi,web,18,2,0
1625986.54,Nyagatare,mobile,4,6,0
1431673.97,Kigali,mobile,9,5,0
2240368.19,Kigali,web,0,3,1
2409782.41,Musanze,mobile,7,0,0
2167010.29,Kigali,mobile,23,4,0
2739880.8,Nyagatare,unknown,22,3,1
3917003.32,Butare,mobile,11,3,0
286812.32,Gisenyi,unknown,5,3,0
4057687.67,Gisenyi,mobile,1,4,0
1143057.69,Kigali,mobile,6,4,0
1260838.54,Kigali,mobile,2,4,0
2997532.71,Kigali,web,4,4,0
4878368.68,Rubavu,web,19,7,0
87487.97,Nyagatare,unknown,16,2,0
3365831.38,Kigali,atm,22,2,0
3484637.58,Kigali,mobile,0,2,0
2868472.15,Butare,mobile,19,3,0
48945.73,Kigali,mobile,7,4,0
3031955.81,Kigali,web,13,5,0
575549.03,Nyagatare,mobile,12,3,0
390799.41,Nyagatare,mobile,11,2,0
3480459.89,Nyagatare,web,23,5,1
3501322.66,Kigali,mobile,4,2,0
4449614.39,Kigali,mobile,21,4,0
17400.65,Gisenyi,mobile,1,5,0
1894109.89,Kigali,mobile,8,6,0
61853.86,Kigali,mobile,1,4,0
1823630.4,Gisenyi,atm,0,2,0
2458543.86,Musanze,atm,4,4,0
2648880.94,Butare,mobile,23,2,0
1779985.6,Kigali,atm,18,0,0
3626644.19,Butare,mobile,5,1,0
2078266.82,Gisenyi,unknown,8,3,1
2585874.15,Kigali,mobile,11,6,0
4000537.96,Butare,web,7,6,0
871926.68,Gisenyi,mobile,5,3,0
1604815.72,Kigali,web,17,3,0
2607387.29,Butare,web,3,2,0
3838207.32,Kigali,mobile,6,2,0
2127064.46,Nyagatare,web,1,6,0
364297.48,Butare,mobile,6,3,0
4944158.24,Butare,web,13,0,0
3539699.66,Kigali,mobile,7,2,0
3613814.31,International,unknown,14,2,1
2325792.01,International,pos,6,1,1
2735426.76,Kigali,web,20,4,0
4970245.19,Nyagatare,web,20,1,0
2975780.96,Gisenyi,pos,13,4,0
1095037.87,Musanze,web,0,4,0
4821916.51,Kigali,web,6,5,0
2689044.53,Kigali,web,13,4,0
103856.41,Butare,pos,1,4,0
2866970.71,Kigali,mobile,15,5,0
352842.78,Nyagatare,pos,4,4,0
2638177.76,Musanze,web,5,1,0
4126745.75,Rubavu,web,19,1,0
2694562.42,Kigali,unknown,19,3,1
1867579.94,Butare,web,4,2,0
4413107.45,Kigali,web,19,0,0
4637986.59,Nyagatare,web,18,1,0
1737781.17,Gisenyi,unknown,8,5,0
2495004.44,Kigali,web,16,1,0
4914620.02,Gisenyi,mobile,5,2,0
890915.18,Kigali,web,0,3,0
1491117.1,Kigali,unknown,12,1,0
2142398.07,Kigali,web,20,6,0
504891.04,Nyagatare,mobile,13,0,0
1360576.82,Butare,web,18,2,0
2723671.09,Kigali,mobile,20,1,0
1142876.05,Kigali,web,13,5,0
3431581.78,Butare,mobile,13,3,0
1738683.57,Butare,mobile,7,8,0
449429.78,Kigali,web,7,4,0
3822782.86,Butare,mobile,19,3,0
2837297.81,Kigali,mobile,17,1,0
4124433.98,Nyagatare,pos,12,3,0
1801078.01,Kigali,unknown,23,3,0
97387.49,Nyagatare,unknown,23,4,0
233919.13,Butare,unknown,8,2,0
3977351.38,Nyagatare,unknown,22,1,1
2053500.74,Gisenyi,pos,1,3,1
4881940.33,Musanze,atm,12,2,0
4151626.7,Kigali,mobile,7,6,0
81101.35,Kigali,web,6,1,0
4349966.01,Kigali,mobile,13,5,0
1064724.44,Kigali,atm,5,3,0
2431581.51,Nyagatare,web,21,0,0
2530853.68,Kigali,mobile,8,1,0
299076.15,International,pos,20,1,0
628765.4,Rubavu,atm,23,2,0
2115525.48,Musanze,mobile,10,4,0
3213283.07,Kigali,web,21,0,0
1322452.68,Kigali,pos,12,3,0
2632241.63,Kigali,atm,12,5,0
1895987.33,Rubavu,web,21,2,0
3152002.35,International,atm,13,4,1
2122474.29,Kigali,mobile,16,2,0
4258239.68,Musanze,web,14,1,0
4918728.47,Kigali,mobile,8,1,0
4565302.64,International,mobile,8,1,1
843436.87,Nyagatare,atm,19,4,0
2286159.8,Kigali,mobile,2,1,0
2294359.19,Musanze,mobile,18,4,0
4202411.73,Rubavu,web,17,4,0
1786268.02,Musanze,web,7,3,0
2748234.55,Kigali,web,17,1,0
3046590.38,Musanze,web,14,2,0
558048.17,Kigali,pos,10,5,0
2790026.67,Gisenyi,mobile,6,1,0
1234584.02,Kigali,mobile,20,3,0
1033481.09,Gisenyi,web,21,7,0
1251952.74,Nyagatare,web,23,4,0
497210.32,Kigali,mobile,20,2,0
349116.39,Nyagatare,web,11,5,0
3234508.41,Butare,atm,3,4,1
4704923.83,Kigali,atm,3,2,1
3440154.11,Kigali,web,11,2,0
1559622.12,Butare,mobile,10,2,0
1675565.45,Kigali,mobile,7,4,0
2707175.32,Nyagatare,web,3,3,0
4331576.23,Kigali,atm,9,8,0
1012721.52,Gisenyi,web,11,0,0
2342822.55,Gisenyi,atm,0,3,0
2494984.14,Kigali,unknown,4,2,0
4656152.5,Nyagatare,web,0,0,1
2680996.31,Kigali,mobile,16,2,0
3904402.94,Musanze,mobile,13,1,0
439462.0,Kigali,mobile,1,3,0
1634954.6,Kigali,mobile,7,2,0
3057311.55,Nyagatare,mobile,23,2,1
3388350.84,Gisenyi,mobile,23,6,0
4426118.15,Gisenyi,web,17,4,0
2952323.51,Kigali,mobile,15,2,0
1448251.26,Kigali,web,18,0,0
2695706.65,Rubavu,mobile,15,3,0
3557794.28,Butare,mobile,2,2,0
3921833.86,Kigali,mobile,3,2,0
4722949.06,Kigali,atm,1,4,0
954167.84,Nyagatare,mobile,0,2,0
3304895.33,Nyagatare,web,22,7,0
1001943.62,Kigali,atm,23,2,0
1589702.71,Musanze,pos,9,4,0
714251.11,Kigali,web,10,4,0
3865082.22,Musanze,web,3,7,0
4570040.6,Kigali,atm,11,5,0
150129.05,Musanze,mobile,16,2,0
4067633.42,Gisenyi,atm,20,3,0
1209156.04,Kigali,web,4,2,0
2435102.56,Gisenyi,web,1,2,0
3741221.79,Kigali,mobile,12,2,0
2534518.18,Kigali,unknown,20,2,1
1156633.87,Butare,unknown,12,2,0
4530875.42,International,web,4,1,0
2968116.42,Nyagatare,mobile,8,5,0
4656312.29,Musanze,atm,19,5,0
4233283.37,Nyagatare,web,0,4,0
4382999.92,Butare,web,14,4,0
1808882.82,Kigali,mobile,14,4,0
4936582.0,Nyagatare,unknown,22,2,1
4262046.12,Kigali,mobile,12,1,0
1688366.15,International,mobile,4,3,0
4482128.58,Gisenyi,mobile,8,1,0
3776586.51,Butare,mobile,2,3,0
3625822.56,Kigali,mobile,3,4,0
31626.04,Kigali,unknown,1,0,0
113328.3,Rubavu,atm,15,2,0
3474115.27,Kigali,mobile,21,4,0
1393778.38,Kigali,web,2,2,0
293062.48,Kigali,mobile,21,1,0
1430112.33,Butare,atm,13,0,0
4189628.42,Gisenyi,web,12,3,0
2353323.68,Butare,unknown,1,0,1
3078088.5,Kigali,web,22,3,0
4002626.82,Butare,atm,8,3,0
1617210.67,Kigali,mobile,15,3,0
56223.97,Kigali,unknown,11,2,0
1616943.77,Gisenyi,web,23,4,0
4783413.61,Rubavu,mobile,17,1,0
2411683.79,Butare,mobile,12,5,0
2849253.12,Gisenyi,web,1,1,0
3802266.58,Gisenyi,atm,0,2,0
575109.43,Kigali,mobile,5,4,0
3669812.87,Kigali,mobile,20,1,0
1489123.36,Kigali,mobile,14,2,0
1941113.4,International,pos,13,5,0
1347814.58,Kigali,unknown,10,1,0
768150.96,Musanze,atm,17,2,0
1807626.14,Musanze,mobile,18,1,0
473647.42,Rubavu,unknown,7,2,0
4223967.91,Butare,mobile,23,0,1
1530078.79,Gisenyi,pos,1,3,0
3268259.78,Kigali,web,19,4,0
1483829.43,Kigali,atm,7,1,0
1053914.86,Kigali,mobile,9,2,0
3568428.66,Musanze,mobile,19,4,0
3120207.1,Gisenyi,web,22,1,0
1090915.6,Musanze,mobile,7,2,0
3060674.69,Nyagatare,mobile,7,3,0
25505.89,Gisenyi,atm,6,1,0
884984.58,Kigali,web,5,3,0
3638906.01,Nyagatare,mobile,1,2,1
2051048.26,Kigali,mobile,23,1,0
1018542.62,Kigali,mobile,17,0,0
2529828.93,Kigali,atm,14,2,0
2326352.4,Gisenyi,mobile,15,4,0
3169864.49,Nyagatare,mobile,18,1,0
363155.33,Gisenyi,mobile,2,2,0
4096838.48,Butare,web,12,3,0
291854.76,Gisenyi,web,17,2,0
2269549.45,Rubavu,web,8,4,0
3552509.88,Musanze,atm,22,4,0
1724382.77,Kigali,pos,8,4,0
4550637.59,Kigali,atm,17,1,0
3776281.67,Kigali,web,6,5,0
2130527.3,Gisenyi,unknown,21,8,1
919540.06,Musanze,mobile,18,2,0
217672.82,Butare,web,18,5,0
4008420.8,Kigali,web,14,6,0
971774.09,Kigali,pos,14,2,0
1348736.03,Gisenyi,web,7,1,0
52386.63,Kigali,web,13,4,0
91625.31,Gisenyi,web,15,4,0
1152476.96,Nyagatare,mobile,23,2,0
4364406.0,Kigali,pos,15,0,0
3904224.83,Kigali,pos,17,2,0
3849480.64,Nyagatare,atm,16,2,0
4135260.35,Kigali,mobile,1,5,0
933474.54,International,mobile,9,4,0
4895336.91,Musanze,mobile,13,2,0
1161347.07,Butare,mobile,20,3,0
750074.29,Gisenyi,web,7,6,0
1473576.15,Kigali,mobile,19,3,0
2652501.48,Kigali,mobile,5,0,0
622590.89,Butare,mobile,3,1,0
3693235.81,Butare,mobile,23,6,0
1857947.68,International,web,10,1,0
2842298.47,Gisenyi,mobile,19,4,0
3671313.0,Rubavu,unknown,14,0,1
4509517.79,Kigali,unknown,18,1,0
4096825.16,Rubavu,mobile,16,7,0
2687574.64,Kigali,unknown,19,6,0
4955868.89,Gisenyi,mobile,23,5,0
2648931.07,Musanze,mobile,4,4,0
2680092.81,Butare,pos,22,4,0
792861.73,Kigali,web,13,2,0
744028.32,Butare,mobile,21,1,0
843921.28,Musanze,atm,22,3,0
2959310.89,Rubavu,web,10,2,0
2076151.98,Gisenyi,unknown,22,4,0
1929729.57,Rubavu,unknown,7,1,0
638227.68,Musanze,unknown,11,7,0
1905760.51,Kigali,web,12,0,0
1890260.37,Musanze,atm,18,3,0
3104261.48,Musanze,unknown,0,1,1
1942354.29,Butare,mobile,3,4,0
2094100.69,Butare,atm,4,3,0
1363078.52,Nyagatare,mobile,3,4,0
657953.81,Musanze,unknown,10,0,0
1500404.42,International,mobile,12,2,0
214305.32,Gisenyi,web,21,3,0
1018947.99,Kigali,web,7,4,0
1625099.79,Kigali,mobile,3,5,0
728658.64,Musanze,atm,6,5,0
3325015.79,Gisenyi,mobile,12,4,0
1404184.76,Kigali,mobile,6,5,0
3077830.1,Kigali,mobile,23,2,0
3219606.12,Kigali,atm,13,6,0
2236717.75,Kigali,mobile,21,4,0
2245807.66,Nyagatare,pos,16,5,0
2907525.58,Nyagatare,mobile,17,2,0
1312650.53,Musanze,web,16,4,0
106714.21,Kigali,web,16,3,0
3225300.48,Kigali,atm,15,3,0
3042822.66,Kigali,mobile,5,4,0
2382167.13,Kigali,pos,10,5,0
4378890.17,Kigali,atm,0,3,0
2543369.85,International,mobile,5,1,1
1517821.57,Nyagatare,mobile,21,1,0
3567805.5,Kigali,web,7,4,0
4812036.4,Kigali,unknown,11,4,0
3684526.0,Kigali,mobile,2,3,1
4544285.0,Musanze,pos,21,2,0
564015.03,Rubavu,web,9,6,0
605371.17,Gisenyi,mobile,9,2,0
773451.23,Nyagatare,web,7,3,0
3514420.76,Kigali,web,5,3,0
1948840.46,Kigali,web,3,2,0
2388816.79,Kigali,unknown,8,1,1
1309969.62,Kigali,pos,14,4,0
3680660.98,Gisenyi,mobile,15,1,0
4226817.24,Kigali,mobile,22,1,0
801490.57,Butare,mobile,1,3,0
964074.27,Rubavu,unknown,3,2,0
1697334.13,Gisenyi,unknown,1,3,0
1401192.89,Kigali,pos,7,5,0
2657917.19,Butare,unknown,23,4,1
3763019.77,Kigali,mobile,10,3,0
3966471.84,Nyagatare,pos,22,2,0
1042644.21,Butare,web,5,4,0
878321.48,Kigali,atm,9,3,0
1818789.53,Gisenyi,web,22,3,0
739045.95,Kigali,pos,3,5,0
459439.43,Kigali,mobile,2,3,0
1213286.48,Kigali,unknown,11,1,0
1970021.91,Kigali,mobile,0,3,0
2939414.41,International,web,13,2,0
3616532.36,Butare,pos,10,3,0
1114446.13,Kigali,web,7,4,0
4093409.68,Gisenyi,mobile,12,5,0
168836.97,Butare,web,1,1,0
2220507.96,Kigali,web,5,3,0
3165566.19,Butare,mobile,23,2,0
1456674.51,Rubavu,atm,13,3,0
3418617.89,Kigali,mobile,3,2,0
4335333.85,Butare,pos,1,8,0
447286.92,Musanze,mobile,2,2,0
2563045.83,Kigali,web,22,2,0
94343.13,Butare,web,19,3,0
1398231.64,International,unknown,17,3,0
685132.92,Musanze,mobile,6,3,0
3121562.89,Gisenyi,web,3,2,0
1243793.99,Rubavu,mobile,14,2,0
1412349.65,Butare,pos,22,2,0
1028548.64,International,pos,11,3,0
1219390.62,Kigali,pos,7,2,0
1125938.52,Rubavu,unknown,21,5,0
3489507.67,Kigali,mobile,7,5,0
4779074.09,Kigali,web,6,4,0
2451412.01,Rubavu,mobile,17,0,0
3002138.78,Musanze,pos,17,4,0
4090621.66,Kigali,web,5,4,0
2380792.69,Kigali,web,15,3,0
1510470.83,Kigali,mobile,14,1,0
4754898.62,Nyagatare,pos,5,6,0
4530829.68,Butare,web,12,4,0
1102188.63,Butare,web,8,2,0
3515530.7,Musanze,web,11,4,0
3235874.11,Rubavu,mobile,15,2,0
3248339.43,Nyagatare,atm,6,1,0
4153099.79,Nyagatare,pos,7,5,0
3370691.05,Kigali,web,18,6,0
2590260.21,Gisenyi,unknown,19,1,1
4230406.63,Butare,mobile,0,4,0
1324572.57,Gisenyi,web,10,3,0
3396288.0,Gisenyi,mobile,8,1,0
3507750.63,Kigali,mobile,12,3,0
4351665.89,Nyagatare,unknown,2,3,1
4991539.03,Kigali,web,16,1,0
2787977.69,Butare,web,8,3,0
2422327.44,Kigali,web,17,4,0
3003615.81,Gisenyi,mobile,15,5,0
3293558.73,International,mobile,6,7,1
3565064.63,Butare,web,17,3,0
1406462.2,Gisenyi,web,14,1,0
2435418.43,Kigali,web,4,3,0
1854917.44,Butare,mobile,1,5,0
194347.03,Nyagatare,web,6,5,0
3047812.42,Nyagatare,web,14,3,0
4374135.21,Butare,mobile,17,2,0
4607402.77,Musanze,web,5,3,0
2587359.55,Kigali,unknown,7,2,1
3829539.94,Butare,unknown,11,4,1
3562207.5,Rubavu,atm,20,1,0
1144875.43,Kigali,mobile,2,4,0
315021.26,Nyagatare,atm,6,6,0
3739408.1,Musanze,web,18,3,0
1413830.61,Musanze,unknown,16,2,0
2747137.56,Kigali,web,14,5,0
2620559.85,Kigali,mobile,10,1,0
4089460.59,Rubavu,mobile,2,4,0
3223405.98,Gisenyi,mobile,5,2,0
4235812.99,Gisenyi,mobile,16,2,0
3761303.79,Kigali,atm,22,1,0
4999156.68,Butare,mobile,9,3,0
4319442.91,Musanze,mobile,9,5,0
1055777.46,Rubavu,web,2,3,0
4806963.9,Gisenyi,web,22,2,0
1701001.48,Rubavu,mobile,17,4,0
3039396.2,Nyagatare,mobile,15,1,0
4706782.94,Musanze,mobile,9,2,0
1071219.34,Butare,atm,18,2,0
4286566.16,Kigali,unknown,16,2,0
4765786.45,Kigali,web,8,3,0
4268823.86,Butare,web,12,4,0
4095947.06,Kigali,pos,19,4,0
1323439.52,Gisenyi,mobile,5,5,0
2035794.75,Butare,mobile,12,2,0
3801790.0,Musanze,web,12,2,0
591268.02,Kigali,atm,22,3,0
4441918.47,Kigali,web,22,4,0
1051679.71,Nyagatare,unknown,4,4,0
2824251.0,Kigali,mobile,15,3,0
525745.0,Nyagatare,web,10,1,0
926357.14,Butare,unknown,19,2,0
2927707.56,Kigali,pos,10,1,0
3173393.49,Kigali,mobile,16,4,0
1349122.72,Butare,mobile,12,2,0
595927.03,Kigali,atm,3,4,0
2748004.87,Nyagatare,mobile,13,1,0
4203268.88,Musanze,pos,12,1,0
1007627.24,Butare,web,19,2,0
3457980.77,Nyagatare,mobile,2,4,0
1929712.41,Kigali,web,1,6,0
4715468.77,Nyagatare,web,17,3,0
413324.46,Musanze,mobile,17,6,0
200321.79,Gisenyi,web,3,4,0
621979.16,Kigali,pos,18,1,0
3912332.98,Gisenyi,mobile,9,4,0
4613887.28,International,unknown,0,3,1
4112471.99,Kigali,web,3,1,1
3589301.14,Kigali,pos,1,4,0
288394.5,Gisenyi,mobile,8,2,0
1069451.05,Rubavu,web,8,2,0
4676927.62,Kigali,web,1,1,0
3114153.91,Musanze,mobile,23,5,1
2341886.88,Nyagatare,web,21,4,0
3261734.38,Kigali,pos,9,6,0
893379.5,International,mobile,7,2,0
4464398.38,Kigali,web,7,2,0
3281689.99,Kigali,unknown,16,1,1
2356486.75,Kigali,web,1,5,0
2287149.26,Butare,mobile,18,1,0
4111976.49,International,web,20,1,0
1539688.76,Kigali,web,7,4,0
686090.44,Gisenyi,mobile,23,1,0
928754.89,Kigali,mobile,15,2,0
406139.4,Kigali,web,12,2,0
2539560.7,International,web,23,4,1
3386452.34,Rubavu,mobile,14,3,0
4669959.01,Rubavu,unknown,5,5,1
3754199.46,Rubavu,web,17,3,0
2915762.02,Kigali,mobile,10,2,0
4319837.7,Kigali,web,12,1,0
4461119.19,Kigali,atm,4,1,0
3562072.01,International,web,11,0,1
281894.83,Rubavu,mobile,12,2,0
1459165.69,Butare,web,15,4,0
1681261.7,Butare,mobile,19,3,0
4986908.38,Nyagatare,web,2,1,0
2321080.8,Kigali,web,4,4,0
3809545.29,Kigali,web,6,2,0
4069079.47,Kigali,atm,8,5,0
3266473.96,Nyagatare,mobile,9,3,0
91873.18,Musanze,atm,16,4,0
97237.74,Gisenyi,mobile,13,3,0
4093980.19,Kigali,mobile,13,1,0
3696330.25,Kigali,unknown,14,2,1
2680814.59,Kigali,mobile,4,4,0
1244704.15,Nyagatare,web,3,1,0
434025.14,Nyagatare,unknown,0,1,0
821759.7,Butare,pos,15,5,0
2901828.71,Kigali,unknown,6,3,1
2729360.27,Nyagatare,unknown,12,2,1
4706364.01,Butare,mobile,17,1,0
4786404.95,Kigali,mobile,22,4,0
2880246.23,Kigali,mobile,6,2,0
4207242.28,Gisenyi,mobile,5,6,0
4061341.46,Nyagatare,web,8,0,0
3762006.65,Butare,mobile,15,1,0
2186971.41,Kigali,mobile,22,1,0
1947336.86,Kigali,web,7,4,0
1321037.8,Kigali,mobile,3,3,0
4685506.5,Nyagatare,mobile,19,2,0
4172209.54,Kigali,pos,22,2,0
885990.32,Kigali,atm,15,3,0
1262689.22,Gisenyi,mobile,13,2,0
2906847.34,Kigali,web,3,3,0
2068292.07,Kigali,mobile,13,4,0
1069881.28,Butare,mobile,3,2,0
3955887.18,Musanze,mobile,1,3,0
8264.87,Kigali,mobile,17,2,0
1716711.03,International,mobile,20,1,0
4646784.89,Butare,web,22,1,0
3803959.61,Nyagatare,web,21,2,0
2006724.25,Butare,web,16,0,0
4643677.73,Butare,mobile,10,1,0
4504065.63,International,mobile,17,2,1
263392.33,Rubavu,web,18,5,0
640141.52,Kigali,pos,19,2,0
1936457.87,Gisenyi,unknown,22,3,0
4647023.56,Kigali,mobile,22,2,0
4221103.75,Kigali,unknown,17,4,1
239284.69,Musanze,web,21,2,0
2561898.52,Rubavu,web,8,2,0
3601406.35,Kigali,pos,18,3,0
1379975.47,Kigali,mobile,18,6,0
3612761.24,Butare,mobile,7,0,0
1848942.58,Kigali,mobile,16,3,0
1370645.48,Kigali,pos,4,1,0
1963127.85,Kigali,unknown,4,4,0
4754029.6,Rubavu,mobile,22,5,0
4526519.23,Butare,web,8,2,0
4569799.46,Kigali,mobile,1,6,0
4586936.85,Nyagatare,pos,7,2,0
891781.32,Musanze,pos,21,5,0
4480358.96,Butare,atm,11,4,0
1061776.04,Kigali,pos,4,4,0
4190759.02,Butare,web,16,5,0
2709723.48,Musanze,mobile,1,2,0
1200191.41,Kigali,unknown,11,6,0
1992902.8,Gisenyi,mobile,4,2,0
2167174.23,Rubavu,mobile,7,3,0
3665989.67,Musanze,web,11,4,0
3030304.35,Kigali,web,22,4,0
4084002.4,Kigali,mobile,1,4,0
1984326.53,Kigali,atm,18,1,0
3718080.88,Nyagatare,mobile,23,2,1
3964126.1,Kigali,web,10,0,0
316189.84,Musanze,web,21,2,0
1878503.01,International,pos,2,2,0
4430004.47,Nyagatare,mobile,0,6,1
3525027.1,Butare,pos,9,1,0
2092522.51,Musanze,mobile,5,4,0
915279.78,Rubavu,web,9,2,0
483505.88,Nyagatare,web,21,3,0
1147139.37,Kigali,mobile,14,5,0
1223839.86,Musanze,mobile,6,1,0
1853624.4,Gisenyi,mobile,8,2,0
885019.75,Butare,mobile,0,4,0
730664.65,Rubavu,mobile,23,4,0
4220111.78,Kigali,web,21,5,0
1248066.44,Kigali,web,12,0,0
2808246.04,Butare,web,17,1,0
996898.09,Kigali,web,6,3,0
2459021.65,Kigali,mobile,8,2,0
1383921.71,International,mobile,16,5,0
434454.99,Kigali,web,23,0,0
4910888.06,Kigali,web,5,3,0
2289301.68,Kigali,web,10,2,0
1965540.47,Butare,pos,17,3,0
996011.09,Nyagatare,mobile,10,5,0
2477081.72,Kigali,unknown,1,1,1
3176277.32,Gisenyi,pos,16,7,0
1523598.07,Kigali,unknown,15,3,0
2402351.79,Musanze,web,16,2,0
1185786.68,Gisenyi,pos,1,4,0
2638801.55,Musanze,unknown,13,5,1
3936178.79,Nyagatare,web,5,3,0
301537.12,Nyagatare,pos,5,4,0
2589435.92,International,unknown,18,4,1
1997115.73,Gisenyi,mobile,19,3,0
370669.69,Gisenyi,web,8,2,0
4702575.07,Kigali,web,1,5,0
1299585.0,Kigali,mobile,4,1,0
2823275.37,Butare,mobile,0,1,0
1863414.95,Rubavu,mobile,15,2,0
1356027.97,Kigali,web,3,1,0
2636139.66,Kigali,mobile,14,3,0
3445298.47,Rubavu,web,1,2,0
3927783.24,Kigali,atm,10,5,0
3169805.41,Butare,web,14,6,0
2631716.8,Butare,mobile,12,0,0
3886419.62,Nyagatare,mobile,22,3,0
2587520.77,Butare,pos,15,3,0
4871147.07,Kigali,web,22,1,0
2633940.15,Kigali,unknown,6,0,1
1586577.1,Kigali,mobile,13,2,0
2232086.77,Kigali,mobile,9,1,0
2450205.4,Musanze,mobile,2,2,0
1417788.7,Gisenyi,mobile,10,0,0
794134.75,Rubavu,mobile,6,4,0
2157201.38,Gisenyi,mobile,21,3,0
4485215.58,Butare,mobile,9,3,0
1278028.1,Nyagatare,mobile,7,2,0
1809412.42,Musanze,atm,13,3,0
3788736.21,Kigali,atm,20,2,0
411825.32,Butare,mobile,6,0,0
4125440.22,Kigali,unknown,15,1,1
3601533.95,Rubavu,mobile,18,5,0
2749045.82,Kigali,mobile,16,5,0
1047789.23,Gisenyi,mobile,13,2,0
463846.47,Kigali,mobile,22,5,0
1158979.68,Kigali,web,18,5,0
3807595.45,Kigali,mobile,6,1,0
4667506.35,International,web,13,3,1
3689572.02,Kigali,mobile,21,2,0
2638321.3,Musanze,mobile,11,0,0
4753438.35,Musanze,pos,11,2,0
4142922.41,Kigali,mobile,0,2,0
3279358.69,Butare,pos,8,0,0
190004.53,Musanze,mobile,13,4,0
1439023.67,Rubavu,unknown,17,4,0
1541396.35,Kigali,unknown,17,4,0
1736552.69,Nyagatare,pos,17,3,0
1947233.59,Kigali,pos,8,3,0
4696876.68,Kigali,pos,10,0,0
3709491.1,Kigali,web,10,6,0
3459828.97,Rubavu,pos,6,4,0
2132861.54,Kigali,web,0,1,0
1688079.27,Musanze,pos,9,5,0
598331.16,Kigali,unknown,0,4,0
2267750.62,Kigali,atm,6,2,0
1027109.21,Musanze,unknown,10,1,0
1955356.51,Musanze,web,0,5,0
782378.11,Butare,unknown,10,2,0
1720307.55,Gisenyi,mobile,6,4,0
215375.36,Rubavu,mobile,1,2,0
30612.99,Rubavu,mobile,7,4,0
4349611.16,Butare,mobile,2,0,1
3206499.9,Musanze,pos,7,4,0
2938539.44,Musanze,web,2,2,0
2569213.18,Musanze,mobile,19,1,0
3633782.52,Kigali,pos,13,2,0
3680959.94,Kigali,mobile,18,3,0
4676289.21,Kigali,mobile,7,2,0
1222430.29,Musanze,web,9,1,0
3926101.45,Kigali,mobile,11,4,0
4955793.12,Kigali,mobile,13,2,0
145594.79,Nyagatare,atm,19,1,0
1870240.14,Kigali,mobile,8,1,0
2180461.32,Kigali,mobile,14,7,0
4109250.74,Nyagatare,web,16,4,0
69210.21,Kigali,web,19,3,0
2993298.35,Nyagatare,mobile,3,1,0
4462947.76,Kigali,mobile,1,5,1
738561.48,Kigali,atm,6,4,0
578310.3,Kigali,mobile,18,1,0
4998932.3,Nyagatare,unknown,21,1,1
4129881.69,Musanze,mobile,11,2,0
3487243.87,Kigali,web,13,3,0
1995206.67,Rubavu,mobile,4,2,0
4269887.89,Kigali,web,9,2,0
4613903.64,Butare,mobile,19,5,0
3662176.54,Kigali,mobile,20,4,0
1990774.85,Nyagatare,pos,11,5,0
2917893.77,Butare,web,6,3,0
493037.06,Nyagatare,mobile,23,2,0
790523.37,Gisenyi,unknown,21,2,0
3915295.2,Butare,mobile,0,3,0
147062.7,Rubavu,mobile,22,3,0
246455.39,Musanze,mobile,17,2,0
2540363.45,Kigali,unknown,8,2,1
853061.12,Butare,web,11,3,0
1468873.54,Musanze,pos,3,5,0
1994457.71,Butare,mobile,9,1,0
2611515.88,Kigali,mobile,7,0,0
1418031.84,Kigali,web,3,3,0
2417990.57,Musanze,mobile,22,3,0
1853737.55,Kigali,web,5,4,0
405615.03,Kigali,unknown,11,2,0
4335703.35,Kigali,unknown,0,5,1
1407188.83,Kigali,mobile,14,2,0
3047061.64,Kigali,web,7,5,0
2849216.18,Nyagatare,mobile,12,3,0
996234.33,Kigali,unknown,17,3,0
150275.87,Gisenyi,web,22,2,0
4284728.61,Nyagatare,mobile,21,5,0
2488700.43,International,pos,14,1,1
2072630.34,Rubavu,web,17,2,0
3814671.12,International,web,10,1,0
166278.03,Butare,pos,17,3,0
3826193.81,Musanze,mobile,8,4,0
2044867.86,Nyagatare,web,21,3,0
2758342.71,Kigali,mobile,14,3,0
3762319.98,Kigali,mobile,18,5,0
2734279.55,Rubavu,mobile,17,1,0
309330.23,Kigali,web,16,3,0
3643140.16,Kigali,mobile,20,1,0
3931815.0,Musanze,atm,0,4,1
2309734.84,Kigali,atm,22,2,0
2195577.5,Kigali,atm,18,2,0
1260001.84,Nyagatare,mobile,16,6,0
3220991.71,Kigali,web,19,4,0
4410001.58,Nyagatare,web,4,4,0
3280015.72,Butare,mobile,5,4,0
3856738.78,Nyagatare,mobile,23,0,1
4187359.5,Nyagatare,atm,9,2,0
1131107.89,Butare,mobile,20,1,0
2010820.62,Nyagatare,mobile,0,1,1
2180080.1,Gisenyi,web,19,2,0
2794722.37,Butare,web,18,4,0
246386.02,Butare,atm,23,2,0
2942241.65,Kigali,mobile,6,2,0
443063.16,Musanze,mobile,18,4,0
4032946.17,Kigali,atm,9,2,0
4815128.43,Kigali,web,16,1,0
1449150.15,Rubavu,pos,0,2,0
2533322.32,Kigali,web,10,1,0
4116026.13,Butare,web,19,4,0
1573612.7,Butare,mobile,4,5,0
789309.58,Butare,web,6,5,0
3695443.09,Kigali,web,13,0,0
3491958.92,Nyagatare,mobile,0,3,1
2849942.33,Gisenyi,mobile,3,3,0
4722211.76,Kigali,mobile,3,2,0
4775633.96,Kigali,mobile,18,1,0
4307816.38,Butare,mobile,20,3,0
1465453.92,Butare,web,20,1,0
1127216.97,Nyagatare,atm,14,5,0
4178785.6,Kigali,web,17,1,0
3256978.78,Nyagatare,web,20,2,0
1980932.09,Musanze,mobile,5,2,0
2049077.5,Butare,unknown,16,1,0
4266734.25,Nyagatare,atm,3,7,0
816654.69,Nyagatare,web,9,5,0
4719895.06,Rubavu,mobile,9,3,0
3166259.86,Kigali,pos,13,5,0
3956892.99,Kigali,mobile,5,0,0
1854647.34,Gisenyi,web,15,4,0
2934688.35,Kigali,mobile,13,4,0
3750077.47,Gisenyi,pos,11,4,0
2175932.3,Gisenyi,web,7,3,0
2439937.74,Gisenyi,mobile,10,2,0
2910608.1,Gisenyi,mobile,23,0,0
317503.25,Kigali,mobile,13,5,0
4316001.01,Kigali,mobile,21,4,0
4333456.34,Butare,atm,23,3,1
1407447.66,Butare,mobile,0,4,0
4399172.77,Kigali,mobile,18,2,0
3726101.44,Kigali,web,15,4,0
2416215.44,Kigali,mobile,13,4,0
1739146.24,Gisenyi,atm,4,2,0
1997194.91,Butare,mobile,6,2,0
2672327.37,Kigali,atm,8,5,0
2062897.25,Gisenyi,mobile,19,2,0
2101481.5,Butare,web,23,3,1
1016015.31,Rubavu,web,16,1,0
3539206.12,Nyagatare,mobile,3,4,1
3048153.07,Kigali,mobile,4,4,0
4959511.48,Kigali,unknown,2,3,1
706650.4,Rubavu,mobile,16,2,0
569134.87,Nyagatare,mobile,5,1,0
2579903.53,Butare,mobile,15,4,0
760377.82,Kigali,web,5,4,0
3053300.44,Nyagatare,mobile,18,2,0
980977.49,Butare,mobile,21,3,0
2415250.99,Butare,web,9,1,0
3056751.59,Butare,mobile,9,3,0
2290474.92,Kigali,mobile,23,2,0
1600266.53,Musanze,pos,10,2,0
3911689.26,Gisenyi,mobile,16,5,0
4273362.79,International,web,20,3,0
1390610.15,Kigali,atm,18,3,0
4067061.98,Gisenyi,web,6,2,0
1958474.28,Butare,mobile,0,6,0
2438374.38,Nyagatare,mobile,23,4,0
1159132.56,Kigali,pos,21,2,0
3128806.02,Musanze,pos,21,4,0
505083.12,Gisenyi,atm,7,1,0
2958391.81,Gisenyi,web,2,0,0
4948595.55,Nyagatare,mobile,5,3,0
3767454.8,Gisenyi,web,9,2,0
4475249.02,Rubavu,web,16,2,0
2321245.6,Gisenyi,web,7,3,0
710955.65,Kigali,web,3,3,0
1442665.24,Kigali,mobile,19,2,0
245623.86,Kigali,web,7,5,0
2509303.96,Rubavu,web,23,1,1
3248509.53,Kigali,mobile,8,1,0
2122704.29,Musanze,mobile,23,6,0
2816242.89,Kigali,atm,16,3,0
1603850.89,Gisenyi,mobile,1,2,0
429747.54,Kigali,unknown,7,5,0
2160278.96,Kigali,web,4,2,0
2739215.08,Kigali,web,15,1,0
4913182.65,Nyagatare,web,14,4,0
1736693.39,Kigali,web,3,2,0
3389009.4,Kigali,pos,17,3,0
4113210.89,Nyagatare,mobile,1,2,0
1677285.94,Butare,mobile,13,2,0
4649691.23,Gisenyi,mobile,15,3,0
1694487.02,Nyagatare,mobile,5,4,0
4849036.65,Musanze,unknown,17,5,0
11283.51,Musanze,mobile,4,4,0
3171049.53,Butare,mobile,3,2,1
3949736.28,Rubavu,atm,10,2,0
1400662.06,International,mobile,5,6,0
585692.84,Nyagatare,pos,19,3,0
122330.02,Gisenyi,mobile,23,4,0
372497.48,Kigali,mobile,6,3,0
2715398.7,International,web,13,4,0
4195917.43,Kigali,web,13,3,0
316122.76,Kigali,mobile,16,6,0
566345.3,Kigali,atm,12,2,0
26012.46,Kigali,mobile,13,4,0
1411745.86,Musanze,mobile,12,3,0
4606271.31,Kigali,web,17,4,0
1381801.85,Kigali,pos,9,0,0
2204351.83,Kigali,mobile,6,1,0
895197.5,Kigali,pos,15,5,0
581864.54,Rubavu,atm,13,3,0
912381.04,Gisenyi,mobile,8,0,0
1052558.95,Rubavu,mobile,9,4,0
651878.98,Rubavu,unknown,0,6,0
3957869.28,Kigali,mobile,5,2,0
2386489.57,Rubavu,mobile,9,3,0
2699077.25,Rubavu,atm,18,3,0
1873565.55,Kigali,web,20,2,0
1054108.83,Butare,mobile,22,3,0
469961.37,Kigali,mobile,1,3,0
380090.55,Kigali,atm,3,6,0
926117.56,Butare,web,10,4,0
4250955.88,Kigali,mobile,13,2,0
1083117.68,Kigali,unknown,13,2,0
1774420.55,Kigali,web,11,2,0
2863971.84,Kigali,mobile,13,1,0
2557309.82,Kigali,atm,10,0,0
3329270.24,Gisenyi,web,0,4,0
971976.99,Kigali,mobile,19,3,0
2620482.62,Nyagatare,pos,18,2,0
3838861.92,Nyagatare,mobile,2,4,0
1937841.02,Rubavu,unknown,0,3,0
4859486.04,Kigali,mobile,19,5,0
2889958.19,Nyagatare,web,3,1,0
3374295.38,Butare,unknown,13,6,1
2295709.15,Kigali,mobile,7,3,0
4289325.29,Musanze,web,6,1,0
2257708.88,Kigali,atm,19,4,0
4711430.43,Butare,web,16,4,0
1537798.97,Rubavu,mobile,23,1,0
4329164.12,Kigali,mobile,11,4,0
3196946.19,Kigali,web,16,5,0
3995373.82,International,web,21,2,1
188987.57,Rubavu,mobile,14,3,0
1386759.62,Kigali,mobile,2,2,0
4235470.73,Gisenyi,mobile,15,2,0
1592009.3,Kigali,web,5,2,0
3563420.44,Nyagatare,atm,13,4,0
4960947.98,Butare,mobile,22,1,0
886255.16,Musanze,mobile,17,2,0
2088020.93,International,pos,18,3,0
826050.99,International,pos,4,3,0
771855.13,Kigali,atm,0,5,0
3165397.61,Nyagatare,atm,14,4,0
957284.5,Kigali,pos,18,3,0
2413528.42,Kigali,atm,11,2,0
4889718.4,Kigali,mobile,20,1,0
1665980.85,Gisenyi,mobile,4,3,0
4368212.42,Gisenyi,mobile,16,2,0
1982127.12,Musanze,mobile,8,2,0
1314693.12,Nyagatare,mobile,0,2,0
1681590.39,Butare,atm,16,0,0
638868.54,Butare,web,19,6,0
3395086.29,Gisenyi,atm,20,4,0
2545345.21,Rubavu,mobile,3,1,0
3069345.4,Butare,mobile,1,2,0
1515812.34,Nyagatare,web,6,0,0
3267498.09,Kigali,web,1,4,0
823412.14,Musanze,pos,12,3,0
3262537.34,Kigali,unknown,4,3,1
406150.22,Butare,mobile,3,3,0
2001665.64,Nyagatare,web,15,6,0
3048960.37,Kigali,mobile,2,4,1
4276660.06,Nyagatare,mobile,16,4,0
4062168.92,Butare,atm,23,8,0
2634986.91,Rubavu,unknown,11,3,0
4416911.8,Rubavu,web,7,2,0
2529761.87,Kigali,mobile,0,7,0
2586074.99,Nyagatare,mobile,8,4,0
3602907.96,Kigali,atm,2,2,0
4388972.72,Gisenyi,unknown,5,3,0
3013781.12,Nyagatare,pos,7,3,0
4720986.68,Kigali,web,12,5,0
1163314.04,Butare,web,3,3,0
4621584.99,Kigali,pos,8,1,0
1108653.95,Kigali,unknown,4,4,0
2632314.28,Kigali,unknown,11,3,0
3980260.97,Nyagatare,web,10,3,0
4008020.04,Butare,mobile,13,0,0
1391157.23,Kigali,mobile,11,1,0
4929483.15,Nyagatare,mobile,19,4,0
403476.81,Kigali,mobile,4,4,0
174396.34,Rubavu,mobile,12,3,0
4207726.53,Butare,pos,22,3,0
4095185.04,Rubavu,atm,9,2,0
3564230.82,Kigali,mobile,12,1,0
4253944.73,Rubavu,mobile,4,4,0
688227.5,Nyagatare,unknown,16,3,0
478889.88,Kigali,mobile,23,5,0
4847028.46,Kigali,web,5,2,0
3121377.84,International,mobile,9,2,1
4599273.81,Kigali,mobile,8,0,0
4532262.9,Kigali,web,13,2,0
3265872.63,Kigali,web,22,3,0
3142558.33,Kigali,web,1,3,1
1800049.05,Butare,mobile,15,3,0
745975.72,Kigali,mobile,19,4,0
3433181.46,Kigali,web,14,7,0
4089393.92,Musanze,mobile,2,2,0
2723346.44,Musanze,unknown,23,2,1
254820.27,Kigali,mobile,0,4,0
725016.07,Kigali,web,14,6,0
510250.71,International,mobile,23,5,0
3289329.33,International,web,10,0,0
2824163.04,International,mobile,22,5,1
2332768.22,Nyagatare,mobile,18,4,0
2717271.08,Gisenyi,web,1,1,1
1380136.23,Kigali,unknown,19,0,0
4023733.49,International,pos,0,1,1
1643061.98,Rubavu,atm,15,0,0
3221683.82,Rubavu,mobile,8,3,0
1954675.8,Musanze,pos,23,3,0
361296.54,Gisenyi,pos,12,3,0
1285128.65,Gisenyi,mobile,23,4,0
4825509.09,Kigali,mobile,23,2,0
953090.33,Kigali,web,2,3,0
525091.0,Butare,web,6,4,0
1456115.39,Butare,mobile,16,4,0
4389690.58,Nyagatare,mobile,12,1,0
1530479.11,Butare,web,16,2,0
2087192.01,Nyagatare,atm,7,2,0
1550729.57,Kigali,unknown,6,2,0
4944873.33,Nyagatare,mobile,13,5,0
4999375.56,Kigali,atm,21,2,0
2414122.38,Butare,atm,8,6,0
3924236.13,Kigali,web,7,5,0
1100689.16,Kigali,unknown,0,1,0
1871788.59,Kigali,mobile,23,5,0
3396858.69,Rubavu,unknown,10,4,1
1431998.84,Kigali,pos,15,6,0
1123881.36,Nyagatare,mobile,14,1,0
4611228.29,Rubavu,web,20,1,0
1221868.23,Butare,web,8,4,0
296859.46,Gisenyi,web,8,2,0
3755564.53,Kigali,pos,11,3,0
1216719.81,Gisenyi,atm,16,3,0
2251195.64,Rubavu,mobile,18,2,0
558229.39,Kigali,unknown,2,3,0
343043.63,Rubavu,mobile,2,1,0
2302498.14,Butare,web,9,3,0
1685773.17,Butare,web,21,2,0
2529873.17,Rubavu,mobile,7,3,0
4828933.38,Butare,web,18,2,0
2037237.74,Kigali,unknown,18,2,1
3013484.19,Kigali,web,21,2,0
488428.11,Rubavu,web,13,1,0
4429645.07,Kigali,mobile,22,1,0
4029402.59,Musanze,pos,6,3,0
2612273.82,Gisenyi,unknown,7,8,1
917292.68,Rubavu,mobile,4,5,0
2130036.62,Kigali,pos,5,4,0
1487271.29,Kigali,mobile,21,4,0
4972586.52,Musanze,web,8,3,0
2454446.02,Kigali,mobile,2,6,1
2111454.41,Kigali,mobile,20,6,0
845707.05,Kigali,pos,22,2,0
1195925.19,Kigali,atm,11,5,0
3558082.78,Kigali,mobile,16,2,0
2674779.21,Nyagatare,atm,13,2,0
1790477.55,Kigali,web,14,3,0
1485419.92,Musanze,atm,18,2,0
1004100.86,Butare,web,22,1,0
169972.52,Musanze,mobile,18,2,0
4885761.27,Musanze,web,21,5,0
3765675.2,Kigali,mobile,23,1,0
4639390.14,Rubavu,mobile,7,3,0
2063048.06,Kigali,mobile,23,3,1
4346979.06,Musanze,web,16,2,0
1281621.48,Nyagatare,mobile,10,2,0
2549419.15,Kigali,web,18,1,0
1012795.96,Butare,unknown,4,0,0
3851800.66,Gisenyi,atm,21,6,0
2488261.23,Butare,mobile,2,4,0
2681596.56,Kigali,web,22,3,0
4297343.42,Kigali,atm,5,2,0
3696217.48,Nyagatare,pos,10,4,0
4831346.65,Kigali,mobile,21,2,0
2026977.33,Kigali,web,1,4,0
2307542.88,Kigali,mobile,12,5,0
3076885.76,Kigali,atm,21,5,0
2266835.6,Rubavu,web,9,6,0
2098367.09,Butare,mobile,15,3,0
1703188.42,Butare,web,4,0,0
4159505.15,Rubavu,atm,18,2,0
2667680.07,Musanze,mobile,0,5,0
3037211.94,Kigali,web,23,0,1
1020775.63,Kigali,web,21,3,0
1259256.51,Kigali,unknown,6,3,0
1699296.15,Musanze,mobile,17,0,0
2327112.2,Butare,pos,5,2,0
220114.55,Kigali,mobile,4,1,0
4442012.61,Kigali,unknown,0,1,1
4518609.42,Nyagatare,mobile,1,4,1
3308568.76,Kigali,mobile,8,6,0
1580606.14,Kigali,mobile,6,7,0
1926898.86,Rubavu,mobile,4,4,0
3670387.97,Nyagatare,mobile,22,3,0
1431811.88,Butare,web,22,3,0
3044785.65,Musanze,unknown,4,3,1
4531402.26,Butare,web,20,2,0
2052533.94,Rubavu,web,2,2,1
2935450.3,Gisenyi,atm,3,1,0
4642984.64,Nyagatare,mobile,5,3,0
1703237.54,Kigali,mobile,11,3,0
3798318.91,Musanze,unknown,5,3,1
3775731.72,Rubavu,mobile,12,3,0
4642511.72,Musanze,web,6,3,0
4293017.3,Gisenyi,pos,5,1,0
3744266.5,Butare,mobile,21,1,0
3182758.88,Kigali,unknown,4,2,1
1206320.86,Musanze,web,15,4,0
3353408.04,Nyagatare,unknown,21,4,1
1382579.11,Butare,web,2,1,0
2200378.02,Kigali,mobile,15,6,0
3548638.33,Gisenyi,atm,7,3,0
3374633.79,Kigali,unknown,21,4,1
2006294.86,Kigali,mobile,18,4,0
913787.09,Kigali,pos,23,1,0
2420970.2,Rubavu,web,0,2,0
1350229.62,Musanze,mobile,0,1,0
1277544.68,Kigali,mobile,20,4,0
1634304.53,Nyagatare,mobile,19,1,0
3531335.67,Gisenyi,pos,6,6,0
2486680.52,Nyagatare,mobile,14,2,0
1866168.3,Kigali,web,17,2,0
4503023.77,Butare,web,10,3,0
3534049.98,Butare,web,1,2,0
2473516.81,Butare,unknown,5,6,1
2106731.17,Nyagatare,atm,17,6,0
4094574.71,Musanze,web,4,2,0
865036.01,Musanze,pos,7,1,0
3320937.55,Kigali,atm,8,2,0
105565.99,Kigali,pos,11,6,0
35300.08,Kigali,atm,1,3,0
4658952.57,Musanze,atm,10,2,0
2570185.9,Kigali,mobile,18,5,0
1575929.57,International,mobile,2,4,0
3973583.67,Kigali,unknown,13,5,1
4924147.62,Kigali,mobile,17,4,0
172551.75,Nyagatare,mobile,21,2,0
190284.49,Musanze,mobile,6,2,0
4273982.87,Gisenyi,atm,0,0,0
2783795.64,Nyagatare,mobile,3,3,1
4413767.34,Nyagatare,web,14,1,0
3473368.06,Nyagatare,web,17,4,0
2353192.96,Nyagatare,mobile,0,3,1
807148.95,Kigali,mobile,7,5,0
1949610.8,Butare,mobile,14,6,0
3935831.89,Musanze,mobile,13,3,0
1169970.79,Butare,web,23,1,0
3561976.29,Gisenyi,mobile,19,3,0
1237099.22,Nyagatare,web,5,2,0
2317940.12,Kigali,unknown,11,2,1
427617.31,Butare,pos,3,1,0
2275264.79,Gisenyi,atm,15,4,0
3063706.37,Kigali,unknown,7,4,1
2816808.55,Kigali,web,21,2,0
2032629.34,Musanze,atm,8,0,0
1848791.53,Nyagatare,atm,22,9,0
1377356.09,Gisenyi,unknown,6,2,0
3835636.78,Butare,web,22,2,0
3913299.17,Musanze,mobile,3,3,1
2415396.24,International,mobile,6,4,0
1913117.54,Kigali,mobile,8,4,0
3187296.15,Rubavu,atm,19,3,0
2788882.74,Gisenyi,web,16,1,0
3336443.7,Gisenyi,mobile,18,4,0
1530424.65,Kigali,pos,16,3,0
3941853.62,International,unknown,18,2,1
1584055.68,Kigali,atm,15,4,0
2093907.0,Kigali,mobile,20,0,0
662547.43,Kigali,web,20,2,0
4276918.93,Rubavu,unknown,12,5,1
3221546.59,Rubavu,mobile,4,6,0
1176817.65,Kigali,web,16,6,0
4258664.41,Kigali,mobile,19,4,0
3524112.64,Kigali,pos,21,4,0
2211180.19,Rubavu,pos,4,5,0
4949219.24,Nyagatare,mobile,19,1,0
1686380.15,Kigali,mobile,16,3,0
498198.06,Butare,mobile,20,2,0
3667428.51,Kigali,mobile,12,3,0
3785366.67,Gisenyi,atm,10,1,0
295296.05,Gisenyi,mobile,10,3,0
4097185.9,Butare,mobile,17,2,0
3879819.6,Kigali,atm,3,3,0
4648017.06,Nyagatare,web,3,0,1
593186.34,Musanze,unknown,7,3,0
3004247.39,International,mobile,17,4,1
1097503.0,Butare,mobile,1,3,0
1997510.04,Kigali,web,4,4,0
1325821.6,Rubavu,mobile,18,1,0
2246763.86,Musanze,mobile,4,3,0
564825.2,Nyagatare,web,1,2,0
1517925.78,Kigali,web,3,3,0
355058.18,Nyagatare,mobile,13,5,0
2459414.02,Butare,web,6,4,0
1483767.71,Kigali,pos,8,3,0
2951747.6,Kigali,atm,12,2,0
2282502.68,Musanze,web,0,5,0
1219643.52,Kigali,mobile,10,1,0
515149.62,Gisenyi,web,11,1,0
3766706.78,Butare,mobile,22,1,0
3165846.2,Kigali,atm,14,2,0
165133.52,Musanze,pos,12,1,0
4946833.12,Kigali,mobile,19,1,0
3212630.13,Musanze,web,3,0,0
1036300.34,Butare,mobile,10,4,0
4202564.12,Kigali,unknown,16,3,1
4410562.56,Musanze,pos,7,2,0
2868640.14,Nyagatare,mobile,22,1,0
4427918.2,Kigali,unknown,17,4,1
146344.23,Gisenyi,mobile,13,2,0
4725860.97,Kigali,mobile,13,2,0
286489.47,Musanze,mobile,23,3,0
3212129.12,International,atm,3,0,1
1729800.24,Butare,unknown,9,2,0
197042.1,Kigali,mobile,2,3,0
4646476.89,Musanze,unknown,4,1,0
677220.62,Butare,mobile,20,0,0
4268794.07,Butare,web,12,4,0
1652059.87,Kigali,unknown,19,4,0
3705949.43,Gisenyi,mobile,21,6,0
1271476.84,Gisenyi,web,4,2,0
2917377.97,Kigali,web,1,7,0
3997869.26,Kigali,mobile,15,6,0
2831116.06,Butare,mobile,6,2,0
1533109.54,Butare,web,8,8,0
1167561.95,Kigali,mobile,1,5,0
874440.58,Kigali,unknown,1,1,0
4194143.2,Kigali,web,17,4,0
3054907.65,Nyagatare,unknown,22,3,1
2543635.28,Kigali,pos,12,5,0
1248278.63,Nyagatare,mobile,5,4,0
2169049.37,Butare,web,3,3,0
3100504.01,Rubavu,pos,23,2,0
359872.33,Nyagatare,mobile,1,2,0
1803894.33,Kigali,mobile,5,6,0
1197898.51,Rubavu,web,12,3,0
3232751.27,Rubavu,atm,0,7,0
3031541.91,International,web,20,7,1
1497427.77,Kigali,mobile,23,3,0
208632.8,Butare,mobile,0,9,0
914472.35,International,unknown,1,2,1
800730.35,Kigali,mobile,16,6,0
2842187.48,International,atm,13,0,1
846872.64,Musanze,mobile,19,7,0
2411930.6,Kigali,web,8,6,0
3072836.92,Kigali,mobile,19,5,0
4397888.13,Kigali,mobile,22,6,0
1225515.3,Kigali,mobile,11,3,0
929971.72,Butare,unknown,4,2,0
866682.54,Nyagatare,mobile,20,1,0
1802466.33,Butare,web,5,1,0
3246081.51,Butare,unknown,5,6,1
3359476.17,Kigali,mobile,16,1,0
1055204.02,Gisenyi,mobile,14,2,0
656601.64,Butare,unknown,18,6,0
2243665.33,Musanze,atm,17,9,0
706385.81,Butare,web,22,3,0
4064697.26,Nyagatare,web,19,7,0
419865.3,Musanze,unknown,11,1,0
3760590.56,Kigali,mobile,8,3,0
213718.25,Kigali,mobile,18,3,0
4035017.09,Kigali,mobile,6,3,0
3135944.8,Kigali,mobile,14,1,0
1612204.34,Kigali,mobile,4,2,0
2027889.71,Butare,mobile,1,2,0
3368249.39,Kigali,unknown,16,2,1
928547.91,Butare,web,10,3,0
4451658.19,Kigali,unknown,9,3,1
2414694.23,Butare,pos,20,1,0
3800817.4,International,atm,18,3,1
2533726.78,Gisenyi,mobile,14,1,0
2261670.0,Gisenyi,web,6,5,0
2348343.0,Musanze,mobile,8,6,0
1815941.99,Kigali,mobile,3,3,0
3663904.6,Kigali,pos,8,0,0
4230839.14,International,atm,21,5,1
4272056.12,Musanze,pos,0,6,0
606168.0,Kigali,mobile,6,6,0
3806958.84,Kigali,mobile,15,4,0
1000173.12,Butare,web,2,3,0
61385.64,Nyagatare,web,1,3,0
1377657.45,Gisenyi,mobile,0,0,0
1464696.56,Kigali,atm,3,3,0
4049040.38,Butare,mobile,19,5,0
3712110.38,Kigali,pos,18,0,0
423880.51,Kigali,mobile,0,6,0
1630143.56,Kigali,mobile,3,5,0
1256873.58,Butare,mobile,14,2,0
2977478.21,Rubavu,pos,9,4,0
2707789.11,Musanze,pos,0,2,0
3394724.57,Rubavu,web,23,3,1
4553693.8,Rubavu,mobile,21,2,0
2105657.25,Nyagatare,mobile,12,3,0
3279792.09,Kigali,mobile,11,2,0
4591803.28,Kigali,mobile,17,1,0
2708632.08,Kigali,mobile,1,3,0
1541750.76,Kigali,unknown,12,3,0
2014799.32,Kigali,atm,14,4,0
3773190.98,Nyagatare,pos,6,3,0
3600195.78,Kigali,web,18,2,0
3742202.8,Kigali,mobile,1,2,0
3716612.8,Butare,mobile,0,3,0
4602334.26,Kigali,web,13,5,0
3820143.73,Kigali,atm,1,2,0
4277257.71,Kigali,mobile,17,4,0
2868771.4,Nyagatare,mobile,14,2,0
3221034.85,Kigali,unknown,4,3,1
4838613.51,Kigali,pos,19,3,0
4351569.23,Musanze,atm,13,2,0
3886912.52,Kigali,mobile,20,3,0
3427730.45,Butare,mobile,21,0,0
1792911.93,Kigali,mobile,23,2,0
2740853.76,Musanze,mobile,10,5,0
276113.38,Rubavu,mobile,21,1,0
2081125.66,Kigali,mobile,12,2,0
559926.14,Nyagatare,web,10,1,0
3643333.36,Gisenyi,mobile,20,3,0
4461642.03,Musanze,web,21,4,0
870827.94,Musanze,web,3,1,0
1228794.08,Butare,mobile,3,2,0
4284976.22,Rubavu,web,20,2,0
2929367.96,Kigali,mobile,11,3,0
2941750.26,Kigali,web,9,3,0
2814600.39,Kigali,unknown,16,1,0
1091694.67,Kigali,mobile,1,4,0
1216893.42,International,mobile,19,4,0
4748240.76,Nyagatare,mobile,22,4,0
3617489.03,Kigali,mobile,10,4,0
452627.22,Kigali,pos,1,6,0
1115079.89,Butare,unknown,1,1,0
3135764.05,Kigali,pos,19,3,0
1417685.2,Rubavu,web,12,1,0
1259042.41,Butare,atm,19,2,0
1012138.79,Gisenyi,mobile,12,2,0
929041.45,Rubavu,mobile,20,4,0
3066846.24,Kigali,mobile,16,4,0
4529291.19,Kigali,mobile,23,3,0
1805978.71,Kigali,pos,14,2,0
607982.25,Rubavu,mobile,21,7,0
621934.56,Kigali,mobile,13,1,0
4668481.68,Nyagatare,mobile,20,3,0
2643913.02,Kigali,unknown,0,4,1
2331694.41,Gisenyi,unknown,15,3,1
4453760.85,Kigali,unknown,15,2,1
2535811.13,International,unknown,21,2,1
2403254.16,Kigali,atm,10,4,0
4633299.34,Gisenyi,mobile,20,2,0
2372558.39,International,mobile,18,6,1
1955109.9,Kigali,web,15,2,0
2908519.83,Butare,atm,6,1,0
4886169.04,Butare,unknown,14,3,1
4819163.3,Kigali,web,19,1,0
3878119.22,Rubavu,mobile,9,2,0
2496654.66,Butare,mobile,17,5,0
4407367.81,Kigali,mobile,16,1,0
2097205.2,Rubavu,mobile,17,3,0
3200895.15,Butare,mobile,6,4,0
897544.5,Butare,mobile,8,1,0
3306607.59,International,atm,13,9,1
1380891.53,Butare,web,0,3,0
3858879.03,Musanze,mobile,16,3,0
2070493.79,Nyagatare,web,0,4,0
1992349.72,Gisenyi,atm,10,4,0
3733014.95,Musanze,web,17,4,0
2126880.54,Kigali,mobile,12,3,0
3570249.78,Kigali,mobile,23,2,1
4275400.27,Rubavu,mobile,12,6,0
684824.73,Nyagatare,mobile,17,2,0
2395375.47,Kigali,mobile,19,1,0
4724585.19,Musanze,atm,17,0,0
4061001.17,Kigali,web,5,2,0
4868074.52,Butare,pos,12,4,0
4301612.13,Rubavu,web,5,4,0
1551443.98,Butare,unknown,7,4,0
896173.47,Kigali,atm,17,2,0
1053103.75,Kigali,pos,0,5,0
1084855.25,International,unknown,11,3,1
379144.11,Gisenyi,web,0,2,0
4534022.07,Kigali,web,11,4,0
2512991.67,Kigali,unknown,13,6,1
506805.35,Kigali,web,4,2,0
3813326.71,Butare,mobile,11,2,0
1628540.84,Musanze,web,20,0,0
355652.02,International,unknown,1,2,1
949187.91,Musanze,atm,5,3,0
3287920.35,Gisenyi,atm,15,3,0
3970134.47,Rubavu,mobile,1,2,1
1268756.71,Butare,atm,22,6,0
2885502.82,Butare,mobile,2,4,1
4862.35,Musanze,unknown,14,1,0
1392298.16,Kigali,unknown,17,1,0
908578.29,Kigali,unknown,10,3,0
383192.85,International,mobile,5,4,0
2419734.54,Gisenyi,web,16,7,0
3155262.07,Butare,web,4,1,0
232358.58,Nyagatare,web,9,5,0
689886.95,Musanze,web,10,2,0
4661489.75,Kigali,unknown,21,6,0
1115952.66,Gisenyi,pos,7,2,0
3800058.74,Kigali,web,2,2,0
3738801.11,Kigali,web,22,4,0
1608251.72,International,atm,16,4,0
1020982.44,Rubavu,web,5,4,0
1220130.79,Nyagatare,atm,0,1,0
2829711.89,Musanze,pos,22,4,0
1906104.52,Butare,unknown,14,6,0
2478079.01,Nyagatare,pos,23,3,0
4058156.61,Musanze,mobile,21,3,0
2511730.78,Kigali,web,16,3,0
4976147.01,Gisenyi,web,7,0,0
3329336.1,Kigali,mobile,1,4,0
1036634.67,Kigali,web,14,1,0
2497844.15,Kigali,unknown,15,4,0
4067181.9,Butare,mobile,16,3,0
1091898.52,Kigali,mobile,21,3,0
3647245.98,Kigali,unknown,20,2,1
167728.45,Rubavu,mobile,4,1,0
4713197.84,Rubavu,pos,5,2,0
3316977.07,Kigali,mobile,5,4,0
813270.24,International,web,10,0,0
4371536.35,Musanze,web,7,3,0
409562.49,Musanze,web,14,3,0
2029941.85,Kigali,unknown,3,2,1
3684878.22,International,mobile,7,4,1
4687064.43,International,atm,0,3,1
1744376.93,Butare,pos,3,3,0
4152640.9,International,web,15,3,1
984162.91,Gisenyi,unknown,23,3,0
176034.29,Kigali,web,7,0,0
144290.54,Musanze,atm,19,2,0
3291023.37,Gisenyi,web,23,6,1
771459.43,Kigali,mobile,18,1,0
252096.39,Kigali,web,2,1,0
4883749.26,Butare,mobile,22,3,0
1210440.34,Rubavu,web,21,1,0
2313041.14,Nyagatare,pos,14,3,0
3065599.16,Gisenyi,web,17,0,0
722707.96,Butare,web,16,6,0
1786165.72,Gisenyi,web,0,2,0
3238710.37,Butare,web,23,2,0
3198988.71,Rubavu,web,18,2,0
4210365.52,Gisenyi,mobile,8,1,0
2187393.45,International,atm,22,2,1
4449193.21,Gisenyi,atm,15,3,0
3411122.58,Rubavu,web,9,3,0
2810744.92,Nyagatare,mobile,6,5,0
586125.56,Nyagatare,web,15,1,0
2873732.21,Kigali,web,9,1,0
2973562.75,Butare,web,9,4,0
3794142.51,Nyagatare,mobile,16,1,0
3595835.77,International,pos,11,1,1
2650135.91,Kigali,web,16,10,0
2964349.44,Butare,atm,22,2,0
3861827.39,Kigali,web,17,7,0
1757525.59,Musanze,atm,6,4,0
675288.09,Nyagatare,pos,11,5,0
4371559.75,Butare,mobile,7,1,0
4825111.37,Rubavu,pos,17,3,0
2146809.54,Nyagatare,atm,16,11,1
4951553.79,Rubavu,web,14,1,0
1613813.23,Kigali,web,10,3,0
333337.18,Rubavu,mobile,11,0,0
2862511.68,Kigali,web,6,1,0
4341069.32,Rubavu,mobile,16,2,0
3087600.35,Kigali,pos,14,1,0
47631.03,Kigali,web,1,5,0
59657.49,Kigali,mobile,4,3,0
3621893.19,Butare,mobile,13,1,0
4226792.31,International,web,2,5,1
1265557.03,Kigali,web,20,5,0
2350920.22,International,mobile,7,5,1
4805473.96,Kigali,mobile,14,4,0
2303140.13,International,atm,4,3,1
679502.59,International,mobile,2,3,0
4558309.21,Kigali,pos,17,3,0
2476090.76,Musanze,atm,4,3,0
1721862.56,Butare,pos,0,5,0
487614.9,Rubavu,unknown,15,3,0
2291612.35,Musanze,mobile,21,1,0
3848479.01,Kigali,web,3,2,0
3586063.13,Musanze,web,4,2,0
2483189.96,Kigali,mobile,10,6,0
3597816.96,Rubavu,web,13,3,0
1754127.46,Gisenyi,web,11,5,0
3676473.38,Rubavu,mobile,11,1,0
429127.92,Gisenyi,pos,4,4,0
996570.55,Musanze,mobile,9,2,0
4388677.75,Nyagatare,atm,2,2,1
1468630.21,Butare,mobile,7,6,0
1030104.0,Kigali,mobile,23,4,0
445468.44,Kigali,unknown,16,2,0
1965078.49,Musanze,mobile,23,2,0
335376.88,International,atm,10,1,0
2485153.81,Kigali,web,15,1,0
4596064.08,Butare,web,20,2,0
3935778.16,Musanze,mobile,10,1,0
203848.51,Gisenyi,mobile,20,4,0
1499140.94,Musanze,unknown,23,4,0
938627.59,Kigali,unknown,16,5,0
335165.81,Nyagatare,web,17,0,0
543648.42,Kigali,web,21,3,0
4540767.79,Butare,web,9,3,0
1550761.03,Kigali,atm,18,5,0
1961423.27,Nyagatare,pos,5,3,0
2428761.49,Kigali,atm,8,1,0
3724773.03,Kigali,web,6,2,0
3991953.19,Nyagatare,web,12,4,0
4818665.85,Butare,mobile,14,2,0
1053785.01,Nyagatare,unknown,22,3,0
1505680.36,Rubavu,unknown,0,2,0
1565147.1,Kigali,unknown,8,2,0
2226571.34,Butare,mobile,19,3,0
4037118.05,Kigali,web,17,0,0
1197660.7,Kigali,web,14,3,0
3914717.37,Kigali,mobile,9,7,0
1020598.07,Nyagatare,pos,4,1,0
3550883.01,Kigali,atm,1,4,0
3995107.1,Kigali,atm,8,5,0
4268991.81,Nyagatare,mobile,14,3,0
2551672.56,Butare,unknown,12,2,1
1643910.58,Gisenyi,atm,6,3,0
3862034.97,Nyagatare,unknown,22,0,1
1604921.83,Rubavu,mobile,0,1,0
740869.84,Musanze,web,4,2,0
4173514.9,Musanze,atm,19,3,0
2056499.03,Gisenyi,mobile,4,1,0
2854383.41,Rubavu,mobile,22,2,0
4592261.01,Gisenyi,atm,21,2,0
679415.21,Kigali,atm,22,4,0
2786140.89,Kigali,unknown,19,6,1
2794043.58,Kigali,atm,16,1,0
4309525.58,Kigali,mobile,6,1,0
1706624.23,Gisenyi,unknown,16,2,0
2006369.84,Gisenyi,mobile,21,2,0
2596706.16,Rubavu,atm,0,1,0
836416.31,Nyagatare,web,1,3,0
2353571.64,Rubavu,mobile,12,4,0
2180690.93,Kigali,unknown,18,8,1
987373.68,Kigali,web,2,6,0
4165196.08,Kigali,mobile,11,1,0
2155453.29,Nyagatare,mobile,9,5,0
1530676.52,Gisenyi,atm,12,2,0
652306.0,Musanze,web,6,2,0
449194.1,Kigali,mobile,17,3,0
4801154.35,Rubavu,web,4,3,0
4975769.61,Rubavu,mobile,21,1,0
4489677.96,Musanze,web,23,2,0
2293427.84,Butare,mobile,5,2,0
4039674.84,Musanze,web,13,0,0
4171493.85,Nyagatare,pos,21,2,0
1499396.15,International,mobile,21,2,0
2930352.24,Kigali,mobile,3,2,0
4784131.67,Gisenyi,mobile,6,2,0
1400698.97,Kigali,pos,12,4,0
3314600.43,Nyagatare,web,12,3,0
3312874.36,International,atm,5,0,1
2263626.92,Butare,mobile,16,1,0
2451899.11,International,mobile,6,3,0
2282184.37,Musanze,web,12,4,0
2605624.08,Rubavu,atm,16,3,0
744314.59,Gisenyi,atm,21,2,0
3973838.19,Butare,web,14,1,0
3305545.03,International,atm,10,3,1
4869124.46,Kigali,mobile,17,6,0
1228593.12,Musanze,web,10,5,0
730268.23,Kigali,web,20,2,0
1713099.05,Musanze,unknown,0,2,0
2548952.15,Kigali,web,10,6,0
1025445.27,Kigali,web,22,3,0
2303274.85,Nyagatare,web,0,1,1
3213244.93,Gisenyi,pos,6,2,0
281328.39,Butare,mobile,7,6,0
3790270.3,Musanze,pos,19,3,0
4698586.55,Butare,mobile,2,3,1
1341606.95,Butare,web,11,5,0
3881223.75,Gisenyi,web,16,4,0
2089962.34,International,mobile,22,6,1
3322331.09,Musanze,mobile,17,4,0
3715208.84,Kigali,mobile,19,2,0
1475220.76,Musanze,atm,19,0,0
3937094.28,Butare,mobile,7,3,0
526004.12,Kigali,web,1,5,0
4933630.88,Nyagatare,unknown,18,3,1
1685456.41,Kigali,web,15,3,0
1119401.93,Kigali,mobile,16,3,0
693700.9,Kigali,web,6,3,0
4061004.54,International,pos,23,2,1
2929658.92,Musanze,unknown,17,2,1
4758375.65,Kigali,atm,17,5,0
3238568.11,Butare,mobile,0,4,1
1703294.63,Kigali,mobile,16,2,0
4182144.46,Kigali,atm,19,6,0
1406534.59,Nyagatare,atm,3,3,0
1454558.01,Musanze,web,7,3,0
141886.31,International,mobile,4,0,0
1260487.43,Kigali,web,3,4,0
1307540.37,Rubavu,web,5,2,0
1487958.78,Kigali,mobile,12,4,0
1843458.68,Butare,web,16,2,0
2883581.58,Musanze,mobile,6,1,0
1082346.91,Kigali,pos,11,4,0
3183986.7,Butare,web,23,1,0
667008.64,Butare,mobile,3,3,0
4654589.03,Rubavu,web,2,2,0
131038.12,Kigali,pos,13,3,0
4541035.35,Kigali,pos,16,2,0
2736227.7,Rubavu,mobile,7,3,0
3550371.7,Gisenyi,mobile,10,5,0
1492064.48,Musanze,atm,11,3,0
869407.03,Kigali,mobile,16,1,0
4736499.9,Kigali,web,9,3,0
2205298.59,Nyagatare,web,8,3,0
2402824.25,Kigali,web,3,2,0
4928399.18,Butare,mobile,4,9,0
1680675.96,Butare,mobile,4,2,0
501407.91,Kigali,web,21,5,0
2934777.66,Butare,web,15,2,0
2774260.5,Nyagatare,web,12,3,0
3865635.29,Kigali,mobile,1,1,1
4775412.94,Butare,pos,17,2,0
1538718.05,Kigali,mobile,4,5,0
3609121.34,International,mobile,4,2,1
2172798.11,Kigali,atm,16,2,0
3918972.06,Kigali,web,8,2,0
821802.67,Kigali,mobile,1,3,0
2504531.66,Kigali,mobile,22,3,0
386396.05,Gisenyi,web,17,3,0
2806092.06,Rubavu,mobile,7,4,0
845283.56,Gisenyi,mobile,11,2,0
4800245.33,Nyagatare,unknown,5,2,1
2771874.49,Kigali,mobile,12,3,0
2647108.25,Rubavu,mobile,23,6,1
4861667.45,Kigali,mobile,22,2,0
2492327.23,Rubavu,unknown,22,2,1
3383793.96,Nyagatare,unknown,10,2,1
233884.3,International,mobile,7,2,0
3541839.91,Rubavu,pos,23,6,1
521999.71,Nyagatare,mobile,20,6,0
3901283.03,Rubavu,mobile,18,4,0
4384290.74,International,web,13,1,1
1577681.61,Nyagatare,web,23,7,0
4390711.01,Kigali,mobile,13,3,0
2413442.39,Butare,atm,11,3,0
2858094.62,Kigali,web,15,7,0
2055208.86,Kigali,unknown,21,3,0
2382972.37,Butare,mobile,17,4,0
4541400.35,Kigali,web,2,3,0
4736498.37,Kigali,mobile,16,3,0
2229621.78,Butare,mobile,6,7,0
2572050.18,Kigali,mobile,23,5,1
581316.83,Nyagatare,atm,9,6,0
1628442.91,Musanze,mobile,22,3,0
2566429.28,International,web,22,5,1
1013312.46,Nyagatare,unknown,4,1,0
2882878.05,Rubavu,mobile,8,4,0
3426573.53,Gisenyi,web,1,5,1
3249975.25,Kigali,web,15,4,0
2212841.21,Kigali,unknown,4,3,1
3846710.94,Rubavu,pos,7,2,0
1597952.29,Butare,mobile,7,3,0
2346650.03,Kigali,mobile,14,0,0
1351139.36,Kigali,mobile,17,4,0
3018341.14,Kigali,mobile,11,1,0
2203814.81,Kigali,mobile,15,1,0
1085955.18,Musanze,mobile,23,2,0
1541270.68,Rubavu,web,5,2,0
1397700.65,Kigali,unknown,2,5,0
4554608.14,Kigali,pos,22,4,0
2610010.4,Kigali,mobile,17,6,0
3263452.86,Butare,atm,1,5,1
4673701.5,Kigali,unknown,17,1,1
911497.87,Musanze,pos,2,2,0
4684500.34,Musanze,web,6,5,0
2698416.23,Kigali,mobile,1,0,0
4281142.94,Rubavu,atm,21,4,0
840393.78,Butare,atm,12,3,0
1365042.93,International,mobile,7,3,0
971258.06,Musanze,mobile,23,2,0
3267282.21,Gisenyi,web,19,3,0
704236.63,Gisenyi,pos,4,2,0
3962716.5,Kigali,mobile,1,3,0
1252556.24,Nyagatare,unknown,16,1,0
1277749.57,Gisenyi,mobile,15,4,0
1405965.92,Gisenyi,mobile,20,3,0
3732067.28,Gisenyi,mobile,14,2,0
4621117.65,Kigali,mobile,12,5,0
4537596.32,Musanze,mobile,15,4,0
506720.48,Nyagatare,web,9,7,0
1312553.3,Kigali,unknown,3,3,0
3361073.74,Butare,mobile,11,3,0
3092943.93,Kigali,web,14,3,0
1750470.31,Kigali,web,10,0,0
4314285.2,Kigali,unknown,10,2,0
652766.14,Nyagatare,mobile,16,1,0
3195339.87,Gisenyi,mobile,0,3,0
1365785.84,Gisenyi,mobile,11,4,0
2636109.52,Nyagatare,unknown,19,3,1
1937739.11,Musanze,web,17,4,0
4898685.63,Kigali,web,19,3,0
2433718.02,Kigali,mobile,2,5,1
4880478.92,Kigali,mobile,13,1,0
1275477.07,Kigali,atm,2,3,0
3839820.69,Musanze,web,2,4,1
3585432.1,Musanze,mobile,16,3,0
4238302.61,Kigali,web,6,6,0
3468190.52,Butare,unknown,4,2,1
3411954.31,Kigali,mobile,6,3,0
3303708.43,Kigali,unknown,2,9,1
4925265.33,Kigali,atm,16,3,0
1140874.83,Nyagatare,mobile,20,2,0
151053.37,Kigali,pos,15,7,0
3390015.34,Nyagatare,atm,17,4,0
862102.68,Musanze,web,9,1,0
3397079.96,Rubavu,atm,22,5,0
1598767.21,Musanze,mobile,6,0,0
217236.91,Kigali,atm,3,4,0
3848955.08,Musanze,web,2,5,1
258715.05,Kigali,mobile,13,5,0
1121079.51,International,web,5,0,0
1682374.96,Musanze,web,0,4,0
664180.88,International,mobile,2,2,0
4567889.02,Nyagatare,mobile,8,4,0
3109371.54,Kigali,mobile,3,4,0
4377042.04,Nyagatare,mobile,4,7,0
3410419.29,Kigali,pos,21,5,0
4959731.06,Rubavu,web,13,1,0
2626001.42,Musanze,atm,23,3,0
269289.32,Kigali,web,2,2,0
804712.79,Kigali,mobile,7,7,0
2942369.09,Nyagatare,web,8,2,0
1738968.83,Kigali,pos,20,3,0
564907.56,Kigali,web,12,3,0
1191079.64,Butare,atm,22,2,0
2373116.37,Musanze,atm,10,5,0
2591150.26,Nyagatare,web,21,3,0
4672939.0,Butare,mobile,17,2,0
453850.9,Gisenyi,pos,18,7,0
1789358.35,Nyagatare,pos,11,3,0
2530493.03,Butare,pos,5,2,0
566781.27,Gisenyi,pos,7,2,0
3439166.22,Kigali,mobile,2,0,1
2575382.94,International,web,14,4,1
2297829.83,Gisenyi,mobile,16,4,0
3280574.83,Rubavu,mobile,21,1,0
1439429.55,Kigali,atm,13,1,0
1696965.84,Rubavu,web,8,3,0
813911.14,Butare,mobile,10,4,0
2618867.98,Kigali,web,2,1,0
1862357.56,Musanze,unknown,8,2,0
1302024.15,Musanze,mobile,2,4,0
624148.67,Kigali,mobile,17,4,0
116614.41,Kigali,web,18,3,0
967164.68,Kigali,mobile,3,5,0
1237507.27,Butare,unknown,5,3,0
2427438.82,Butare,web,8,2,0
1205362.62,Rubavu,mobile,11,4,0
4088358.64,Kigali,web,1,0,0
2370907.39,Kigali,mobile,8,2,0
3119241.92,Rubavu,mobile,9,2,0
1040087.75,International,mobile,23,2,0
2080932.58,Nyagatare,web,11,2,0
3014085.4,Musanze,mobile,21,2,0
1555573.92,Kigali,mobile,4,0,0
1681318.95,Kigali,web,1,2,0
4037222.21,Rubavu,web,20,4,0
4185988.26,Kigali,mobile,11,0,0
2664938.19,Kigali,atm,6,3,0
4482105.57,International,mobile,17,3,0
3683541.67,Kigali,mobile,1,2,0
276980.28,Nyagatare,mobile,21,7,0
2797587.5,Kigali,atm,5,3,0
3489117.59,Kigali,web,0,1,0
2704653.72,Gisenyi,mobile,18,0,0
4159963.26,Kigali,web,17,1,0
1504535.23,International,web,15,3,0
327862.93,Butare,mobile,5,3,0
3168285.83,Rubavu,web,16,1,0
3654137.66,Rubavu,mobile,3,1,0
3826386.71,Musanze,mobile,19,3,0
55797.09,Nyagatare,pos,16,4,0
3367054.55,Butare,web,23,4,0
104128.56,Nyagatare,web,11,1,0
3874042.69,Rubavu,pos,10,3,0
3515674.15,Rubavu,mobile,6,4,0
2837285.81,Kigali,mobile,8,5,0
2531868.87,Kigali,unknown,10,1,1
3575681.76,Rubavu,mobile,15,4,0
286447.94,Kigali,web,9,3,0
4161030.74,Butare,unknown,14,6,1
1006530.33,Butare,mobile,18,1,0
2389205.42,Kigali,unknown,6,4,1
2434253.72,Gisenyi,web,3,1,0
3885729.1,Gisenyi,unknown,18,2,1
965358.86,Kigali,mobile,10,4,0
1499098.82,Kigali,web,11,0,0
3315708.25,Kigali,unknown,2,0,1
2064152.32,Gisenyi,mobile,3,2,1
1494668.68,Rubavu,mobile,17,4,0
3107305.4,Kigali,mobile,14,3,0
433317.67,Kigali,unknown,22,0,0
3948997.97,Kigali,mobile,0,0,0
2623983.71,Musanze,mobile,21,0,0
1030499.54,Butare,atm,21,3,0
2042875.33,Butare,web,18,1,0
655818.47,Butare,web,1,1,0
3083097.27,Butare,web,17,3,0
3346668.51,International,web,15,5,1
2026727.0,Nyagatare,web,16,2,0
1698782.6,Rubavu,unknown,18,6,0
4248998.85,Kigali,mobile,19,1,0
2880558.18,Butare,unknown,22,2,1
3335272.85,Rubavu,mobile,9,2,0
638031.81,Kigali,mobile,10,5,0
3566769.81,Butare,web,3,1,1
2223331.57,Kigali,pos,14,5,0
1833658.78,Kigali,mobile,6,1,0
4647056.3,Kigali,mobile,13,2,0
270142.97,Musanze,web,13,3,0
978434.22,Kigali,unknown,13,2,0
1875512.91,Nyagatare,mobile,11,2,0
1620538.47,Kigali,mobile,19,4,0
2553663.91,Kigali,web,21,2,0
2004809.81,Musanze,mobile,0,3,0
3941551.15,Butare,mobile,4,3,0
3840118.77,Kigali,pos,18,3,0
3861987.69,Kigali,web,21,1,0
1847088.09,Kigali,mobile,21,2,0
2037138.7,Rubavu,unknown,5,1,1
3602449.41,Butare,web,12,7,0
621429.73,Butare,web,13,1,0
4259672.13,Butare,web,15,3,0
2706520.56,Kigali,unknown,5,5,1
4242801.83,Musanze,pos,0,3,0
3968118.1,Nyagatare,mobile,5,2,0
1872228.24,Musanze,mobile,1,0,0
508247.77,Butare,web,4,3,0
4604190.79,International,mobile,2,4,1
1723354.45,Gisenyi,web,14,4,0
1869021.58,Musanze,mobile,9,2,0
4545287.98,Rubavu,pos,17,2,0
4586777.34,Rubavu,mobile,17,6,0
1314899.48,Gisenyi,mobile,11,3,0
445236.93,Kigali,mobile,5,4,0
6039.58,Kigali,mobile,0,5,0
2191753.28,Nyagatare,web,4,2,0
2843082.72,Kigali,web,19,1,0
1352054.85,Kigali,atm,16,2,0
1299118.38,Kigali,mobile,9,3,0
1784246.83,Kigali,atm,8,3,0
1315793.97,Gisenyi,mobile,19,5,0
4292262.8,Gisenyi,web,13,4,0
3214390.53,Musanze,mobile,17,5,0
4144819.69,Kigali,pos,22,1,0
4302461.01,Kigali,pos,14,1,0
2175332.23,Butare,mobile,10,4,0
2388148.45,Kigali,unknown,0,2,1
4889109.08,Nyagatare,mobile,15,2,0
4084291.14,Gisenyi,pos,10,3,0
3989572.66,Butare,mobile,1,3,0
2918774.18,Kigali,mobile,12,3,0
2306020.72,Nyagatare,pos,2,5,0
4473106.18,Butare,mobile,19,5,0
4022882.53,Butare,atm,1,2,0
2584186.14,Rubavu,web,22,1,0
1352818.76,Nyagatare,unknown,23,1,0
736823.38,Kigali,unknown,21,5,0
2763752.19,Kigali,web,0,1,0
1480502.08,Kigali,web,12,2,0
1321446.82,Rubavu,mobile,4,5,0
529378.28,Kigali,mobile,20,5,0
172846.36,Butare,web,20,0,0
3916877.44,Rubavu,mobile,11,4,0
540371.34,Rubavu,mobile,7,7,0
4443103.03,Butare,mobile,4,4,0
1069307.15,Rubavu,mobile,19,0,0
3798498.62,International,atm,7,2,0
4115085.9,Kigali,mobile,3,1,1
3962883.33,Rubavu,pos,12,6,0
4364342.67,Butare,mobile,21,4,0
1698934.42,Kigali,mobile,19,0,0
4929449.44,Kigali,mobile,16,6,0
1398333.71,Musanze,atm,3,1,0
4671523.3,Gisenyi,atm,6,0,0
2187481.75,Kigali,mobile,0,3,0
285131.5,International,mobile,15,4,0
3924689.89,Rubavu,pos,9,2,0
3937160.46,Butare,web,7,4,0
986890.82,Rubavu,web,16,4,0
4117650.48,Kigali,web,1,3,1
788318.23,Kigali,web,11,3,0
757582.58,Kigali,web,22,4,0
4044691.98,Kigali,atm,19,4,0
1451450.51,Nyagatare,unknown,18,2,0
384850.74,Kigali,web,20,0,0
4781741.76,Kigali,mobile,20,3,0
2785422.26,Rubavu,unknown,2,2,1
2240663.41,Nyagatare,atm,0,5,1
2520798.16,Kigali,web,19,2,0
3352416.16,Musanze,web,5,2,0
4308399.09,Kigali,atm,19,3,0
3363058.15,Kigali,atm,14,1,0
3697762.2,Butare,atm,16,2,0
901175.32,Kigali,unknown,1,2,0
1920773.3,Nyagatare,web,15,3,0
2924256.56,Nyagatare,mobile,23,0,1
3097222.77,Rubavu,mobile,4,1,0
1353830.21,Kigali,atm,11,1,0
4874923.77,Kigali,web,2,1,0
591370.77,Rubavu,pos,1,3,0
561835.6,Kigali,mobile,5,1,0
1146136.42,Butare,atm,5,5,0
3769689.37,Kigali,mobile,19,3,0
183238.17,Butare,atm,3,2,0
4939334.96,Kigali,web,9,4,0
4938653.37,Kigali,unknown,19,4,1
798841.14,Butare,web,2,3,0
2006315.77,Gisenyi,atm,0,3,1
1019984.74,Butare,mobile,8,2,0
2040372.05,Kigali,atm,22,5,0
2664547.64,Kigali,web,18,5,0
4113748.39,Kigali,mobile,17,8,0
179518.59,Rubavu,atm,19,1,0
4934494.91,Kigali,mobile,10,2,0
4702844.52,Nyagatare,mobile,8,4,0
2852301.29,Musanze,mobile,6,2,0
2404741.45,Nyagatare,web,3,3,0
2753448.44,Nyagatare,mobile,5,3,0
92695.41,Rubavu,web,12,2,0
3688544.62,Musanze,mobile,15,0,0
2482431.7,Rubavu,mobile,1,4,0
1430556.58,Kigali,mobile,20,2,0
2307987.02,Musanze,mobile,19,4,0
1463192.73,Gisenyi,mobile,17,2,0
3499903.89,Kigali,mobile,1,3,0
3072363.8,Musanze,mobile,12,1,0
1940768.95,Nyagatare,web,21,6,0
1571552.59,Butare,mobile,5,2,0
4390244.2,Butare,unknown,8,5,1
3411352.1,Butare,web,8,4,0
3579051.19,Rubavu,web,9,3,0
3093218.66,Kigali,mobile,5,3,0
376615.14,Musanze,web,0,1,0
296782.8,Kigali,mobile,2,1,0
2146143.01,Kigali,pos,1,4,0
4652534.54,Musanze,mobile,22,0,0
2623778.04,Kigali,mobile,16,3,0
4379484.62,Nyagatare,atm,3,1,0
483200.94,International,unknown,0,5,1
3621443.24,Kigali,web,11,1,0
1227066.61,Nyagatare,mobile,15,1,0
2622718.55,Gisenyi,pos,12,2,0
1464958.89,Kigali,atm,2,7,0
3561810.63,Butare,mobile,19,3,0
2004744.82,Musanze,mobile,5,5,0
2311111.38,Rubavu,atm,15,7,0
1227104.19,Butare,mobile,10,2,0
1407649.35,Kigali,web,12,2,0
897788.72,Rubavu,mobile,0,2,0
2769215.84,Kigali,web,0,2,1
725412.28,Kigali,mobile,13,1,0
1341378.96,Rubavu,web,21,1,0
2652541.54,Gisenyi,pos,8,1,0
1374519.08,Kigali,web,21,3,0
2942704.05,Rubavu,pos,17,1,0
71312.94,Kigali,web,14,2,0
4866127.33,Musanze,web,1,3,1
3650079.29,Butare,mobile,1,6,0
2519343.73,Gisenyi,mobile,20,3,0
4604229.18,Gisenyi,mobile,0,2,0
4348895.52,Kigali,mobile,4,1,0
1833088.32,Rubavu,mobile,23,3,0
581087.83,Nyagatare,mobile,8,3,0
1261535.84,Nyagatare,mobile,22,1,0
1043842.0,Rubavu,web,17,5,0
3750412.15,International,web,11,6,1
2740775.41,Gisenyi,atm,13,4,0
4250565.87,Kigali,mobile,4,5,0
2448758.9,Rubavu,web,19,3,0
3848940.39,Nyagatare,pos,18,1,0
1617452.48,Kigali,web,22,4,0
3010952.94,Kigali,web,1,6,0
3197181.21,International,web,3,1,1
3796555.81,Musanze,web,7,2,0
3997542.26,Kigali,mobile,1,1,1
1382876.96,Gisenyi,mobile,20,0,0
1925597.48,Kigali,mobile,5,3,0
1036071.89,Kigali,web,6,3,0
3739297.94,Kigali,mobile,7,3,0
1354005.95,Kigali,pos,11,2,0
1955400.5,Butare,web,17,2,0
4015230.86,Kigali,atm,22,5,0
1699343.3,Nyagatare,pos,9,4,0
1457855.8,Musanze,web,8,4,0
3256081.57,Kigali,mobile,10,3,0
4876880.24,Kigali,unknown,7,2,1
313588.53,International,unknown,1,7,1
4174024.63,Gisenyi,mobile,8,2,0
608463.37,Butare,atm,6,6,0
1724818.14,Kigali,mobile,8,4,0
2083881.3,Kigali,mobile,5,6,0
3593837.43,Musanze,web,13,4,0
4632866.37,Butare,mobile,7,5,0
510503.8,International,pos,14,2,0
3724169.86,International,web,18,3,1
1611800.83,Kigali,atm,14,4,0
4509604.02,International,mobile,22,2,1
1391444.99,International,pos,15,4,0
3469462.82,Musanze,mobile,14,0,0
824196.62,Kigali,web,4,4,0
4789756.42,Kigali,web,10,3,0
22119.53,Kigali,mobile,4,1,0
1164643.46,Kigali,unknown,22,8,0
3379882.61,Musanze,mobile,16,2,0
4267694.39,Nyagatare,atm,17,5,0
4967789.77,Musanze,web,9,7,0
866716.55,Musanze,mobile,14,2,0
1536065.63,Butare,pos,20,5,0
4459314.18,Gisenyi,mobile,5,3,0
162983.33,Rubavu,mobile,15,4,0
3666742.45,Kigali,mobile,11,3,0
2115548.09,Rubavu,mobile,5,6,0
3444245.69,Kigali,web,5,2,0
2624738.16,Kigali,mobile,11,3,0
3135745.88,Gisenyi,web,6,1,0
3333485.22,Butare,atm,1,3,1
3156414.1,Rubavu,unknown,12,2,1
3322982.61,Gisenyi,atm,11,7,0
2841955.49,Kigali,mobile,2,3,1
3569619.84,International,mobile,23,2,1
3880229.35,Musanze,web,13,2,0
3939783.13,Nyagatare,pos,0,4,1
4267638.74,Musanze,web,6,4,0
1582353.9,Kigali,web,10,5,0
3728994.27,Nyagatare,mobile,5,2,0
4733333.13,International,web,19,2,1
1837656.66,Kigali,mobile,17,2,0
3888316.76,Kigali,web,4,0,0
1457668.16,International,pos,11,5,0
878258.54,Kigali,unknown,11,5,0
2232411.25,Musanze,pos,20,7,0
4032757.53,Kigali,pos,17,2,0
1535959.04,Rubavu,mobile,14,2,0
1475049.37,Rubavu,web,1,2,0
1388736.34,Nyagatare,mobile,7,1,0
1090995.86,Rubavu,mobile,14,3,0
3055749.41,Kigali,pos,16,6,0
1217062.76,Butare,mobile,5,2,0
4674546.66,Kigali,mobile,21,2,0
1729982.27,Gisenyi,mobile,22,5,0
2712222.59,Butare,mobile,5,4,0
2046147.73,Kigali,mobile,13,3,0
4813597.31,Rubavu,web,16,2,0
2120345.51,Kigali,pos,5,4,0
2818690.39,Nyagatare,atm,19,1,0
3817234.59,Kigali,web,0,3,1
856897.04,Butare,atm,15,2,0
163692.69,Musanze,web,5,3,0
2274872.12,Musanze,unknown,18,2,0
2753430.02,Gisenyi,web,3,2,0
1435661.66,Kigali,mobile,7,4,0
2312792.08,Gisenyi,atm,23,1,0
3075994.7,Musanze,pos,2,4,1
4866378.15,Kigali,mobile,10,5,0
3009084.89,Kigali,mobile,19,4,0
2244562.05,Gisenyi,web,18,1,0
113131.21,Gisenyi,web,23,0,0
1553260.87,Kigali,pos,18,2,0
1792750.58,Butare,web,15,2,0
2384984.38,Kigali,web,18,3,0
3910964.23,Kigali,mobile,21,2,0
3879548.94,Musanze,unknown,18,5,1
4226507.27,Butare,mobile,20,2,0
1450317.8,Kigali,web,19,3,0
1732623.48,International,web,13,2,0
751619.33,Kigali,mobile,11,2,0
4287150.17,Kigali,mobile,0,3,0
3261349.71,International,web,10,4,0
388210.75,Kigali,mobile,10,4,0
1518633.16,International,mobile,22,4,0
764048.89,Rubavu,pos,21,5,0
4846156.17,Butare,mobile,16,2,0
1623351.74,Gisenyi,web,9,6,0
2482588.36,Butare,web,3,3,1
1589851.13,Musanze,pos,22,7,0
2371745.51,Kigali,mobile,18,6,0
4993111.42,Musanze,web,22,4,0
1437300.19,International,mobile,13,4,0
1413468.96,Butare,pos,16,4,0
1857212.17,Kigali,web,20,5,0
846999.21,Kigali,mobile,16,4,0
3695089.21,Kigali,mobile,19,1,0
1897011.84,Kigali,mobile,17,5,0
2904503.46,Kigali,atm,9,1,0
3306684.79,Rubavu,web,17,2,0
177700.44,Butare,mobile,21,5,0
3220191.96,Nyagatare,mobile,23,1,0
2664080.41,Butare,unknown,5,5,0
414710.63,Kigali,pos,18,2,0
622870.36,Kigali,mobile,18,3,0
2204271.72,Rubavu,web,18,6,0
1731865.42,Gisenyi,web,12,4,0
2187760.28,Rubavu,web,18,4,0
3177757.67,Kigali,mobile,11,4,0
772546.84,Nyagatare,mobile,3,4,0
3312391.85,Kigali,mobile,6,4,0
4090722.86,Kigali,mobile,1,4,1
15139.7,Rubavu,mobile,22,2,0
1842633.77,Rubavu,mobile,6,8,0
1376200.37,Butare,web,19,3,0
2160282.89,Kigali,web,3,5,0
3076585.94,Kigali,mobile,20,5,0
938252.72,Kigali,web,16,1,0
670911.04,Gisenyi,mobile,21,1,0
3644327.63,Rubavu,mobile,6,6,0
3428922.83,Rubavu,mobile,19,1,0
2304492.05,Musanze,web,7,2,0
2506862.98,Kigali,mobile,22,2,0
1349671.28,Gisenyi,web,13,1,0
1646231.05,Kigali,mobile,9,2,0
1600752.84,Gisenyi,pos,13,5,0
3631812.38,Rubavu,mobile,0,3,0
2778437.69,Rubavu,mobile,13,1,0
3647578.6,Kigali,atm,16,1,0
2953787.94,Kigali,atm,7,4,0
2728408.73,Nyagatare,mobile,13,6,0
1603249.48,Musanze,mobile,16,2,0
1977631.32,Kigali,web,23,1,0
4437045.68,Gisenyi,web,16,2,0
2879862.04,Kigali,atm,9,2,0
2622514.26,Rubavu,web,17,2,0
266130.82,Gisenyi,atm,2,3,0
3354610.4,Kigali,web,9,6,0
3430244.23,Butare,web,10,1,0
3453437.52,Musanze,web,19,0,0
456564.96,Kigali,atm,15,1,0
1502626.07,Musanze,mobile,16,3,0
1856444.62,Kigali,mobile,23,2,0
4132571.23,Musanze,pos,6,2,0
4903373.33,Kigali,atm,17,6,0
2074030.59,Kigali,atm,8,1,0
2771626.4,Kigali,mobile,19,6,0
37182.62,Nyagatare,web,5,2,0
44392.02,Butare,web,12,3,0
372963.9,Butare,atm,8,5,0
3597472.48,Kigali,web,15,3,0
891093.92,Kigali,web,0,0,0
3789366.13,Gisenyi,mobile,2,3,0
2159664.82,Kigali,pos,21,4,0
4249920.06,Nyagatare,unknown,22,1,1
4351646.71,Butare,web,13,2,0
4399224.62,Kigali,web,3,3,0
2717741.44,Kigali,mobile,22,1,0
3942642.9,Kigali,mobile,6,3,0
3309730.21,Kigali,web,14,3,0
933972.61,Kigali,mobile,7,5,0
1907892.87,Kigali,web,4,3,0
4811830.58,Nyagatare,web,9,3,0
3862937.22,Kigali,web,9,4,0
1315337.89,Musanze,mobile,17,4,0
1405231.2,Butare,atm,12,3,0
1271278.52,Nyagatare,mobile,12,2,0
1644410.72,Rubavu,web,18,5,0
4641572.73,Kigali,pos,15,2,0
2167994.68,International,atm,16,2,1
1821579.93,Kigali,pos,22,3,0
1196292.09,Kigali,mobile,22,1,0
4462094.12,International,atm,14,1,1
4786904.11,Kigali,web,16,1,0
1618045.48,Gisenyi,mobile,9,6,0
3083458.79,International,mobile,23,1,1
4792187.52,Rubavu,mobile,19,1,0
2497650.27,Rubavu,web,7,3,0
2343577.49,Gisenyi,web,13,2,0
2638707.4,Gisenyi,mobile,0,3,0
166333.57,Nyagatare,web,23,2,0
1500944.99,Butare,mobile,12,1,0
3495111.6,Rubavu,mobile,17,2,0
4833664.42,Rubavu,mobile,3,4,0
2843939.23,Butare,web,3,4,1
952783.94,Nyagatare,mobile,14,4,0
2134352.95,Kigali,mobile,1,3,0
2450353.42,Kigali,mobile,11,3,0
761547.44,Gisenyi,atm,0,1,0
1646749.36,Kigali,web,13,3,0
2225600.18,Nyagatare,web,17,2,0
1309879.97,Musanze,mobile,19,5,0
1769755.05,Kigali,web,1,2,0
1381583.68,Kigali,mobile,6,3,0
3064301.2,Rubavu,unknown,0,2,1
2893223.8,Kigali,web,19,4,0
2758700.46,Nyagatare,pos,23,3,0
484128.23,Kigali,mobile,23,4,0
918196.46,Musanze,web,13,1,0
554580.43,Butare,web,16,6,0
316873.19,Butare,atm,4,3,0
1234525.99,Kigali,web,8,4,0
973010.09,International,mobile,20,3,0
3625119.5,Kigali,mobile,20,4,0
3479586.15,Kigali,mobile,5,2,0
1007095.22,Kigali,mobile,23,6,0
828235.83,Butare,mobile,22,3,0
724906.32,Kigali,mobile,13,2,0
1600589.83,Butare,web,6,2,0
1471287.25,Nyagatare,atm,22,4,0
143173.78,Butare,mobile,16,3,0
2839568.41,Kigali,web,1,7,0
4490208.33,Kigali,atm,4,1,0
2694513.89,Kigali,web,4,2,0
319508.76,Nyagatare,web,9,3,0
2997955.0,Kigali,mobile,12,3,0
2425037.7,Kigali,mobile,19,1,0
4534690.76,International,web,7,1,1
1816415.62,Butare,mobile,7,3,0
3760034.16,Butare,web,23,0,0
192682.04,Nyagatare,atm,13,3,0
3607604.68,Butare,unknown,6,3,1
208112.23,Kigali,pos,11,3,0
1723904.03,Musanze,unknown,15,6,0
4740455.08,Kigali,unknown,6,3,1
3516172.41,Butare,mobile,12,8,0
4625153.02,Musanze,unknown,12,1,1
2479516.92,Nyagatare,mobile,7,1,0
3031280.02,Gisenyi,pos,3,3,0
2588982.65,Butare,web,13,1,0
2394583.5,Kigali,pos,15,2,0
2891364.04,Gisenyi,unknown,15,2,0
194977.33,Kigali,pos,7,2,0
928826.85,Butare,pos,1,3,0
1073500.45,Rubavu,mobile,19,2,0
1914553.23,Gisenyi,pos,10,3,0
2173058.44,Kigali,mobile,10,1,0
3698720.83,Kigali,web,0,5,0
828117.62,Kigali,web,20,7,0
2849677.51,Kigali,web,10,3,0
1361809.57,Kigali,atm,22,4,0
2578510.9,Nyagatare,mobile,3,2,0
3133263.33,Rubavu,web,1,1,0
2912461.44,Nyagatare,web,19,5,0
1077296.3,Butare,web,21,1,0
3547410.92,Kigali,web,8,4,0
3269112.39,Kigali,mobile,10,2,0
4660050.41,Kigali,mobile,4,4,0
3170942.55,Musanze,unknown,9,2,0
3601761.88,Kigali,unknown,8,4,0
4055232.75,Kigali,web,2,3,0
530468.41,Nyagatare,mobile,2,6,0
3481823.19,Kigali,mobile,3,5,0
1593241.86,Butare,unknown,6,4,0
4115832.3,Kigali,pos,15,5,0
2401162.46,Nyagatare,mobile,15,5,0
2903288.97,Rubavu,web,6,1,0
1302057.7,Butare,unknown,17,3,0
3253000.31,Nyagatare,mobile,12,4,0
178728.83,Rubavu,web,11,4,0
3742997.13,Musanze,unknown,19,4,1
816897.56,International,pos,12,6,0
1138258.97,Kigali,mobile,23,3,0
5050.86,Kigali,unknown,3,2,0
1566216.59,Gisenyi,mobile,23,3,0
1941551.97,Butare,mobile,21,5,0
1170381.49,Nyagatare,mobile,11,3,0
1151436.96,Kigali,mobile,4,6,0
4464958.45,Butare,atm,1,1,0
1632599.29,Butare,mobile,7,2,0
3611549.4,Butare,pos,23,1,0
1187288.78,Kigali,pos,4,1,0
4045301.62,Kigali,mobile,7,3,0
3388871.09,Kigali,web,14,6,0
3781141.86,Gisenyi,atm,17,1,0
2197964.07,Butare,web,11,4,0
4397883.04,Kigali,mobile,8,3,0
1870375.11,Rubavu,mobile,1,4,0
3004674.8,Musanze,web,0,5,1
3200540.54,Kigali,web,20,4,0
4761280.8,Rubavu,pos,6,1,0
673046.18,Kigali,mobile,9,1,0
678457.93,Nyagatare,web,19,3,0
2310526.06,International,pos,18,0,1
4589419.16,Kigali,unknown,10,5,1
108914.7,Musanze,mobile,19,1,0
1381739.9,Kigali,web,12,2,0
1418289.83,International,mobile,1,4,0
1525110.54,Butare,mobile,0,4,0
124012.49,Butare,web,21,2,0
4128118.86,Musanze,mobile,2,2,0
45042.81,Kigali,web,9,5,0
2388780.92,Kigali,mobile,21,5,0
282266.94,Kigali,unknown,16,5,0
3993320.83,Gisenyi,mobile,10,5,0
3733055.89,Musanze,mobile,5,7,0
3607793.54,Nyagatare,web,17,1,0
3681456.59,Butare,web,6,4,0
4701227.66,Musanze,mobile,4,0,0
2084346.16,Kigali,atm,12,1,0
4307943.23,Rubavu,atm,21,3,0
921569.15,Kigali,web,2,2,0
2256596.88,Kigali,mobile,6,3,0
45041.02,Gisenyi,unknown,9,3,0
1421059.4,Kigali,atm,4,3,0
2291068.3,Butare,mobile,22,5,0
4546494.55,Musanze,atm,19,1,0
1585099.35,Gisenyi,mobile,1,2,0
3362206.56,Kigali,mobile,3,3,0
4169917.04,Butare,web,12,1,0
1632985.39,Musanze,atm,9,2,0
846556.39,Butare,unknown,17,4,0
2956175.12,Nyagatare,unknown,19,2,1
1422277.05,Kigali,web,0,3,0
3262434.32,Butare,atm,22,1,0
673937.87,Kigali,web,11,6,0
758398.42,Gisenyi,mobile,12,3,0
3379777.38,Gisenyi,mobile,3,2,0
4867810.42,Gisenyi,unknown,5,4,1
1234858.12,Butare,mobile,8,3,0
3569707.22,Butare,atm,4,4,0
2660437.04,Nyagatare,mobile,13,1,0
4219285.74,Kigali,web,1,4,0
1944735.52,Butare,mobile,17,4,0
4858584.12,Kigali,pos,15,5,0
412443.15,Kigali,mobile,8,7,0
4923246.86,Kigali,atm,20,0,0
4231263.44,Rubavu,mobile,23,1,1
4332357.41,Rubavu,pos,20,4,0
4212095.99,Kigali,web,1,2,0
4309387.46,International,web,19,3,0
4075855.4,Kigali,mobile,3,6,0
4497635.92,Musanze,web,6,2,0
2304273.31,Kigali,mobile,14,2,0
4696485.09,Butare,pos,4,3,0
1925121.78,Rubavu,atm,8,5,0
3642718.86,Gisenyi,mobile,0,1,1
3551907.71,Butare,unknown,15,4,1
4104572.06,Musanze,pos,22,2,0
3692043.99,Rubavu,mobile,23,2,0
177379.85,Nyagatare,pos,13,3,0
3695894.59,Kigali,mobile,23,3,1
116972.18,Kigali,web,9,2,0
2666384.94,International,mobile,6,2,0
4194827.06,Kigali,unknown,15,0,1
4147961.02,Kigali,mobile,10,2,0
4206644.3,Kigali,mobile,7,3,0
3012251.93,Rubavu,web,0,3,0
919468.32,Gisenyi,web,6,4,0
2540136.6,Kigali,web,5,3,0
2581301.34,Kigali,atm,10,5,0
1624176.37,Butare,mobile,17,3,0
2120784.33,Kigali,web,19,4,0
4360947.25,Kigali,web,7,1,0
2589880.21,Gisenyi,mobile,15,3,0
3523866.73,Kigali,web,16,5,0
2479309.49,Kigali,web,20,2,0
3087547.75,Butare,web,3,2,0
463388.69,Nyagatare,mobile,14,2,0
4656975.34,Kigali,web,2,5,1
2179947.37,Kigali,mobile,0,1,0
3741639.2,Butare,atm,15,7,0
3335672.08,Kigali,web,5,5,0
3996461.28,Gisenyi,mobile,17,2,0
174847.1,Musanze,web,4,3,0
4676791.65,Kigali,unknown,9,5,0
4148819.35,Rubavu,pos,16,1,0
4168890.92,Nyagatare,pos,22,3,0
2335833.65,Nyagatare,unknown,18,4,1
3981721.38,Gisenyi,mobile,16,2,0
2876122.59,Kigali,atm,22,5,0
2517638.44,Rubavu,web,9,6,0
3924717.41,Rubavu,mobile,6,1,0
3139186.26,Musanze,atm,5,2,0
386263.5,Nyagatare,mobile,8,4,0
1572890.85,Gisenyi,unknown,10,2,0
3110652.48,Butare,pos,11,4,0
4519052.68,Butare,atm,17,2,0
4665037.68,Kigali,web,5,1,0
4194638.66,Kigali,web,11,2,0
1271935.54,Rubavu,atm,10,3,0
2367172.68,Kigali,pos,15,5,0
2167235.28,Kigali,mobile,1,2,0
2193707.16,Kigali,mobile,17,1,0
249398.02,Nyagatare,mobile,22,4,0
868603.36,Butare,mobile,12,1,0
766724.55,Kigali,unknown,11,2,0
3086534.18,Nyagatare,web,19,3,0
2059285.92,Gisenyi,web,23,0,0
1622277.82,Kigali,mobile,12,1,0
2219803.5,Rubavu,atm,14,3,0
1621408.14,Butare,web,20,0,0
3787470.36,Rubavu,atm,6,3,0
835626.15,Kigali,pos,1,0,0
281145.6,Kigali,web,9,1,0
3253701.76,Butare,web,17,6,0
1153280.47,Kigali,atm,18,6,0
3216949.71,Gisenyi,web,4,3,0
293179.6,Musanze,pos,23,3,0
1235862.07,Nyagatare,mobile,15,3,0
769842.34,Musanze,mobile,8,2,0
1453721.22,Kigali,unknown,11,5,0
1644611.84,Rubavu,mobile,23,8,0
2476236.43,Butare,web,17,3,0
2600933.16,Nyagatare,web,20,4,0
3150675.15,Rubavu,web,12,4,0
1658594.78,Kigali,pos,2,6,0
2660340.2,Kigali,atm,19,4,0
4950591.58,Butare,pos,2,4,1
1053591.06,Kigali,unknown,2,2,0
763952.69,Kigali,unknown,14,2,0
4212899.23,Musanze,pos,17,2,0
2052122.81,Kigali,web,2,4,0
4234494.99,Kigali,mobile,9,2,0
2123732.71,Kigali,atm,10,1,0
108913.47,Rubavu,unknown,7,4,0
1874677.75,Gisenyi,unknown,7,2,0
3050848.35,Kigali,web,9,0,0
2238050.03,Kigali,atm,20,2,0
2296985.17,Kigali,mobile,0,2,0
4991580.55,International,mobile,16,6,1
2720863.77,Kigali,web,12,1,0
3484850.31,Nyagatare,mobile,6,8,0
3605004.12,Musanze,mobile,18,1,0
1356.19,Kigali,web,13,2,0
2762528.66,Rubavu,unknown,6,3,1
4815299.85,Butare,unknown,20,3,1
3754238.7,International,mobile,16,2,1
1702466.89,Gisenyi,mobile,14,1,0
1823173.77,Butare,mobile,4,4,0
1518434.18,Gisenyi,web,10,3,0
3151226.25,Kigali,atm,0,2,1
487028.79,Kigali,web,11,4,0
1450357.07,Rubavu,unknown,15,3,0
2491323.27,Kigali,web,0,1,1
2676317.74,Kigali,web,21,4,0
3037234.64,Gisenyi,atm,16,5,0
3986226.32,International,unknown,15,3,1
816600.52,Nyagatare,mobile,14,5,0
1125463.61,Musanze,mobile,21,4,0
4361627.86,Butare,mobile,18,4,0
4155879.05,Musanze,web,22,2,0
4107942.84,Gisenyi,web,1,3,0
1043474.59,Butare,mobile,15,5,0
291754.23,Kigali,atm,6,3,0
2617312.59,International,mobile,20,2,1
4350278.95,Gisenyi,atm,12,2,0
1187965.66,Rubavu,pos,0,2,0
4521049.41,Kigali,pos,22,4,0
708091.74,Butare,mobile,9,0,0
1490831.95,International,mobile,22,1,0
1491792.04,Musanze,web,9,4,0
755925.3,Nyagatare,pos,19,4,0
4363954.48,Kigali,web,11,1,0
2063243.42,Kigali,web,8,3,0
953691.93,Kigali,web,22,4,0
736647.62,Kigali,mobile,23,0,0
2104860.06,Kigali,mobile,13,3,0
86933.31,Butare,atm,5,3,0
605719.94,Kigali,atm,4,2,0
18988.58,Nyagatare,pos,11,1,0
122415.14,Nyagatare,web,14,1,0
4986869.95,Kigali,atm,1,3,1
2244721.64,Rubavu,web,0,1,0
3644759.43,Butare,mobile,22,0,0
3685535.2,Kigali,mobile,2,4,1
4402097.18,Nyagatare,mobile,2,3,1
519177.05,Kigali,web,21,2,0
2628599.67,Gisenyi,pos,13,2,0
1608935.94,Kigali,mobile,11,2,0
2742637.44,Musanze,web,15,4,0
1660931.57,Gisenyi,mobile,12,4,0
918697.91,Musanze,atm,3,2,0
3364299.72,Kigali,mobile,5,1,0
192625.49,Kigali,mobile,4,4,0
4476979.94,Kigali,mobile,5,5,0
731754.13,Musanze,web,21,3,0
3075913.57,Kigali,web,6,1,0
3771146.7,Kigali,mobile,20,3,0
365100.91,Butare,mobile,19,1,0
4516521.19,Kigali,unknown,7,2,1
1781207.84,Musanze,pos,23,0,0
4983633.77,Kigali,web,19,4,0
344375.21,Gisenyi,pos,9,1,0
3584008.59,Butare,pos,9,4,0
803991.86,Kigali,web,20,3,0
2013761.71,Kigali,web,19,5,0
2216340.74,Butare,web,10,1,0
2031071.15,Kigali,atm,0,1,0
1688196.58,Kigali,pos,17,3,0
3836164.0,Kigali,web,10,3,0
4099537.7,Musanze,atm,11,3,0
1678403.11,Kigali,mobile,9,5,0
2413483.24,Nyagatare,atm,16,2,0
2109079.11,Kigali,mobile,5,1,0
2967787.57,Musanze,web,13,4,0
751754.99,Gisenyi,atm,17,1,0
4028521.86,Butare,unknown,2,2,1
3985165.08,Kigali,web,6,5,0
2952270.59,Kigali,mobile,9,4,0
3730848.07,Rubavu,mobile,11,5,0
4942531.59,Butare,web,7,3,0
4612578.79,Butare,atm,12,3,0
3057439.02,Kigali,mobile,23,7,0
2557251.42,Butare,mobile,23,3,0
2672868.04,Gisenyi,mobile,3,1,0
2333339.21,Kigali,mobile,13,5,0
2401389.77,International,unknown,22,1,1
3660319.04,Musanze,mobile,7,2,0
4960612.09,Kigali,web,2,1,0
227048.83,Gisenyi,web,4,1,0
1151325.52,Gisenyi,mobile,0,1,0
1051433.08,Kigali,mobile,11,8,0
4164364.47,Butare,unknown,4,2,1
2098909.39,Kigali,pos,12,2,0
2625898.77,Kigali,unknown,6,1,1
2346027.1,Nyagatare,mobile,22,5,0
4268479.59,Gisenyi,web,21,2,0
2498849.15,Kigali,mobile,9,0,0
3339396.04,Rubavu,mobile,17,2,0
97907.85,International,atm,23,6,0
3262446.0,Kigali,web,4,3,0
1205138.1,Rubavu,mobile,11,3,0
4334409.6,Musanze,mobile,10,3,0
3757895.17,Musanze,mobile,18,3,0
546879.86,Rubavu,mobile,8,3,0
517806.28,Nyagatare,atm,23,3,0
1465344.94,Kigali,web,10,5,0
629255.09,Kigali,pos,11,9,0
3701769.35,Kigali,web,6,7,0
4934089.08,Kigali,web,20,5,0
3276456.03,Kigali,web,6,3,0
1245608.95,Musanze,mobile,23,3,0
2821579.82,Nyagatare,web,9,5,0
4028342.82,Kigali,mobile,23,5,1
4811056.12,International,mobile,7,3,1
25856.15,Butare,unknown,12,1,0
2618689.61,Kigali,mobile,5,3,0
2266344.79,Rubavu,atm,6,2,0
2072756.39,Butare,web,9,3,0
2519436.61,Kigali,atm,8,5,0
2017828.36,International,mobile,2,3,1
1720405.5,Gisenyi,mobile,21,6,0
574481.4,Gisenyi,atm,10,2,0
2499478.09,International,pos,9,0,1
4105346.55,Musanze,atm,13,3,0
524109.29,Kigali,atm,3,3,0
3692587.55,Kigali,mobile,1,1,1
1339196.71,Kigali,atm,20,3,0
1906525.96,Kigali,mobile,14,4,0
4940429.47,International,mobile,19,1,1
3376219.51,Nyagatare,web,3,4,0
3595702.04,Kigali,web,23,2,0
3012153.49,International,web,2,4,1
1612156.3,Kigali,atm,22,4,0
3375741.86,Musanze,web,13,2,0
2286612.98,Kigali,mobile,9,2,0
4160497.97,Kigali,pos,9,5,0
2855500.27,Butare,web,4,2,0
3856294.39,Rubavu,pos,10,2,0
4242616.29,Kigali,web,12,2,0
4105687.64,Nyagatare,mobile,19,2,0
2010835.27,Nyagatare,atm,13,3,0
1844098.5,Kigali,web,2,2,0
4345403.24,Rubavu,mobile,2,2,0
715929.24,Kigali,web,22,2,0
1397379.2,Kigali,unknown,20,2,0
605487.18,Musanze,mobile,12,1,0
210935.6,Kigali,mobile,20,5,0
3079497.36,Nyagatare,web,11,2,0
4503952.33,Butare,pos,22,1,0
647515.32,Kigali,web,7,4,0
3978647.27,International,web,21,3,0
1897009.88,Butare,mobile,14,2,0
3090885.51,Rubavu,mobile,13,7,0
3818826.77,Gisenyi,pos,7,1,0
3550543.03,Kigali,unknown,2,4,1
683951.41,Butare,pos,22,4,0
577371.34,Kigali,mobile,17,3,0
4621004.76,Rubavu,mobile,11,1,0
397816.01,Butare,unknown,6,3,0
1092389.26,Kigali,unknown,7,2,0
2192018.01,Musanze,web,2,3,0
4105145.0,Musanze,web,12,4,0
3013328.47,Rubavu,web,4,2,0
2856131.29,Kigali,mobile,15,3,0
3459928.23,Rubavu,atm,19,7,0
4010891.62,Gisenyi,mobile,17,5,0
1162996.16,Butare,mobile,17,2,0
94997.46,Gisenyi,web,4,3,0
636422.28,Gisenyi,pos,9,2,0
826237.24,Musanze,web,4,5,0
200595.18,International,web,1,4,0
3737716.42,Rubavu,web,7,5,0
4424680.95,Butare,web,0,1,1
3553393.97,Butare,web,18,3,0
943521.81,Kigali,atm,17,3,0
3032420.8,Kigali,mobile,14,4,0
2603258.09,Kigali,mobile,13,5,0
4099907.2,International,atm,5,5,1
4711522.55,Musanze,web,6,5,0
3714802.78,Kigali,web,21,2,0
2562936.82,Butare,web,3,4,0
2555485.77,Kigali,web,1,5,1
4039030.44,Kigali,pos,15,2,0
613010.5,Gisenyi,mobile,3,5,0
766992.16,Gisenyi,web,1,1,0
1717891.96,Nyagatare,web,22,2,0
3735821.41,Kigali,web,19,3,0
330350.39,Butare,mobile,12,3,0
1721946.12,Gisenyi,pos,2,3,0
1593043.01,Nyagatare,mobile,8,5,0
2428945.18,Butare,mobile,18,4,0
2318850.69,Kigali,mobile,20,3,0
3572168.74,Kigali,web,8,2,0
3127992.59,Kigali,web,10,3,0
4513898.54,International,mobile,2,5,1
903691.84,Gisenyi,atm,9,0,0
2160688.69,Kigali,mobile,8,3,0
2000778.0,Rubavu,mobile,5,1,0
563036.21,Kigali,web,6,2,0
824555.76,Butare,mobile,23,3,0
1683484.72,Kigali,mobile,20,2,0
3674144.23,Musanze,web,13,4,0
751231.07,International,web,10,4,0
1326959.38,Nyagatare,web,17,4,0
3382263.43,Kigali,atm,6,1,0
2983471.84,Musanze,web,6,3,0
522417.12,Kigali,unknown,12,1,0
4718553.37,Nyagatare,pos,15,3,0
740570.61,Kigali,mobile,11,0,0
307505.29,Kigali,mobile,1,4,0
1521614.99,Nyagatare,web,6,6,0
132824.5,Kigali,web,18,5,0
154103.59,Butare,mobile,9,2,0
2893871.61,Kigali,web,9,5,0
4464807.36,Musanze,web,5,1,0
2013020.7,Rubavu,web,19,3,0
1511061.36,Musanze,pos,11,2,0
4573178.96,Kigali,web,0,6,0
307775.77,Nyagatare,atm,3,6,0
2366826.25,Butare,web,12,2,0
1263385.4,Kigali,unknown,18,2,0
1908864.89,Kigali,mobile,4,9,0
2054264.21,Nyagatare,pos,22,6,0
2725915.54,Kigali,web,23,0,0
2266528.16,Musanze,web,18,2,0
4940253.12,Nyagatare,web,20,2,0
128043.2,Kigali,mobile,11,2,0
3788415.51,Musanze,web,23,8,1
255451.04,Kigali,web,6,0,0
2155635.95,Kigali,pos,20,2,0
1009633.31,Gisenyi,mobile,23,0,0
4726538.85,Gisenyi,mobile,21,3,0
3612590.72,Kigali,mobile,6,5,0
2314504.39,Butare,web,18,5,0
4761234.47,Kigali,pos,12,2,0
3606612.45,Kigali,mobile,15,2,0
4759725.92,Butare,mobile,1,5,1
3523022.07,Gisenyi,web,17,2,0
389015.2,Kigali,mobile,9,1,0
3081718.7,Rubavu,mobile,1,4,1
4901758.35,Kigali,web,1,3,0
1071303.41,Gisenyi,web,6,2,0
3963802.05,Kigali,pos,0,3,0
923568.01,Butare,pos,3,1,0
2261459.8,Nyagatare,mobile,6,4,0
423776.27,Rubavu,mobile,17,6,0
1703260.42,Kigali,unknown,20,5,0
3881244.3,Nyagatare,mobile,16,1,0
226817.61,Kigali,mobile,11,4,0
1601323.08,Kigali,web,1,3,0
3148946.7,Butare,mobile,11,4,0
4742812.83,Kigali,web,16,5,0
1227136.17,Nyagatare,pos,20,0,0
866163.47,Butare,mobile,7,4,0
1018751.32,Kigali,web,15,1,0
1184425.28,Kigali,mobile,6,0,0
3191788.62,Musanze,unknown,2,3,1
4993339.92,International,atm,20,5,0
2618194.61,Nyagatare,mobile,5,3,0
1357518.19,Kigali,mobile,1,3,0
3734925.37,Musanze,mobile,11,2,0
791679.08,Kigali,mobile,17,3,0
150555.86,Kigali,mobile,13,1,0
3026522.21,Butare,mobile,5,2,0
1051872.62,Rubavu,mobile,1,3,0
1996486.64,Kigali,web,22,3,0
1156067.63,Gisenyi,mobile,20,2,0
4590349.63,Musanze,unknown,21,5,1
1690274.21,Kigali,atm,15,3,0
2245642.9,Butare,mobile,17,1,0
1174597.46,Butare,mobile,1,2,0
424712.63,Musanze,unknown,1,2,0
2563026.81,Musanze,mobile,12,3,0
4343681.98,Musanze,mobile,20,2,0
1758732.4,Rubavu,mobile,21,1,0
3904952.54,Gisenyi,atm,19,2,0
163545.31,Butare,web,12,2,0
1177925.47,Kigali,mobile,22,7,0
657910.89,Butare,mobile,12,1,0
2014710.55,Nyagatare,mobile,5,6,0
4471717.48,Gisenyi,mobile,23,1,0
1867872.9,International,mobile,15,1,0
3016816.48,Kigali,mobile,1,3,0
4490761.53,Butare,atm,19,2,0
1799252.86,Kigali,atm,9,2,0
1829095.25,Kigali,atm,15,5,0
440371.21,Musanze,web,19,3,0
1745573.73,Musanze,mobile,10,3,0
3730926.33,Kigali,web,17,1,0
4223224.58,International,web,11,6,1
3613891.2,Nyagatare,web,21,3,0
35123.31,Nyagatare,pos,10,4,0
585325.51,Kigali,pos,15,5,0
3655044.5,Butare,mobile,14,0,0
4712012.09,Kigali,web,0,1,1
3476957.97,Kigali,mobile,7,5,0
1130903.51,Kigali,web,23,2,0
538238.02,Nyagatare,web,8,3,0
4385142.91,Gisenyi,pos,10,4,0
495603.04,Kigali,web,6,6,0
755609.3,Nyagatare,atm,11,1,0
2983665.26,Kigali,mobile,6,6,0
950390.39,Nyagatare,web,5,2,0
1138352.98,Kigali,mobile,13,5,0
711721.72,Rubavu,mobile,3,1,0
4721658.83,Gisenyi,web,21,5,0
625063.44,Musanze,pos,12,2,0
4656694.65,Gisenyi,pos,15,6,0
1631321.79,Kigali,web,1,2,0
4107886.67,Kigali,mobile,10,3,0
4750012.85,Nyagatare,web,0,3,1
2596529.13,Butare,mobile,23,3,0
3850975.54,Musanze,mobile,13,0,0
1330419.33,Rubavu,mobile,23,5,0
1915129.48,Rubavu,pos,14,3,0
2765157.13,International,web,8,4,1
4252380.65,Gisenyi,mobile,23,3,0
3103879.83,Rubavu,pos,21,0,0
110983.07,Musanze,web,22,2,0
1524270.44,Kigali,atm,3,3,0
4324926.69,International,atm,23,4,1
1201563.99,Kigali,unknown,0,5,0
1839956.89,Rubavu,mobile,23,1,0
1948378.81,International,pos,12,3,0
772686.45,Musanze,mobile,17,2,0
1749385.34,Kigali,unknown,6,1,0
4087194.88,Kigali,web,7,2,0
4245544.8,Butare,web,3,6,0
2904697.27,Gisenyi,unknown,19,2,1
3393858.66,Gisenyi,mobile,13,1,0
2673096.23,Musanze,web,9,2,0
221840.69,Nyagatare,unknown,6,1,0
3483575.99,Kigali,unknown,6,2,0
4982756.1,Kigali,mobile,13,6,0
1139502.72,Kigali,mobile,10,3,0
4910764.92,Kigali,web,18,1,0
4988869.12,Butare,atm,11,5,0
708002.27,Kigali,atm,7,4,0
4630712.83,Butare,web,19,5,0
3377825.41,Kigali,web,4,6,0
2332125.94,Butare,mobile,6,1,0
1723631.26,Gisenyi,web,19,6,0
3149193.07,Musanze,web,16,3,0
4214011.99,Musanze,web,12,8,0
170994.75,Butare,mobile,7,4,0
2677543.63,Kigali,web,0,3,0
3251494.79,Kigali,unknown,10,7,1
128503.66,Kigali,atm,0,2,0
4445443.46,Nyagatare,web,12,1,0
4758973.7,Musanze,mobile,13,1,0
3062650.32,Kigali,atm,20,4,0
585446.87,Nyagatare,web,0,8,0
4662092.35,Gisenyi,web,13,8,0
4025132.98,Musanze,pos,9,7,0
143226.87,Butare,web,23,1,0
2895998.56,Kigali,web,2,3,0
573129.31,Kigali,mobile,20,3,0
705761.45,Butare,web,19,1,0
962953.47,Musanze,mobile,2,7,0
1981244.38,Musanze,mobile,17,5,0
4381976.11,Rubavu,mobile,23,2,0
155861.53,Butare,mobile,18,3,0
3446210.24,Rubavu,web,5,6,0
4822771.67,Kigali,web,1,1,1
3206346.6,International,atm,19,2,0
4078117.49,Kigali,atm,3,4,1
4508910.69,Rubavu,atm,1,0,0
3574131.63,Kigali,web,19,3,0
3299384.07,Kigali,web,2,4,1
90324.74,Rubavu,unknown,17,3,0
2594686.0,Rubavu,atm,17,4,0
2346394.32,Kigali,atm,17,2,0
2613766.78,Rubavu,mobile,4,1,0
2162685.71,Kigali,web,4,2,0
4532834.29,International,web,14,4,0
4445205.93,Gisenyi,mobile,7,1,0
628929.93,Kigali,web,1,2,0
2664697.56,Kigali,web,7,4,0
4797815.14,Kigali,web,5,5,0
2993521.45,Kigali,pos,18,1,0
4008441.27,Gisenyi,web,10,3,0
1867113.43,Kigali,pos,20,3,0
1886556.35,Butare,web,3,4,0
1628773.57,Kigali,mobile,20,3,0
109716.4,Rubavu,web,21,1,0
4624295.64,Gisenyi,atm,19,5,0
1748533.67,Gisenyi,web,9,4,0
1835756.24,International,pos,7,3,0
3797857.27,Kigali,unknown,17,4,1
2634702.17,Kigali,mobile,19,1,0
1810529.75,International,mobile,17,1,0
4418145.34,Kigali,web,12,3,0
4126983.38,Musanze,mobile,1,4,1
4884019.46,Kigali,pos,9,1,0
3205287.67,Rubavu,pos,16,0,0
3450638.01,Butare,atm,16,3,0
1622835.37,Musanze,unknown,12,0,0
498350.15,Rubavu,pos,7,1,0
530030.72,Kigali,unknown,13,3,0
3229879.34,Rubavu,atm,2,3,0
566801.55,Kigali,mobile,11,3,0
4533179.52,Kigali,mobile,0,4,1
3519491.34,Kigali,mobile,14,6,0
1131420.6,Kigali,atm,12,3,0
1396418.7,Rubavu,mobile,1,2,0
3550013.6,International,mobile,3,0,1
4120687.62,Rubavu,web,19,1,0
4197230.22,Rubavu,mobile,6,2,0
3005335.35,Musanze,unknown,9,3,1
776582.32,Nyagatare,pos,22,1,0
4091888.33,Kigali,web,12,5,0
3958321.82,Gisenyi,unknown,20,4,1
4176870.25,Kigali,web,13,5,0
788740.07,Butare,pos,7,2,0
3421946.55,Kigali,pos,7,2,0
4801239.55,Kigali,mobile,17,1,0
1280679.9,Kigali,atm,15,1,0
3583781.77,International,atm,16,1,1
1294957.7,Kigali,mobile,6,7,0
1535828.5,Rubavu,web,9,2,0
2426597.75,Nyagatare,mobile,11,7,0
4474822.74,Kigali,web,21,1,0
193789.73,Rubavu,web,4,1,0
4948211.73,Kigali,unknown,19,3,1
3860499.71,Butare,atm,9,4,0
1799214.6,Nyagatare,web,4,2,0
1771123.94,Kigali,mobile,1,1,0
2415164.69,Kigali,atm,4,2,0
4377454.99,Kigali,mobile,6,1,0
90077.75,Butare,unknown,15,4,0
2741474.13,Musanze,mobile,14,2,0
280904.18,International,mobile,0,1,0
578445.94,Kigali,web,17,4,0
3453483.99,Kigali,unknown,18,2,0
1171927.27,Kigali,mobile,23,5,0
208453.23,International,mobile,0,2,0
821604.28,Kigali,unknown,8,2,0
1043586.1,Kigali,mobile,9,3,0
3849025.09,Rubavu,web,9,8,0
3124808.2,Kigali,mobile,14,5,0
3675752.5,Kigali,mobile,6,5,0
1849426.49,Kigali,mobile,20,4,0
566107.31,International,atm,20,2,0
4026547.87,Kigali,atm,0,1,0
702463.99,Kigali,mobile,6,5,0
1913717.49,Gisenyi,mobile,23,4,0
1311760.07,Kigali,unknown,0,5,0
1483026.0,Rubavu,web,4,3,0
3009482.38,Butare,atm,22,7,0
822178.59,Kigali,mobile,18,4,0
2229646.51,Butare,mobile,17,3,0
3193622.61,International,mobile,13,1,1
4344631.53,Musanze,web,0,0,0
1856451.98,International,mobile,10,1,0
1593799.56,Nyagatare,atm,10,3,0
1839552.2,Musanze,web,2,1,0
2504234.95,Kigali,web,23,8,0
1565816.42,Rubavu,mobile,2,4,0
1252635.1,Kigali,web,18,6,0
1876827.81,Butare,mobile,3,4,0
3889257.41,Nyagatare,mobile,2,1,0
1264447.53,Kigali,mobile,2,3,0
4223225.85,Kigali,web,12,7,0
1425890.15,Nyagatare,web,10,1,0
3015582.95,Rubavu,web,18,1,0
4854895.92,Kigali,atm,13,3,0
4758988.4,Kigali,unknown,17,3,1
2173447.68,Gisenyi,web,19,5,0
338045.09,Musanze,mobile,18,5,0
4513192.26,Musanze,web,19,4,0
635016.45,Butare,mobile,20,7,0
4617784.39,Kigali,mobile,10,2,0
3663286.72,Musanze,mobile,15,4,0
4671228.48,Nyagatare,web,21,7,0
3327126.36,Butare,web,9,1,0
4975565.83,Kigali,web,20,3,0
2335274.9,Gisenyi,web,6,4,0
1648442.73,Kigali,mobile,4,3,0
1966863.13,Gisenyi,web,0,3,0
1751769.52,Kigali,atm,7,2,0
2004286.03,Butare,atm,23,2,1
4426067.93,Gisenyi,mobile,12,1,0
2960509.65,Butare,unknown,19,2,1
3628626.75,Musanze,mobile,5,7,0
1439722.36,Kigali,web,16,4,0
4949358.48,Kigali,mobile,14,2,0
1404033.34,Butare,unknown,14,4,0
795546.22,International,web,5,3,0
3891083.83,Nyagatare,mobile,6,2,0
4195457.14,Kigali,web,0,4,0
1969279.43,Kigali,mobile,10,4,0
2705588.38,Butare,mobile,12,4,0
2070932.85,Rubavu,web,12,5,0
1469962.82,Nyagatare,web,19,0,0
4066978.47,Gisenyi,mobile,15,1,0
3785308.26,Musanze,atm,22,5,0
2426900.48,Rubavu,web,3,4,0
2278026.84,Kigali,mobile,15,6,0
901228.39,Nyagatare,web,16,1,0
3186548.16,Kigali,web,15,2,0
4618426.87,Kigali,web,2,2,0
3594360.04,Musanze,pos,20,3,0
2531599.34,International,mobile,2,3,1
193773.22,Kigali,web,5,5,0
4651449.08,Kigali,mobile,23,1,0
1540567.67,Butare,mobile,6,1,0
1500112.63,Butare,unknown,6,1,0
2348245.47,Musanze,pos,12,2,0
2146115.03,Musanze,web,2,1,1
4811766.31,International,mobile,15,5,1
825454.77,Musanze,mobile,10,4,0
3445766.21,Kigali,web,19,4,0
534262.61,Kigali,web,7,5,0
1384849.44,Gisenyi,web,18,1,0
3610824.82,Rubavu,atm,13,0,0
4020315.15,Kigali,mobile,9,4,0
2344888.1,Kigali,mobile,0,4,1
3946830.87,Kigali,mobile,18,3,0
4675667.69,Butare,mobile,1,1,1
4678969.28,Kigali,mobile,18,0,0
1712701.04,Gisenyi,mobile,21,4,0
1561043.14,Butare,web,6,3,0
3632360.04,Butare,pos,9,4,0
3270645.47,Gisenyi,atm,5,6,0
1961629.41,Butare,atm,14,4,0
1143752.18,Kigali,web,20,3,0
3092350.22,Rubavu,atm,16,4,0
2151479.84,Kigali,mobile,0,6,0
661001.15,Butare,web,22,0,0
3196424.13,Kigali,web,6,1,0
3488523.22,Kigali,web,8,4,0
1821477.93,Kigali,atm,8,5,0
4159856.06,Kigali,unknown,18,1,1
368828.58,Butare,atm,20,0,0
2479800.95,Gisenyi,unknown,16,3,1
4781694.2,Musanze,web,6,2,0
952720.45,Gisenyi,mobile,13,1,0
862035.05,Butare,web,6,4,0
1893794.08,Kigali,unknown,16,4,0
1340786.17,Kigali,atm,10,3,0
1108056.2,Rubavu,unknown,20,3,0
4749240.39,Kigali,mobile,19,1,0
1724566.44,Gisenyi,mobile,3,1,0
299660.45,Gisenyi,mobile,5,3,0
4498958.68,Kigali,web,5,3,0
2241506.12,Gisenyi,mobile,8,4,0
3679840.84,Kigali,unknown,11,2,1
1837052.56,Rubavu,atm,2,5,0
4675877.6,Kigali,mobile,8,4,0
1439357.38,Kigali,mobile,12,4,0
3314001.83,Nyagatare,web,2,3,0
4121812.45,Gisenyi,unknown,9,1,1
1190044.96,Kigali,mobile,21,2,0
4007653.45,Gisenyi,web,9,4,0
3961483.92,Kigali,mobile,22,2,0
4821135.9,Kigali,mobile,5,5,0
4614098.17,Musanze,atm,23,4,0
1943349.32,Butare,pos,5,3,0
2952923.5,Kigali,unknown,15,8,1
4626508.96,Nyagatare,web,14,4,0
22376.18,Kigali,mobile,14,6,0
3136937.04,Kigali,mobile,2,3,0
1077209.87,Kigali,web,1,3,0
3693960.67,Kigali,mobile,14,1,0
3982450.22,Kigali,web,18,5,0
3564939.71,Rubavu,mobile,1,2,0
4980391.97,Rubavu,pos,19,8,0
2396548.5,Musanze,mobile,20,1,0
2806946.71,Gisenyi,web,2,1,1
2045257.62,Butare,mobile,0,4,0
4869928.78,Butare,mobile,16,3,0
4613820.38,Nyagatare,web,1,2,0
4933190.58,Kigali,web,7,2,0
4924463.57,Nyagatare,mobile,22,4,0
4477336.2,Kigali,pos,15,4,0
4654422.2,Kigali,web,22,1,0
599845.92,Kigali,unknown,1,4,0
868053.41,Butare,mobile,18,3,0
4425995.31,Nyagatare,mobile,0,4,0
3634138.91,Kigali,pos,6,0,0
4375006.06,Gisenyi,web,21,5,0
3850282.56,Kigali,mobile,0,3,0
698347.97,Rubavu,web,4,5,0
4582870.23,Butare,web,17,2,0
3856257.01,Rubavu,mobile,5,4,0
2854245.58,Nyagatare,atm,2,2,0
2662041.66,Kigali,web,17,4,0
2869206.48,Nyagatare,web,2,3,0
1952389.51,Butare,atm,15,5,0
4016195.09,Nyagatare,web,14,2,0
4545133.0,Kigali,atm,1,4,0
1264948.65,Nyagatare,unknown,2,2,0
190717.01,Kigali,unknown,4,1,0
1015035.56,Musanze,web,7,4,0
3786814.54,International,mobile,8,3,1
4342071.06,Nyagatare,mobile,10,4,0
1743153.28,Butare,atm,13,4,0
762358.88,Kigali,mobile,4,3,0
4292741.0,Gisenyi,mobile,21,3,0
1073606.97,Rubavu,web,17,5,0
1209749.99,Butare,unknown,17,5,0
463516.63,Musanze,mobile,16,2,0
4551665.94,Kigali,mobile,8,1,0
1633953.34,Gisenyi,mobile,23,2,0
859620.84,Butare,mobile,14,4,0
4768247.78,Kigali,unknown,17,1,0
1677934.34,Kigali,mobile,15,4,0
3737555.5,Gisenyi,atm,17,2,0
1152362.75,Kigali,mobile,0,3,0
3634265.46,Musanze,mobile,10,2,0
1161195.02,Nyagatare,mobile,6,5,0
3188881.05,Kigali,mobile,9,1,0
2204594.72,Musanze,mobile,8,2,0
3993689.59,Gisenyi,mobile,20,3,0
3651494.02,Butare,atm,6,2,0
4677460.38,Rubavu,mobile,16,2,0
1883423.23,Musanze,mobile,2,4,0
3771798.47,International,mobile,2,4,1
4844233.24,Rubavu,atm,9,2,0
1681876.98,Rubavu,mobile,19,7,0
1450376.22,Gisenyi,web,0,2,0
3845369.41,Gisenyi,mobile,14,0,0
2227884.25,Kigali,mobile,20,1,0
1993559.5,Kigali,web,8,5,0
2728289.76,Kigali,atm,8,4,0
4677685.93,Gisenyi,mobile,21,5,0
419708.98,Kigali,web,6,1,0
2328696.48,Butare,web,9,2,0
551150.05,Kigali,mobile,12,3,0
4417988.51,Musanze,mobile,20,3,0
683937.86,Rubavu,web,7,7,0
448972.08,Butare,unknown,16,3,0
4818790.11,Gisenyi,unknown,0,3,1
2816932.54,Nyagatare,web,13,3,0
4129551.71,Nyagatare,web,14,1,0
2351548.79,Musanze,web,13,8,0
2178491.43,Kigali,pos,7,4,0
4558092.99,Kigali,mobile,12,5,0
4949367.91,Kigali,atm,4,2,0
3092850.14,Musanze,web,3,3,0
4590982.61,Gisenyi,mobile,15,2,0
4313661.69,Rubavu,pos,9,2,0
2720277.44,Kigali,mobile,11,3,0
4705547.92,Kigali,unknown,10,3,1
1050675.78,Rubavu,mobile,22,7,0
4424282.91,Kigali,pos,10,3,0
1547127.38,Kigali,mobile,13,2,0
153062.51,Kigali,web,2,2,0
3935544.23,Musanze,mobile,6,4,0
4650122.58,Rubavu,mobile,13,4,0
1084304.04,Kigali,pos,13,6,0
2670660.89,Kigali,web,0,3,0
3746858.81,Rubavu,web,17,4,0
1658452.13,International,pos,20,6,0
735018.31,Nyagatare,web,1,2,0
1961534.36,Kigali,web,11,5,0
2283122.06,Kigali,atm,13,3,0
3711233.54,Gisenyi,mobile,17,6,0
993819.97,Butare,mobile,21,2,0
4075653.41,Kigali,web,12,6,0
2511144.46,Rubavu,unknown,12,1,0
4519500.64,Kigali,web,5,3,0
2829146.77,Kigali,atm,21,2,0
2234549.48,Musanze,web,1,3,0
1434324.83,Rubavu,web,0,1,0
531658.89,Gisenyi,mobile,11,3,0
1858830.68,Nyagatare,pos,21,2,0
2068409.46,Kigali,web,4,2,0
2841650.55,Rubavu,unknown,10,6,0
4299325.88,Kigali,mobile,7,1,0
2319343.07,Kigali,mobile,20,4,0
1571765.48,Butare,mobile,23,3,0
4366356.43,Kigali,pos,1,5,0
3669723.23,Butare,pos,5,5,0
1535494.79,Kigali,atm,21,4,0
835145.02,Gisenyi,web,5,5,0
1455491.51,Kigali,mobile,22,2,0
618626.26,Kigali,web,14,5,0
4517129.98,Musanze,atm,1,0,0
3058828.49,Kigali,mobile,4,3,0
4317630.97,Butare,atm,6,1,0
4101894.18,Kigali,mobile,18,2,0
766601.29,Kigali,web,4,2,0
2215284.83,Butare,mobile,21,6,0
4860330.94,Rubavu,unknown,14,4,1
1169354.61,Nyagatare,web,15,2,0
251669.38,Musanze,mobile,2,6,0
1730377.73,Kigali,mobile,14,8,0
2554973.56,Kigali,mobile,7,5,0
279859.3,Kigali,web,22,4,0
2133655.53,Kigali,atm,15,4,0
1267436.63,Butare,unknown,14,3,0
1060983.72,Kigali,web,10,2,0
1319903.71,Gisenyi,web,16,0,0
527441.03,Kigali,web,4,2,0
383700.95,Nyagatare,unknown,15,2,0
2979429.48,Rubavu,mobile,18,3,0
4739179.69,International,web,8,2,1
4023797.97,International,unknown,19,4,1
4169576.31,Rubavu,mobile,11,2,0
3675540.47,Kigali,mobile,10,5,0
4779936.03,Kigali,atm,1,8,1
4752777.12,Kigali,web,20,4,0
3891626.41,Butare,mobile,16,4,0
3579873.32,Gisenyi,web,0,8,0
1526744.94,Rubavu,web,6,4,0
456286.38,Kigali,web,3,1,0
464793.44,Gisenyi,mobile,21,1,0
3681437.25,Kigali,mobile,3,3,0
142355.12,Musanze,web,14,4,0
4082138.04,Kigali,web,22,3,0
1832699.01,Kigali,web,3,6,0
960806.65,Butare,mobile,19,2,0
2038238.73,Gisenyi,mobile,2,5,1
3516509.5,Kigali,mobile,18,3,0
1375915.51,Nyagatare,web,20,2,0
868505.07,Kigali,pos,19,1,0
3689552.44,Kigali,mobile,14,4,0
4403466.18,Kigali,pos,11,3,0
2927931.23,Musanze,mobile,0,2,1
2619515.98,Kigali,atm,4,2,0
3774499.82,Kigali,pos,14,2,0
3663366.33,Butare,pos,5,3,0
31888.87,International,atm,1,3,0
1409581.57,Kigali,mobile,0,1,0
4660098.95,Kigali,mobile,20,3,0
4801030.73,Rubavu,mobile,10,3,0
2551680.64,Rubavu,web,14,2,0
2800670.03,Nyagatare,mobile,6,3,0
3782.28,Gisenyi,web,11,2,0
3361863.91,Butare,web,0,4,0
1062573.02,Butare,web,18,4,0
639995.48,Butare,atm,21,3,0
1523768.31,International,mobile,5,1,0
3324628.5,Kigali,pos,22,3,0
2181948.69,Kigali,mobile,1,6,1
1745616.91,Kigali,web,14,3,0
3634175.13,International,pos,13,0,1
4068693.59,Butare,web,7,2,0
4346077.74,Kigali,atm,2,4,1
2224041.7,Kigali,web,17,1,0
3589280.7,Kigali,pos,12,4,0
4426124.41,Gisenyi,unknown,20,3,0
4544577.54,Rubavu,pos,8,2,0
2460860.87,Kigali,mobile,3,3,0
1776955.15,Nyagatare,mobile,2,2,0
4500980.26,Rubavu,web,3,2,0
1307521.63,Gisenyi,unknown,12,3,0
3984338.79,Rubavu,web,20,1,0
4543320.18,Musanze,mobile,22,4,0
3698724.14,Butare,unknown,23,4,1
3399460.89,Kigali,atm,22,3,0
253860.46,Kigali,atm,1,2,0
1017763.21,Butare,mobile,23,3,0
3333014.84,Gisenyi,mobile,9,2,0
3926085.34,Nyagatare,web,6,3,0
317423.17,Kigali,atm,4,1,0
95787.74,Musanze,mobile,21,5,0
1557907.11,Kigali,mobile,19,3,0
3224952.9,International,web,2,1,1
2560457.19,Gisenyi,web,5,4,0
42292.4,Butare,pos,3,5,0
758485.04,Kigali,unknown,3,2,0
3761128.17,Kigali,mobile,11,2,0
1488659.69,Rubavu,mobile,15,6,0
586384.95,Gisenyi,atm,21,4,0
254791.7,Nyagatare,mobile,2,2,0
4252285.88,Gisenyi,mobile,9,5,0
2358594.15,Kigali,web,0,3,1
2518641.39,Rubavu,web,10,5,0
307175.6,Nyagatare,atm,7,2,0
2443155.34,International,mobile,22,1,1
3229042.89,Rubavu,web,15,5,0
614431.83,Kigali,web,12,4,0
4512627.3,Gisenyi,web,8,2,0
3916848.19,Butare,mobile,0,2,1
4009524.47,Butare,mobile,16,2,0
2682897.12,Kigali,web,0,3,1
1669942.44,Kigali,mobile,15,2,0
3202440.89,Butare,mobile,15,3,0
1127238.06,Musanze,web,20,4,0
684855.14,Kigali,web,21,2,0
2691883.93,Kigali,mobile,12,4,0
2393391.63,Musanze,web,15,2,0
751836.84,Rubavu,mobile,19,4,0
2652254.16,Butare,mobile,6,5,0
2732568.12,Kigali,pos,11,2,0
4357638.12,Butare,atm,15,4,0
3796170.68,Musanze,atm,15,6,0
1088219.54,Kigali,mobile,21,2,0
4089751.14,Kigali,web,8,4,0
4845086.3,Musanze,mobile,14,4,0
3583239.25,Butare,mobile,16,1,0
3935122.29,Rubavu,mobile,23,2,0
1332515.85,Rubavu,unknown,4,3,0
4959516.79,Kigali,unknown,5,1,1
882384.52,Kigali,web,8,6,0
3754424.94,Kigali,pos,3,2,0
1976398.88,Kigali,mobile,14,3,0
1784666.9,Kigali,web,5,3,0
1426153.57,International,atm,12,3,0
2205583.45,Kigali,web,10,0,0
3954477.58,Kigali,mobile,0,2,1
4704892.41,Kigali,mobile,8,5,0
2081483.1,Kigali,atm,0,6,0
3258532.37,Kigali,atm,1,2,1
3941226.6,Kigali,mobile,16,2,0
499130.98,Butare,web,4,3,0
4802738.06,Gisenyi,mobile,3,6,0
1058561.51,Kigali,mobile,15,3,0
4575438.98,Butare,mobile,19,2,0
4933020.94,Kigali,web,10,2,0
502472.83,Gisenyi,atm,17,0,0
4463789.99,Kigali,pos,1,1,0
3204725.91,Gisenyi,web,15,3,0
4089724.72,Butare,web,5,1,0
545933.73,Kigali,mobile,7,3,0
4171392.78,Kigali,mobile,19,2,0
3130358.58,Kigali,mobile,18,4,0
2553338.27,Gisenyi,web,14,3,0
2800383.38,Musanze,mobile,13,0,0
3722466.18,Nyagatare,mobile,0,6,0
1488534.83,Gisenyi,web,5,3,0
4717414.47,Nyagatare,mobile,21,8,0
1538529.04,Nyagatare,web,17,6,0
4385462.2,Rubavu,unknown,0,3,1
61051.41,Kigali,pos,17,3,0
4582442.09,Musanze,mobile,15,3,0
4257963.31,Kigali,mobile,18,3,0
621340.02,Butare,mobile,17,0,0
3684746.19,Rubavu,mobile,11,0,0
1870888.35,Nyagatare,mobile,2,6,0
2399151.45,Butare,mobile,3,3,1
343431.9,Kigali,mobile,4,3,0
1063262.67,Kigali,web,7,0,0
4768253.35,Kigali,web,5,7,0
2090043.46,Butare,web,15,3,0
130638.72,Kigali,web,15,4,0
2575633.01,Rubavu,mobile,16,5,0
4973498.32,Butare,web,11,1,0
1664436.72,Butare,unknown,13,2,0
706497.21,Kigali,mobile,13,4,0
3217945.37,Gisenyi,mobile,5,2,0
4599161.79,Rubavu,atm,17,3,0
4295817.58,Musanze,pos,21,3,0
3285109.09,International,unknown,21,6,1
921145.2,Kigali,mobile,10,0,0
3921907.14,Kigali,mobile,11,4,0
4116198.16,Butare,unknown,0,4,1
4247814.13,Nyagatare,mobile,14,4,0
2020004.57,Kigali,mobile,3,3,0
2044590.29,Musanze,web,2,4,0
776207.95,Kigali,web,7,2,0
3863547.48,Kigali,pos,3,1,1
3686262.52,Nyagatare,web,6,0,0
499198.7,Butare,web,2,3,0
101161.04,Rubavu,mobile,6,2,0
4758623.77,Butare,unknown,1,3,1
86833.41,Musanze,web,12,3,0
3143179.0,Kigali,web,14,3,0
2268480.71,Nyagatare,web,20,3,0
3887178.73,Butare,atm,20,1,0
439099.82,Kigali,web,3,1,0
3412026.79,Kigali,mobile,3,2,0
3074905.29,Kigali,web,13,1,0
4268044.08,Kigali,pos,5,1,0
2592966.4,Kigali,web,17,3,0
3641596.26,Kigali,unknown,18,5,0
2188196.52,Gisenyi,atm,9,2,0
4919900.66,International,web,6,1,1
2797275.63,Butare,pos,12,2,0
3767819.09,Gisenyi,web,20,3,0
465129.26,Kigali,mobile,19,4,0
2314048.26,Kigali,web,15,2,0
322656.16,Kigali,mobile,23,1,0
608994.03,Musanze,mobile,8,8,0
2530923.84,International,mobile,23,1,1
1761847.98,Rubavu,mobile,12,4,0
2299385.17,Kigali,atm,1,4,0
2480972.87,Butare,atm,3,2,0
799171.14,Butare,web,18,4,0
1829474.17,Nyagatare,unknown,9,3,0
4303057.29,Rubavu,mobile,0,3,1
4283126.59,Rubavu,mobile,3,6,0
2453339.63,Gisenyi,unknown,15,3,1
3745855.76,Gisenyi,web,6,1,0
3767886.8,Rubavu,web,20,0,0
221011.75,Gisenyi,atm,4,1,0
3054650.59,Musanze,mobile,12,1,0
4022730.57,Kigali,web,15,3,0
2970059.02,Nyagatare,web,5,7,0
2707993.2,Musanze,mobile,18,2,0
2656312.95,Butare,pos,17,2,0
2539991.94,Nyagatare,mobile,10,3,0
3891651.74,Musanze,mobile,14,3,0
3212340.15,Butare,mobile,22,3,0
1077906.56,Musanze,mobile,8,1,0
2167024.51,Kigali,pos,18,1,0
2643361.94,Butare,mobile,11,4,0
2095044.81,Kigali,unknown,13,3,1
1188288.75,Kigali,mobile,16,4,0
624141.21,Nyagatare,pos,17,3,0
587002.97,Kigali,mobile,23,3,0
1481791.37,Rubavu,mobile,20,5,0
2013574.44,Kigali,web,2,1,0
3414546.78,Butare,mobile,16,3,0
4924592.29,Kigali,web,14,2,0
4486831.0,Rubavu,web,13,1,0
4068582.06,Musanze,unknown,2,0,1
4068773.48,Butare,unknown,3,2,1
2980526.8,Nyagatare,web,14,4,0
1264172.01,Kigali,mobile,21,10,0
2359965.08,Musanze,mobile,16,7,0
713198.79,Rubavu,mobile,12,2,0
2832369.79,Butare,mobile,15,1,0
115492.11,Nyagatare,unknown,16,4,0
947730.88,Gisenyi,mobile,16,4,0
3561617.47,Musanze,web,5,1,0
1384823.32,Rubavu,unknown,4,3,0
2100101.23,Butare,mobile,23,3,1
4160388.81,Kigali,atm,7,2,0
223267.98,International,web,23,3,0
114158.83,Kigali,pos,3,4,0
1145321.25,Nyagatare,mobile,19,2,0
3422374.63,Butare,web,2,5,1
1180986.12,Rubavu,web,5,3,0
4318560.19,Kigali,atm,23,6,0
1759565.07,Kigali,atm,22,3,0
1417914.22,Kigali,web,20,2,0
1164949.04,International,web,19,1,0
2870064.79,Kigali,unknown,2,1,1
4281628.23,Kigali,mobile,18,2,0
2030608.51,Kigali,mobile,7,3,0
1262958.71,Musanze,mobile,3,1,0
2104620.72,Butare,mobile,0,5,0
4523996.37,Kigali,pos,20,2,0
1673020.64,Butare,web,17,1,0
3278911.69,Kigali,unknown,9,0,0
1649032.79,Kigali,pos,2,5,0
3373951.77,Butare,mobile,11,4,0
4405113.24,Kigali,web,11,2,0
2992994.58,Kigali,mobile,4,4,0
4737236.17,Kigali,pos,19,3,0
3007785.2,Butare,atm,11,2,0
4874392.03,Nyagatare,mobile,12,5,0
3618790.36,Musanze,mobile,2,1,0
3264115.15,Kigali,web,17,2,0
4149251.39,Rubavu,mobile,7,6,0
55958.34,Kigali,web,6,3,0
1286618.69,Butare,mobile,14,5,0
1080845.15,Musanze,web,16,2,0
554934.89,Butare,mobile,0,4,0
4688964.3,Kigali,atm,15,3,0
655445.16,Nyagatare,mobile,13,6,0
1314551.92,Kigali,web,9,6,0
1676152.33,Kigali,web,19,3,0
3123327.51,Nyagatare,mobile,3,2,1
3837437.48,Nyagatare,unknown,23,2,1
3023577.62,Kigali,mobile,3,2,0
3744897.47,Butare,mobile,21,6,0
2010919.96,Kigali,mobile,20,2,0
4978893.3,Nyagatare,mobile,5,6,0
850876.58,Butare,mobile,14,3,0
1999101.16,Gisenyi,mobile,4,2,0
4160998.98,Kigali,mobile,23,3,1
1234177.61,Gisenyi,web,14,4,0
3754339.66,Rubavu,mobile,18,5,0
1821719.83,Kigali,web,19,4,0
888392.58,Nyagatare,mobile,18,1,0
2017000.65,Kigali,mobile,2,3,0
3924050.14,Nyagatare,mobile,1,2,0
560219.76,Rubavu,web,21,0,0
2580749.71,Musanze,atm,0,4,1
3706911.41,Rubavu,mobile,2,1,0
3757984.44,Butare,unknown,18,4,1
1948238.78,Kigali,atm,0,2,0
2332458.68,Rubavu,web,15,3,0
4283901.35,Kigali,mobile,0,4,0
1042285.01,Kigali,web,10,4,0
4962966.04,Kigali,web,21,2,0
2096476.24,Musanze,mobile,13,4,0
1377618.87,Musanze,pos,18,3,0
13495.46,Kigali,mobile,8,0,0
625553.01,Kigali,mobile,14,5,0
3782666.87,Butare,web,12,5,0
3246329.58,Kigali,web,22,2,0
1232908.76,Gisenyi,web,10,8,0
4635052.08,Kigali,mobile,2,3,1
4178522.19,Kigali,mobile,16,3,0
1346734.52,Kigali,web,4,2,0
1650774.32,Kigali,mobile,13,4,0
924175.81,Kigali,mobile,1,4,0
3212972.96,International,web,1,5,1
3505836.54,Rubavu,mobile,12,7,0
1979707.61,Kigali,pos,20,3,0
3685924.93,Butare,web,9,3,0
4957837.47,Kigali,web,20,6,0
3059935.06,Rubavu,mobile,22,4,0
3246594.64,Nyagatare,mobile,5,3,0
1869525.01,Butare,mobile,2,1,0
53426.48,Butare,atm,11,5,0
4769629.89,Kigali,web,18,6,0
3861837.35,Butare,web,4,1,0
3477992.85,Kigali,atm,1,3,0
149537.88,Gisenyi,pos,18,1,0
3795181.22,International,web,9,4,0
3350586.17,Musanze,web,10,1,0
2844746.15,Nyagatare,unknown,0,7,1
3118191.75,Kigali,mobile,0,4,1
4591871.57,Gisenyi,mobile,8,3,0
33948.63,Nyagatare,web,2,1,0
785282.33,Kigali,mobile,20,1,0
4473838.61,Nyagatare,mobile,18,4,0
41549.23,Kigali,mobile,13,3,0
4518228.9,International,mobile,14,1,1
148644.44,Kigali,mobile,2,5,0
3896799.26,Kigali,mobile,10,2,0
4454670.59,Kigali,mobile,6,2,0
3062830.03,Kigali,web,9,2,0
3207384.54,Nyagatare,web,12,1,0
253293.38,Kigali,atm,0,1,0
1054850.65,Musanze,pos,14,3,0
4497409.15,Nyagatare,mobile,17,4,0
4118668.26,Nyagatare,mobile,6,1,0
298208.6,Nyagatare,pos,16,0,0
4065019.06,International,mobile,0,3,1
2117710.79,Kigali,web,14,3,0
2803832.98,International,mobile,5,1,0
542473.09,Kigali,web,15,1,0
1993520.87,Kigali,unknown,17,3,0
2174835.11,Kigali,web,11,3,0
3347606.98,Rubavu,mobile,8,5,0
3287847.75,Kigali,web,22,6,0
2744597.96,Kigali,mobile,6,3,0
157714.21,Gisenyi,unknown,15,3,0
807924.57,Butare,mobile,20,4,0
801765.73,Kigali,unknown,20,3,0
4438718.3,Butare,web,15,3,0
4508597.52,Kigali,mobile,2,1,1
4032588.03,Gisenyi,web,23,2,0
874809.41,Butare,mobile,14,2,0
4200838.04,International,web,3,1,1
938378.17,Nyagatare,atm,10,2,0
2773376.17,Kigali,web,1,2,0
3669514.84,Kigali,mobile,12,3,0
258279.25,Nyagatare,unknown,13,2,0
2989847.61,Butare,web,12,1,0
1256042.04,Musanze,mobile,0,2,0
2489533.44,Butare,atm,19,4,0
1919819.34,Musanze,web,1,1,0
3433049.17,Kigali,pos,9,4,0
2446207.06,Rubavu,mobile,21,6,0
1508500.33,Nyagatare,mobile,14,3,0
4551838.54,Kigali,mobile,9,2,0
4795288.59,Kigali,unknown,6,1,0
4009637.29,Gisenyi,mobile,23,3,0
2903914.61,Nyagatare,web,0,1,0
4422060.23,Nyagatare,mobile,8,6,0
3008565.61,Butare,pos,11,6,0
744576.06,Rubavu,mobile,8,1,0
87628.17,Nyagatare,pos,3,1,0
3629709.88,Kigali,atm,16,4,0
3762550.9,Musanze,web,7,1,0
4629167.02,Kigali,atm,2,4,0
4121275.46,Gisenyi,atm,16,3,0
3198092.06,Nyagatare,atm,18,2,0
951922.03,Butare,web,1,1,0
2970455.39,Kigali,pos,9,1,0
2173708.45,Nyagatare,web,6,1,0
1160926.29,Gisenyi,web,11,3,0
3995745.97,Kigali,unknown,21,2,0
748204.65,Kigali,mobile,8,2,0
3151880.7,Kigali,atm,10,1,0
3053964.21,Kigali,mobile,12,3,0
1518417.67,Gisenyi,web,1,4,0
2146481.09,Gisenyi,mobile,10,7,0
583300.38,Musanze,mobile,7,6,0
128151.82,Butare,unknown,2,4,0
65587.45,Kigali,web,4,3,0
872025.77,Kigali,mobile,8,3,0
4334931.85,Kigali,web,8,7,0
2613282.39,Nyagatare,mobile,16,3,0
586021.21,Kigali,web,1,4,0
4527522.68,Butare,web,21,5,0
2844659.39,Musanze,mobile,16,2,0
139913.7,Nyagatare,unknown,1,3,0
3813763.21,Kigali,web,23,5,0
2367439.05,Kigali,mobile,5,5,0
2664549.4,Kigali,pos,16,1,0
3066327.66,Kigali,mobile,2,2,0
472704.75,Butare,atm,21,5,0
4738727.06,Gisenyi,web,0,2,1
1277334.61,Rubavu,mobile,22,2,0
3109350.2,Kigali,mobile,5,4,0
4277887.05,Gisenyi,web,21,1,0
1659921.72,Kigali,web,9,3,0
3137951.02,Nyagatare,mobile,7,1,0
4944391.3,Nyagatare,mobile,11,1,0
4259070.18,Butare,mobile,16,5,0
3896533.78,Kigali,mobile,0,3,1
2196781.36,International,web,6,3,1
2256622.06,Musanze,mobile,10,3,0
2427956.7,Kigali,mobile,15,5,0
3452312.88,Butare,web,16,2,0
722113.97,Kigali,web,13,0,0
4305209.61,Kigali,pos,13,1,0
90886.18,Kigali,web,5,3,0
850380.7,Rubavu,mobile,1,3,0
2409330.85,Kigali,mobile,11,2,0
1260958.64,Kigali,mobile,21,4,0
1828225.7,Kigali,mobile,15,6,0
1663249.17,Kigali,mobile,21,5,0
1345189.18,Musanze,web,17,1,0
1901691.64,Rubavu,mobile,5,6,0
2526689.2,Kigali,mobile,13,2,0
2382055.83,Kigali,atm,20,3,0
4059706.0,Musanze,pos,13,6,0
1541071.23,Nyagatare,mobile,6,3,0
1409911.42,Butare,mobile,8,3,0
2522491.73,Kigali,pos,12,1,0
240147.76,Rubavu,mobile,7,7,0
559495.56,Kigali,mobile,18,3,0
4015538.4,Kigali,mobile,12,2,0
2468800.45,Butare,pos,4,2,0
333143.64,Kigali,mobile,13,2,0
2202194.43,Nyagatare,pos,18,0,0
1991622.71,Musanze,web,6,0,0
1231049.34,Kigali,atm,0,2,0
1860830.18,International,web,16,5,0
942182.84,Kigali,atm,10,0,0
2245573.3,Gisenyi,mobile,9,6,0
2042936.29,Gisenyi,mobile,13,1,0
3037698.0,Gisenyi,mobile,10,1,0
4710550.04,Kigali,mobile,20,5,0
927719.82,Nyagatare,web,20,0,0
2087495.94,Kigali,web,22,3,0
2811321.55,Rubavu,mobile,14,4,0
2735182.72,Musanze,atm,8,4,0
3306872.48,Nyagatare,mobile,6,0,0
1340017.93,Butare,mobile,6,2,0
3172936.69,Rubavu,unknown,10,4,1
1006250.13,Kigali,mobile,8,3,0
627715.0,Musanze,mobile,23,2,0
4158309.18,Musanze,mobile,0,5,0
2368962.67,Butare,unknown,13,2,0
1986687.99,Kigali,mobile,4,2,0
4642608.94,Kigali,web,17,2,0
3548932.06,Kigali,atm,9,3,0
3385805.3,Gisenyi,unknown,18,4,0
971701.51,Nyagatare,web,10,3,0
1046686.41,Rubavu,web,17,3,0
2415765.23,Gisenyi,pos,14,0,0
3261692.69,International,mobile,3,1,1
1976664.97,Butare,web,0,5,0
321394.25,Kigali,web,21,6,0
3415303.14,Rubavu,atm,9,3,0
3868869.41,Butare,mobile,11,1,0
4721540.23,International,pos,23,3,1
2044134.24,Nyagatare,pos,6,4,0
1290611.25,Nyagatare,mobile,0,4,0
4629077.12,Kigali,web,11,3,0
3575836.64,Kigali,mobile,4,5,0
320399.52,Gisenyi,unknown,13,2,0
2900346.69,Kigali,web,16,0,0
143119.03,Rubavu,mobile,8,3,0
1133006.89,Rubavu,atm,14,3,0
355228.97,Gisenyi,pos,9,4,0
1024854.44,Butare,atm,23,3,0
2449868.55,Rubavu,mobile,20,1,0
1494682.99,Musanze,mobile,9,6,0
440519.15,Rubavu,mobile,3,0,0
2410560.5,Musanze,mobile,3,4,0
3542587.42,Nyagatare,web,14,2,0
266099.87,Kigali,mobile,14,1,0
4412071.09,Nyagatare,mobile,11,3,0
3265522.64,Kigali,web,16,3,0
2597447.66,Gisenyi,web,9,3,0
1981886.13,Nyagatare,mobile,11,4,0
1966741.97,Gisenyi,unknown,2,2,0
1678126.12,Kigali,web,9,3,0
579088.91,Butare,mobile,20,2,0
396669.82,Nyagatare,pos,19,2,0
1544497.01,Butare,web,16,3,0
3335486.69,Musanze,mobile,22,3,0
1442327.59,Musanze,mobile,23,3,0
4061418.63,Nyagatare,atm,15,3,0
1901763.08,Kigali,unknown,2,3,0
3156152.33,Butare,mobile,6,2,0
2159851.25,Kigali,web,15,1,0
2489383.55,Butare,mobile,2,7,0
1251177.77,Kigali,web,14,3,0
2569588.46,Kigali,pos,1,2,1
553710.03,International,mobile,22,4,0
1934144.52,Gisenyi,mobile,11,4,0
2241780.67,Kigali,mobile,21,1,0
3520127.73,Butare,mobile,5,0,0
2001405.78,Rubavu,mobile,6,5,0
3327347.31,Gisenyi,web,14,4,0
873493.35,Butare,mobile,20,4,0
126617.62,Rubavu,atm,17,9,0
2529984.38,Kigali,mobile,21,4,0
2369616.98,Butare,mobile,14,3,0
3348927.6,Musanze,mobile,18,3,0
1568069.54,Gisenyi,mobile,6,2,0
149811.86,Nyagatare,mobile,4,3,0
3617986.24,Butare,web,19,5,0
4711086.87,Kigali,pos,19,4,0
1971620.6,Kigali,web,15,3,0
3055833.34,Butare,mobile,13,3,0
2723663.72,Butare,mobile,20,3,0
2830224.29,Kigali,web,5,5,0
4336947.38,Gisenyi,mobile,6,2,0
3681815.69,Kigali,mobile,9,2,0
3849047.17,Kigali,mobile,8,2,0
450642.51,Gisenyi,unknown,3,5,0
733963.99,Nyagatare,web,21,5,0
3316691.44,Kigali,web,22,3,0
2702518.7,Kigali,web,10,2,0
3871504.46,Butare,web,0,2,0
465820.06,Kigali,web,7,4,0
2832652.36,Kigali,web,10,3,0
2430603.95,International,mobile,21,2,1
4273507.04,Musanze,mobile,20,0,0
936151.29,Rubavu,web,2,5,0
1743891.34,Kigali,atm,2,2,0
752782.07,Kigali,web,18,3,0
2258936.63,Gisenyi,mobile,18,1,0
4407088.36,Rubavu,mobile,5,2,0
3351832.22,Rubavu,mobile,5,3,0
3721621.76,Kigali,mobile,19,1,0
467137.72,Butare,web,11,3,0
2260403.66,Kigali,mobile,8,3,0
4193432.45,Nyagatare,web,12,4,0
4187479.3,Gisenyi,mobile,4,2,0
4940106.96,Kigali,mobile,6,2,0
2630441.13,Nyagatare,atm,20,3,0
10856.11,Nyagatare,web,19,4,0
4495352.95,Butare,unknown,18,3,0
4781005.48,Rubavu,mobile,1,5,0
4638767.14,Kigali,web,7,2,0
3859670.33,Kigali,mobile,3,5,0
1059968.8,Butare,mobile,12,1,0
695715.85,Musanze,web,23,2,0
3504579.57,Gisenyi,unknown,17,3,1
702544.83,Butare,mobile,22,4,0
4766601.67,Rubavu,mobile,2,1,0
2229415.94,Musanze,unknown,10,3,0
154559.89,Musanze,atm,4,4,0
753392.71,Kigali,mobile,15,3,0
1452760.66,Nyagatare,web,19,2,0
3518921.63,Kigali,atm,1,1,0
3686592.98,Butare,web,7,4,0
1065519.5,Nyagatare,web,23,1,0
3242953.38,Rubavu,pos,13,3,0
159620.93,Rubavu,mobile,9,1,0
514713.2,Kigali,mobile,22,0,0
2675285.87,Gisenyi,web,5,3,0
3519266.29,International,mobile,7,6,0
4571879.1,Kigali,web,22,3,0
2189043.51,Kigali,mobile,13,4,0
600205.33,Kigali,mobile,23,3,0
4644918.67,Kigali,pos,21,6,0
2187469.71,Gisenyi,mobile,21,2,0
2487616.77,Kigali,atm,10,6,0
4272220.31,Butare,atm,13,3,0
2929105.58,Butare,mobile,17,5,0
1507600.55,Gisenyi,web,7,2,0
2704131.8,Kigali,web,21,1,0
3124493.06,Gisenyi,pos,17,3,0
4449054.55,Rubavu,web,10,4,0
1174554.94,Rubavu,mobile,10,3,0
2797115.46,Musanze,web,1,4,0
4602534.94,International,mobile,1,1,1
227841.22,Nyagatare,mobile,17,1,0
973241.78,Nyagatare,mobile,11,5,0
1731901.41,Kigali,pos,2,2,0
3392502.76,Gisenyi,web,21,2,0
4209315.44,Kigali,web,20,5,0
996254.66,Musanze,atm,18,6,0
1233899.04,Musanze,unknown,22,4,0
4116515.54,Kigali,unknown,3,2,1
742143.36,Gisenyi,mobile,1,3,0
1306254.12,Nyagatare,mobile,13,0,0
3663601.58,Gisenyi,mobile,15,8,0
831210.9,Butare,web,16,2,0
4140253.61,Kigali,mobile,19,5,0
2452837.73,Rubavu,unknown,15,4,1
2238136.59,Kigali,atm,23,2,0
676708.38,Gisenyi,mobile,17,1,0
3398451.6,Nyagatare,mobile,18,1,0
4420063.19,Butare,mobile,21,2,0
3460693.37,Musanze,web,2,3,1
1584764.57,Musanze,pos,12,7,0
3494143.93,Kigali,web,12,2,0
2549957.32,Nyagatare,web,2,3,1
4268725.33,Kigali,mobile,18,1,0
2298505.67,Kigali,unknown,10,4,1
1186894.61,Nyagatare,mobile,22,1,0
506730.48,Rubavu,unknown,13,3,0
1405693.28,Kigali,web,2,1,0
2817917.66,Kigali,web,19,3,0
850627.63,Kigali,web,9,3,0
199285.79,International,mobile,19,1,0
2244490.84,Kigali,pos,22,3,0
1737486.88,Musanze,unknown,8,6,0
2102242.93,Kigali,mobile,21,0,0
2270939.99,Rubavu,mobile,10,4,0
3830469.32,Gisenyi,web,23,5,0
4804653.81,Kigali,web,22,0,0
1311791.04,Kigali,mobile,15,4,0
4712023.2,Kigali,web,10,5,0
1142263.91,Gisenyi,mobile,19,5,0
3774848.06,Nyagatare,unknown,20,3,1
3406889.57,Nyagatare,atm,11,1,0
261584.97,Kigali,mobile,4,3,0
3624746.55,Nyagatare,unknown,9,4,1
4505662.9,Kigali,mobile,1,3,0
4651146.37,Nyagatare,atm,15,3,0
3426124.43,Musanze,web,7,4,0
3933046.89,International,web,16,1,0
358173.48,Butare,unknown,5,4,0
806682.6,Rubavu,web,17,3,0
1312767.07,Rubavu,pos,5,4,0
2656926.19,Butare,pos,3,3,1
1931530.61,International,web,12,4,0
3285846.61,Kigali,web,23,3,0
2228721.09,International,mobile,15,7,1
3875223.69,Musanze,mobile,9,2,0
3568083.62,Gisenyi,web,23,2,0
3736533.35,Kigali,mobile,5,2,0
4144329.59,Kigali,mobile,12,0,0
4171194.96,Musanze,unknown,11,1,0
3897872.13,Rubavu,pos,2,7,1
330099.95,International,web,17,3,0
3116205.16,Kigali,pos,22,4,0
99437.27,Nyagatare,mobile,21,4,0
3718923.32,Nyagatare,mobile,15,7,0
305758.17,International,unknown,14,8,0
4916083.37,Kigali,web,0,2,0
3070584.01,Butare,atm,18,1,0
910399.48,Kigali,pos,5,3,0
2341663.41,Gisenyi,mobile,14,0,0
4133471.54,Rubavu,atm,4,1,0
900399.82,Kigali,mobile,12,2,0
2684108.96,Kigali,pos,1,7,1
18402.05,Gisenyi,mobile,20,4,0
3942237.03,Kigali,atm,23,3,0
973440.7,Butare,unknown,14,4,0
1936197.37,Butare,mobile,13,2,0
2651453.38,Butare,web,8,4,0
724735.29,Kigali,web,8,4,0
4633390.9,Gisenyi,web,5,0,0
2344296.29,Kigali,pos,8,2,0
1159301.92,Kigali,mobile,13,4,0
3675846.28,Rubavu,unknown,4,2,1
4471120.03,Rubavu,atm,1,3,0
4563398.24,Kigali,mobile,5,0,0
2155954.13,Kigali,mobile,11,2,0
1797626.64,Kigali,mobile,0,5,0
4646322.46,Butare,mobile,2,1,0
264664.38,Butare,web,22,6,0
3752825.26,Nyagatare,mobile,18,3,0
887955.38,Kigali,web,5,2,0
2327773.71,Butare,pos,1,0,0
4768484.41,Butare,mobile,22,6,0
2905950.06,Nyagatare,web,22,3,0
2617442.04,Kigali,mobile,22,4,0
309472.89,Kigali,atm,12,5,0
1387064.07,Kigali,unknown,17,3,0
15753.99,Gisenyi,atm,21,1,0
4375091.17,Nyagatare,mobile,3,1,1
3224450.96,Kigali,mobile,1,4,0
590579.31,Kigali,mobile,16,2,0
1817681.71,Kigali,web,2,4,0
4057171.0,Kigali,atm,14,2,0
701945.84,International,unknown,10,1,0
1151711.39,Butare,web,21,0,0
2707261.91,Kigali,web,20,5,0
725160.76,Kigali,mobile,8,2,0
1913840.34,Nyagatare,mobile,20,1,0
4910647.58,Rubavu,mobile,1,3,0
2719484.72,Gisenyi,mobile,22,6,0
3507788.14,Rubavu,web,5,2,0
3316573.6,Musanze,unknown,4,4,0
1058974.27,Kigali,web,11,3,0
4230643.88,Kigali,web,12,5,0
610689.75,International,web,10,3,0
4608014.88,Kigali,mobile,10,4,0
1080751.36,Butare,mobile,9,2,0
4773744.06,International,mobile,20,0,1
3989918.33,Butare,mobile,21,4,0
855330.72,Butare,mobile,4,3,0
802433.25,Musanze,web,4,5,0
423104.93,Kigali,unknown,5,2,0
1237153.27,Butare,mobile,8,2,0
3295704.23,Kigali,pos,11,2,0
2601752.15,Kigali,mobile,2,4,1
3066947.27,Butare,web,22,5,0
156187.45,Rubavu,mobile,23,2,0
400316.92,Nyagatare,mobile,16,2,0
3460024.24,Butare,mobile,14,0,0
4239617.76,Kigali,mobile,2,5,0
1797429.17,Nyagatare,unknown,22,1,0
832828.8,Kigali,mobile,18,4,0
1542123.41,Musanze,mobile,7,3,0
2060443.81,Rubavu,mobile,4,2,0
3150864.57,Kigali,web,5,2,0
2047662.39,Kigali,atm,0,4,0
4485257.1,Gisenyi,unknown,9,5,0
2006361.37,Nyagatare,web,8,0,0
907276.91,Gisenyi,web,12,4,0
1242098.86,Rubavu,mobile,9,4,0
2326098.73,Rubavu,mobile,6,3,0
3912422.14,Butare,pos,14,0,0
4347099.63,Gisenyi,atm,20,5,0
926860.95,Kigali,atm,9,1,0
17857.8,Nyagatare,mobile,20,4,0
4347109.35,Rubavu,mobile,19,5,0
1141368.24,Kigali,atm,16,3,0
4108402.87,Kigali,web,0,5,1
2753964.17,Kigali,web,15,3,0
2020875.66,Kigali,web,0,4,1
734212.06,Kigali,mobile,12,1,0
3360349.43,Rubavu,atm,2,1,0
4090877.76,Butare,mobile,3,2,0
2305740.03,Musanze,atm,19,4,0
2232053.56,Kigali,mobile,13,2,0
3776517.86,Rubavu,web,20,4,0
2500843.01,Nyagatare,mobile,11,3,0
3928170.12,Butare,pos,3,4,0
271055.04,Kigali,web,20,3,0
4288224.27,Butare,web,4,2,0
1310722.19,Musanze,mobile,13,1,0
846388.52,Nyagatare,web,18,5,0
161951.39,Kigali,atm,11,0,0
4170448.46,Butare,pos,5,0,0
301046.4,Gisenyi,atm,3,1,0
4772174.86,Kigali,web,11,0,0
2824427.66,Kigali,mobile,0,6,0
3493566.58,Kigali,mobile,5,5,0
3626689.46,Kigali,web,23,2,0
1463776.1,Kigali,mobile,16,2,0
4032388.51,Butare,unknown,2,3,1
4731230.26,Rubavu,mobile,4,0,0
1849570.62,Musanze,atm,6,5,0
4176829.28,Kigali,web,8,3,0
3860313.06,Kigali,web,9,3,0
2948184.56,Kigali,atm,15,5,0
1838396.08,Musanze,mobile,7,1,0
2076218.88,Nyagatare,web,17,9,0
1538388.79,Kigali,atm,17,5,0
2131639.27,Kigali,atm,13,2,0
4948139.78,Musanze,web,14,4,0
1817392.14,Gisenyi,atm,9,4,0
3327716.01,Gisenyi,mobile,21,9,0
1598372.36,Butare,mobile,19,4,0
2333505.35,Musanze,mobile,23,3,0
419328.11,Kigali,web,19,2,0
3816289.56,Kigali,mobile,17,2,0
3305291.72,Kigali,mobile,19,2,0
1737751.3,Gisenyi,mobile,22,4,0
2624460.99,International,web,17,3,0
4361173.07,Kigali,web,16,4,0
222641.36,Nyagatare,mobile,1,5,0
4651117.38,Rubavu,unknown,13,1,1
2354262.61,Kigali,mobile,1,1,0
4298347.2,Rubavu,web,5,5,0
4307483.88,Kigali,mobile,18,3,0
294032.03,Kigali,atm,15,1,0
3908082.06,Kigali,web,6,4,0
3664470.5,Kigali,mobile,3,0,0
216446.14,Musanze,unknown,17,0,0
4702719.08,Nyagatare,pos,9,5,0
3172923.91,Butare,mobile,1,3,0
838086.28,Butare,atm,17,3,0
615924.42,Rubavu,atm,3,1,0
2810083.98,Rubavu,mobile,7,6,0
294641.91,Kigali,unknown,10,1,0
822466.27,Kigali,mobile,11,4,0
4742286.8,Butare,unknown,2,2,1
3723831.92,Rubavu,web,5,9,0
3067638.82,Musanze,web,3,5,0
1044493.71,Kigali,atm,17,3,0
1092969.8,Gisenyi,web,12,3,0
2229423.71,Kigali,atm,2,4,0
3770394.3,Musanze,pos,3,4,0
20146.06,Rubavu,web,11,3,0
221854.2,Rubavu,web,14,3,0
4350623.05,Musanze,pos,10,4,0
4070421.38,Butare,atm,10,3,0
3473558.42,Kigali,mobile,10,4,0
2497910.29,Musanze,web,12,1,0
726061.33,Musanze,unknown,14,2,0
511614.84,Kigali,web,20,8,0
4526928.95,Nyagatare,web,22,2,0
1912917.94,Kigali,mobile,14,4,0
3478765.22,Kigali,unknown,16,4,1
2281262.31,Kigali,web,0,3,1
3654779.13,International,mobile,5,5,0
966947.75,Kigali,unknown,6,1,0
2423097.31,International,web,13,1,1
1884643.33,Gisenyi,mobile,0,4,0
1225645.98,Kigali,mobile,19,4,0
2988756.83,Gisenyi,unknown,5,4,0
2685097.99,Nyagatare,web,17,4,0
2478708.31,Gisenyi,web,8,4,0
2955718.13,Kigali,web,1,3,1
713082.58,Kigali,atm,20,6,0
1853056.4,Kigali,mobile,16,2,0
1623709.03,Kigali,web,21,0,0
3845992.52,Kigali,atm,10,2,0
179102.51,Rubavu,web,18,1,0
1410014.5,Kigali,atm,12,1,0
4591512.4,Butare,unknown,15,3,1
1502103.07,Kigali,unknown,11,7,0
759921.43,International,web,21,1,0
3786848.31,Gisenyi,mobile,8,8,0
239697.03,Musanze,mobile,7,0,0
2131886.09,Butare,pos,13,3,0
4276861.12,Kigali,mobile,17,4,0
4770497.01,Musanze,mobile,8,5,0
1245474.27,Musanze,web,11,2,0
1481363.07,Kigali,unknown,16,6,0
2836471.9,Gisenyi,mobile,14,2,0
1133144.52,Kigali,mobile,18,7,0
754144.96,Kigali,pos,9,1,0
2130194.56,Musanze,mobile,3,5,1
361704.27,Nyagatare,web,4,6,0
4471152.75,Kigali,pos,6,4,0
1671316.01,Gisenyi,mobile,18,3,0
1681752.48,Rubavu,web,21,3,0
3956969.88,Rubavu,unknown,11,4,1
1708071.01,Butare,atm,23,1,0
3804653.83,Gisenyi,mobile,4,2,0
906619.45,Rubavu,atm,0,3,0
2645177.19,Kigali,mobile,4,5,0
3842673.09,Gisenyi,mobile,18,1,0
2249770.57,Butare,atm,15,4,0
359530.41,Kigali,mobile,19,1,0
3684643.3,Kigali,mobile,12,2,0
2470535.44,Gisenyi,mobile,6,2,0
1582422.41,Kigali,mobile,2,3,0
4963982.28,Musanze,web,11,2,0
4380423.09,Kigali,mobile,0,2,0
189593.84,Musanze,pos,23,5,0
2968473.32,Musanze,atm,19,4,0
1773166.37,Nyagatare,mobile,18,2,0
187507.24,Butare,web,21,1,0
56979.49,Kigali,pos,14,1,0
2918997.03,Rubavu,unknown,19,4,1
1600993.23,Kigali,mobile,22,5,0
3516729.37,Kigali,atm,22,2,0
2272379.22,Nyagatare,mobile,18,4,0
3832604.55,Kigali,mobile,17,5,0
4065419.64,Butare,mobile,19,4,0
3286343.41,Musanze,web,9,2,0
2090154.06,Kigali,mobile,21,0,0
4942392.01,Nyagatare,mobile,9,5,0
1533773.56,Kigali,web,18,1,0
2573139.38,Kigali,web,9,7,0
2602260.31,Kigali,atm,22,3,0
2141980.09,Gisenyi,web,11,2,0
607515.89,Butare,web,21,5,0
1770033.49,International,mobile,19,4,0
1076341.13,Rubavu,mobile,3,3,0
4499336.04,Musanze,pos,19,1,0
3277047.73,Kigali,mobile,8,4,0
1439427.01,Rubavu,mobile,11,4,0
2828880.25,Gisenyi,atm,18,1,0
4266111.01,Butare,mobile,18,2,0
4672205.26,Musanze,mobile,6,1,0
375640.3,International,web,18,6,0
3934649.05,Kigali,web,14,5,0
4831557.3,Musanze,mobile,9,3,0
2336495.39,Nyagatare,mobile,3,3,1
4977672.28,Kigali,web,23,5,0
4785411.42,Kigali,mobile,4,5,0
3284628.29,Musanze,mobile,3,4,0
4238133.19,International,mobile,20,1,1
1483167.31,Nyagatare,web,8,2,0
4587359.52,Kigali,mobile,18,6,0
2959649.61,Nyagatare,mobile,8,5,0
2548573.11,Gisenyi,mobile,18,5,0
4178390.99,Butare,web,23,1,1
4447527.15,Musanze,web,13,6,0
3506394.71,Musanze,mobile,5,4,0
125668.9,Butare,web,14,7,0
2986232.11,Butare,mobile,20,3,0
4108368.65,Butare,atm,10,0,0
2726574.06,Kigali,web,11,1,0
4674325.79,Rubavu,web,14,3,0
4486638.27,Nyagatare,web,21,3,0
2648616.42,Kigali,mobile,3,3,1
2019452.05,Musanze,mobile,19,3,0
275854.72,Kigali,web,23,2,0
3163172.42,Kigali,mobile,4,1,0
1330190.54,Kigali,mobile,5,2,0
3342427.33,Butare,web,11,4,0
3993906.81,Gisenyi,web,19,1,0
2043763.21,Kigali,mobile,1,4,0
78415.9,Rubavu,pos,5,4,0
4326334.54,Butare,pos,21,4,0
2745261.04,International,mobile,6,1,1
1574299.79,Kigali,web,10,3,0
3169163.33,Rubavu,pos,4,3,0
3372133.43,Kigali,atm,8,2,0
737759.8,Kigali,mobile,7,2,0
3232184.45,Kigali,mobile,8,1,0
1433791.56,Kigali,web,0,1,0
4018222.18,Kigali,mobile,13,4,0
4707582.14,Kigali,web,11,5,0
513785.51,Kigali,mobile,9,1,0
4586830.31,Rubavu,web,18,4,0
4517278.15,Butare,atm,12,3,0
1714866.63,Kigali,unknown,13,3,0
144663.16,Kigali,web,22,3,0
3316295.32,Kigali,web,3,3,0
1723883.53,Butare,mobile,16,0,0
958641.66,International,mobile,18,5,0
543268.0,Butare,mobile,4,5,0
980533.8,Kigali,pos,11,2,0
1187715.43,Kigali,web,6,1,0
3979229.68,Kigali,mobile,0,3,0
3919205.32,Butare,pos,21,5,0
2472323.82,Rubavu,mobile,20,2,0
2766849.81,Gisenyi,web,23,4,0
4589123.6,Butare,atm,22,3,0
4540246.95,Musanze,mobile,3,3,0
4143454.68,Kigali,mobile,8,3,0
1871681.84,Kigali,mobile,18,1,0
1833078.71,Musanze,unknown,14,2,0
4439469.32,Butare,web,18,0,0
4632604.57,Gisenyi,mobile,19,4,0
3992374.01,Musanze,web,6,3,0
3785801.49,Nyagatare,mobile,22,3,0
2791040.99,Gisenyi,mobile,4,1,0
1692005.34,Musanze,unknown,22,2,0
1203542.52,Butare,mobile,16,5,0
702121.34,Kigali,atm,6,5,0
3641144.85,International,pos,16,1,0
3885005.6,Musanze,web,3,3,0
1793546.6,Musanze,unknown,12,3,0
30702.93,Butare,mobile,2,3,0
4693012.1,Nyagatare,unknown,17,7,1
2185728.07,Butare,mobile,7,2,0
4872967.94,Rubavu,web,16,3,0
3386959.17,Kigali,pos,4,2,0
620505.48,Kigali,web,0,4,0
1635097.56,Butare,web,6,2,0
3285422.53,Gisenyi,mobile,10,5,0
3246439.43,Musanze,unknown,18,5,0
1160311.14,Kigali,mobile,21,3,0
884695.88,Musanze,pos,11,1,0
1384315.6,Nyagatare,unknown,22,3,0
3934566.47,Musanze,mobile,11,2,0
1209728.07,Gisenyi,atm,0,5,0
3509052.73,Musanze,mobile,10,3,0
4350063.05,Nyagatare,atm,12,3,0
1958415.91,Gisenyi,web,9,4,0
35466.7,Musanze,mobile,22,5,0
710217.7,Butare,pos,11,5,0
1559828.39,Butare,web,14,2,0
950176.16,Kigali,mobile,14,2,0
1447923.24,Nyagatare,web,11,2,0
2720437.89,Kigali,mobile,23,3,0
105894.96,Kigali,atm,16,3,0
321875.32,Kigali,web,15,2,0
4278768.81,Kigali,mobile,2,5,0
2611837.53,Nyagatare,mobile,15,1,0
4677687.78,International,atm,7,3,1
16876.41,Nyagatare,web,15,3,0
1255.88,Kigali,mobile,21,2,0
3698113.22,Kigali,web,17,2,0
2381525.48,Kigali,web,17,3,0
4569034.83,Musanze,mobile,21,3,0
3933026.5,Kigali,web,15,3,0
2520061.33,Nyagatare,mobile,14,3,0
2392880.75,Musanze,web,22,1,0
4055996.54,Kigali,mobile,2,0,0
4018630.01,Rubavu,web,6,2,0
1385085.58,Butare,pos,7,7,0
3373346.98,Kigali,web,19,3,0
3216189.67,Gisenyi,web,17,4,0
4280494.45,Musanze,web,4,4,0
4342963.56,Nyagatare,mobile,4,4,0
1341769.07,Kigali,mobile,12,2,0
4398772.4,Butare,pos,8,3,0
4622893.32,Gisenyi,pos,12,8,0
548628.51,Kigali,web,16,2,0
2868943.95,Kigali,mobile,13,0,0
2182600.17,Musanze,pos,12,4,0
2010222.52,Musanze,mobile,1,1,0
3524294.56,Rubavu,pos,20,0,0
648277.02,Nyagatare,web,9,2,0
4099819.07,Butare,mobile,6,1,0
133483.84,Musanze,pos,13,3,0
2891715.16,Kigali,web,3,2,0
1127187.32,International,mobile,15,2,0
3337510.86,Nyagatare,web,14,1,0
2627396.75,Musanze,pos,7,6,0
4998761.28,Gisenyi,mobile,6,3,0
4311681.55,Butare,mobile,13,6,0
1683495.39,Kigali,atm,3,1,0
2642647.9,Kigali,web,0,2,1
1589401.35,Kigali,pos,12,1,0
3644103.06,Kigali,mobile,10,2,0
2112354.48,Gisenyi,web,5,3,0
577631.1,Kigali,mobile,0,4,0
3304188.98,Kigali,pos,22,4,0
55819.71,Kigali,mobile,2,5,0
1486801.74,Butare,mobile,6,1,0
4535761.77,Rubavu,web,5,4,0
471324.47,Kigali,atm,9,5,0
2522376.49,Kigali,mobile,14,1,0
3975544.88,Rubavu,mobile,4,4,0
4522558.36,Kigali,mobile,11,3,0
2799411.56,Musanze,pos,22,1,0
766330.41,Butare,atm,4,1,0
4704316.67,Kigali,mobile,9,2,0
3746419.6,Nyagatare,mobile,1,2,1
1978653.95,Kigali,unknown,8,3,0
1385265.22,Gisenyi,web,0,7,0
239058.59,Gisenyi,mobile,9,2,0
957560.11,Kigali,mobile,5,1,0
3888496.48,Gisenyi,mobile,7,3,0
543583.85,Rubavu,mobile,22,3,0
647497.97,Nyagatare,atm,5,6,0
980065.54,Rubavu,mobile,16,1,0
1977010.98,Butare,unknown,18,2,0
945761.19,Nyagatare,mobile,15,3,0
4521565.37,Kigali,mobile,12,1,0
1288647.92,Nyagatare,mobile,13,3,0
4597478.32,Musanze,web,18,5,0
4924722.63,Gisenyi,unknown,7,3,0
3774139.38,Kigali,unknown,18,3,0
37681.58,Gisenyi,mobile,13,4,0
1200480.58,Nyagatare,atm,21,5,0
1337033.4,Gisenyi,atm,18,4,0
2714001.56,Musanze,mobile,10,7,0
792389.32,Kigali,mobile,21,5,0
386537.16,Kigali,mobile,19,4,0
882200.53,Kigali,mobile,14,3,0
1637096.16,Butare,web,15,3,0
246525.25,Butare,web,12,5,0
977223.48,Nyagatare,mobile,10,2,0
838016.07,Kigali,unknown,10,2,0
3861910.45,Gisenyi,web,14,6,0
848285.22,Butare,atm,5,3,0
3957801.86,Nyagatare,web,8,4,0
2541156.67,Musanze,web,2,1,0
3789391.97,Butare,mobile,21,4,0
2252059.35,Gisenyi,pos,18,2,0
4505325.35,Rubavu,mobile,9,4,0
1382955.15,Kigali,unknown,9,7,0
3834150.85,Rubavu,mobile,20,4,0
817518.36,Kigali,mobile,5,6,0
4413280.89,Kigali,atm,13,4,0
142690.27,Butare,web,4,1,0
2287451.9,International,atm,3,8,1
2106580.77,International,web,12,4,0
3119141.53,Nyagatare,web,2,4,0
2204946.33,Kigali,mobile,12,2,0
2945098.87,Nyagatare,pos,6,4,0
4308583.91,Musanze,web,11,3,0
710571.61,Butare,mobile,10,3,0
1221114.52,Kigali,mobile,22,2,0
4014198.18,Musanze,web,2,0,1
1140705.84,Kigali,mobile,17,2,0
4528317.15,Rubavu,pos,16,4,0
2704286.33,Rubavu,atm,21,2,0
409780.72,Gisenyi,mobile,13,3,0
103791.01,Nyagatare,pos,10,1,0
3814641.47,Kigali,pos,20,3,0
4281825.98,Butare,pos,6,3,0
1199703.06,Musanze,mobile,18,2,0
1204279.13,Rubavu,web,3,2,0
4770533.47,Gisenyi,web,10,3,0
3281107.59,Kigali,web,10,3,0
838486.75,Kigali,web,0,3,0
2243210.41,Rubavu,mobile,2,4,0
4552225.36,Kigali,mobile,17,1,0
3106060.39,Rubavu,atm,5,3,0
2037644.26,Kigali,unknown,22,0,1
755591.98,Rubavu,mobile,1,1,0
3630146.22,Kigali,web,15,1,0
1382176.26,Kigali,mobile,22,1,0
2829770.58,Musanze,web,2,1,0
3000900.93,Musanze,mobile,5,5,0
2777469.68,Kigali,atm,23,2,0
1232840.71,Kigali,web,14,2,0
3541518.83,Butare,mobile,17,5,0
2830467.0,Gisenyi,web,8,3,0
2018712.81,Rubavu,web,13,2,0
261128.2,Kigali,web,7,5,0
1656653.35,Kigali,web,0,3,0
1762561.32,Kigali,unknown,16,2,0
3955921.24,Kigali,mobile,10,6,0
2567478.61,Kigali,unknown,3,1,1
4660628.26,Nyagatare,mobile,7,3,0
3753773.99,Kigali,mobile,23,2,1
2690254.24,Kigali,unknown,22,3,1
844844.58,Butare,pos,13,4,0
1105555.49,Nyagatare,mobile,6,6,0
800816.8,International,web,10,3,0
2214532.24,Rubavu,mobile,18,1,0
3612763.16,Kigali,mobile,1,4,1
3796744.46,Kigali,mobile,3,1,0
481208.07,Kigali,mobile,11,2,0
2479806.22,Kigali,web,19,6,0
2407462.32,Musanze,web,22,5,0
2194713.82,International,atm,16,1,1
1506429.38,Kigali,mobile,10,5,0
2379302.41,Kigali,web,18,3,0
2583275.34,Nyagatare,unknown,17,4,0
2998680.98,Rubavu,pos,19,2,0
1887137.15,Nyagatare,web,17,5,0
4725530.63,Nyagatare,mobile,22,3,0
1694523.88,Butare,mobile,0,4,0
4475307.08,Rubavu,web,20,4,0
4006366.97,Rubavu,web,12,1,0
2326620.9,Gisenyi,unknown,8,7,1
2481813.74,Kigali,pos,19,1,0
4349373.01,Musanze,web,2,2,1
2463878.67,Musanze,mobile,14,6,0
3397058.18,Butare,mobile,3,4,0
4046609.79,Butare,mobile,10,2,0
4539452.14,Kigali,web,3,1,0
1091211.73,Musanze,mobile,9,3,0
4876841.17,Kigali,mobile,10,3,0
4826685.18,Butare,unknown,6,4,0
1487126.17,Butare,atm,16,5,0
3068833.73,Rubavu,web,23,3,1
235066.3,Kigali,pos,15,2,0
839552.79,Kigali,mobile,21,1,0
2919293.98,Nyagatare,mobile,1,1,0
3250706.15,Kigali,mobile,15,3,0
2673247.6,Kigali,unknown,13,3,0
3523758.43,Kigali,unknown,22,3,1
3964557.38,Butare,web,22,2,0
842704.9,Butare,web,18,4,0
3298256.42,Musanze,unknown,0,3,1
2813209.88,Kigali,mobile,9,5,0
588372.42,Musanze,web,3,1,0
1143408.15,Kigali,atm,7,2,0
2098635.26,Butare,atm,3,3,0
4318860.3,Nyagatare,web,9,5,0
1085520.39,Butare,unknown,21,3,0
915027.0,International,mobile,16,5,0
3604898.16,Gisenyi,web,12,1,0
4878976.82,Musanze,pos,15,3,0
2236920.12,Butare,mobile,13,2,0
1751013.0,Butare,pos,5,2,0
1270075.98,Kigali,web,0,4,0
249179.45,Kigali,mobile,16,2,0
892481.4,Gisenyi,web,10,4,0
467528.62,Gisenyi,unknown,18,1,0
2470760.72,International,unknown,3,6,1
4890998.54,Nyagatare,mobile,1,2,1
3937118.42,Musanze,unknown,5,4,1
3008649.57,Kigali,mobile,14,2,0
2433448.03,Butare,mobile,4,2,0
3086101.36,Kigali,web,7,3,0
1880445.2,Gisenyi,web,10,3,0
892337.28,Kigali,web,17,3,0
2949073.38,Butare,mobile,6,5,0
2640752.39,Gisenyi,web,19,7,0
4722711.17,Kigali,mobile,15,4,0
3249339.32,Musanze,web,14,1,0
3867265.83,Rubavu,mobile,3,5,0
463962.23,Kigali,mobile,3,3,0
3804804.53,International,web,3,2,1
4914252.76,Butare,web,1,4,0
3287649.06,Kigali,pos,18,9,0
3710547.48,Kigali,web,7,4,0
4897616.47,International,mobile,13,2,1
1956677.98,Nyagatare,mobile,15,6,0
4120980.48,Kigali,web,20,3,0
1998762.79,Nyagatare,mobile,9,5,0
2129880.12,Gisenyi,mobile,20,4,0
3291380.3,Kigali,web,20,2,0
1282467.58,Musanze,web,22,3,0
4963912.71,Butare,mobile,16,1,0
1646493.22,Kigali,mobile,17,4,0
614688.38,Kigali,atm,23,2,0
1613109.01,Gisenyi,mobile,7,4,0
4279903.17,Rubavu,web,10,1,0
1569983.22,Gisenyi,web,3,3,0
3056972.4,Kigali,mobile,18,2,0
4676633.39,Rubavu,pos,16,4,0
1300200.3,Kigali,mobile,1,2,0
657260.96,International,web,2,3,0
484692.83,Butare,mobile,18,5,0
2202120.82,Kigali,web,16,3,0
521881.37,Gisenyi,mobile,19,2,0
2269315.13,Gisenyi,atm,15,5,0
4313653.34,Kigali,mobile,4,0,0
3887530.4,Kigali,mobile,1,3,0
2908713.42,International,web,23,3,1
4252187.32,Kigali,web,6,2,0
501800.1,Kigali,mobile,6,1,0
3047283.77,Butare,mobile,8,1,0
578649.03,Kigali,mobile,13,3,0
2410955.99,Kigali,pos,15,4,0
2317580.16,Kigali,unknown,11,2,1
1326144.25,Musanze,mobile,23,2,0
4149358.26,Kigali,web,17,1,0
1141524.22,Butare,web,7,1,0
2759695.28,Kigali,mobile,14,2,0
2411565.59,Butare,web,16,6,0
2158545.23,Butare,web,11,1,0
168193.97,Butare,web,10,2,0
3483820.93,Butare,mobile,11,5,0
63920.37,Rubavu,mobile,9,1,0
4102825.75,Musanze,unknown,2,2,1
1332339.74,Kigali,unknown,6,6,0
600467.16,Butare,mobile,4,1,0
2085494.86,Nyagatare,web,19,4,0
2797023.07,Kigali,mobile,5,5,0
1552158.11,International,atm,7,5,0
609362.97,Musanze,mobile,4,3,0
92127.21,Kigali,web,8,3,0
3519214.31,Kigali,web,23,2,1
4432235.75,Kigali,mobile,12,3,0
503055.01,Kigali,web,13,3,0
1153553.52,Gisenyi,unknown,10,2,0
101635.69,Kigali,mobile,17,6,0
4425388.64,Kigali,web,13,2,0
2223970.38,International,mobile,20,3,1
4626013.44,Kigali,mobile,23,2,0
2340762.6,Musanze,web,5,3,0
4310984.44,Gisenyi,unknown,2,1,1
4758806.26,Butare,mobile,9,5,0
1676090.79,Rubavu,unknown,20,6,0
3203734.92,Kigali,mobile,8,1,0
3332266.81,Musanze,unknown,8,2,1
107532.97,Nyagatare,mobile,17,3,0
2191426.71,Kigali,mobile,1,0,0
4276711.54,Kigali,unknown,17,0,1
4731453.17,Kigali,mobile,13,2,0
4496154.76,Nyagatare,mobile,2,2,1
4864503.22,Musanze,pos,4,0,0
3265382.79,Butare,unknown,9,3,0
1164380.53,Kigali,atm,13,4,0
2877123.16,Butare,unknown,22,2,1
2106009.21,Butare,mobile,11,2,0
1293633.55,Butare,web,18,2,0
3864044.33,Kigali,atm,16,1,0
3146179.05,Kigali,unknown,3,3,1
3950625.99,Musanze,pos,6,4,0
1347818.59,Kigali,mobile,12,2,0
4519470.79,Butare,mobile,2,1,0
1193949.34,Kigali,web,23,4,0
3009811.11,Kigali,pos,19,2,0
284944.87,Kigali,mobile,9,1,0
2705050.86,Kigali,mobile,10,4,0
494067.69,Butare,mobile,13,4,0
1661408.37,Musanze,web,18,3,0
4303515.95,Kigali,mobile,20,2,0
4467689.81,Kigali,mobile,8,4,0
3836609.0,Musanze,web,6,5,0
1838835.11,Kigali,web,11,4,0
2893824.71,Nyagatare,atm,7,6,0
1120282.84,International,web,9,2,0
3391906.8,Nyagatare,web,12,2,0
1737341.39,Kigali,mobile,23,1,0
1105382.51,Kigali,mobile,2,4,0
2925059.3,Musanze,web,2,6,0
559455.06,Butare,web,9,0,0
3433651.55,Kigali,mobile,1,2,1
935433.62,Kigali,mobile,0,3,0
2767500.08,Gisenyi,mobile,2,5,0
1962846.18,Nyagatare,pos,13,2,0
2831440.43,Gisenyi,pos,13,4,0
1230186.37,Gisenyi,mobile,3,1,0
1552291.4,Rubavu,atm,19,7,0
702035.31,Musanze,mobile,4,1,0
3884939.74,Nyagatare,pos,7,4,0
351025.07,Kigali,unknown,14,3,0
1882484.35,International,mobile,13,1,0
2245759.4,Kigali,atm,6,6,0
976433.46,Kigali,web,21,3,0
1924415.67,Butare,web,4,5,0
2090732.06,Kigali,web,15,0,0
1122039.79,Kigali,mobile,21,3,0
3196459.08,International,pos,13,1,0
154754.6,Kigali,mobile,10,3,0
988224.54,International,mobile,12,1,0
3120562.82,Gisenyi,unknown,23,2,1
3137823.44,International,web,23,8,1
1326680.36,Nyagatare,pos,21,3,0
3415404.67,Gisenyi,mobile,13,3,0
2349209.18,Gisenyi,pos,0,2,1
2636469.69,International,web,16,3,1
1663385.51,Butare,web,20,3,0
4921369.47,Kigali,unknown,7,4,0
3687067.44,International,pos,15,5,1
1242525.28,Kigali,mobile,20,5,0
1183198.12,Kigali,unknown,6,5,0
3870980.38,Rubavu,mobile,17,1,0
1940360.6,Butare,mobile,12,4,0
458014.02,Kigali,web,6,2,0
178481.76,Gisenyi,atm,20,3,0
2070073.11,Kigali,mobile,9,6,0
2073832.87,Rubavu,mobile,2,4,1
3534430.08,Butare,pos,0,2,1
2874070.89,Butare,unknown,11,4,0
3850715.61,Nyagatare,web,9,4,0
1589102.32,Musanze,unknown,6,4,0
3121445.24,Butare,pos,23,5,1
4428571.09,Gisenyi,mobile,9,1,0
346900.63,Musanze,mobile,3,2,0
3542402.44,Butare,pos,18,4,0
3579557.11,Rubavu,web,20,6,0
3970254.44,Butare,pos,16,4,0
1345602.08,Butare,atm,5,2,0
2082896.18,International,web,0,2,1
1198921.87,Kigali,unknown,23,6,0
1543255.16,Butare,atm,20,3,0
4842558.21,Nyagatare,mobile,15,2,0
2228547.21,Nyagatare,atm,15,2,0
4242837.96,Rubavu,web,11,3,0
3974501.83,Gisenyi,mobile,11,3,0
2222907.89,Rubavu,web,6,3,0
4960899.56,Kigali,web,19,1,0
4203982.2,Butare,web,4,2,0
2413733.95,Butare,web,15,3,0
1548873.55,Kigali,web,1,1,0
376935.11,Nyagatare,web,15,4,0
2324267.13,Butare,web,22,4,0
1800369.51,Nyagatare,atm,12,6,0
3557028.73,Kigali,pos,8,3,0
98881.98,Butare,web,6,3,0
4157322.61,Kigali,mobile,3,3,0
2083432.37,Gisenyi,mobile,7,1,0
2348928.04,Butare,mobile,10,2,0
914359.49,Nyagatare,web,10,3,0
4687441.77,Butare,unknown,14,3,1
1992236.8,Gisenyi,pos,13,1,0
4213702.63,Rubavu,web,21,4,0
1187648.56,Kigali,atm,5,1,0
483736.65,Nyagatare,atm,18,2,0
3178986.97,Kigali,web,12,3,0
4922090.24,Gisenyi,pos,11,3,0
3234884.38,Gisenyi,mobile,1,2,1
3043761.26,Butare,web,18,5,0
2211432.47,Kigali,mobile,10,3,0
1419364.57,Gisenyi,mobile,6,8,0
2154450.87,Kigali,unknown,2,1,1
745210.25,Kigali,web,22,2,0
1309902.87,Butare,atm,2,2,0
2437183.41,Rubavu,pos,19,2,0
724405.4,Rubavu,unknown,10,3,0
3957763.33,Butare,mobile,20,6,0
58300.82,Kigali,atm,1,4,0
1608306.33,Musanze,web,20,9,0
2583498.98,Rubavu,web,9,2,0
4644774.55,Musanze,mobile,21,5,0
2867474.32,Kigali,atm,3,1,0
1474872.43,Nyagatare,mobile,15,3,0
1761277.34,Kigali,mobile,15,4,0
1696125.17,Kigali,atm,4,2,0
902256.71,Butare,mobile,19,2,0
724670.96,International,web,20,4,0
2403436.82,Kigali,mobile,0,2,0
1351670.08,Musanze,pos,23,3,0
459668.42,Kigali,unknown,8,2,0
1082785.04,Kigali,pos,2,5,0
2603870.0,Kigali,mobile,12,3,0
1284837.7,Gisenyi,mobile,2,0,0
1189092.04,Kigali,web,8,2,0
3103472.15,Kigali,unknown,8,6,0
3447237.12,Kigali,web,12,4,0
1206608.82,Rubavu,mobile,22,6,0
2360970.37,Kigali,mobile,20,2,0
3822951.48,Kigali,mobile,16,5,0
3449676.34,Kigali,web,8,3,0
346918.98,Kigali,mobile,11,1,0
1800673.98,Rubavu,web,5,0,0
3616516.82,Kigali,unknown,2,1,1
897597.73,Gisenyi,mobile,20,3,0
980037.95,Kigali,pos,10,5,0
3151043.45,Rubavu,web,12,4,0
1419112.89,Musanze,web,13,6,0
1619090.26,Kigali,unknown,14,3,0
2614316.69,Kigali,web,14,3,0
3753027.79,Kigali,mobile,16,3,0
2491695.17,Butare,pos,13,4,0
4467187.69,Kigali,mobile,15,6,0
533650.77,Kigali,unknown,9,3,0
3770869.07,Gisenyi,mobile,16,4,0
2718419.15,Kigali,mobile,15,1,0
4083524.22,Butare,unknown,13,5,0
1582358.1,Kigali,pos,12,1,0
2410766.18,International,mobile,3,7,1
4118076.8,Kigali,atm,21,0,0
4158991.03,Kigali,mobile,2,1,0
1880264.36,Gisenyi,mobile,2,2,0
4111068.88,Kigali,mobile,14,6,0
3412150.95,Musanze,mobile,3,3,1
2047442.9,Musanze,web,15,1,0
4848542.6,Butare,mobile,0,6,0
154956.16,Musanze,web,4,3,0
1913623.11,Rubavu,web,7,1,0
1535109.75,Kigali,web,5,2,0
4678834.36,Nyagatare,mobile,2,3,0
497716.45,Nyagatare,mobile,19,7,0
3140308.24,Kigali,atm,4,2,0
3583281.81,Musanze,mobile,13,5,0
921287.03,Nyagatare,mobile,10,2,0
750162.6,Rubavu,web,4,2,0
239632.75,Kigali,web,1,4,0
794796.56,Kigali,mobile,18,2,0
4041171.07,International,atm,15,5,1
4719808.85,Butare,pos,7,1,0
4507160.49,Gisenyi,unknown,16,4,1
1826841.33,Nyagatare,web,19,3,0
3629514.61,Kigali,mobile,1,3,0
4135304.83,Butare,web,8,3,0
4062521.2,Gisenyi,mobile,11,4,0
313893.39,Kigali,unknown,12,0,0
1074544.45,Gisenyi,mobile,14,3,0
4694755.18,Nyagatare,unknown,22,2,0
3699660.88,Kigali,unknown,21,4,0
4171844.85,Musanze,atm,19,4,0
2570859.17,International,mobile,0,4,1
1965583.71,Nyagatare,web,2,3,0
3256292.65,Butare,mobile,18,5,0
2364547.19,Nyagatare,pos,21,1,0
1869123.68,Musanze,mobile,21,1,0
1739703.88,Musanze,web,10,7,0
789956.02,Kigali,web,19,3,0
2647301.24,Butare,mobile,20,3,0
2599472.93,Kigali,web,20,2,0
2954052.36,Kigali,mobile,12,1,0
581560.16,Gisenyi,web,10,1,0
4574657.53,Kigali,mobile,21,4,0
3710409.59,Butare,mobile,18,2,0
655255.02,International,web,13,2,0
397180.05,Kigali,web,10,2,0
3214781.9,Nyagatare,mobile,8,3,0
1707842.85,Kigali,web,6,4,0
1595583.24,Rubavu,web,3,3,0
4200035.31,Kigali,mobile,2,4,1
1726043.43,Kigali,web,11,6,0
3161094.02,Musanze,mobile,9,4,0
2685604.02,Rubavu,unknown,6,3,1
1315205.43,Gisenyi,mobile,4,2,0
1658534.54,International,atm,15,2,0
4715992.85,Kigali,web,17,4,0
1657198.68,Butare,web,21,3,0
3920125.15,Gisenyi,unknown,18,5,1
4306446.81,Kigali,pos,12,4,0
355654.46,Rubavu,mobile,6,6,0
3315695.95,Nyagatare,unknown,9,3,1
3746428.17,Rubavu,mobile,4,4,0
2170391.41,Gisenyi,mobile,6,3,0
2846840.72,Rubavu,web,3,0,0
809448.37,Kigali,unknown,13,1,0
1592827.06,Gisenyi,web,11,3,0
3538480.99,Butare,pos,0,4,1
3013054.88,Kigali,unknown,14,3,1
682360.53,Butare,atm,0,4,0
4940249.47,Musanze,web,13,3,0
4688976.72,Butare,mobile,22,3,0
1120974.36,Rubavu,mobile,10,4,0
4375665.26,Gisenyi,web,5,3,0
1336212.93,Nyagatare,mobile,15,5,0
2818913.78,Butare,mobile,12,1,0
3910363.99,Musanze,mobile,2,4,1
1720728.96,Musanze,pos,8,4,0
2775959.39,Butare,mobile,11,4,0
2252042.86,Butare,mobile,16,1,0
3801112.98,Kigali,atm,9,1,0
2393639.19,Butare,unknown,4,3,1
2834772.53,Kigali,atm,2,5,1
4227865.71,Nyagatare,mobile,22,4,0
3493378.37,Kigali,mobile,3,3,0
2637752.63,Kigali,web,4,5,0
2306727.33,Nyagatare,mobile,13,1,0
634264.88,Butare,web,15,2,0
282304.23,Kigali,mobile,19,1,0
4763900.75,Kigali,web,6,3,0
933039.55,Rubavu,atm,4,3,0
1384720.1,Butare,atm,16,0,0
3054937.21,Butare,pos,10,4,0
4139714.63,Butare,atm,16,2,0
4165793.27,Kigali,mobile,21,2,0
4148322.26,Butare,unknown,17,1,0
4890450.99,Kigali,atm,20,4,0
278987.38,Kigali,mobile,1,5,0
1999541.07,Butare,web,16,6,0
4567981.94,Rubavu,web,7,1,0
2336955.42,Gisenyi,web,19,3,0
4356547.47,Gisenyi,web,9,2,0
88773.43,Gisenyi,mobile,12,7,0
2522086.91,Butare,unknown,20,2,1
4612299.85,Gisenyi,web,5,6,0
1306783.79,Kigali,web,21,4,0
4648326.72,Nyagatare,web,14,2,0
42882.2,Gisenyi,web,3,2,0
395098.23,Nyagatare,web,17,6,0
2384384.7,Butare,mobile,1,4,0
532344.85,Kigali,web,0,3,0
1128373.78,International,mobile,4,3,0
1487976.34,Rubavu,atm,21,3,0
2407739.3,Butare,atm,9,2,0
1952872.92,Rubavu,pos,15,4,0
4610777.12,Kigali,atm,17,6,0
4430130.3,Musanze,mobile,13,2,0
3740480.42,Kigali,mobile,18,2,0
3296711.9,International,mobile,2,3,1
1022103.13,Butare,mobile,10,1,0
3009330.38,Kigali,web,6,5,0
735740.31,Musanze,pos,7,4,0
2263869.23,Nyagatare,atm,10,3,0
2307888.0,Rubavu,mobile,1,3,0
3448704.93,Gisenyi,mobile,4,2,0
4175716.06,Nyagatare,mobile,6,10,0
1602851.1,Gisenyi,mobile,23,4,0
206385.79,Musanze,web,2,2,0
235328.37,Butare,atm,13,4,0
4374184.03,Rubavu,pos,21,2,0
2431886.14,International,web,8,6,0
1240438.91,Kigali,mobile,3,2,0
161917.49,Rubavu,mobile,5,2,0
2644057.31,Kigali,web,19,3,0
685905.35,Gisenyi,web,4,4,0
2085431.82,Kigali,web,2,6,1
2580630.54,Nyagatare,pos,3,3,1
1146387.03,Kigali,mobile,18,4,0
994584.61,Butare,unknown,3,7,0
99530.45,International,unknown,5,4,1
2927811.17,Kigali,mobile,17,5,0
1002605.83,Gisenyi,mobile,11,1,0
4391203.11,Nyagatare,web,0,2,0
3019080.86,Kigali,atm,23,2,0
2782293.44,Kigali,web,18,3,0
2523670.98,Nyagatare,mobile,3,3,0
1076942.74,Gisenyi,web,3,4,0
4847067.52,Kigali,web,19,1,0
4835239.63,Kigali,mobile,23,1,0
1606701.49,Musanze,atm,13,0,0
3881193.01,Gisenyi,atm,3,2,1
596670.71,Rubavu,mobile,2,3,0
3902753.96,Gisenyi,web,21,3,0
1432016.5,Musanze,mobile,17,5,0
1446027.81,Musanze,web,9,1,0
2536412.93,Kigali,web,11,2,0
1961948.64,Nyagatare,web,12,3,0
589596.8,Butare,mobile,4,4,0
2965589.18,Kigali,web,22,4,0
1069611.13,Kigali,mobile,0,3,0
2222676.67,Rubavu,mobile,1,6,1
1155437.94,Kigali,mobile,2,6,0
4287997.42,Kigali,mobile,19,3,0
1690439.38,Gisenyi,mobile,18,1,0
4437510.38,Musanze,mobile,1,1,0
1630823.17,Kigali,atm,13,3,0
897895.61,Butare,mobile,21,2,0
2883384.9,Musanze,web,16,4,0
2775911.31,Nyagatare,mobile,23,3,0
3094758.33,Kigali,mobile,16,2,0
1511046.92,Rubavu,pos,1,5,0
1600184.59,Gisenyi,web,13,1,0
1187531.7,Butare,web,18,2,0
4642040.65,Kigali,web,19,2,0
3414937.18,Rubavu,mobile,4,1,0
3781400.62,Kigali,web,19,4,0
971218.62,Kigali,mobile,5,6,0
3308060.67,Nyagatare,mobile,2,3,0
3813440.25,Kigali,web,7,5,0
1712609.31,Kigali,mobile,15,3,0
788884.19,Kigali,mobile,1,5,0
3485172.75,Kigali,mobile,8,5,0
3055912.39,Musanze,mobile,22,4,0
2878303.43,Kigali,atm,23,3,0
913241.95,Rubavu,atm,21,2,0
1312829.21,Kigali,mobile,13,2,0
3124610.2,Kigali,web,20,4,0
3068124.33,Kigali,unknown,11,2,0
2773836.81,International,mobile,20,5,0
3840812.76,Nyagatare,mobile,6,3,0
4073378.66,Kigali,web,3,1,1
1382932.42,Kigali,web,0,3,0
788459.02,Kigali,mobile,21,3,0
1006238.34,Kigali,mobile,20,1,0
1406903.33,Butare,web,22,2,0
4738768.99,Rubavu,mobile,0,1,1
686241.99,Kigali,unknown,22,5,0
4393868.07,Rubavu,mobile,10,4,0
1017285.61,Kigali,web,17,3,0
1742554.34,Gisenyi,mobile,22,7,0
629800.38,Rubavu,web,17,3,0
517250.07,Rubavu,web,2,1,0
476167.64,Nyagatare,mobile,22,1,0
1714123.15,Nyagatare,web,17,6,0
2618698.6,Musanze,mobile,19,4,0
1004437.3,Butare,pos,13,2,0
4663404.82,Kigali,unknown,8,5,1
2932300.69,Nyagatare,pos,21,5,0
4425381.24,Gisenyi,pos,10,3,0
744519.51,Butare,web,23,5,0
717900.69,Kigali,mobile,14,2,0
4233840.13,Rubavu,mobile,14,2,0
2840122.78,International,pos,15,3,1
4692964.68,Kigali,mobile,22,6,0
734910.81,Musanze,mobile,10,4,0
130576.89,Kigali,web,13,4,0
4582844.47,Butare,mobile,9,3,0
3494336.11,Kigali,web,1,5,0
4035936.66,Butare,atm,11,4,0
1480422.06,Butare,unknown,21,4,0
15830.56,Kigali,mobile,23,2,0
2414657.81,Kigali,mobile,11,3,0
4950052.07,Kigali,atm,12,4,0
4537733.32,Butare,mobile,19,5,0
360577.91,International,mobile,8,3,0
939324.41,Kigali,atm,7,3,0
1556483.87,Butare,mobile,16,3,0
4152087.08,Kigali,mobile,23,4,1
4123659.8,Kigali,mobile,12,2,0
925430.01,Kigali,mobile,8,4,0
2665633.85,Butare,web,0,3,0
2509223.43,Rubavu,mobile,0,1,1
2071695.34,Butare,web,9,1,0
2679834.32,Kigali,unknown,22,2,1
1464297.93,Kigali,pos,1,2,0
2657980.09,Kigali,mobile,3,4,0
3428198.11,Nyagatare,atm,14,3,0
312985.14,Kigali,web,14,3,0
4836545.85,Kigali,mobile,23,5,0
826935.34,Kigali,mobile,23,6,0
1801813.17,Gisenyi,pos,6,4,0
2353401.5,Kigali,web,19,2,0
205401.71,Kigali,web,3,3,0
2742035.0,Musanze,web,21,2,0
4349933.85,Rubavu,mobile,13,3,0
4505140.31,Kigali,mobile,20,2,0
1631295.04,Rubavu,web,20,2,0
2794203.65,Kigali,mobile,5,2,0
3884098.76,Butare,mobile,7,4,0
1264602.14,Nyagatare,mobile,13,4,0
2642598.3,Kigali,unknown,19,6,0
1833924.64,Musanze,web,9,5,0
1891185.71,Musanze,mobile,9,4,0
471140.59,Nyagatare,mobile,1,1,0
2034744.73,Butare,web,17,7,0
804815.84,Kigali,mobile,12,1,0
1506699.73,Kigali,web,15,3,0
1651740.37,Gisenyi,unknown,9,4,0
2153284.43,Kigali,pos,20,2,0
4584610.24,Kigali,unknown,15,1,1
3155169.93,Rubavu,mobile,17,3,0
4872322.96,Gisenyi,mobile,17,3,0
2953462.26,Kigali,web,3,2,0
4027547.47,Butare,atm,22,4,0
4170840.26,Butare,mobile,16,3,0
3695149.52,Rubavu,mobile,4,2,0
3349739.9,Kigali,mobile,18,2,0
2089866.0,Butare,atm,2,3,0
2836597.09,Nyagatare,mobile,23,5,1
968986.51,Kigali,mobile,11,2,0
3091424.11,Rubavu,atm,3,4,0
2571725.46,Kigali,mobile,21,0,0
4021724.12,Kigali,web,9,3,0
4512766.85,Nyagatare,mobile,16,2,0
664406.36,Kigali,mobile,17,1,0
3454693.55,Butare,web,23,1,0
4750256.52,Kigali,unknown,5,2,1
4589445.25,Kigali,mobile,23,3,0
4172214.04,Kigali,atm,22,2,0
242180.83,Gisenyi,unknown,21,2,0
1262794.34,Butare,mobile,2,2,0
741868.18,Kigali,mobile,4,0,0
4634708.84,International,unknown,22,5,1
3744574.63,Kigali,web,3,1,0
2659157.29,Musanze,pos,5,4,0
4897011.48,Kigali,atm,16,6,0
973996.47,Musanze,mobile,1,1,0
3208038.8,Butare,mobile,23,4,0
3047100.45,Musanze,atm,21,1,0
1702601.0,Rubavu,web,9,4,0
2427158.77,Gisenyi,web,14,4,0
1177313.15,Kigali,web,5,4,0
3385735.22,Rubavu,mobile,23,5,0
2091494.43,Musanze,mobile,23,2,1
118238.71,Butare,mobile,15,4,0
4753950.72,Butare,mobile,16,1,0
2507345.08,Kigali,atm,3,3,1
3528316.58,Nyagatare,mobile,1,2,1
985051.49,Kigali,mobile,18,3,0
636584.97,Kigali,web,6,2,0
4512158.44,Kigali,web,8,1,0
2954867.15,Musanze,mobile,22,3,0
2467007.68,Rubavu,web,16,4,0
2605989.6,Kigali,web,21,2,0
1181394.88,Butare,mobile,21,1,0
4563475.5,Kigali,mobile,14,2,0
1071593.8,Kigali,pos,20,2,0
790452.39,Musanze,web,16,3,0
4650264.42,Kigali,mobile,20,1,0
1288240.49,Kigali,web,20,2,0
4312492.35,Kigali,atm,12,4,0
3862677.78,Butare,mobile,23,3,1
1910027.12,Kigali,unknown,4,3,0
1270383.03,Rubavu,atm,20,4,0
3795063.38,Musanze,mobile,8,7,0
2988194.66,Kigali,unknown,21,6,0
1270574.73,Kigali,mobile,13,1,0
4454451.89,Gisenyi,atm,8,9,0
3605051.6,Musanze,web,10,3,0
4546436.01,International,web,3,2,1
2187633.2,Kigali,web,11,8,0
641433.47,Nyagatare,mobile,2,1,0
4620414.77,Kigali,mobile,6,4,0
3007329.44,Kigali,web,19,4,0
3030494.47,Musanze,unknown,5,1,0
2921535.07,Butare,mobile,21,4,0
2362228.92,Kigali,mobile,23,4,0
1275587.88,Kigali,mobile,14,7,0
3065302.88,Kigali,web,22,3,0
3593154.42,Kigali,mobile,21,1,0
4582757.65,Rubavu,mobile,0,2,0
361202.47,Rubavu,mobile,3,2,0
1273920.31,International,web,1,1,0
3883540.59,Gisenyi,web,5,0,0
3875865.89,Kigali,pos,1,1,1
1060566.51,International,web,14,3,0
923996.04,Rubavu,web,4,7,0
1836017.48,Kigali,atm,22,2,0
315045.37,Kigali,unknown,21,3,0
3651938.75,Kigali,pos,19,3,0
3349208.72,International,atm,20,3,1
4293698.11,Butare,web,13,3,0
2150530.71,Butare,unknown,12,5,1
3183861.68,Musanze,mobile,12,3,0
4769770.47,International,web,21,5,1
4794032.17,Kigali,mobile,7,3,0
355852.53,International,web,14,4,0
9920.78,Kigali,web,19,3,0
4799941.98,Musanze,mobile,12,4,0
2676815.35,International,mobile,5,1,0
3502152.5,Gisenyi,web,3,8,0
4563029.49,Gisenyi,web,6,5,0
2166056.42,Rubavu,web,10,2,0
2203546.08,Kigali,mobile,21,4,0
835324.36,Kigali,web,3,3,0
4529188.49,Kigali,unknown,13,3,1
3238542.69,Nyagatare,unknown,9,3,0
901756.1,Butare,mobile,7,5,0
2799180.18,Rubavu,pos,22,4,0
1641155.61,Kigali,web,11,6,0
736336.26,Musanze,atm,8,2,0
909756.3,Kigali,mobile,5,1,0
2796506.16,Kigali,atm,5,4,0
2822143.94,Kigali,mobile,12,2,0
3949808.93,Nyagatare,web,11,4,0
1240297.43,Nyagatare,web,7,4,0
4579208.99,Nyagatare,web,7,7,0
2593305.35,Butare,mobile,21,2,0
1021261.36,International,mobile,2,1,0
2066696.24,Butare,atm,17,2,0
4616834.68,Kigali,atm,9,4,0
2391043.64,Butare,web,3,5,0
4373638.19,Nyagatare,mobile,20,5,0
799583.76,Musanze,web,1,3,0
4569835.01,Butare,web,8,6,0
2153378.72,Kigali,unknown,21,3,1
4680666.65,Gisenyi,web,10,1,0
4330459.56,Nyagatare,pos,15,1,0
3300001.55,Kigali,mobile,13,5,0
3364395.66,Musanze,pos,12,2,0
1057934.19,Kigali,web,11,6,0
3014347.48,Nyagatare,web,0,2,0
2747703.11,Rubavu,mobile,2,2,0
1671068.11,Kigali,mobile,16,3,0
2528354.81,Kigali,web,3,3,0
4645753.19,Nyagatare,pos,8,3,0
27025.67,Butare,mobile,19,4,0
2085911.9,Butare,mobile,6,2,0
1668526.78,Kigali,unknown,7,2,0
4806174.72,Kigali,mobile,23,1,0
4869484.21,Rubavu,web,11,4,0
2928509.85,Musanze,web,16,2,0
2750259.84,Nyagatare,web,11,4,0
4516110.88,Butare,mobile,22,2,0
33209.1,Kigali,web,20,3,0
2811621.87,Gisenyi,mobile,8,4,0
123649.73,Gisenyi,mobile,4,3,0
4840827.28,Kigali,mobile,12,2,0
1601137.71,Nyagatare,web,17,0,0
2604246.11,Gisenyi,mobile,14,4,0
2088133.74,Kigali,mobile,4,3,0
4468173.81,International,mobile,15,4,0
4999089.81,International,mobile,8,5,0
342405.7,Nyagatare,web,0,2,0
3660289.66,Nyagatare,mobile,6,3,0
1840309.12,Kigali,atm,18,3,0
695795.06,International,pos,9,3,0
2027484.93,Musanze,atm,3,1,1
4990734.08,Gisenyi,atm,19,3,0
1788157.71,Nyagatare,web,11,3,0
1387358.74,Kigali,mobile,15,2,0
4230933.79,Nyagatare,mobile,17,0,0
4339756.03,Gisenyi,web,2,3,1
1694676.34,Gisenyi,mobile,2,3,0
1493716.37,Gisenyi,mobile,12,1,0
3236583.75,Musanze,mobile,6,2,0
1026289.83,Butare,atm,12,5,0
2418685.17,International,atm,7,3,1
707147.79,Kigali,web,23,2,0
1524121.51,Nyagatare,mobile,8,5,0
1487758.75,Rubavu,web,1,4,0
3474652.38,Nyagatare,mobile,7,8,0
1411724.04,Kigali,mobile,11,4,0
4492529.27,Musanze,web,21,2,0
4915238.95,Gisenyi,web,19,5,0
405767.98,Musanze,atm,14,3,0
1988539.34,Kigali,mobile,19,5,0
1509554.4,Nyagatare,mobile,19,2,0
1760274.65,Nyagatare,web,1,2,0
1327141.75,Butare,web,13,6,0
1913632.97,Butare,atm,4,2,0
707502.26,Gisenyi,mobile,1,1,0
1399451.47,Kigali,unknown,20,2,0
3739215.48,Butare,mobile,22,2,0
1720560.6,Nyagatare,mobile,1,2,0
1039570.57,Kigali,atm,8,1,0
542665.97,Rubavu,atm,15,1,0
1740346.73,Gisenyi,web,0,3,0
3217223.74,Kigali,mobile,15,2,0
1266897.7,Butare,pos,15,0,0
2112517.23,Nyagatare,web,8,7,0
4762016.7,Gisenyi,atm,3,4,0
2762038.08,Rubavu,mobile,18,3,0
2659927.11,Musanze,mobile,18,1,0
2050011.59,Kigali,atm,10,1,0
2784421.47,Kigali,pos,6,4,0
4922844.09,Kigali,pos,1,3,1
1269407.62,Kigali,atm,18,2,0
4709668.51,Musanze,mobile,16,4,0
745780.39,Butare,mobile,20,3,0
555971.27,Kigali,web,20,3,0
3273520.14,Butare,web,8,3,0
1256269.53,Musanze,web,14,4,0
2222239.34,Kigali,pos,9,3,0
3648409.02,Kigali,mobile,2,4,0
2674440.1,Kigali,atm,11,1,0
69239.87,Gisenyi,mobile,15,1,0
1529563.24,Kigali,mobile,5,3,0
323901.01,Musanze,mobile,14,2,0
4630609.69,Kigali,web,8,5,0
3973345.64,Kigali,web,2,3,0
4919216.5,Nyagatare,web,22,5,0
4425605.01,Kigali,mobile,17,4,0
2376922.44,Butare,web,5,5,0
4413046.29,Kigali,atm,6,3,0
3362356.85,Butare,mobile,23,2,0
2623235.98,Kigali,unknown,17,1,0
1853544.91,Musanze,mobile,14,4,0
3404990.4,Rubavu,unknown,0,1,1
2950872.05,Rubavu,atm,23,2,0
3071117.82,Musanze,web,22,1,0
1999456.74,Kigali,mobile,23,5,0
3696705.91,Butare,web,18,1,0
407173.17,Kigali,pos,22,1,0
3630931.73,Kigali,mobile,22,5,0
3653941.19,Kigali,mobile,13,3,0
2579959.01,Musanze,web,3,4,1
1316784.11,Gisenyi,mobile,10,1,0
2596622.93,Butare,mobile,15,4,0
615869.38,International,atm,14,2,0
1426076.31,Butare,mobile,4,4,0
2106788.74,Butare,web,23,2,1
3366332.31,International,mobile,4,6,1
936490.23,Kigali,unknown,17,3,0
791274.67,Kigali,web,1,6,0
3039177.91,Butare,unknown,9,3,1
3397887.93,Gisenyi,pos,20,1,0
418736.94,Kigali,pos,11,6,0
166299.34,Kigali,mobile,19,2,0
736175.68,Kigali,web,11,3,0
4505182.99,Musanze,web,8,2,0
3363356.36,Musanze,web,4,2,0
4605169.04,Kigali,mobile,17,1,0
3323741.66,Butare,mobile,6,5,0
4826203.58,Rubavu,mobile,0,6,0
2194813.9,Kigali,web,21,9,0
2995695.14,Nyagatare,web,7,1,0
3006126.66,Butare,atm,2,2,0
16198.01,Kigali,pos,19,2,0
137758.57,Kigali,mobile,19,1,0
726753.42,Nyagatare,mobile,21,3,0
2555892.21,Kigali,unknown,8,3,1
2152917.34,Kigali,pos,8,5,0
2698975.42,Kigali,mobile,7,3,0
4002553.72,Kigali,mobile,11,4,0
4111290.27,Kigali,unknown,5,1,0
4885085.76,Musanze,mobile,2,7,1
2787960.23,Butare,mobile,5,6,0
1736403.84,Gisenyi,mobile,21,2,0
1540484.51,Kigali,mobile,3,3,0
1704037.51,Kigali,pos,19,4,0
1619486.09,Nyagatare,web,6,2,0
1964903.41,Kigali,mobile,1,3,0
374869.66,Nyagatare,unknown,15,2,0
3167345.65,Rubavu,web,1,2,1
2840422.09,Butare,web,10,4,0
2310073.48,Kigali,atm,13,2,0
405985.9,Rubavu,web,19,3,0
466496.86,Nyagatare,pos,14,2,0
2725753.32,Kigali,atm,2,4,0
183383.54,Kigali,web,11,4,0
3624082.26,Rubavu,mobile,17,7,0
4968893.82,Gisenyi,unknown,7,1,1
2987235.79,Butare,web,16,4,0
3617295.69,Butare,web,16,2,0
2194960.49,Butare,mobile,4,2,0
3337227.95,Kigali,web,23,8,1
3259075.73,Kigali,web,9,2,0
4120542.43,Musanze,mobile,19,3,0
3556842.26,Butare,mobile,23,2,0
3745373.2,Musanze,atm,16,1,0
2783401.65,International,web,4,0,0
2422832.42,Kigali,web,21,3,0
2293853.11,Musanze,mobile,6,4,0
1960358.6,International,mobile,2,4,0
1330505.8,Rubavu,web,13,1,0
167038.56,Kigali,mobile,18,2,0
3355642.62,Nyagatare,atm,7,7,0
4504855.49,Musanze,web,17,1,0
4652446.95,Butare,mobile,9,3,0
2903018.25,Gisenyi,mobile,5,6,0
471135.97,Rubavu,pos,20,7,0
4393382.2,Kigali,web,1,5,0
3738850.54,Nyagatare,web,12,1,0
1257429.57,International,atm,17,2,0
4017822.93,Kigali,pos,10,5,0
2360303.74,Rubavu,mobile,16,0,0
4438021.76,Butare,pos,1,3,0
1238430.86,Kigali,unknown,15,2,0
4004629.15,International,mobile,1,3,1
3559695.62,Kigali,mobile,21,4,0
72698.64,Kigali,mobile,15,3,0
2816891.38,Musanze,web,1,1,0
3577813.62,Kigali,mobile,2,5,0
782475.74,Rubavu,mobile,19,1,0
2659728.73,Nyagatare,mobile,2,3,0
1520737.51,Butare,mobile,16,3,0
3481416.45,Kigali,mobile,18,1,0
2700928.99,Kigali,web,8,1,0
3107479.24,Nyagatare,web,21,5,0
363162.92,Butare,mobile,2,2,0
689406.8,Butare,web,12,1,0
2760669.86,Kigali,mobile,1,0,0
906273.82,Nyagatare,web,11,4,0
2493706.51,Butare,mobile,14,6,0
3450301.48,Butare,pos,11,3,0
4048953.66,Gisenyi,web,8,3,0
715462.53,Musanze,pos,11,3,0
3709523.4,Kigali,unknown,21,6,1
1816248.83,Nyagatare,mobile,17,1,0
3394825.38,Kigali,mobile,8,2,0
726850.52,Kigali,atm,13,5,0
2576118.32,Kigali,web,5,8,0
4187892.6,Kigali,web,15,2,0
532603.88,Butare,mobile,1,5,0
4138489.95,Kigali,mobile,11,4,0
2264115.59,Kigali,atm,22,2,0
4116446.38,International,web,14,3,1
4791959.36,Nyagatare,web,10,5,0
798683.22,Kigali,atm,15,7,0
3373010.76,Kigali,unknown,9,1,1
1175864.72,Kigali,atm,14,5,0
678203.6,Nyagatare,unknown,17,2,0
3140598.94,Kigali,mobile,6,3,0
540364.17,Gisenyi,pos,12,1,0
2326130.26,Kigali,atm,5,4,0
3179953.72,Musanze,mobile,6,2,0
2498403.82,Gisenyi,web,21,6,0
3485497.85,Kigali,mobile,3,2,1
4007159.31,Kigali,mobile,11,1,0
4361295.99,Musanze,web,16,2,0
2799581.34,Kigali,unknown,3,2,1
1383514.04,Kigali,pos,0,2,0
2548554.51,Kigali,mobile,5,2,0
1938749.19,Gisenyi,unknown,4,1,0
1130014.99,Butare,web,3,3,0
2645572.1,Kigali,mobile,7,3,0
113762.99,Butare,unknown,17,5,0
3028021.71,Butare,unknown,6,1,0
4108108.16,Gisenyi,pos,5,3,0
4997178.88,Nyagatare,web,11,2,0
4608434.53,Kigali,mobile,4,1,0
449534.67,Gisenyi,mobile,23,3,0
812565.68,Kigali,unknown,0,2,0
693653.79,Rubavu,mobile,14,3,0
2791978.59,Gisenyi,web,13,2,0
230156.86,Rubavu,atm,11,3,0
4684995.17,Butare,pos,7,5,0
309652.43,Kigali,web,11,3,0
1956557.15,Butare,mobile,15,1,0
4469902.1,Kigali,mobile,10,2,0
4741917.41,Kigali,mobile,4,5,0
2326721.28,Musanze,atm,13,3,0
2442413.52,Kigali,mobile,11,3,0
3181067.38,Gisenyi,pos,1,2,0
2038490.19,Kigali,mobile,19,4,0
1623644.19,Kigali,mobile,1,2,0
3697265.35,Butare,mobile,17,5,0
2976993.84,Kigali,mobile,11,4,0
2408614.64,Nyagatare,pos,4,1,0
504386.28,Musanze,web,11,2,0
344773.67,International,mobile,0,3,0
2554320.72,International,mobile,9,0,1
3097348.88,Rubavu,atm,20,6,0
3287729.86,Musanze,web,16,2,0
4474503.09,Butare,mobile,2,4,1
4081216.21,Kigali,mobile,12,5,0
704240.81,Musanze,web,6,4,0
3972257.58,Kigali,mobile,7,2,0
3381677.56,Gisenyi,mobile,10,5,0
4140230.46,Rubavu,mobile,16,3,0
4216851.31,Gisenyi,atm,9,5,0
1727990.15,Rubavu,unknown,14,2,0
1316712.68,Kigali,mobile,5,2,0
2763393.82,Musanze,web,8,3,0
1493389.14,Nyagatare,mobile,1,4,0
1748751.86,Butare,mobile,1,2,0
346265.75,Kigali,web,21,6,0
4956822.94,Gisenyi,atm,11,4,0
1546830.15,Kigali,web,16,2,0
3900476.56,Butare,pos,17,2,0
4965794.89,Kigali,atm,11,3,0
4845645.52,Gisenyi,mobile,20,2,0
3169598.81,Musanze,web,21,5,0
2693537.92,Musanze,mobile,13,1,0
1546727.84,International,atm,20,1,0
4307602.88,Kigali,mobile,2,4,0
1690306.72,Nyagatare,mobile,5,3,0
534065.62,Rubavu,web,3,2,0
1470844.91,Rubavu,web,12,2,0
1575829.08,Rubavu,web,18,2,0
3592567.62,Butare,mobile,14,5,0
848125.02,Kigali,mobile,9,0,0
1584657.74,Nyagatare,unknown,6,3,0
383393.83,Kigali,web,23,0,0
4242081.58,Kigali,web,10,1,0
3624014.87,Kigali,pos,23,1,1
2187716.27,Rubavu,mobile,12,3,0
2150361.32,Nyagatare,web,8,6,0
832275.8,Kigali,mobile,15,1,0
1922673.39,Kigali,mobile,6,2,0
4534172.46,Kigali,web,5,4,0
693720.79,Nyagatare,mobile,15,8,0
3825259.4,Kigali,atm,4,3,0
236355.54,Kigali,web,4,3,0
1558741.91,Kigali,mobile,12,2,0
4234764.29,Nyagatare,pos,14,2,0
2225196.1,Kigali,web,16,5,0
3513618.86,Nyagatare,web,10,4,0
518157.02,Butare,web,13,2,0
3417286.99,Kigali,mobile,22,5,0
4095193.71,Butare,mobile,21,3,0
4026326.69,Butare,mobile,6,4,0
2194629.32,Kigali,mobile,8,3,0
4520753.92,Musanze,mobile,17,5,0
2875087.39,Butare,web,2,1,0
4089449.78,International,mobile,8,3,1
1067689.82,Butare,mobile,2,3,0
1051597.45,Musanze,atm,13,3,0
3771933.8,Rubavu,mobile,19,4,0
3233352.31,Butare,mobile,4,3,0
3381711.29,Musanze,web,15,2,0
1183233.13,Kigali,unknown,21,2,0
1998413.36,Kigali,mobile,17,1,0
1292269.26,Gisenyi,atm,5,5,0
341095.58,Rubavu,web,18,5,0
1020103.96,Gisenyi,mobile,12,3,0
4975823.89,Butare,mobile,6,2,0
1170592.71,Kigali,web,8,2,0
796886.54,Kigali,pos,20,2,0
3484535.55,Gisenyi,mobile,23,0,0
3010921.11,Kigali,mobile,21,1,0
3730192.32,Gisenyi,mobile,7,7,0
3268538.64,Kigali,unknown,19,3,0
1115355.48,Kigali,web,22,2,0
2504779.76,Kigali,mobile,11,3,0
883625.73,Kigali,mobile,8,2,0
1268062.87,Musanze,mobile,22,4,0
4934594.79,Butare,mobile,17,7,0
3643535.37,Kigali,unknown,20,0,0
3914360.95,Musanze,unknown,0,2,1
150780.77,Kigali,mobile,3,3,0
1910978.63,Gisenyi,mobile,8,3,0
2776466.76,Butare,mobile,8,4,0
748795.26,International,mobile,20,6,0
4242807.83,Kigali,unknown,15,2,0
698431.25,Kigali,pos,0,3,0
3182709.1,Kigali,web,16,0,0
2766159.44,Gisenyi,unknown,10,3,0
4246641.37,Kigali,atm,13,2,0
1559397.72,Kigali,mobile,13,3,0
1420776.5,Rubavu,pos,20,4,0
4232142.34,Kigali,web,2,0,1
1107418.5,Nyagatare,web,16,3,0
3730333.96,Butare,pos,3,3,1
956133.71,Butare,web,0,3,0
4378539.22,Kigali,mobile,9,3,0
4195398.18,Kigali,unknown,16,6,1
3937421.52,Butare,mobile,21,3,0
2457610.66,Butare,web,14,2,0
169679.19,Kigali,atm,6,5,0
662759.78,Musanze,mobile,19,1,0
2283297.21,Musanze,mobile,22,3,0
218716.4,Butare,mobile,18,1,0
317830.48,Kigali,pos,10,6,0
627956.44,Butare,web,3,1,0
1304603.06,Kigali,mobile,4,4,0
3746739.29,Kigali,unknown,18,1,0
240387.98,Kigali,mobile,21,4,0
4918205.16,Kigali,web,16,1,0
1369510.69,Kigali,web,17,2,0
1601328.79,Kigali,mobile,6,5,0
1239800.5,Nyagatare,atm,9,7,0
3012152.7,Kigali,mobile,20,4,0
97623.42,Kigali,mobile,13,4,0
468300.84,Butare,mobile,4,3,0
494337.81,Butare,pos,22,3,0
3322829.86,Kigali,mobile,10,7,0
1647943.93,Nyagatare,mobile,4,4,0
2187752.19,Kigali,web,9,5,0
4749891.78,Nyagatare,mobile,15,2,0
1000614.36,Kigali,mobile,10,4,0
351448.84,Kigali,web,19,6,0
2207395.44,International,unknown,13,3,1
820784.03,Butare,pos,6,1,0
723713.41,Nyagatare,mobile,9,1,0
2050955.35,Rubavu,web,6,2,0
3348420.95,Kigali,atm,4,4,0
1214638.08,Musanze,mobile,13,2,0
4379881.49,Kigali,mobile,7,4,0
1812558.51,Butare,pos,8,3,0
4670274.29,Kigali,mobile,4,4,0
2462230.19,Kigali,web,0,2,1
3633826.1,Musanze,mobile,19,1,0
4245159.79,Rubavu,mobile,23,2,1
2648834.51,Butare,web,6,6,0
4251692.09,Kigali,web,1,6,0
1890219.94,Kigali,atm,2,3,0
1817338.67,Rubavu,pos,23,5,0
3970419.92,Nyagatare,mobile,6,4,0
1206727.99,Musanze,mobile,13,2,0
3585333.94,Kigali,unknown,12,3,1
385896.24,Kigali,web,6,4,0
3178307.51,Gisenyi,unknown,13,1,0
4709577.62,Rubavu,mobile,8,5,0
2282601.2,Gisenyi,mobile,14,6,0
2080117.09,Nyagatare,atm,22,3,0
2702934.04,Kigali,mobile,8,0,0
3597970.59,Kigali,web,1,3,1
1794502.13,Nyagatare,mobile,4,6,0
1149.99,Rubavu,mobile,3,3,0
2510672.51,Rubavu,mobile,19,2,0
2096681.16,Kigali,mobile,5,1,0
2663748.96,Gisenyi,mobile,13,0,0
3576703.75,Rubavu,mobile,17,9,0
1417313.57,Gisenyi,web,8,5,0
2526545.75,Rubavu,mobile,3,1,1
1267317.06,Gisenyi,mobile,2,2,0
2297003.51,International,mobile,21,1,1
1723023.26,Butare,mobile,18,2,0
1845521.98,Kigali,mobile,21,0,0
2897015.57,Kigali,mobile,12,2,0
3448210.15,International,atm,0,3,1
63786.16,Butare,unknown,3,4,0
4383267.88,Kigali,web,21,5,0
1821994.88,Kigali,pos,2,8,0
3218229.81,Kigali,mobile,18,2,0
612400.95,Kigali,web,11,3,0
2857494.67,International,mobile,6,2,1
3392458.42,Kigali,unknown,9,1,0
787611.51,Kigali,mobile,12,6,0
4560817.94,Rubavu,web,22,3,0
3787453.3,Rubavu,mobile,4,5,0
2669830.84,International,mobile,16,2,1
830747.15,Rubavu,atm,23,5,0
4327824.07,Kigali,mobile,2,5,0
343595.53,International,mobile,16,3,0
576300.2,Musanze,unknown,16,3,0
3491022.1,Kigali,mobile,8,3,0
1269677.33,Kigali,pos,7,3,0
2296859.84,International,unknown,19,3,1
2694781.16,Kigali,atm,13,8,0
2291441.68,Kigali,mobile,18,4,0
419926.34,Kigali,mobile,12,9,0
3687503.46,Rubavu,mobile,18,1,0
1200331.04,Butare,web,7,4,0
3692789.14,Kigali,mobile,8,9,0
4326521.28,Kigali,mobile,17,2,0
2682100.94,Kigali,web,21,1,0
3532029.0,Butare,web,11,3,0
185170.46,Kigali,web,2,3,0
184222.21,Kigali,web,1,6,0
986212.86,Kigali,web,15,5,0
1792237.27,Butare,mobile,22,3,0
914327.83,Rubavu,unknown,23,3,0
3174983.87,Nyagatare,pos,15,5,0
1384799.64,Kigali,mobile,3,1,0
4228832.25,Nyagatare,mobile,9,1,0
2803238.69,Kigali,pos,3,5,0
1890708.63,Musanze,atm,22,2,0
4465444.29,Nyagatare,mobile,12,3,0
4141901.13,International,web,7,5,0
4100265.71,Kigali,web,16,6,0
3641892.07,Kigali,mobile,16,1,0
3071264.58,Butare,atm,4,3,0
1834433.58,Gisenyi,mobile,1,2,0
2113290.83,Rubavu,unknown,23,0,1
3235796.4,Rubavu,mobile,12,3,0
864770.23,Kigali,unknown,10,3,0
4139159.2,Gisenyi,mobile,7,4,0
4693381.77,Kigali,mobile,17,3,0
490394.04,Rubavu,web,1,2,0
112767.18,International,web,21,1,0
713929.52,Musanze,mobile,13,5,0
3799633.08,Rubavu,pos,13,2,0
539578.88,Kigali,pos,12,6,0
1861561.65,Kigali,mobile,10,3,0
316086.52,Kigali,web,3,1,0
2163069.57,Nyagatare,atm,8,4,0
3019493.41,Kigali,pos,3,7,0
3142733.75,Musanze,atm,23,1,0
2594817.27,Kigali,mobile,15,2,0
4690570.5,Rubavu,atm,5,6,0
2655917.08,Musanze,web,19,3,0
4296260.5,Butare,web,13,4,0
4965132.21,Musanze,unknown,15,3,1
1149112.12,Rubavu,web,15,1,0
1328044.32,Butare,pos,22,1,0
2609586.73,Nyagatare,atm,19,2,0
912300.72,Kigali,mobile,0,1,0
2820843.28,Butare,mobile,13,3,0
3422107.34,Butare,web,14,3,0
302457.55,Kigali,web,0,8,0
3407133.82,Butare,unknown,7,4,0
797754.56,Kigali,web,22,4,0
1496943.38,Kigali,unknown,20,5,0
3694179.7,Gisenyi,mobile,15,1,0
818368.18,Kigali,pos,21,5,0
2658649.4,Nyagatare,web,23,1,1
2946081.94,Butare,mobile,2,4,1
822207.19,Butare,mobile,18,0,0
1374269.84,International,unknown,11,4,0
3032516.38,Kigali,unknown,12,8,1
2306261.94,Kigali,mobile,15,2,0
3300076.68,Nyagatare,mobile,9,3,0
4273657.05,Nyagatare,pos,16,5,0
675602.6,Kigali,mobile,17,4,0
353628.25,Nyagatare,unknown,17,5,0
3333799.48,Butare,mobile,15,1,0
3853332.91,Kigali,mobile,10,3,0
2246810.29,Butare,mobile,6,4,0
1969850.39,Musanze,pos,23,6,0
2984060.9,Kigali,unknown,11,2,0
2757494.03,Gisenyi,mobile,15,2,0
2451108.37,Kigali,web,10,0,0
4093616.29,Musanze,unknown,0,3,1
867915.55,Kigali,pos,0,1,0
