income,expenses,savings,loan_amount,credit_score,loan_status
1186166.34,547473.38,2597698.28,6399538.46,593,0
2857071.49,1237221.86,1581491.89,4619959.91,621,1
2222782.43,718642.76,2311513.87,9646760.32,632,1
1836109.6,1147727.64,3653567.84,2228835.59,630,1
552454.06,294809.88,798996.64,5899171.34,585,0
552384.11,445216.45,1223924.72,7017089.65,575,0
268442.48,59722.2,774087.08,8264366.67,620,1
2611910.82,1699590.09,913228.66,4099361.75,485,0
1843233.53,1353051.78,3923697.03,6884872.98,454,0
2153410.48,1575522.53,1488076.55,3066854.64,659,1
159695.03,130990.13,198569.62,4382987.12,661,0
2912738.57,2068987.01,287161.59,8961489.96,737,0
2514083.66,2135631.21,1025047.59,9501580.71,624,0
715783.42,309833.74,686673.85,7202232.6,530,0
627292.4,346420.09,643575.29,3774801.31,456,0
631873.08,132602.21,1705271.04,8209575.01,560,0
982302.5,201244.62,2186054.04,307377.46,692,1
1621793.65,596963.81,4730040.5,1072321.81,794,1
1352640.55,365977.24,2430985.26,6630668.68,655,0
944564.51,360963.4,684942.64,2947923.32,528,0
1874373.39,607166.35,1842443.61,9516292.87,562,1
504532.2,110978.93,484102.56,4388803.09,565,0
947219.48,792361.32,927785.36,4322179.96,609,0
1162449.35,239181.15,2346860.29,6796891.13,762,0
1422602.95,1017527.43,2265386.78,7687307.19,769,1
2377010.29,728562.02,2748471.71,4781809.44,632,1
679053.97,569427.99,303720.0,2179308.97,668,0
1591279.87,1312737.72,105688.81,7744421.0,570,0
1818002.25,1195756.08,1193525.81,3237495.18,479,0
234706.2,157385.5,75672.61,1792352.15,828,1
1861880.07,379334.6,4387213.35,6334819.89,417,1
594519.96,528772.05,200646.84,950013.99,466,0
288649.62,235100.16,627144.62,9714959.12,829,0
2851768.06,2357198.35,3299427.4,6342352.78,651,1
2900332.9,1918486.61,638465.27,9859660.43,537,0
2444352.31,1078816.97,5959795.72,3421989.56,718,1
983379.93,811833.29,1709991.21,9713491.35,727,0
383249.13,154856.35,271066.18,1498344.36,516,0
2084275.78,1237847.38,5594286.9,454912.98,596,1
1376442.23,371380.19,186886.36,378191.4,737,1
453910.88,383722.16,274824.35,4675460.19,568,0
1536013.04,458560.29,3465461.66,875891.76,678,1
199726.71,71387.87,425045.16,5146070.45,792,0
2737029.17,1616746.46,2375235.19,3308630.01,410,0
850461.95,624974.8,158249.39,3389508.48,615,0
2021314.62,1280595.62,5203337.27,6374309.52,676,0
1003962.12,363929.98,944821.64,1672825.16,470,0
1608197.26,322701.07,944237.33,7677206.03,597,0
1685459.81,1230394.77,2609404.38,5841207.65,754,0
636077.92,565883.62,1736926.27,9153699.06,579,0
2911795.42,2233170.0,380396.18,3680164.5,501,0
2347885.19,1225935.65,5394060.23,9828014.17,763,1
2824546.93,2351822.52,4850932.5,5779485.08,694,1
2694999.32,1312177.3,3439755.23,9735349.46,643,0
1833909.94,1040659.27,4093729.56,319253.51,640,1
2773435.28,1480989.03,8035954.6,7293364.41,752,1
356628.26,183070.38,245224.23,8175384.17,679,0
668350.3,496339.35,288020.28,579074.2,714,1
231159.14,131469.04,633062.87,5810748.16,580,0
1043457.96,440028.29,2094073.24,8029325.82,458,0
1227164.14,467194.54,1612442.22,5632335.32,712,1
886912.19,200817.43,1525292.71,684945.22,760,1
2503338.78,1522622.3,5599572.6,6949800.05,627,0
1134584.65,409554.41,2631210.37,652939.3,738,1
914710.08,277791.73,2524309.43,8183815.51,616,0
1673818.64,1100838.68,2143372.25,478190.12,640,0
508680.25,344298.44,447757.01,1417103.94,825,0
2426371.24,1762779.15,4656188.95,2787320.53,620,0
316196.87,174699.98,394355.58,6351979.68,614,0
2961972.12,2446109.79,5283552.12,9764773.04,463,0
2339509.83,2001310.12,2947682.71,1222337.38,719,0
676275.48,517458.71,310401.9,1469941.31,579,0
116014.14,74819.31,163380.42,3720260.45,664,0
2464838.14,1017003.72,5109001.8,8370380.42,618,1
2149886.3,1909231.13,5155107.92,4698947.98,605,0
2214120.79,867703.57,3276851.89,3250025.47,638,1
2336684.01,798818.43,1158326.21,5633978.13,645,0
314729.49,160357.16,391543.35,2642205.81,767,1
1139550.61,273251.02,2688065.19,4041541.08,802,1
436020.27,385854.45,540045.04,3359421.23,715,0
2602999.94,1592784.74,5439208.83,8051203.17,777,1
1907564.57,1125208.37,2902628.54,9246344.48,735,1
1059604.27,698340.03,766803.16,7607743.31,699,1
284319.22,155783.2,679082.66,4418881.58,795,0
1001848.73,222855.7,253107.43,5068133.03,519,1
1043031.63,655668.36,1642431.51,1294483.25,581,1
2215857.92,1554029.27,1388618.56,7481303.88,567,0
1948916.67,958329.77,392115.96,5984933.01,619,1
2672916.95,1951515.11,4032901.94,9029277.96,718,0
1469423.28,527377.35,2202204.79,2046080.88,538,1
446823.31,158574.74,947579.41,7609274.91,700,0
2168409.88,678694.71,4844774.29,6862483.03,591,0
2306276.64,1061801.31,5035465.53,2695163.06,615,1
1727703.87,1369910.96,2122788.63,6690417.46,670,0
2335804.82,1820849.66,4426512.15,9247515.14,818,0
1532007.23,716944.06,2651652.85,9188438.08,578,1
1615925.21,989565.31,2043636.8,7210284.42,641,0
1339868.95,944033.37,2400560.24,528327.47,542,0
173715.47,64074.04,493654.82,8729030.16,577,1
412885.14,131173.1,238928.88,6594897.14,541,0
191144.64,168296.58,519400.44,3138820.82,674,0
1945590.19,1230177.45,312007.57,1913141.1,692,0
1011632.35,897308.79,935929.51,1206228.44,718,0
1574855.0,687312.7,1361360.96,549857.15,574,0
2731942.77,1890838.22,5133580.89,7553327.32,700,0
822947.46,292823.26,323973.72,2396637.84,661,0
1290110.48,493906.05,3414977.69,291316.71,644,1
2291098.3,1279192.32,5694878.17,4002842.99,525,1
763514.68,323526.13,1493585.48,4851940.45,665,0
323241.74,102575.95,444535.45,1733840.8,668,1
940279.21,361082.72,2631717.52,488280.94,660,1
567541.73,127710.44,1414450.02,1931798.56,690,1
2796123.19,1937983.3,4188440.0,6807072.48,719,0
2443549.1,1330467.67,5145186.01,868324.59,540,1
1936870.89,515149.84,3294210.37,5572618.45,628,0
2627235.71,841203.56,4633988.54,1506799.28,701,0
2430649.02,660587.64,2413459.98,1997107.28,623,0
641053.17,403103.83,888662.4,3961124.94,745,0
2688421.1,714978.21,630069.91,1053212.09,659,0
1664092.5,1211455.4,1783983.83,1773374.85,454,1
2441576.45,523370.57,5096755.55,3522076.49,733,1
2698664.77,1010820.11,7717231.56,3330206.6,638,1
1022210.08,841755.93,2953361.52,7505251.28,473,0
419150.58,294651.09,698794.69,794083.94,624,0
761011.97,191073.24,1384940.39,8611484.82,523,1
1338612.59,1037141.33,745826.15,8171510.1,725,1
2472242.82,1347680.34,5156911.44,7671616.81,646,1
2596118.69,2058068.21,550315.84,3128255.01,557,0
120161.18,74562.16,102624.5,8237673.77,731,1
1581167.18,1070897.84,3170382.56,1868880.7,695,0
1310491.91,1173481.41,1219976.75,1287871.6,626,1
744112.65,269841.2,111275.07,497315.52,525,0
447609.57,285020.72,1117059.46,9396138.11,565,0
1079084.0,563524.61,1004616.43,3114708.43,564,1
2834438.14,645164.51,536603.57,9180297.91,724,1
1037288.5,217964.86,232730.71,2762504.94,481,0
1604492.8,454809.54,1211835.54,9080281.3,645,0
2138754.98,1399524.73,1142197.48,9044094.08,624,0
1154525.85,689268.28,2681848.5,9240576.65,753,0
2918168.04,1714133.93,2816184.31,4986726.72,673,0
2891097.16,642690.13,6979361.09,8666165.55,703,1
830168.66,438754.18,432964.5,9510120.67,597,0
1542020.67,1306455.38,2280089.64,3279938.57,526,0
972547.1,465183.19,2007445.55,4217800.34,617,1
926037.43,590298.61,1811303.81,7206439.86,727,0
206972.15,154374.95,373251.13,3038580.23,727,0
1867736.57,1398463.45,5181969.38,7550402.62,606,1
1557769.17,877796.78,1067968.29,785226.84,563,1
249288.38,199571.89,369235.38,5258808.92,544,0
908074.75,430395.34,2408193.93,1267019.17,636,1
2733971.07,2247557.29,638877.9,2968568.59,663,1
794729.48,292586.82,133248.16,2623322.66,797,0
520195.13,206076.07,364088.14,8397374.13,662,0
1519413.0,360381.12,2885462.02,1975496.69,711,1
2958386.32,2239224.16,2306472.99,8094056.81,571,1
801960.29,394515.27,457694.5,7949905.44,654,1
2049193.09,738491.54,2820523.6,5013886.4,664,1
2308696.88,836332.82,4249835.85,2376740.39,635,1
789148.88,655766.9,588447.11,2307618.58,647,0
2211827.41,1733501.2,1995231.03,4676000.24,662,0
1166571.08,685327.4,2147281.63,137649.62,698,1
1933686.91,1220693.15,5486286.02,5336940.01,766,0
1937236.16,1030663.69,3921402.22,9530156.28,423,0
1653746.58,784151.36,3884175.16,1589333.47,761,1
361840.33,304247.59,398180.06,5754788.93,478,0
2522377.24,726265.28,2060184.6,9619697.95,680,0
1030262.19,507829.37,1404044.64,8612195.29,850,0
640903.68,282762.43,1551883.2,8511282.16,645,1
218247.91,119753.83,298759.33,8227406.81,668,0
1813589.54,943687.37,4606837.02,3124784.88,618,1
2064936.65,1163019.14,6125254.5,8911637.47,716,1
148104.7,44126.8,32002.46,9416336.49,686,0
1585069.87,886369.57,215934.81,4983134.61,582,0
756837.75,279797.75,339645.4,3577981.92,638,0
1971001.09,648522.32,2272779.15,4171578.71,538,0
605662.64,148619.89,238102.11,3375354.1,638,1
2103719.44,1543828.8,5494901.36,2163563.5,608,0
1221532.5,609800.44,84821.69,6203562.28,663,0
2816516.97,1798770.19,2668306.63,5647839.02,579,0
498810.74,353814.11,276382.99,4652721.46,628,0
1089092.42,735705.52,3043597.26,1003661.6,650,0
429073.21,227130.12,861769.09,7979085.0,657,0
2781611.49,1311610.4,7610741.53,1790588.95,677,1
2644284.12,1224758.2,7713340.12,1189892.33,632,1
848030.72,549552.87,1264663.75,6249560.39,571,1
2013953.73,1100335.8,1415723.53,4016511.39,658,1
2469944.38,1962105.47,1435497.98,645094.33,632,1
1710082.35,1389085.17,1143628.83,3587905.13,752,1
1635986.68,522521.49,3477747.63,7729214.51,765,1
801371.64,236695.98,97236.18,6171729.59,512,0
369998.03,237272.57,57010.49,3659720.93,711,0
2701925.7,1110107.85,4929471.13,1958457.68,731,1
2711212.37,577486.89,5222259.83,6336366.43,515,0
1935994.23,1591483.8,3863835.54,8881175.24,707,0
1083186.39,388680.36,1208447.71,6480413.54,739,0
1112707.77,946354.01,2690343.41,8138393.35,555,0
2205271.47,1548550.7,3530361.23,5239201.99,626,0
2701619.75,1982603.76,854784.09,7193812.51,668,0
2672550.63,911401.36,6390864.77,8967456.4,707,1
2361639.08,859485.71,6752406.4,7743130.83,551,1
1961891.77,1108248.0,353354.25,9103046.84,765,0
344005.9,110243.53,403881.51,4339839.04,447,0
568723.27,235338.93,831785.16,9046991.54,782,1
2705807.15,1150032.26,1188964.89,6234593.98,705,0
1858644.27,579415.54,4838286.8,8706985.22,587,0
126671.45,43527.85,107980.94,441796.48,736,0
394267.47,296483.74,926144.4,6595631.2,545,0
2024155.13,641732.27,4074590.77,8487352.03,661,0
114678.59,25220.14,205749.16,1783310.23,673,0
566343.35,362770.36,326456.47,6634779.99,673,0
1691327.99,1493760.89,1119846.12,8258299.41,566,0
2106496.07,909689.63,299217.69,2915096.23,600,0
1990687.65,563482.04,1437549.79,4082200.96,662,1
750381.0,449681.67,777642.96,5716701.3,577,0
2165319.74,1806846.61,5412077.92,5215718.5,677,1
788022.35,590105.22,866176.83,439934.46,588,0
1043659.12,663517.88,2362703.73,1031787.38,750,1
2264825.07,952448.51,2985779.69,1049642.46,806,1
1983935.41,1149325.77,4671384.1,2659565.66,620,1
2562747.89,676235.85,7505813.95,2496347.92,742,1
2007077.39,1355302.68,1444141.7,7435112.72,628,1
1748094.95,1236894.67,4522365.05,5748806.64,556,0
371656.83,325393.78,693315.5,7651562.04,607,0
1166375.83,445880.0,2859816.82,745465.77,658,1
869086.87,185045.54,1698854.25,4877881.66,471,1
807569.97,469945.9,1027106.67,3271567.01,712,0
2921730.61,2029882.14,1999120.59,8506896.14,658,0
1239983.4,934061.19,260527.55,7092502.11,750,0
2686935.01,901781.75,4316709.13,8699121.78,710,1
1930302.02,739743.87,5734885.37,511949.87,661,1
2404952.78,1343920.44,5324867.07,7222193.72,614,1
1557647.57,672001.2,1529666.96,5423083.1,802,1
1773021.27,1422597.87,4399955.1,8258750.29,850,0
1528301.31,812494.05,3525717.77,5096247.88,616,1
666204.66,506119.05,562881.24,5425080.33,754,1
2195111.13,1331189.66,94219.59,565085.44,579,0
914239.85,677600.84,324086.98,6701802.51,591,0
170516.3,73811.58,448785.02,2767741.76,611,0
1971869.66,1541985.58,4948779.8,245954.53,718,1
613620.97,240662.53,543439.3,711049.77,542,1
2827329.89,1646267.02,2419024.66,9574991.81,804,0
2866392.87,1002678.5,6817987.65,3493469.03,743,1
2753106.73,1467044.03,7745074.02,8687352.5,716,1
1173460.23,496048.21,2742859.76,9598788.48,620,1
144824.19,56002.41,263107.32,9435508.53,732,0
2792123.83,2448384.11,2032705.38,8823166.14,358,0
1341734.03,418690.62,2116241.6,8953696.93,694,0
2903298.98,2180749.4,2033864.22,2925630.04,666,0
2894497.93,2572964.0,7016362.16,1557125.41,461,0
2573727.42,550600.18,2987797.02,6410662.49,690,1
953901.79,657542.81,2385795.8,4906650.64,709,0
1216783.41,458773.91,1393007.3,1032529.85,464,1
2568296.35,586448.58,6349979.72,6791536.09,531,1
1019073.81,491216.72,1019026.37,5650457.07,850,0
591528.97,505551.69,781053.73,8637520.64,631,0
1714723.66,357066.45,3166177.67,6111378.77,747,0
2814848.85,1721336.32,593547.03,5760764.49,762,1
2118486.41,1167238.42,6026291.32,4435479.65,689,1
1753177.39,1422473.64,3016898.09,4654731.35,751,0
381811.83,98813.36,581675.07,9546093.21,438,0
1883520.96,1275272.18,4743048.41,1427537.79,626,1
2971156.17,2008729.72,7716948.82,4489877.24,341,0
506243.64,338350.98,793173.03,6575480.98,475,0
1603155.99,1378127.63,4459638.46,4358455.92,595,0
2644381.91,2052466.82,513574.13,2867995.49,583,0
2248228.99,515700.81,763672.53,2909205.84,654,1
2121345.65,1123799.82,3797982.35,2374877.66,647,1
2137203.84,1022795.53,2270132.76,3471836.85,663,0
1142524.34,476550.39,1591165.65,8723164.02,667,1
951416.35,490869.67,936419.79,5076984.28,683,0
2447147.35,1147555.32,2971267.42,2440375.34,554,0
2449328.84,1231115.29,6044794.28,3876040.83,577,1
2614509.72,2315104.71,4654947.89,1103012.6,646,1
2748397.6,720198.58,8223298.1,9045155.61,647,1
1582892.96,1338433.52,3736636.62,4111568.43,541,0
1554397.25,833414.49,1276158.22,9804892.49,758,0
2415056.02,1537471.93,1915224.8,3508010.79,722,0
1984895.4,1550457.53,2000168.79,8371742.67,564,0
2135703.94,966030.41,5402857.8,2601033.87,629,0
2407798.74,1207018.28,197109.51,807721.29,850,1
2681015.49,1304750.87,1851358.72,365746.95,666,1
1080185.95,499382.62,2932440.5,6081375.85,689,0
1189190.56,1008279.63,2282876.41,3150158.03,589,0
372547.63,290680.63,253534.04,4463022.81,618,0
1777012.41,490988.52,1168269.98,8195538.0,801,0
204232.59,56304.14,528524.2,2518675.45,661,0
1450234.25,724404.57,3888473.26,3121092.14,642,1
1673669.44,450317.77,1286036.34,8461095.04,650,0
930969.63,589643.74,1174447.12,4952984.62,850,1
1813416.46,545084.2,4540408.94,8285268.41,653,1
188450.72,106599.28,435890.73,3776036.23,566,0
208309.75,42714.74,508639.98,4013781.31,584,0
2485541.63,1047947.71,3865500.85,1713026.7,728,0
1144552.86,771466.98,3129948.21,9167641.24,507,0
468475.49,252427.36,458100.92,8972997.76,695,0
1614505.45,1428496.09,758844.05,9842959.29,577,0
2332981.3,1894083.73,4960377.84,4054348.92,464,0
725880.98,327626.05,1174521.34,8195218.67,551,0
1906382.38,441976.79,4887501.76,4178789.63,652,1
347507.65,275204.65,84610.38,4570272.95,789,0
249876.99,209362.94,632457.96,8308493.97,741,0
1640928.43,1270799.26,1443826.61,1814799.37,620,0
1667841.85,482948.56,3276587.07,2242093.8,747,1
1948546.71,1750848.32,234578.46,3181545.99,614,0
2205664.87,840378.07,4033596.15,7892381.37,503,1
2929971.03,2071323.8,6304755.81,3757882.92,652,0
1597271.01,1334718.65,1766982.08,3613773.67,499,0
1036573.77,378329.71,669867.26,9988222.64,729,0
2406039.96,2010922.46,3880682.68,3868871.12,730,0
885413.53,368896.13,2213155.23,2515316.84,562,1
1373017.12,1213045.87,1332708.19,6250976.1,664,0
327523.51,129988.19,248068.89,8028705.52,663,0
173517.16,150509.66,145200.18,742597.95,737,0
2891680.4,686719.89,8233760.54,6207977.7,525,1
2524342.35,1758180.23,2720813.8,405567.79,709,1
2118325.2,1212694.14,22904.86,5287006.89,518,0
1285963.54,687365.46,3015640.6,2607066.06,727,1
602553.53,214777.81,1264051.49,3101084.89,756,0
553667.42,384199.27,213552.18,4697604.84,583,0
825704.4,275427.45,2439719.33,9274719.23,771,1
1692757.33,993630.37,3087905.67,7121139.7,492,0
2172328.18,819558.06,3263572.19,9371613.68,759,0
2014572.39,1750532.39,2310025.15,6616711.5,793,0
911808.3,200635.97,2458251.84,120722.08,684,1
2869109.31,974951.45,2099873.69,2692572.71,630,1
2239901.06,827906.46,1920282.19,9062437.15,681,1
1707626.75,836476.66,627095.9,6452282.93,589,0
1873990.16,680091.96,4267745.16,9817390.0,850,1
1316840.18,716287.79,2352729.67,1601841.99,591,0
818419.87,663514.16,1495415.56,3002640.94,781,1
1132320.77,790863.09,742135.82,3655558.21,575,0
2297753.72,1392377.6,4488673.77,3299250.29,809,1
141741.12,37179.01,325490.81,2557315.72,850,0
436610.66,299425.18,468773.84,4462483.87,688,0
233407.66,73871.19,561121.69,6440866.33,678,1
218113.53,163684.86,228227.84,3147006.38,554,0
2580835.69,967915.92,5869892.41,843014.24,542,1
2140607.79,1053037.99,216608.79,7099898.64,679,0
1475104.1,656906.84,2439075.5,4617214.73,795,0
383719.07,307424.1,1116077.48,5586998.95,595,0
1525686.04,440284.19,4491213.56,4581236.54,850,1
1473068.14,877877.04,1245122.24,8909057.16,588,0
602285.42,180350.23,797544.71,5609512.72,672,1
1358169.78,941696.64,256604.07,9236604.56,673,0
1255663.73,1046664.39,3289869.01,5130224.65,639,0
1885965.28,950951.52,3216922.03,2961252.21,445,0
1941771.59,1051788.9,2243332.67,3586653.74,588,0
231381.63,196488.35,78279.11,5245186.47,669,0
1186376.58,669939.7,3369667.61,5323394.91,640,0
1914993.76,1036622.33,3046098.5,6889010.13,713,1
1559095.15,942988.1,1323334.69,2283723.98,725,0
2583820.54,1763356.27,2714679.14,6605486.85,625,1
2010211.53,552443.04,1632475.78,7796950.68,553,1
572509.84,443567.67,1033626.11,6782090.3,804,1
304649.37,153803.31,849938.45,4844189.69,514,0
1963015.91,492018.07,5045110.69,9917222.48,590,0
176882.8,132720.09,244300.38,4077890.93,565,0
1798749.19,834376.76,4459995.16,1110576.62,724,1
2826667.7,763927.43,3587935.79,8223966.94,781,1
1768875.12,1138528.2,1338899.47,2161402.13,632,0
1225692.79,1000278.01,3616094.44,7147191.45,672,0
1965535.83,1614545.1,1791905.71,1830814.01,692,1
1428933.38,1243692.79,1387741.08,217930.04,830,1
1682288.69,1358269.49,4994847.35,1639996.11,472,0
2830247.95,570291.12,1137144.04,3801037.53,724,1
1219697.65,568585.01,2782864.55,1110851.56,687,1
2887452.64,2231942.58,8106345.05,2016906.89,612,1
2725516.86,1243863.49,4184717.66,7658031.46,682,0
667794.29,414756.32,5052.05,7710341.9,724,0
301147.77,188043.25,338844.5,8184007.86,708,0
392256.2,178679.65,131290.89,8419494.6,850,1
152843.29,127338.6,190834.48,4233337.15,662,0
373884.59,206481.44,886136.49,8682119.12,652,0
2080719.64,1093103.87,2738507.21,5283071.91,631,0
306447.08,275269.04,397086.58,4732441.31,705,0
1025029.33,559102.51,1712176.63,7199436.47,646,0
2550138.4,828485.84,4450174.49,2177493.19,651,1
167488.61,93651.02,430259.64,7905498.9,651,0
2461958.6,1895244.57,2277474.98,4323184.97,636,1
917378.85,682348.43,2261351.51,1316589.37,589,0
442678.0,332897.06,751579.26,1237153.54,691,1
2120537.78,1475081.38,1911852.79,1690822.1,621,1
1923934.26,727155.72,1703409.32,8911198.71,711,0
2644668.84,2124882.61,2865267.41,9909831.33,661,0
2231706.03,1842073.42,4169004.79,3601889.3,611,0
2430094.7,816285.55,1682683.09,2956831.33,806,1
917900.26,267401.74,2534323.25,2226771.18,639,1
614574.68,542622.41,1059980.15,8246973.95,712,1
2276782.78,1839246.09,6284028.23,2131614.45,580,0
2439820.74,2013499.41,339654.95,9244696.79,447,0
2972464.91,2438798.87,3055200.83,6690136.27,593,0
1296591.26,750960.73,88716.64,8976421.53,436,0
1178852.45,769179.08,962834.16,5562398.05,626,0
2351597.59,1368051.29,6081277.02,6922264.63,796,0
1088330.27,256676.65,119530.39,6213608.1,559,0
2799196.24,2020605.85,3662583.97,8320394.79,439,0
2589396.98,1433833.06,913283.45,8366815.07,800,0
1344082.68,878218.72,1680804.93,5918440.35,602,0
2277526.1,1256847.91,5731519.12,6343451.11,648,1
2288174.33,1245379.9,4277085.44,9222665.41,728,1
399059.22,127799.66,882028.24,9302171.52,702,1
2717403.43,1073645.01,2845970.16,6659285.35,725,0
1565231.88,487095.28,4434604.14,127155.07,740,1
2496726.65,841313.01,5312500.72,1088891.59,475,1
1028143.84,905881.26,1301009.58,8586528.19,508,0
2697017.36,828468.21,3450548.91,892905.46,767,1
1228684.87,477330.92,3386320.04,2174515.85,571,1
131429.19,80620.34,227269.2,2343939.47,582,0
2725607.73,1709296.76,5775937.91,6022335.96,523,0
364731.36,112257.71,456317.48,5787496.34,609,0
1026009.55,775255.07,688532.74,2929704.36,615,0
2855179.7,2140362.65,6197675.42,2115733.09,556,1
2856760.73,1045924.07,5209221.24,7657093.7,544,1
1762969.88,708830.97,2651557.19,9357788.75,681,0
1932327.92,1655215.68,3617439.25,575416.52,569,0
1400492.01,1089540.79,875106.9,1375145.6,589,1
950311.24,654249.3,2263466.63,6439531.69,431,0
1053127.18,271246.86,2995608.07,8054192.44,843,1
2050303.52,1010358.53,5481095.75,7922327.25,744,1
2281886.14,1349761.46,2200439.31,7210847.37,600,0
2395579.23,793386.86,2917856.99,8879908.15,560,0
2389892.61,1227827.9,5795984.06,2212621.35,651,1
364497.7,226250.32,650756.47,1117544.92,648,1
1533818.88,658259.35,2521204.56,6172861.55,522,0
266920.4,199299.16,742018.95,8231645.12,394,0
1693633.76,1335116.4,2723489.91,5841333.61,597,0
1380438.45,588793.76,2132523.46,9631825.0,493,0
2674342.13,2104867.74,337116.27,7965866.39,667,0
1117653.54,304564.61,232752.33,7022878.42,667,0
439494.35,345622.91,9783.55,649560.04,552,1
514675.88,157967.05,1410074.32,1122035.28,596,1
2308380.83,595675.38,2828135.81,7859134.44,826,1
1892832.38,1228907.76,2660724.44,2022467.36,727,1
393255.76,208565.61,997359.86,336910.0,604,1
343909.74,287344.64,628577.22,9112068.82,850,0
2132810.48,968791.7,3899854.18,8913513.47,530,0
311012.72,124718.15,276677.94,2223914.08,568,0
2483394.17,1367144.34,6212769.59,7813052.27,638,1
2148102.46,1115213.88,1068659.34,527397.63,496,1
335911.46,148170.42,53560.67,2886327.14,829,1
346029.37,237244.28,198901.17,6255485.74,668,0
2961254.78,2166730.23,2378514.35,7643631.01,571,0
1185385.31,944857.33,1003942.14,153471.93,694,1
1174862.23,1035053.18,2363283.3,3295775.7,664,0
2457118.75,950067.9,1605662.63,2182738.32,619,1
2847020.87,1996517.34,5779380.95,9987865.04,529,1
2959403.09,1408618.94,809090.5,6726273.21,506,1
2284796.74,1539855.62,1008983.11,4086430.96,850,1
1191152.8,635107.41,1818252.28,802743.39,514,1
342152.08,306445.49,946285.69,6006769.06,819,0
2353726.06,1671690.38,6069559.89,6434929.64,565,0
1719372.32,1490255.49,4996943.57,8173238.98,729,1
1330243.83,1043547.93,2595887.28,2921339.69,696,1
2728427.72,2270135.64,5531736.04,9815209.4,716,0
422472.7,325343.45,792165.46,4422684.11,723,0
1528612.8,797036.13,2856146.94,2994640.36,488,1
132925.57,50013.5,58668.17,3517070.87,582,0
1459115.86,670061.2,2380134.41,5219881.23,513,0
263279.5,56385.35,304931.32,9370180.57,668,0
444571.96,251981.26,590218.91,7364830.04,517,0
440826.12,244015.09,692450.42,5792241.01,451,0
1982709.88,1125535.47,763717.07,1669963.36,626,0
2263530.15,1996030.36,2441133.97,1536065.44,429,0
1791769.42,1501534.67,341060.95,5046859.29,675,0
2890300.39,905239.03,8494605.54,7300651.61,524,1
1187124.68,543961.62,422122.65,7522571.12,565,0
928565.05,461282.63,720171.11,2297848.12,421,1
2618937.47,1184736.71,7002721.33,1045990.15,815,1
748427.93,568017.26,1083821.04,3875386.84,503,0
2893345.36,1640024.45,1177335.8,9185816.81,613,0
135247.98,81212.34,155899.21,5476404.16,470,0
2912648.6,2321699.84,1012448.25,3234992.68,566,0
225163.74,172058.81,135244.15,3270194.8,825,0
2684315.03,785291.17,418993.5,1364266.1,679,0
1630333.22,1140809.71,2143370.52,4758576.17,577,1
2979597.91,1504116.79,7210353.9,7924058.65,646,0
314010.04,127567.91,552000.61,9687158.98,593,0
1706177.42,400974.17,3103598.02,5040870.25,640,1
2910977.35,1575056.18,1751686.71,1713788.41,724,1
1616983.75,725711.48,1668212.27,6845356.48,616,0
1925256.05,724010.11,4881922.42,7580073.86,671,0
2117671.2,1453294.66,558151.53,763412.51,673,1
1418169.09,1047516.09,3650072.2,8508884.34,617,0
1919918.43,712966.82,2785936.19,8301757.78,576,0
1794511.5,421016.1,4506812.09,4751783.49,597,1
2713358.23,2154750.73,2588596.01,5626204.06,719,0
231794.5,47974.93,235625.8,7148410.23,728,1
914793.25,783043.58,2062689.18,6783643.84,536,0
2856193.3,1826061.24,6726302.44,214532.98,623,1
2681764.97,1140534.92,1847559.16,1268231.27,574,1
1421404.58,529522.3,4148531.28,1667776.03,729,1
1898384.53,391644.26,481184.12,7568975.1,602,0
904405.43,329954.23,185863.36,4428831.45,850,0
645551.36,191347.76,1153285.67,5477751.13,671,0
1444725.37,908033.53,3132485.78,7738240.0,768,0
1124721.46,356066.47,3242187.75,3442773.58,548,1
1792602.72,1021856.85,2177720.73,7501457.76,651,0
325430.45,199515.39,24691.78,4450877.78,711,0
2925744.94,1195544.78,5291762.75,3802942.87,546,0
2960011.16,664657.08,2572510.36,3363720.78,652,1
2124668.97,480340.31,2759607.94,9651200.91,755,1
1654679.46,361453.37,2424781.26,7731135.44,617,0
997630.09,715687.12,193079.16,250949.61,564,0
2460005.56,1039615.06,3586553.67,9576284.09,830,1
2085720.4,1579745.76,2667550.88,7765624.32,532,0
571589.12,287059.48,1221847.66,1534288.41,665,0
2741688.84,1417723.65,5310645.06,809564.35,579,1
2485358.0,1389359.42,1380982.1,3116531.23,556,1
2854419.75,1995587.7,1765221.0,6260606.22,724,1
2204586.57,862989.84,1660094.56,6184639.56,629,0
1878904.07,535696.49,1008692.13,2794708.75,690,1
1312904.81,773616.2,2588575.1,4484466.04,424,0
2804912.6,1202983.08,8367869.22,2158307.05,700,1
2611585.28,1331239.72,5109109.63,553257.92,577,1
231134.14,150898.86,420674.46,5193856.15,462,0
176464.23,96329.71,217012.85,3502561.79,838,1
1191743.76,755798.14,1117546.72,5451680.2,710,1
2450604.66,1423654.27,6698044.78,9467747.86,672,1
2963100.78,2127084.0,8613750.61,1476534.6,774,1
536208.98,372212.49,799127.55,69522.08,674,0
1822979.07,1046267.71,1587088.29,814938.22,570,0
1204583.48,813373.45,2783029.48,4653947.55,632,0
2912751.75,2363673.94,1157441.25,7083973.7,582,0
2542144.88,1277656.34,5838708.65,5828597.85,599,0
2531153.24,1237567.26,6218651.5,4974201.34,524,1
1459210.16,1072478.52,546783.32,3571933.15,552,0
1302976.56,791933.11,3818482.78,3134243.01,739,0
892880.51,222956.5,2639834.15,3794047.44,683,1
263488.94,217240.94,740445.67,6135767.79,599,0
2607694.89,577730.04,3880522.31,1719151.86,547,1
2457412.93,1778865.8,1814117.33,7725052.73,609,0
2999181.25,2192869.07,5236653.97,5773769.74,481,0
2990246.83,2593075.54,3767117.48,2728105.96,662,0
1710751.95,406977.77,1056981.13,5036471.98,744,1
2330063.5,1439512.77,2961578.82,9629647.94,850,1
2839820.62,1418457.45,5655984.13,253890.71,539,1
2563977.43,1106210.29,545460.39,2035250.28,740,1
817309.5,215134.65,817517.1,4511383.39,579,0
1406577.99,835307.43,75089.7,6402475.23,537,0
474562.3,254046.73,1067046.94,2161671.25,537,1
2866747.98,783161.49,5510101.19,9317469.29,664,1
1857906.44,1168145.03,349316.89,6443591.52,556,0
763064.14,546786.72,2208469.9,8780447.89,589,1
2047931.98,1509520.04,138982.23,3326713.41,605,0
1892571.9,1577953.08,3349628.82,8298091.65,576,0
1138671.88,554111.35,2652083.4,3813281.21,568,0
429317.02,372282.65,1014771.89,2564880.14,407,0
2047562.27,1649926.87,210602.85,9120970.62,658,0
1608892.33,655705.84,4374973.07,967573.83,656,1
2339723.34,728819.43,6446768.43,9431743.52,570,0
1608474.15,811913.64,2708945.72,4612226.3,686,1
2571326.35,1237654.19,3718779.7,9926623.46,789,1
1700529.83,1025425.46,228895.38,5418966.8,652,0
1726720.12,1050485.34,2911012.57,7587007.31,783,0
2642295.45,1915640.13,3245101.45,120356.61,850,1
1270100.31,707348.03,2944624.98,4991834.86,850,1
488644.16,133583.51,592066.04,7387662.04,531,0
183469.76,146923.31,376249.24,7839128.85,531,0
2289898.04,954510.13,696642.95,1622583.4,605,1
1898897.7,1670855.7,757388.28,4218760.96,662,0
2141831.33,605071.8,897706.99,4219765.98,808,0
717596.07,624865.31,98006.76,1081226.04,712,0
495477.28,130661.45,804648.45,4458302.8,529,0
142179.53,51429.93,338657.88,8080574.94,588,0
1116703.92,259751.99,2044945.75,3036798.34,645,1
1810761.29,1255906.37,3123318.15,4354116.49,501,0
1237507.73,984077.43,2526832.12,9611538.92,651,1
1368677.27,689607.71,1394594.5,365495.36,531,0
2722060.21,2313657.14,2955782.33,5935641.59,484,0
1109940.85,680626.11,1046463.66,7447189.11,555,0
1590569.52,1019563.01,3397976.29,7620780.22,691,0
2372593.74,1878604.16,1150520.54,7173583.35,690,0
1249974.07,509689.61,48843.79,7278191.86,659,0
1904051.43,852988.39,3405566.09,637176.02,749,1
2600854.76,2169545.5,7352991.16,5364659.36,738,1
2853609.81,2370420.75,5217037.23,7840542.26,670,0
526513.09,465194.3,1236655.51,985947.24,656,0
2787104.11,2316882.92,5625413.26,169896.73,662,1
1527137.25,441587.66,2278962.13,8154890.22,635,1
848908.73,659268.46,1829548.74,7137329.16,432,0
1431493.69,696975.58,3539099.57,4151453.85,763,0
2942094.47,2628940.73,1983545.18,9406944.5,689,0
1528592.47,811066.08,1541419.57,7677651.04,528,0
1053379.67,619055.7,707004.41,9680216.37,792,0
1936862.48,1105643.3,2627390.49,9296686.83,591,0
796422.29,338651.44,2114655.42,4838871.35,639,1
320003.65,80805.87,331402.6,7559354.34,752,0
473751.19,391771.33,532212.41,6708454.32,672,0
471332.93,359095.87,1216558.24,8123879.84,783,0
540517.81,160895.26,835707.02,7887499.6,614,0
502598.8,373801.72,807348.08,1574658.1,819,1
1958536.76,1249727.94,5057732.4,2375668.54,572,1
627452.24,305193.18,923346.31,2694029.19,781,1
1102435.12,416516.31,2254118.89,8194060.66,423,1
2700686.39,2165437.75,693898.15,8116879.95,539,0
1474488.76,1017591.55,790171.36,4978586.7,679,1
2035917.44,1187790.75,2469829.68,5829280.98,609,0
599727.63,375848.09,890305.98,8277875.42,642,0
657638.15,173449.65,1905309.99,3160306.33,654,1
218518.99,116196.12,636317.44,549278.83,530,0
589911.68,197968.58,1506393.32,4851834.56,538,0
907911.98,314018.22,859607.89,9141485.58,673,1
613330.4,406584.56,1773803.58,7915159.2,583,1
357237.35,299321.78,738774.91,3697842.17,784,0
449844.03,217108.05,530285.31,694475.04,630,1
1436258.43,496118.84,3023359.54,6387349.08,721,0
698367.78,456818.33,34616.83,8353183.42,694,0
1156382.6,936474.4,507032.19,6666238.24,589,0
1559910.09,1129099.05,3882705.33,4279492.91,451,0
2102145.0,1698806.57,4071268.18,1277368.45,768,0
214005.21,123178.89,233818.69,9112203.73,552,1
2418290.16,1756436.48,3632271.62,2795785.34,609,0
1920911.13,572518.33,5216092.89,2281656.01,634,1
337101.19,149602.89,638717.2,8168967.82,644,0
2633378.01,1244756.74,3145432.71,9813138.39,746,0
2770529.96,1545698.12,1000105.83,6618594.57,650,1
277126.08,235655.12,244214.7,6266864.37,637,0
902945.18,733198.34,2650162.79,3228337.15,751,1
2437983.71,717176.41,3198852.07,253113.83,710,1
2269953.1,728547.7,3213160.36,1958388.76,576,0
635110.96,286021.19,949995.22,5865082.84,535,0
707113.04,285334.75,1875484.44,1555598.8,567,1
1174369.1,740251.43,2127704.14,8844166.28,645,0
1505116.66,1252171.62,3132194.59,1922039.64,525,0
1892938.84,1653679.09,2211408.06,5244939.31,659,0
1169849.55,769201.9,102084.41,5144531.8,637,0
1441350.68,1133927.07,4025575.32,6059259.02,395,0
2267665.72,1287221.26,6456912.92,3307968.99,509,0
206381.29,71372.61,587662.29,8741665.3,361,0
832067.14,472016.62,2355633.04,4470800.28,615,0
2168713.8,1276413.47,5304079.34,7016528.11,757,1
2696099.83,1940437.76,5537217.88,6377313.07,460,0
1583864.58,560558.33,4012768.05,1215703.03,517,1
1643129.11,752252.88,2960325.02,6245261.56,633,1
410798.83,186839.21,165596.64,5529491.65,543,1
1397495.86,1218068.18,1640177.3,8991110.43,543,0
1644590.07,839993.25,4792145.91,8814722.53,704,0
803164.46,585158.14,846064.24,1552000.13,600,1
880805.37,639084.16,2293162.46,862767.2,501,0
1194124.07,460789.71,333918.18,2981192.58,441,0
158206.47,94972.74,158610.14,9866797.92,850,0
1034029.58,854120.87,1088688.36,264659.08,762,1
713199.22,379877.29,110408.68,6745277.78,604,0
1049742.32,904439.36,375055.08,6104711.65,658,0
447310.18,156612.58,259214.3,6483453.89,601,0
2682529.11,675759.6,6742394.14,2221944.6,701,1
1821418.12,1500880.79,346444.6,2305837.59,564,0
2069396.73,1641811.43,1854392.0,4334888.72,595,0
2388596.59,2137347.07,72911.93,1003785.18,695,0
1545482.38,1044089.94,3225241.26,792401.43,795,0
352068.84,301258.81,655168.16,929176.56,724,1
1657608.97,1291052.48,3207385.15,5751142.75,773,0
1801839.24,1425432.2,2023732.78,4007531.48,618,0
2261774.48,1353443.81,1413164.53,2971486.97,587,0
1351812.68,632182.26,2921214.0,3192402.83,456,1
469982.88,401454.98,1143634.54,2112468.89,657,1
922950.13,463765.85,383766.81,4144478.09,687,1
1152938.66,665445.71,1683853.4,2070427.79,619,1
1973160.0,1010810.43,1472267.51,6995558.12,572,0
1755257.08,1045032.36,885212.28,1283128.5,774,0
1132680.51,599588.45,2495267.9,9485008.74,713,1
2960894.22,691597.65,4779744.32,943698.45,781,1
1856746.98,1517767.61,1204204.39,9437434.11,554,0
787957.7,402706.01,732800.68,8341284.97,579,0
395169.17,241946.5,1145975.19,6823085.6,770,0
543291.5,161591.99,1383241.19,9127401.47,645,1
813277.41,164584.16,2146922.43,1435227.0,593,0
565975.98,210375.01,781067.4,1804332.0,600,1
641044.37,444378.51,1199664.4,2558918.29,648,0
926775.99,249706.97,1047537.89,2485874.69,750,1
602783.43,504060.29,140530.47,3142940.3,633,0
2700619.73,946609.88,3249407.08,5777527.44,729,1
332677.86,114180.21,592812.74,330317.48,696,1
1621083.03,530184.24,1396454.11,3853612.32,562,1
1290150.8,270657.12,3281952.33,2501532.02,562,1
2948897.99,2182962.51,1336736.87,6085966.99,604,1
424912.82,345251.93,467993.57,9852434.84,516,0
1253781.24,789774.22,469806.52,5200663.39,598,0
2911464.26,965849.12,3535962.86,4285568.13,801,1
2609970.67,1043191.18,310544.53,3714023.27,646,0
2469509.01,1316615.49,2019189.56,7860244.73,573,1
847918.2,736028.75,1019372.15,766210.27,841,1
595574.0,222236.03,854348.58,9599716.62,556,0
2039065.34,1452124.73,3325897.2,4208282.97,553,0
2795190.37,1418877.08,2305957.67,3171322.22,772,0
1714612.39,700407.41,2690439.46,9741977.76,716,0
1757676.8,912482.37,2683996.84,9361994.69,636,0
911939.37,227843.22,865005.64,6437244.69,733,1
2331529.51,1769820.12,5806909.7,234148.38,680,1
642426.87,237897.96,1051603.56,7497923.01,531,0
1038669.79,735158.52,1035355.55,3388796.13,410,0
1333765.67,330565.63,3790582.76,3913388.3,593,1
1572070.1,1365451.34,3985727.86,1629484.18,758,1
802988.22,269089.78,2367019.33,5258407.93,607,0
433026.79,354181.04,899267.44,7458298.33,696,0
1870798.12,1434212.3,2122736.11,2766460.63,668,1
937028.6,822244.42,789523.44,9390392.44,480,0
1785590.84,954440.2,3553242.8,1987631.72,609,1
547651.87,388382.72,1611438.12,709310.29,685,0
1495306.3,687089.44,2811393.01,6461420.54,571,1
1644509.35,541138.58,4349472.05,8500721.38,613,1
250288.26,127685.34,247112.17,9533671.95,689,0
1076152.41,340090.32,1313832.88,7683351.55,657,1
489802.56,434666.09,1331687.81,2036517.61,754,1
283787.41,75876.96,644367.73,9777728.79,688,0
2970884.67,1819512.99,8746970.64,9198386.97,554,0
1034826.15,660762.06,2405238.79,1673515.86,602,1
2448635.89,1412019.8,3294754.98,5609918.98,652,1
838457.9,556342.07,1335834.53,5577398.39,783,0
2076357.89,584134.59,5609377.36,4453221.04,602,1
2304660.79,1356322.76,3814075.81,9843599.24,476,0
1827352.35,732857.47,1400102.97,643241.26,694,1
1467570.95,1259356.74,1917908.94,6290728.64,574,0
1294338.65,949332.89,2004863.22,2092771.05,521,0
1111717.97,979156.87,322575.53,5296945.49,651,0
2795634.52,632622.04,6237865.82,7808420.68,747,0
2508796.28,1002497.99,823040.22,2504931.69,592,1
2898578.04,976228.94,3521056.78,3963927.49,699,0
460461.95,95687.77,1111494.05,9510142.34,718,0
2219515.68,820395.17,3113339.24,7626733.34,729,0
2821187.32,1904705.41,7126450.53,5748595.69,576,0
625575.89,226309.74,641618.14,2258874.01,537,0
292839.18,162907.14,841300.27,4281789.1,551,0
2249249.88,1847697.33,1413440.54,7751910.12,729,1
1765972.03,1210804.36,202720.23,8214403.63,716,0
2541303.45,1210271.24,6651301.76,2483831.67,554,1
505339.89,232824.37,1140354.12,6637499.09,850,1
2406275.2,1248893.09,1674650.86,995279.77,542,0
684719.23,221800.42,2022814.54,280962.46,749,1
574602.23,369929.23,865833.85,5509305.54,801,0
576370.81,262195.1,1644499.09,2282579.55,660,1
2462266.69,1961578.9,3730546.56,835174.71,573,0
2029071.94,1480384.23,2872402.45,7311791.71,575,0
1616889.73,1014370.67,2178622.47,5004847.15,623,1
1140608.4,518910.16,1145884.66,7972956.26,758,0
2643881.57,917300.74,4233130.65,6656245.18,530,1
1238090.81,920280.71,1680911.31,7311559.15,466,0
2468138.37,1333995.15,272089.13,3108237.78,686,0
1373491.23,490782.79,1073116.53,2669594.47,708,0
1193138.85,401637.06,762855.27,6028705.18,846,0
1441771.38,455283.48,3751931.47,2040817.3,511,1
973995.84,724665.4,1749890.59,8163350.55,636,0
2268067.2,817164.27,5196253.78,5253055.68,766,1
1557889.13,885893.01,4471886.65,2308549.83,662,1
773416.82,399146.85,1494332.41,6270423.91,630,0
2708766.26,1640774.57,7984982.38,9453105.56,728,0
1213284.54,987623.85,1134775.51,866842.53,590,1
1676303.3,1353486.13,936720.88,1137984.81,735,0
2728769.12,1407371.54,3301618.71,8446199.51,524,0
1910290.19,402605.84,2698090.51,1140458.06,498,0
439004.32,218848.33,1179202.75,441784.93,622,1
2825513.16,1764068.1,4746357.24,3511909.28,393,0
1920353.35,1133844.47,1683272.29,4693723.55,658,0
1071226.28,702655.11,2386588.09,5715972.15,476,0
503889.01,155123.75,764649.46,5097637.31,678,0
2402673.05,1567923.33,1168650.17,9136186.4,668,0
1898210.99,622340.12,3284776.98,7698247.6,643,0
1647037.17,1194706.06,4503302.03,9838912.05,693,0
2692288.49,1177502.87,6805749.53,4790731.46,670,1
2386931.91,1663516.83,4202026.35,889079.62,620,0
539857.15,126059.84,610713.14,9557529.9,833,1
1003994.0,487441.11,261978.43,90925.96,689,1
820618.51,569118.76,1156207.79,7772155.34,727,1
2257444.25,809992.13,5093332.2,361256.21,757,1
197244.06,149254.76,213185.55,7624081.2,716,0
1752680.09,1124424.57,1237988.89,9382492.45,850,1
2311130.19,1412778.26,6457619.36,3923139.96,666,1
2642620.35,1182530.85,6513179.43,2447600.27,649,1
1092037.07,587205.84,2091061.91,2301477.57,585,0
2481646.18,1534015.97,1018343.59,4942590.56,624,1
420832.04,223345.44,182946.85,1750326.01,576,0
2554711.65,1759734.76,791088.88,6745590.13,717,1
469717.12,236543.84,868455.29,3715105.96,558,0
1252133.14,427717.7,434100.02,3264939.45,657,0
2412156.56,843660.56,6097646.18,4639791.48,705,1
534760.54,109124.65,1592995.5,5448745.65,665,1
764829.05,314092.65,840581.2,1462206.11,560,1
2194532.45,1589373.33,2986779.6,7092245.47,719,0
2188105.96,1654019.7,4671609.57,8835323.64,641,0
1959328.14,669555.87,5508570.76,2815969.82,362,1
2112450.49,1840643.17,5666186.49,1844889.47,551,1
1673900.89,923460.91,289209.04,7617028.97,790,0
830217.27,698947.57,421098.99,1876240.15,798,0
1102518.38,765958.88,2495871.85,460488.85,702,1
626633.38,442217.3,1295050.25,6211470.04,728,1
2734506.63,709687.97,1092861.39,2435526.59,572,0
1791836.2,634298.89,2698852.49,1759513.57,623,1
1262469.11,260283.74,2957263.05,9816947.28,773,1
1439816.83,1009728.21,945012.33,2954056.58,692,0
2847121.68,1255884.74,7441985.76,9039260.74,656,1
544719.07,408897.05,86564.21,1823276.72,631,0
1800066.51,787088.72,4224009.54,8198822.46,767,0
1567077.17,1212186.89,2895107.21,5045087.79,762,0
1873217.28,546021.82,1771310.59,832017.95,714,1
152519.53,49013.86,329868.89,7349372.67,656,1
2629159.34,1153184.98,6170893.0,8926130.05,614,0
2803143.02,1362162.6,7853557.15,1672019.05,719,1
1738886.23,772225.41,1918554.94,7269622.91,539,0
2120287.39,1557463.3,4363657.9,4478272.56,560,1
2775248.21,743394.57,5017229.22,7551011.01,504,1
2150992.04,959023.92,3389142.22,7153583.08,773,1
542363.22,426334.37,1448787.45,314672.29,577,1
1771236.24,437066.63,16830.18,1828274.31,690,1
1859473.63,1598478.76,1573737.28,4736721.07,637,0
1329978.95,1184242.23,2147692.19,9339262.01,850,0
2235688.28,585745.24,1195824.47,3453630.89,694,0
2809664.34,1134797.48,7652400.68,6307291.03,463,1
2784148.69,1282602.92,5409003.29,170233.27,767,1
1407434.18,1046390.66,2017766.58,7125712.87,611,0
428390.33,264380.57,1047031.07,6050529.21,629,0
2956039.48,1924547.21,3998512.14,7168177.73,582,0
2532804.45,1849597.87,4244876.51,9051373.1,669,0
461521.78,130419.27,3808.93,1507664.38,668,1
2770441.46,2169938.91,3039455.73,2652816.48,585,0
2622699.45,1819979.96,1092017.09,9958019.88,599,0
1604630.37,969420.12,3320086.2,1605025.39,660,1
1814698.76,1493160.88,2607868.89,7220238.71,415,0
1257107.84,867673.99,1138025.37,7264505.31,505,0
258808.75,88302.95,363237.31,6845787.78,816,1
1072072.0,536916.99,674215.0,2313033.86,682,1
2428275.0,1325425.36,6739094.23,2190583.93,597,0
113432.87,27071.02,18366.81,6680093.63,480,0
1067147.6,926546.91,2770583.13,1903189.34,644,1
1254689.21,363864.99,1924789.07,6632555.15,748,0
1658447.25,1141381.35,3079470.34,4950656.41,850,1
2767581.29,1534241.14,2512456.96,3896957.23,839,1
1104403.38,240696.52,3202872.36,3037311.88,561,1
1106164.29,937278.7,935320.39,9478390.49,600,0
2238753.62,1782687.64,3955058.24,5105531.89,502,0
1411432.03,800254.51,4206420.47,5634457.03,565,1
751353.99,270682.51,1986041.36,9495098.04,628,0
1412074.6,402633.34,2272013.17,6556079.32,613,1
508485.36,231042.9,1510772.83,9580636.63,850,1
611522.26,231644.51,1286709.85,1108349.07,518,0
1545266.54,857134.38,967493.31,8474064.34,645,0
1314883.8,1152477.91,1599935.66,3387375.55,443,0
2753053.11,1658624.88,2762633.74,8114350.87,683,0
1150942.31,947169.97,1187819.79,8563584.41,515,0
1783706.22,1169424.88,4069292.63,2751304.47,760,0
1933566.43,1029957.8,3389133.56,4117864.63,620,1
137973.92,110134.28,15767.4,7273842.83,509,0
2024258.38,1072771.27,5328547.34,1035603.53,439,1
616304.3,497998.36,548750.22,7567558.67,552,0
2887103.92,1166689.49,8635976.36,1149205.61,673,1
531121.91,154115.19,1520374.81,9148834.54,692,0
1302409.96,1040261.05,3674869.72,2799575.97,600,1
347514.04,212397.32,845634.69,5777213.5,742,0
2990935.33,2459639.57,1979520.62,1215677.33,536,0
1556365.53,1332994.46,2486913.73,2731456.89,357,0
1826616.55,433894.26,1229144.67,4069352.68,678,1
294521.78,162186.82,229440.24,4896136.32,779,0
2274885.36,1052078.03,4169535.72,50671.6,779,1
708726.22,452238.82,86819.41,8892124.84,520,0
2704357.44,2043179.47,7865287.46,126364.36,595,0
694904.96,275469.46,1915171.63,7748161.4,722,0
652994.39,385109.23,745917.27,4732260.18,587,0
205994.04,143394.51,318521.85,5262606.25,660,0
1468994.14,432033.76,2054180.09,2122241.52,578,1
1738039.29,1338024.04,4599893.62,6093315.09,541,0
290555.05,181386.76,600230.27,5395457.5,560,0
2349030.09,2031150.42,1959875.06,1684152.25,745,1
1414537.62,619101.02,1896221.29,2419284.06,651,0
1620731.78,446839.25,2085716.37,715691.11,777,1
1378211.97,764288.6,3966501.63,709521.54,702,1
1262212.88,328260.6,663839.07,187069.07,810,1
1722956.96,1513908.12,463008.52,2243719.54,731,0
550196.71,124938.38,1453540.76,6812629.21,725,1
627591.58,456543.21,1688257.73,3196343.11,637,1
2599178.3,1475219.99,6797415.96,3460205.99,850,1
2843734.84,1302528.54,4359248.57,1362458.66,661,1
1182597.02,291024.73,2340635.38,5775933.14,452,1
885159.55,562533.81,1495998.55,3454329.23,676,0
1967598.68,1199554.86,409936.35,6779352.19,551,0
1285329.1,509785.03,2297531.79,7427521.71,751,0
173620.43,145347.25,7091.08,5867694.11,722,0
552842.53,228255.97,539000.59,2796891.89,630,0
2176319.46,1120386.21,6086899.44,5110647.6,561,1
2010879.43,1167584.4,1834195.14,2556711.51,664,0
178578.38,48245.15,503498.15,9033982.71,585,0
743719.27,634030.5,558088.33,7675538.21,728,0
770116.91,355929.02,726749.1,4955408.76,705,0
2048488.96,525530.52,3861857.45,9656298.57,850,0
157160.56,74038.94,359093.16,5490216.69,605,0
401914.89,249244.22,604545.63,3318928.0,619,0
2419756.65,1353991.46,6403515.89,999899.64,634,1
617779.52,423907.57,74579.13,5460269.17,638,0
1992963.71,475996.98,5513702.55,8611145.29,752,1
790730.07,315642.38,465679.44,8673851.35,622,0
388380.04,300396.97,1030262.03,6065442.31,847,0
805199.35,206071.11,968324.32,3964711.71,708,1
2194574.1,1753113.95,5482641.21,6520448.27,601,0
2581519.76,682366.06,5201753.66,7633296.53,575,0
2507637.61,1966283.66,1323593.56,4145666.6,754,1
1251832.24,566519.03,3447724.63,4788728.98,652,0
2037446.9,1280629.8,1500685.94,6822132.26,650,0
694454.46,213212.09,508632.58,8772693.43,590,0
950128.42,234033.83,2320723.52,7920553.26,643,1
2699373.87,947903.34,857374.5,272794.12,586,1
137705.58,39865.44,91726.75,1287504.82,786,0
347974.74,145691.5,525801.22,8535142.89,721,0
702870.14,393655.27,1751152.52,8346537.14,632,1
176943.39,108312.65,78288.94,3918627.49,631,0
626162.76,471442.75,1028788.36,5863565.33,659,1
1790820.53,1180809.62,3821112.75,9063157.58,649,0
1322131.2,827827.1,3413459.38,9120008.88,554,0
2688747.96,1312774.25,7546499.98,7841773.82,459,1
2470586.33,1313526.52,5815561.94,2135409.94,570,1
1091270.32,534902.06,2137236.76,7316313.93,637,0
852327.96,672926.75,1108759.56,1055929.4,576,0
1201107.98,433600.36,403969.2,8944687.67,731,1
1811855.33,369626.92,3857823.35,1534030.6,627,1
877384.56,575497.53,2613037.14,6640368.97,837,0
1910031.83,652702.82,4221708.57,6121920.58,593,1
1287293.79,1059546.54,64536.26,7780151.58,664,0
1700936.82,1363015.84,2532320.61,5538196.15,621,0
1364766.93,346253.87,2516548.2,642687.42,693,1
953950.7,261832.65,1973745.57,7073170.23,756,1
2850514.59,1558148.61,6154766.99,3862387.86,710,1
2314456.8,1449905.04,3875153.64,3236835.76,446,0
506328.21,198701.33,339280.91,9917151.82,699,0
2618557.13,1837594.47,7401618.78,5924477.67,548,0
1513550.47,933014.89,3163319.59,7121654.78,619,1
2694201.46,1151439.4,1914284.32,5286945.06,718,0
2419580.24,526887.89,2339650.61,7711227.83,538,0
1333119.16,966651.63,3687118.33,7533123.72,765,0
165160.99,57860.45,439733.81,6588603.85,614,0
879164.34,689380.56,1068570.91,9977543.46,850,0
1670739.22,825684.64,192004.13,4624945.66,656,0
1937086.84,1169911.75,281830.84,7076613.87,820,1
847874.29,687680.41,722181.06,7987890.73,769,0
504132.61,405592.89,951483.09,3791545.36,588,0
2521297.69,1159957.55,4418785.75,4598891.52,519,1
2954766.32,1023005.77,5618439.0,9693214.3,661,1
1624501.53,1206358.5,3495681.85,371295.62,591,1
597869.93,300821.93,34136.44,3386191.76,807,0
889691.25,297538.91,280481.2,4887818.98,625,0
153332.96,127741.34,165361.99,64576.68,619,0
2751466.54,931847.25,1278276.3,8996314.66,510,1
441478.14,96270.94,99756.46,2898131.78,691,0
1771897.78,379533.38,3407170.17,2614163.08,532,1
894760.14,568728.11,2188591.74,8212245.64,694,0
1707116.21,1132112.6,3854463.49,2815933.12,708,1
1989119.13,830913.13,4875568.35,6593344.81,575,1
2506251.23,1062669.8,5006411.35,8223956.28,745,1
698621.69,305748.81,1541184.57,7935144.63,622,0
131887.9,89170.86,107533.0,7830409.84,502,0
496968.33,119617.12,1480480.63,931943.82,804,1
2710054.06,2304579.69,1489166.48,844477.33,557,1
2634281.22,937184.35,1695111.56,3102361.86,700,1
1832498.0,1648829.0,1588346.03,407681.42,692,1
1841498.9,589400.97,5388220.78,5029275.88,688,1
2028606.36,1501336.1,6014545.54,3978081.56,687,1
608576.71,216889.91,1451261.46,5592407.83,552,1
2751794.64,706090.59,5193111.99,3022945.96,819,1
1314434.52,1067916.7,2050764.61,4883252.33,745,0
1211101.73,970244.94,3526561.76,3380710.42,697,1
1604861.35,774344.44,3349134.44,1992320.52,516,1
236201.3,163375.08,669439.46,6511198.48,552,0
582221.77,343479.49,552908.3,6750687.22,715,1
2240297.49,1785672.3,2243264.49,8300855.34,449,0
340116.14,143032.16,872116.88,8753780.24,683,1
1849141.12,1047669.14,831308.69,7059395.95,516,0
811512.42,438022.48,2302896.62,6890605.96,563,0
1228957.28,550246.06,1870992.91,613922.87,508,1
937211.84,772279.93,2604738.16,1142303.45,674,1
1131450.88,357668.08,1143193.49,8134998.97,761,0
2185233.13,665744.49,4693611.34,2367865.05,684,1
961652.98,580681.33,1393074.89,3587872.35,695,0
1742573.46,1150527.09,3276754.11,1495708.67,666,0
1480546.17,497809.19,2240240.28,1991762.09,718,0
2024646.38,958674.53,5874201.4,7765401.49,696,1
2816806.24,2429762.11,5848580.42,2655503.21,378,1
2224459.08,828905.07,1677146.29,4517897.91,740,1
723327.1,483075.8,1973981.9,1559130.16,730,1
190431.09,136749.44,167977.21,6795402.57,613,0
860565.73,442064.09,959371.84,7296283.85,452,0
1825726.0,1563311.1,559349.67,3648838.56,674,1
249134.86,178295.78,672639.1,7858229.13,682,0
1539462.12,801362.7,1321375.86,2437071.19,605,1
1830844.26,1095823.71,1422113.51,6934443.43,668,0
1069307.28,732293.08,2952130.5,7313147.59,757,0
2335645.39,1435331.46,5644275.31,9688140.91,850,1
409134.93,333481.1,173160.95,2361600.57,664,0
317899.57,142998.24,733703.78,982419.28,683,0
2211747.39,906639.53,6058195.72,2667202.45,567,1
1536924.82,537442.97,361997.52,1272478.86,599,1
2096366.95,474718.27,5189860.32,1738458.37,636,1
1360999.28,313179.24,2235114.89,3374439.39,767,1
814565.9,659015.28,1635316.26,4169207.93,731,1
2475396.72,1670583.86,3660030.04,9042056.05,842,0
2418306.05,1601819.88,5062504.26,1996376.93,500,0
2114619.77,1332739.05,216312.04,9719001.81,517,0
889220.9,706444.57,2034644.27,8111024.44,760,0
1811668.93,971393.06,181223.22,8820640.33,794,0
1146824.3,928110.66,1566446.79,9297967.7,653,0
365588.01,165103.76,165572.98,7544749.91,300,0
2760209.37,2342576.59,6819712.31,7898359.32,575,0
496774.03,342307.06,467455.78,4406292.05,683,1
2855688.33,1085230.09,3890248.9,5128979.84,560,1
1393416.74,828887.11,1792285.38,9328230.0,668,0
636885.49,365012.7,1475985.89,3813646.32,839,1
1671512.75,495652.3,2412716.79,467373.38,792,1
2631542.92,1615425.34,6228533.17,7639406.14,730,1
2223452.17,934627.98,490326.41,5752917.24,643,1
2439027.33,577181.52,1401908.77,8158015.83,600,1
2010471.76,1737166.85,3326532.11,801735.1,725,0
2107602.04,1367924.89,5988255.85,6231258.31,652,0
2562667.39,2085609.56,574738.49,2514673.59,655,0
824037.23,554774.17,106508.99,9037522.52,494,0
1519332.39,683530.3,713557.54,1143603.9,578,1
741507.38,414414.87,1426259.33,8438539.26,725,0
2964237.22,1994999.03,3548128.97,931114.81,539,0
2837772.09,2475038.49,7028188.49,299718.69,676,0
214337.75,80927.21,46253.97,2388841.33,691,0
2146168.0,1743727.04,1264612.88,3363793.18,697,1
2783220.12,2356982.38,2505118.59,6283961.28,706,0
623668.5,417415.63,1172615.44,1360659.74,712,1
1747041.17,1488281.03,3591074.69,4401432.84,587,0
2754916.06,1318268.69,1026508.95,2082422.84,503,0
198443.34,172072.47,561875.27,8560268.05,562,0
2122518.78,1468672.65,2171617.74,497416.75,722,0
962312.12,220758.29,2058872.84,3591580.38,529,0
2780748.97,2321399.78,4373070.22,6332172.1,545,0
2916068.91,1572143.05,1948734.03,9135227.37,545,0
2838372.82,1482280.28,7205734.41,8686534.56,465,0
1475221.23,880008.74,3621246.33,8957160.4,535,0
2599923.69,791856.63,3089269.79,675390.27,750,1
2549193.26,1347035.1,4501423.46,8417186.45,578,0
1025391.37,801639.75,793116.73,7810130.16,475,0
2503854.88,527907.06,5181865.09,9029194.91,598,1
207322.14,81071.67,192204.3,3150183.86,701,0
1829182.65,368979.45,4631922.52,9122062.81,466,1
767025.63,376607.99,500219.84,4056278.8,745,0
449643.97,319166.67,19968.81,6359291.87,505,0
323164.28,245327.03,260316.63,4270580.96,610,0
2119237.45,1826004.57,1214656.75,4305101.88,609,0
1085637.39,679558.23,1655444.3,5489038.34,593,0
2201823.64,832815.15,1345556.17,3591470.76,643,0
289533.39,245206.86,662906.85,7937733.09,727,0
1014341.98,753373.12,734497.11,6354705.42,645,0
1664524.75,1002210.25,3530298.09,6913069.83,589,1
2393097.18,1643933.68,4153011.4,2348796.26,695,1
1024382.26,867673.74,3030890.57,9697274.12,670,0
1915084.99,1338023.58,5744686.06,6618752.17,583,0
2669335.47,1222187.69,6963170.45,2012098.85,654,1
1886003.25,1318542.1,4299993.3,7517377.92,574,1
775582.48,176983.82,899186.47,1778455.33,563,1
170762.27,80342.09,385893.72,680679.72,730,0
2623286.73,1270788.62,7528902.74,5299156.29,694,1
161681.29,51218.49,11339.15,5557563.34,727,0
2636634.85,569934.56,4254853.94,1930207.47,713,1
1633917.69,479337.31,1068573.86,3516370.5,561,1
2823296.33,1858392.59,4725150.46,9460404.49,750,1
2416471.38,1840389.85,3381468.13,2885782.16,620,1
2994008.92,2669884.83,5171568.81,1597902.2,742,1
1117064.26,494250.06,1846380.63,9925991.49,637,0
2324846.04,1440394.29,6696303.14,3057940.09,681,0
1265599.65,1083355.17,2096539.64,6818524.05,684,0
1491639.3,472744.12,3786819.12,2354023.81,731,1
1919765.84,1348351.21,1841940.19,5523705.91,486,0
2633663.63,1918584.75,3461429.55,3893505.77,492,0
2953842.06,774742.19,4168581.33,9617713.65,717,0
2327992.9,1869086.3,1946630.72,4356418.45,685,0
1311523.67,1008789.29,1494311.75,5862533.13,572,0
1321935.31,295296.69,2373586.71,9450424.35,686,0
2238988.67,590553.62,3897101.49,9892881.28,509,0
792453.72,185742.3,1513036.67,1061500.72,850,1
420374.93,182577.44,443686.29,8351491.08,781,1
1128404.26,627959.56,1069156.81,3852059.12,712,1
932993.08,534272.34,1711905.75,5968545.63,657,1
959293.55,371598.41,382360.25,3781728.39,588,1
777462.48,651605.16,590167.59,4041106.25,518,0
222070.25,101660.2,28065.95,1630632.48,638,0
151834.41,35208.14,33074.48,5749026.26,564,0
2964394.93,1215873.2,2164452.48,5489823.66,569,1
1340542.09,766490.59,78539.47,1934090.1,508,1
1214547.28,589972.75,894188.3,5440217.77,674,1
2070977.12,811180.54,4069322.94,9732363.73,612,1
732936.27,213963.36,134362.78,7158365.53,703,1
2854887.43,2208013.19,3740502.16,4835776.47,695,1
2380400.54,2135937.38,6520693.95,9165035.66,672,0
359291.91,154739.66,852906.7,5774377.85,850,1
1310984.25,612406.27,1201271.26,1393727.59,732,1
2649443.09,1676107.29,7350658.46,5497721.0,523,1
2839722.86,1996066.85,2808314.08,1850682.5,695,0
1455464.38,690502.39,316631.17,7686673.15,644,0
1878893.03,1565964.64,5603174.42,9673383.43,515,0
584398.44,345965.51,1525319.43,3640144.92,507,0
2974389.02,1532622.51,4157596.06,4377432.91,695,0
771847.93,503762.71,1543024.03,4243889.85,719,0
2833922.14,2456904.78,5706624.34,2888734.76,545,0
1983975.28,1500255.54,1157543.82,7952090.65,747,0
1862436.71,424652.69,1117733.75,6196396.91,678,0
1586796.68,686475.12,2235387.31,687312.99,769,0
768942.45,407063.74,2102841.86,8396123.03,758,0
611931.29,257110.46,18346.51,1911527.9,634,0
739410.01,510289.98,1735777.49,9792554.06,813,1
640670.96,498690.85,110567.22,3797798.23,537,0
2360794.97,1680748.07,3386953.09,6183673.99,850,0
1115363.25,995498.84,2134379.75,824345.01,562,1
267743.76,104629.81,551626.53,3479399.58,645,0
2910397.63,2364676.67,510593.73,8033421.88,593,0
2662979.07,1961645.89,3344198.01,4798224.49,612,0
2790481.62,1265553.54,4887561.44,9050804.66,850,1
2985232.69,2131119.35,591483.89,5772627.49,603,0
604296.22,164884.14,244911.39,9289293.34,735,0
1249101.85,939990.91,2486895.55,9826968.57,626,0
2298891.58,1316417.55,3597568.97,4566250.87,743,0
2118459.79,857135.44,1028482.54,5673307.9,595,1
546298.13,360034.56,877200.74,8357460.4,675,0
2465916.06,1600709.96,6751868.35,2254253.41,712,1
750877.66,260284.5,35113.11,8623214.26,577,0
749071.08,165753.09,1444135.13,5939605.4,850,1
1657225.83,834472.55,366166.21,7268726.35,718,0
1819525.81,1089274.24,35204.78,844547.53,627,1
1782250.0,1450080.83,805511.89,7673567.45,580,0
365311.83,310424.37,463478.38,3142329.7,659,0
2644636.5,1507875.61,6365724.68,8062061.15,528,0
870240.12,633241.05,735663.14,5116067.76,828,0
475593.27,241369.43,892697.91,2782412.63,693,0
2677369.43,1933750.18,3302454.64,9529958.99,641,0
2871389.34,985923.31,2018573.43,7662370.86,754,0
2600170.09,1195416.02,4011389.9,9857576.44,577,0
2447596.62,1576153.34,5855614.17,3676475.49,534,0
2000201.74,425464.06,4995458.07,6509735.35,636,1
1697486.37,1197955.04,4310866.11,6135307.34,662,0
352261.6,276481.27,357782.75,6891189.57,703,0
1284514.32,615795.09,3057617.03,431249.83,502,1
1180796.7,606409.59,751618.86,2952607.27,604,0
853285.97,679128.21,1890263.34,9097908.86,341,0
2197918.33,1632961.54,6253414.54,4267009.55,531,1
1538039.63,617837.66,63415.69,9608404.61,721,0
335034.03,142986.92,442610.7,2174356.57,746,0
738531.29,498667.23,1435197.42,9974368.54,535,0
2081450.41,1236878.32,4382134.41,6990930.04,617,1
320779.49,100583.84,169456.03,7775114.57,652,0
2568500.05,1070938.5,7491158.38,3998768.66,757,1
1535924.93,1274799.71,2835004.25,9074730.81,802,0
1493701.07,1018289.04,736427.2,5477355.86,665,0
1817982.58,1618335.41,111928.71,6825336.88,623,0
2491574.8,1836063.32,5854684.02,993342.3,505,1
1108646.7,952751.13,265093.19,6335222.97,660,0
2066246.84,725938.64,874338.06,8796835.93,850,0
1740622.7,1288129.4,3001686.57,1823918.12,779,1
874381.98,187250.88,1583083.02,7390373.05,667,1
2648026.96,1772938.83,5456686.83,302737.55,680,0
2412535.46,1275019.19,2848099.53,9265720.01,581,1
2009510.32,889674.62,4665472.09,9830025.3,614,0
2566687.01,2062802.84,7502620.69,3574091.66,664,0
2615153.18,2086859.25,2126864.41,1115384.8,665,1
2154252.63,464480.98,4543503.74,6602834.86,751,1
2527338.65,1583765.83,7039664.14,346853.42,746,1
2122667.24,971083.24,4370275.28,4850738.5,702,1
2072408.24,1017475.15,4234610.81,2754202.79,550,1
1893973.0,1481898.48,1271457.61,4759723.59,553,0
2282878.25,951704.18,3664911.29,231841.37,561,1
559954.81,481636.26,944962.11,563541.22,673,0
2654525.2,864694.8,5575534.7,208959.5,447,1
2628346.23,1744974.03,7859975.7,6210362.11,649,0
184817.12,123914.99,18653.86,5622924.53,790,1
2494868.58,939409.36,488240.75,2369922.09,716,1
473722.62,202433.72,110780.13,6484099.13,614,0
1071844.68,840710.96,2389074.69,8847862.21,580,0
2256173.94,1654370.4,922913.64,2809354.91,730,1
566203.7,243675.45,1057303.66,8328338.39,680,1
2472104.37,1418418.29,2407846.06,6641965.9,625,0
2513189.12,611147.8,3447994.61,386513.41,591,1
1571656.43,543985.05,1016845.17,3782741.46,657,0
118519.03,64009.09,307950.32,5102184.3,619,0
932410.59,242596.09,1639598.3,7330406.94,728,1
1889088.06,1493007.97,5353089.56,2906949.05,774,0
2945439.92,2069478.89,5077316.19,9828164.54,513,0
1932259.23,1662793.25,718267.31,6861170.42,527,0
853430.39,584964.09,437478.06,3759496.09,784,0
1938616.54,1663877.67,5752305.51,1015399.14,666,1
1665957.6,979847.61,3626282.57,1854609.21,536,1
2361551.65,1464523.4,349122.94,4901697.21,748,1
410243.85,362606.23,866165.49,4972218.78,684,0
2306980.92,1498361.97,2852626.06,7688801.71,850,0
1669673.08,369917.07,1538812.72,7275457.42,626,1
2892676.81,2044144.62,1336944.26,2052666.73,760,0
1091429.28,910064.39,2750087.31,5969818.37,505,0
1934603.49,1464313.33,370523.26,255186.92,789,0
2802881.51,1706067.14,2437123.37,4015546.62,744,1
397278.21,266141.62,365157.74,7652847.14,810,0
2817962.61,2516818.93,1360275.22,4025110.5,761,0
2094868.59,551921.33,3193741.66,8364182.59,640,0
296727.47,197938.4,10417.47,9762745.14,532,0
972794.34,387540.24,878361.84,6091765.4,589,0
2153699.06,1395733.27,6032270.56,1492790.56,473,1
295316.74,184672.34,275113.74,3827788.22,557,0
1788294.33,549757.06,1933822.44,144359.38,692,1
1103060.87,380250.07,1565789.54,6047122.94,645,0
1900655.0,1207183.36,3202755.97,8224606.58,627,0
232651.9,67413.44,564442.8,6317903.79,570,0
2627456.74,1013217.24,1500182.34,7871557.98,472,1
2923118.01,2293688.51,7644652.61,8009044.08,668,0
2909745.78,1248176.35,6612828.14,8517575.13,687,0
2273990.31,1231688.91,4929899.58,2703304.64,550,0
477250.1,409861.54,124282.47,8719121.8,596,0
2298963.27,825337.84,149253.45,6558235.28,804,0
171302.06,80981.03,305266.79,2932769.29,765,1
164158.3,102520.21,425071.81,9873582.41,501,0
1038469.64,756771.51,1820774.14,9504314.82,641,0
1517065.25,1260919.97,970473.61,5765687.78,795,0
2334181.51,1962652.39,633869.62,8439923.37,628,0
2081556.59,1547945.51,4368748.82,2651870.16,623,0
1393117.85,501287.8,3016533.17,4189568.12,759,1
893517.33,194220.76,462480.19,1880519.02,748,1
2991661.05,1402017.27,253007.61,5225021.29,743,0
1335925.78,399554.29,1636309.41,4985214.23,623,1
1409022.37,982470.94,2463191.06,2167491.6,716,1
574509.08,380779.68,1216814.39,6744376.85,799,0
2404947.69,555014.19,5843626.14,1222013.44,645,1
2111678.45,1658967.63,3867776.19,663829.94,609,1
740231.88,276935.76,246232.08,3879804.44,773,0
338905.03,170319.76,693991.09,4127756.54,850,0
2073447.98,1384137.69,6121917.2,3231419.03,850,1
1998082.52,1000226.42,5428298.19,2616569.04,612,1
892452.63,454170.45,2333769.63,3420824.63,622,0
2857504.33,702773.46,2590357.57,1675586.96,547,1
538067.89,258816.29,1211925.02,4064352.07,661,1
1353770.92,995554.37,3456597.29,9050803.57,542,0
2836486.17,2384416.75,5772188.69,2283047.47,597,1
1317209.22,644705.41,990126.77,6860288.49,720,0
1951725.25,969051.26,5584865.54,1460755.88,688,1
1253023.75,866890.67,1694662.29,3571370.91,468,0
895224.09,769839.36,348615.19,3245689.07,807,0
2953535.18,1142848.75,972698.62,9373442.47,541,1
1287068.62,653960.78,2500204.1,4308421.46,553,0
2692887.69,2039004.12,3536108.76,6920136.14,526,0
766868.36,480661.97,217370.08,6044504.95,583,0
718003.64,199181.71,1594753.38,1453249.25,560,0
190288.84,121673.14,456307.98,9398427.49,562,0
1989833.79,658082.61,4330369.61,3491399.45,403,0
1168726.4,651157.26,709162.88,495345.64,662,0
2606638.92,1486754.61,5393986.66,3039414.88,673,1
1472308.73,1197491.05,47361.83,3389555.57,850,1
2907760.94,1522928.14,2661579.49,972816.01,698,1
638024.0,252408.48,763373.12,6218775.19,600,0
2619007.19,947233.21,6562553.29,3500303.85,529,0
2352130.87,1909874.56,2754775.97,6309889.33,640,0
2335673.35,746732.52,78965.24,117068.61,694,1
2549871.36,1270111.31,2695314.07,9821381.57,599,1
2306969.57,763655.79,3453008.14,1746637.77,656,1
1916038.93,1420384.24,5454990.36,6610343.32,839,0
480610.15,255713.84,1356811.9,7172053.82,611,0
194325.92,86630.61,105445.54,1757503.08,461,0
2770458.76,1254379.92,1538822.57,1161537.21,737,1
1888285.91,1504114.04,925532.71,1568143.06,681,1
2409958.14,1416192.06,5703806.51,2505841.65,479,1
1496414.82,1051242.63,27034.41,1723909.57,692,0
440193.75,364448.27,167947.82,6756294.3,550,0
463038.8,384886.73,747288.54,4237290.38,694,0
2088139.33,897808.74,1550832.27,5401026.37,840,1
1347887.1,1168235.16,373458.23,521001.05,632,0
681521.71,148171.76,735794.03,8619427.18,758,0
1525624.19,707561.45,1255013.26,1747186.95,527,0
286205.92,236709.24,438843.23,3633515.7,498,0
1787717.07,701224.54,5251777.82,765421.32,850,1
880080.87,344249.81,328194.4,1411091.69,680,1
2412921.39,993726.93,2698080.72,6674704.13,713,0
1000049.68,628650.6,2796093.96,6941240.67,765,1
1420138.43,719772.94,3735843.33,6785806.57,597,0
133699.57,94754.81,158141.6,5543761.04,732,0
310095.97,256274.93,650227.78,9527590.56,717,0
1238231.31,832016.61,326361.92,5096412.75,520,0
1491822.62,511884.18,3188954.59,4521649.69,801,1
1840059.59,1569345.11,5370348.58,2513078.38,780,1
945821.48,364278.42,1525103.52,1033552.82,521,1
2115447.47,645054.95,3163589.67,5504141.55,670,1
2594354.95,682255.93,1457912.97,3183157.36,626,0
2361567.87,1403641.83,4490201.54,5264052.56,791,1
214894.59,60091.78,380645.34,2100884.83,508,0
1493470.15,443774.38,2920927.69,8389818.09,850,1
404297.52,165770.61,31636.22,9996987.24,632,0
801930.55,318492.42,1320114.38,3257914.93,723,1
2961321.52,1844807.53,5285380.07,8431159.69,788,0
513237.07,396076.19,319536.48,8736212.06,630,0
1546775.65,1133701.1,966732.57,9960934.2,638,0
1892651.63,726284.47,1568354.3,3460065.29,599,0
2137148.41,794415.14,4563164.01,7572611.87,561,0
1722981.18,1509424.68,3133755.06,2326649.59,677,0
128335.46,26406.99,325624.01,6266720.21,636,1
1046737.79,853933.27,928431.0,7063183.57,599,0
1601363.77,544159.36,4381658.23,7424150.89,604,1
354812.85,306238.62,791629.5,2111363.08,707,0
1116818.1,490970.1,1323468.55,8494819.43,570,0
196289.02,99763.15,56096.69,4238670.01,625,0
327877.64,227869.86,252777.59,2202876.7,739,0
1251077.5,764869.17,3590973.57,5448184.33,674,1
484875.69,204887.87,451462.97,8640403.44,545,0
1745868.46,1026014.84,1727891.04,9672524.7,647,0
2099448.41,1493746.67,1194096.54,7494667.83,693,0
2421701.43,556106.1,5861853.76,105947.72,748,1
680435.71,141421.43,562674.53,1390272.57,574,0
585699.49,304942.6,580296.26,808926.17,594,1
403246.74,117863.23,501253.57,1057076.74,580,1
1945647.72,1293935.52,2531647.32,3861197.81,585,0
2148779.61,751722.01,2651642.11,3418008.48,690,1
191599.82,96373.9,289551.6,1181165.56,709,1
2815015.51,952515.83,6878599.18,8828241.75,755,1
250716.72,146403.15,616225.38,6173504.38,640,0
1669759.37,469598.82,3998972.51,7974809.92,509,0
2156275.51,466132.42,654159.04,3746916.42,716,1
2625810.46,619145.48,6299414.9,4131848.36,665,1
2170852.1,1884258.18,783146.45,3210331.04,655,0
2425011.44,726534.28,907369.71,4412344.79,521,0
1084405.56,754675.54,3083602.97,6123253.76,630,1
2462992.83,609709.79,6054513.05,4955190.88,530,1
332333.05,91628.29,550752.77,8387274.21,698,1
2694968.3,1498977.42,7074050.9,9006384.73,607,1
1688017.89,886900.89,5010195.65,4723354.34,598,1
2470163.53,2139423.99,4525157.29,2435492.4,496,0
1411723.03,1216036.78,2595728.51,9454664.57,752,0
1966375.32,1466377.3,4450460.06,7363634.5,624,0
1626567.72,1010865.12,1132769.18,6419264.51,658,0
2221609.61,1151842.87,1113858.6,7466866.65,576,0
336726.95,151299.83,767313.92,806018.73,484,0
275021.04,237332.51,284568.23,722881.96,596,0
816599.38,507954.35,330895.11,1573550.49,612,1
562679.57,340618.51,531525.79,1517137.13,679,0
2628172.34,952267.75,2827678.49,4235671.22,614,1
735720.56,171193.69,2130413.51,1616170.62,578,1
2930009.24,2524589.74,6135085.21,8552530.16,499,0
1076997.8,451924.09,1715193.25,5802064.46,654,1
628141.96,320234.51,1825769.6,3714205.87,570,0
2390125.67,669827.84,6475852.43,742744.26,782,1
2010252.55,1579751.0,3087753.08,5930726.57,665,0
1544767.58,338832.85,4197193.61,1209501.56,706,1
1710554.3,1340721.4,2074755.21,7445041.49,625,0
2185685.16,651770.24,1510881.08,8037443.06,670,0
762518.75,625718.98,532264.42,5462563.77,560,0
2989368.36,2124965.13,5939715.21,1538548.45,532,0
2926900.17,922761.43,4399748.42,7879284.1,651,1
1985944.49,1183767.09,3925919.41,3112886.5,707,0
678673.11,284268.62,1396863.92,2265398.77,455,1
2072661.9,673124.25,138803.3,4732038.58,600,0
309375.39,247941.95,50155.56,9230330.1,834,0
188892.26,91134.08,301856.09,3008864.26,697,1
847280.38,405830.86,485581.83,9060506.08,803,0
1441606.57,459758.14,2735594.52,583850.42,586,1
2617990.27,1225601.6,4336850.67,881060.86,604,0
2208790.3,1789411.25,3881465.4,7000682.2,746,0
2253848.91,1023675.86,2045066.19,1946396.98,712,1
1333930.67,1155347.36,2560520.63,3200375.8,640,0
1103211.48,951427.48,2745317.39,1406911.16,523,1
1176012.41,354484.32,3521232.55,3355870.28,765,1
2964183.73,960744.94,7455909.64,2840576.94,850,1
216316.66,173890.87,361788.8,7376559.51,492,0
2614391.34,1241659.79,1517101.95,7035132.71,790,0
1778158.68,361076.08,3635156.71,9551525.41,603,1
1371984.72,537420.51,3859339.99,7257995.77,616,0
2203247.22,1362356.53,1400383.09,6963436.64,676,1
1511339.93,1147841.78,1160689.21,6957328.7,529,0
2632927.39,772427.26,1176986.03,8835526.18,646,0
2712035.41,752261.55,5994045.54,2997555.49,488,1
1322990.69,1118542.13,1613631.25,3035916.49,697,0
902800.61,655256.17,169804.98,7425077.41,850,1
1817815.95,1114040.73,4771494.16,2325616.11,586,1
2745853.7,2027622.82,4593856.39,9124599.04,633,0
710920.35,355600.97,706145.01,5371078.16,638,0
1906603.09,1393572.47,1967517.02,3036243.03,748,1
1931524.64,889007.57,1681882.15,7772194.3,690,0
2226027.77,825558.46,3041734.53,3157590.27,742,1
481546.29,342046.85,486903.52,9634619.25,599,0
2175892.4,1074391.7,3576816.59,9830742.64,693,1
2736194.31,2426905.78,6349480.51,6684622.61,313,0
621081.02,276157.23,1256685.3,1180657.2,716,1
788875.64,666764.95,696869.61,2668928.06,528,0
2917045.77,2488455.28,4627085.2,5178398.77,617,0
624833.16,230749.05,1574816.06,8521902.13,724,0
2577716.77,1955855.04,527449.07,1889620.64,496,0
1527605.78,768618.14,358822.07,1088814.42,758,1
816970.12,688107.22,1363122.97,791050.96,637,1
2625174.71,1352193.34,5033366.62,5094327.25,795,1
1391385.24,1003206.29,882470.85,8852774.65,559,0
1592970.33,839299.72,3561340.65,471474.46,468,1
1141776.77,410423.68,2213665.54,2162599.26,647,1
1819557.47,617821.81,5039933.65,6947907.31,708,1
574219.23,285847.39,291050.26,8267341.18,717,1
1234136.46,899495.74,2781895.12,8083625.32,536,0
2911295.73,1815338.57,730529.32,7861427.17,487,0
848586.95,578770.67,1439099.29,1341508.02,618,1
2004536.33,797060.66,3318881.57,4002513.94,701,1
1043051.19,560123.43,1215316.44,9848209.4,696,0
2343072.06,541429.33,5936673.19,9889431.34,807,1
479533.62,370330.72,6287.61,6044152.55,612,0
2912481.03,2600625.71,4545037.92,7107208.69,465,0
1415989.67,686493.52,922461.55,9515273.77,769,0
784546.34,162930.31,1749927.37,4526782.22,669,1
313140.57,99846.39,40458.47,1411825.24,678,0
592297.92,389002.81,1477584.35,6706041.31,726,0
1607344.45,1010144.5,4041308.67,9603017.93,776,0
1077309.21,809603.59,2691762.68,6987200.63,647,0
2503761.76,945717.91,1145985.73,8043045.21,767,0
1349573.82,991319.11,2552340.4,4256350.6,705,0
821271.39,559769.39,35398.5,1009808.38,584,1
1889720.46,804964.51,4807236.78,1730376.76,626,1
2149653.93,1250758.3,4662439.4,9827415.55,711,0
584421.53,177133.3,931253.03,4957183.95,579,1
586095.73,302891.43,1284589.55,169604.87,738,1
206347.14,168552.21,58390.52,9555904.44,665,0
2235565.84,1106233.91,3545534.76,5002910.12,688,1
2025033.13,1595111.9,1769533.64,8370870.56,794,0
1476429.54,905313.16,4308012.32,5507158.51,685,1
2548094.3,851862.83,6552052.1,1061937.72,657,1
2436443.44,1478371.44,5359754.28,6174917.34,641,1
1797527.66,996168.85,5035311.6,9974132.75,636,0
2617986.71,1254143.75,2724093.49,395640.94,681,1
696939.51,197750.53,1883576.38,8425852.27,786,1
424566.9,208757.87,414256.16,2393033.92,588,0
882273.87,221392.22,1939582.2,3968968.92,581,0
265551.88,71470.19,586670.69,3758459.64,778,1
1640391.63,805664.53,90302.95,8993032.08,593,0
2816156.51,1165232.73,3050401.86,5069637.58,671,1
214096.27,181528.16,12481.39,4499384.15,590,0
454118.75,210254.29,1358394.54,8189349.83,482,0
1411377.18,1031012.0,517397.16,536625.99,669,0
2808237.55,1603990.22,4573025.82,910240.34,761,1
1016852.7,704536.53,2411637.75,265804.13,643,1
1570980.95,600242.27,948543.85,6895429.89,501,0
220561.29,189535.7,320951.53,5279880.56,660,0
530195.28,302774.35,966167.59,8766420.15,574,0
2961227.36,2315463.18,1423208.1,5010402.38,388,0
2898844.22,1320516.26,6770732.98,2257104.75,641,1
114325.94,30884.92,102665.77,8061216.36,701,0
2860254.18,1920941.42,1810738.91,2978522.35,767,1
1953447.82,401300.21,3271763.8,9360113.33,825,1
2616963.05,1394069.52,3221326.81,2541717.68,715,1
1418745.58,475224.91,3916954.85,1718820.5,743,1
1595228.48,1019610.79,4211703.25,4958573.72,521,0
1517655.08,1344026.1,2200678.77,552625.42,812,1
2033906.35,1067967.68,2192126.61,412296.7,776,1
504988.64,389976.86,493148.65,4985344.73,613,0
186923.41,103826.41,150041.71,2190313.46,718,0
992996.83,543256.67,1622202.88,143058.75,708,1
2143574.21,1824817.11,5176594.13,2995766.27,797,1
685375.01,564047.26,638954.44,4799805.17,634,0
2052954.06,1539839.39,1170763.3,3973172.58,575,0
2912744.93,1186591.2,4154889.14,1397921.19,601,0
372312.08,216501.67,77107.04,5817764.54,739,0
2050546.14,731487.35,4314014.88,7117813.26,458,1
1386875.64,708335.2,2156695.35,6771614.66,350,0
2617612.54,1410760.04,3897950.76,3967931.12,739,0
613734.39,480031.14,553180.98,1419081.7,677,0
2108615.26,1744288.41,5722824.65,5019893.4,651,0
2530534.34,1240554.08,686936.01,8909795.96,519,0
2839381.24,603065.02,7409285.91,4713792.35,479,1
2081419.28,1671882.74,2352244.42,1997026.44,586,0
1541806.82,496454.2,4073254.02,975880.37,686,1
1891757.0,1201866.09,4135918.76,9442070.05,591,0
2619824.45,569758.45,818727.05,7442943.62,740,0
1754768.27,841682.55,4377460.46,3164021.38,554,1
188122.47,167461.4,384998.38,2988756.44,598,0
2799751.22,757292.17,271311.96,8957423.94,720,0
2099627.58,1042643.99,842177.52,1816803.94,612,0
2061888.82,855694.1,3931783.14,5373621.03,617,1
725457.94,604713.95,1442066.39,7149367.54,585,0
2010767.86,1625782.38,4504028.12,3994084.0,567,0
1242206.78,455131.06,2684081.15,447028.31,685,1
1988575.63,510728.77,3934515.93,2316200.2,698,1
409119.79,261426.27,940450.49,9022990.97,672,0
2007751.38,874291.6,3463887.36,5255033.72,588,1
2998299.8,2010237.31,2345792.28,8163640.4,629,1
239814.91,53354.94,656404.55,5579071.15,809,1
2933805.13,860718.18,160309.25,9438840.85,507,0
1280033.09,871012.03,1407633.39,9095884.05,838,0
2625185.01,915295.58,5740258.09,4854736.02,659,1
2368917.9,1895871.94,3035692.78,3216826.55,631,1
1744347.16,420411.43,129959.48,6036604.43,745,0
2241502.71,786402.95,443689.12,6765132.43,443,0
2647695.13,2380257.2,5152182.01,5008633.17,788,0
1272006.93,640014.45,3681943.38,8231718.05,835,1
1048396.17,725569.79,1735715.16,1874118.79,758,1
2036020.82,667538.2,3095308.4,3377397.71,439,0
2442753.23,1531381.82,2332769.83,6879444.76,726,1
2310626.89,1636557.52,1779349.12,2504504.46,814,0
2413659.58,1014059.6,151951.81,4426455.21,804,0
1363191.61,1063600.24,1116269.36,9639148.79,509,0
2471719.23,1538379.03,3330224.74,6277465.93,751,1
448606.26,211915.36,266404.54,9493119.48,829,0
1679018.38,991207.96,439976.64,7238291.96,652,0
116700.12,70455.66,251276.77,7260434.36,504,0
1041298.91,328919.98,2794701.32,5938978.88,732,1
1162738.45,560338.38,3267662.72,1464975.52,755,1
1248900.81,550017.68,2315457.33,5221157.19,636,0
2116854.9,1017428.0,335148.4,2564028.7,530,1
1226818.49,898984.88,2726711.93,9986791.92,748,0
1401211.51,753539.16,462800.43,2706271.3,573,0
788877.98,677031.89,1585048.63,2345324.14,689,0
1182430.2,479562.34,2764637.09,6257637.39,805,1
759081.92,372703.53,1652972.33,5133940.69,484,0
312268.18,234472.73,891729.07,262461.49,740,0
1850000.92,1077102.38,4096713.92,1338855.13,629,1
2037817.12,1187883.75,4237904.25,8119877.27,631,0
1896522.0,450116.96,1489205.06,4862734.95,701,1
1444132.73,691768.12,4006466.18,1502851.39,572,1
1201378.76,467953.38,647100.58,4679163.5,532,0
2603667.58,2342089.04,7068149.92,2568833.38,471,0
1605337.18,667577.14,1505786.41,2274735.04,773,1
1489627.45,1220224.71,581685.79,9579366.5,612,0
174361.99,117409.02,432426.3,3652144.04,706,0
1089618.7,477951.97,8157.28,511989.49,601,1
1202567.29,698059.13,3001926.59,9704750.39,533,1
1256586.06,990661.18,988852.22,7958653.77,715,0
1782499.87,1458722.69,4731046.66,2581412.4,682,1
1647447.39,514457.81,3417526.71,4118473.76,626,1
1862924.77,815404.4,3723148.29,8629781.27,680,0
2318161.46,1007603.31,2540609.19,3606264.52,553,1
2457658.64,563863.96,437976.7,5695670.22,756,1
2182556.92,1350492.96,5435045.36,5371825.85,779,1
2871018.72,2292146.8,1472003.98,4042880.76,725,0
152874.49,71407.99,170726.55,6413043.92,612,0
667756.16,479465.72,1202671.62,4759242.84,655,0
121932.34,77962.35,176406.98,261243.39,806,1
1977676.67,915573.55,1178659.51,8153111.92,778,0
2704288.59,807884.2,1140801.63,1175900.04,849,1
806098.66,561469.24,298045.96,4667694.81,571,0
2788400.18,2225688.81,7219234.0,5820012.87,562,1
274775.43,186874.26,26015.37,7069785.24,663,0
2809864.48,597138.18,8235832.99,4137425.53,690,1
1119705.79,393423.22,666881.17,7368707.45,635,0
394120.4,97992.52,130440.8,1356933.34,611,0
1509028.1,904315.68,2611999.32,6551783.21,776,0
844652.05,616202.7,202680.91,8272072.33,640,0
926131.42,256913.88,1673852.68,8899967.53,528,0
991140.9,779865.81,2529272.57,5816686.63,540,0
2428775.1,1430199.48,349000.57,3163307.22,674,0
1663567.7,1136180.66,3991906.73,1675397.29,850,1
1002792.33,882438.49,1186736.85,3488309.59,552,0
1869967.97,483530.13,894727.13,5422745.01,618,1
2176836.96,1808639.82,1149999.98,2003485.73,850,1
890609.6,256737.71,2454781.57,9527523.31,601,0
1299292.39,617256.35,431127.64,8976497.52,695,0
453469.67,360965.07,1179179.12,377924.09,837,1
625333.11,521764.17,1021002.55,5641519.89,554,0
2075241.78,1150638.91,243153.04,7903622.46,619,0
626171.21,385642.1,872524.77,2491650.0,601,0
1622973.81,1129107.97,3980097.47,5262767.51,498,0
2156234.16,1688182.71,4697589.77,4089619.23,806,1
409943.08,116857.48,601118.9,2005635.33,591,0
1745205.44,1338657.24,4502891.18,6166636.97,562,0
844032.07,453155.17,304775.16,9937237.15,605,0
2892487.94,1490893.56,7895980.56,3684608.24,742,1
1502282.38,746228.46,3814781.13,5546171.13,661,1
2437378.39,1356274.6,5179015.9,3312154.08,570,0
1695656.97,1460868.49,4160571.16,8775638.74,690,0
225896.35,131865.33,368537.81,8652796.87,731,1
1936138.99,1679066.73,3921624.91,1828795.21,647,0
2859069.69,932637.37,4808366.86,9004491.3,626,1
1844674.28,1303991.37,1966949.6,1557511.68,751,1
2475647.69,1902702.8,4224896.76,999627.6,632,1
2664198.74,1799373.67,2057816.45,6546699.43,810,0
761431.34,475777.02,1005727.08,3889745.85,574,0
714930.04,425647.14,602204.32,5330868.9,571,0
1871844.87,1502438.79,690080.63,6543079.28,559,0
1291982.56,1001483.67,1247519.72,575730.52,626,1
2535597.78,724172.06,6480890.69,2964884.05,650,1
2710067.06,2151824.03,3098263.33,4636017.8,517,0
1124922.0,551040.83,2524337.28,2702544.73,659,1
786924.62,297133.12,413602.52,537265.27,706,1
2363523.99,1911708.01,3009374.6,912431.9,503,1
896937.5,450636.97,309056.15,8027391.29,597,1
2485581.52,1903595.74,1033661.86,9118298.25,706,0
1328840.94,510783.24,2461424.21,1564721.36,541,1
2035894.71,412778.72,3710307.05,2530156.48,618,1
377052.41,206180.34,241357.18,6539881.58,758,1
1909192.04,515786.9,2717294.96,9545004.17,829,1
1410126.27,1026661.0,3652112.11,3030917.61,693,0
1801164.54,708312.63,941296.74,8559375.58,633,1
587241.2,299817.14,33843.65,5084945.21,599,0
2236933.86,583668.6,4375410.02,9567758.46,741,1
2602111.52,1042565.84,417624.91,1405773.69,763,1
728545.42,544254.88,2141792.92,9738040.36,534,0
377572.21,115579.21,690527.04,4437737.35,741,1
168551.9,110066.36,237858.6,9531736.98,589,0
1961717.35,1652154.62,2530571.48,4613967.66,564,0
1860572.7,1257534.54,3198718.88,5324317.23,634,0
1685422.5,1293924.44,458221.39,8057511.35,749,0
772646.58,213466.91,2155728.13,7240153.58,680,1
1233627.39,463242.23,2315427.57,6215053.04,678,1
1823981.37,1506931.82,1006720.06,4198951.23,685,0
1540623.89,1079320.93,2600177.44,7934761.76,696,0
2964578.01,1920120.65,1185147.92,9484871.92,638,0
495675.28,329443.99,26101.34,147618.42,713,1
2115919.21,1036674.28,4002369.0,5899058.71,584,0
1272524.43,294194.47,2475632.68,8666510.24,715,0
1341778.88,1005138.74,2349575.25,6548469.75,735,0
2181033.52,1472414.13,1200549.06,8018251.12,719,0
2108064.84,1119304.69,3816207.8,8955857.98,725,1
2974642.38,2468452.64,504299.52,7521962.61,696,0
472343.44,205616.66,863309.22,7184323.14,767,1
401917.98,163188.84,668008.21,9649221.62,422,0
2200582.57,1784578.78,4325827.08,8643662.35,735,0
1777322.06,1347017.03,4774645.64,8163009.8,847,1
895065.93,501671.81,2283379.71,909713.44,587,1
330316.17,96291.89,971777.81,2428347.34,576,0
348408.92,122134.76,1020393.26,5589722.44,778,0
2693153.54,1775756.62,6239926.54,7110123.04,557,1
656415.24,308205.9,1883425.25,3066988.19,583,0
1037777.53,815206.66,2700143.19,978614.73,666,0
757303.57,655043.73,1653002.35,3145436.91,570,1
1129489.29,862868.65,255437.12,7721740.35,737,0
301329.14,139901.64,44340.48,8780140.24,570,0
1605273.39,1207294.82,4033728.9,9133391.3,686,0
296076.43,132052.81,434926.68,3819723.46,678,0
2421033.87,767395.26,5916571.13,3756758.82,816,1
777765.04,173733.45,730130.67,4096739.34,766,0
1666034.55,783039.07,1987495.21,3789304.22,597,1
2652229.35,2207958.43,5571167.32,6678656.24,523,0
1987544.37,730006.39,5457757.51,3615316.46,733,1
1645577.58,566998.92,433254.94,252422.17,584,1
1040567.88,914528.63,2689279.47,4418294.78,616,0
1065705.55,231794.02,2535354.18,2280313.06,544,1
2041512.17,1531231.11,1932531.78,336631.02,717,1
2983004.15,1267654.37,3178837.9,4734887.37,585,0
2019333.65,456857.22,281463.67,2099247.86,646,1
1717571.91,1446988.69,81106.89,4554781.06,648,0
2218886.48,660672.63,3175267.33,2813612.37,668,1
1449096.28,849526.17,415338.43,6056903.26,716,0
274412.79,107525.35,159709.74,9909230.0,625,0
1730660.77,425110.79,4396400.31,5494957.61,575,1
2877113.33,675965.52,4928740.18,6486614.37,464,0
608378.53,170887.26,1156465.12,9196793.79,660,1
2101014.18,525163.01,1181690.2,3771304.16,634,0
682707.7,500008.76,1697201.38,1707157.08,578,0
1653900.28,892934.71,4306655.98,2863832.97,656,0
380361.7,167368.45,597161.33,4057809.66,735,0
1406075.72,692996.0,3849375.97,6467925.93,761,1
2292873.65,1949544.98,5811255.89,95650.89,496,1
1107957.42,927943.44,2430828.14,8541162.99,613,0
2028244.0,1421745.37,4466655.22,807135.03,746,1
2406804.89,1971841.49,760984.58,9011518.73,809,0
2788815.68,1181770.74,2265935.36,9496873.49,568,1
780462.04,364301.36,156515.15,9901522.8,787,0
1258016.16,792045.12,32763.3,8104626.33,514,0
542006.44,345007.78,257414.36,1461462.48,764,0
2978202.16,1599860.08,7866806.48,7076362.08,621,0
2788302.81,1339669.34,2006524.54,2073046.84,806,1
1665875.68,1483172.79,4848467.67,8976421.96,603,0
2541896.55,1969427.23,4554755.8,3200228.96,619,1
1610778.13,812615.24,1146512.35,3301619.97,636,1
1908398.5,1353254.41,2846171.03,9180650.29,496,0
358460.85,139331.29,235610.75,181649.15,473,0
2290284.22,618648.2,6760737.34,1979963.21,701,1
470369.1,210114.69,1195581.81,4248226.05,748,1
2495596.13,1203079.38,196444.26,7022179.59,710,0
2367881.45,500986.86,6732663.86,6493283.35,524,1
2155359.62,1660390.77,4662463.85,6710648.16,698,1
204865.1,92483.36,50631.13,8806219.18,550,0
979072.23,593604.36,1969808.39,1254252.6,690,1
863026.45,217287.82,1674944.56,5245508.88,763,0
1144395.58,369065.03,751142.62,7268503.01,686,1
354163.97,291401.01,805843.47,6379378.51,796,0
2817177.69,1763782.18,735830.22,4510725.49,635,1
1706026.5,1476052.14,2505019.35,220290.13,628,1
986020.5,886555.71,29353.46,651500.04,656,0
1251246.4,575951.32,3636387.89,1233466.2,515,1
1396887.37,571553.43,3149549.23,3465116.14,609,1
1841723.57,1474942.92,877684.84,1220651.85,618,0
1595470.34,1434372.51,1635392.39,4289519.01,621,1
2766236.72,1772463.04,1332460.64,1827487.81,676,1
1541194.1,1166065.15,3544518.94,7802703.67,501,0
2977258.24,2224673.16,526048.71,8721301.79,535,0
2569132.38,1152866.8,6477347.85,3926992.7,763,1
704680.49,424210.09,1991842.14,5137751.06,449,1
2798726.12,2191793.98,5681088.9,9537287.6,711,1
437462.55,298209.35,279493.23,5378302.17,612,0
2470604.15,530722.02,2668920.26,9950978.5,666,1
1203807.55,524491.69,1723514.89,1464203.39,805,1
2646125.53,796835.69,4799739.14,8629152.88,636,0
2617364.4,950314.1,5250404.9,4997169.88,712,1
2437183.66,2032227.64,4052169.15,276005.41,655,0
2391088.27,539968.23,2520067.78,9723618.27,639,1
983569.5,348046.39,2628837.2,9652226.6,626,1
334665.92,139454.8,81717.44,3863544.86,720,0
1268642.52,801552.26,1774536.76,9543713.61,576,0
603221.09,346171.2,1403511.21,1453045.94,536,1
2115358.16,746274.32,386302.47,6817095.9,657,0
1103689.21,347627.61,2335412.6,1959693.42,669,1
2929269.58,1071405.61,7203468.97,2504140.0,467,1
1958819.02,1080819.02,3883346.76,7804407.5,648,0
2485193.63,968789.24,96452.05,3804712.94,527,0
484321.55,418125.33,261732.73,120918.65,712,1
2599842.0,1364151.8,2668319.85,4171672.32,469,0
2775995.85,669451.42,1946167.71,2319289.74,842,1
1512479.56,1074596.29,4367975.07,6849132.64,616,0
1858133.52,799353.62,3632245.48,1984764.53,563,1
2317948.42,1523917.23,2065090.09,8430422.61,621,0
607032.02,240212.32,1693068.45,2707575.47,705,1
1557441.62,933718.37,3460296.69,3960631.17,739,0
1256122.78,930167.4,1072504.81,3015466.76,622,0
524484.58,445605.31,596152.62,6457037.31,506,0
1165849.82,446274.49,697512.3,1056577.24,528,0
297699.7,129320.71,867265.31,4807088.76,678,0
174854.53,91796.27,271354.91,3377825.41,748,0
491982.24,417703.93,1322531.92,8847172.73,761,1
2893033.82,2404026.63,3007306.67,780450.33,666,0
1693635.65,445281.87,4373856.09,8305465.9,746,1
2900884.27,848076.06,468958.53,1718420.74,841,1
1354243.85,740576.95,3989969.31,931347.72,769,1
1004266.79,275805.29,2747777.47,2063112.44,742,1
1567811.4,692826.22,1708301.15,1071397.17,569,1
1374583.9,417694.49,3194761.84,5233790.28,746,1
406427.58,262238.56,917215.12,9882738.78,696,0
1958396.31,1693321.11,5295042.21,391557.15,715,0
726510.73,652198.59,669672.12,4638227.08,776,0
1896805.07,877592.51,2649002.12,3891399.77,685,1
1985583.17,1229689.22,5152586.01,3429083.82,639,1
540872.07,432366.3,1263335.65,3352042.92,543,0
277913.92,78433.83,328049.63,8955376.93,620,0
2364208.6,1614033.6,5998412.61,238812.69,671,1
1433421.23,696915.87,201914.75,7760418.05,677,0
268675.01,92505.43,630348.89,2566685.13,674,1
2985112.32,1438607.82,1851657.94,3863790.33,745,1
267563.63,67739.67,229666.64,4230491.63,736,1
2115602.16,1452963.84,3130339.17,3082080.95,643,0
2952668.88,1112919.57,3983751.2,980910.68,565,1
793622.3,331721.39,1239408.14,1187591.95,688,1
512523.17,145944.51,837630.34,3016404.68,850,1
452016.32,363991.29,449567.78,8227000.08,682,0
979497.93,534228.94,514904.96,1389545.15,620,1
393032.85,236017.33,906115.11,7439266.34,703,0
2107267.89,1261416.62,2528570.69,2924253.81,709,1
280646.21,136771.58,425886.97,8840476.1,708,1
1577324.17,528042.3,3050687.15,4311868.33,787,0
2990420.88,2157866.54,8160600.7,1758646.97,688,0
2460513.78,710939.34,5222830.48,9859152.28,782,1
1884136.37,513825.94,256954.14,1807513.47,673,1
988135.5,688830.77,2485833.79,5697817.22,801,1
1909297.93,660972.05,5666920.43,5714400.46,770,1
1628420.25,675372.52,2308212.54,3759493.84,742,1
1335641.81,711441.94,3885076.19,9517311.5,728,0
479060.09,246498.42,786610.07,8446551.9,850,1
2671152.22,1859136.34,3683112.87,8306704.63,757,1
1404375.48,893747.72,1396250.18,9742811.76,565,0
664405.28,432579.21,1310648.8,4598237.92,674,1
1166502.12,816362.55,804258.02,1016998.47,623,0
1300976.28,526672.81,409550.79,7666286.46,850,0
2499859.9,1064023.66,204266.82,3839085.17,775,0
2227481.7,1128438.72,1953814.05,1943934.26,850,0
2330984.19,967879.46,2767606.66,4858311.07,574,1
131990.67,117399.96,218606.91,9260903.45,760,0
1306846.59,1006058.01,1147737.34,1755002.34,513,0
1495898.04,471594.25,4416158.36,8494553.21,490,1
155657.6,31741.06,136237.06,4211139.17,610,0
853458.31,196251.28,1129062.32,1411179.71,801,1
2304840.49,854737.22,714105.26,8491403.92,550,0
497618.15,139335.02,389077.45,9697722.39,648,0
1652399.38,947381.18,239591.99,2948143.62,768,1
724085.43,579700.37,1215396.15,3070185.29,734,0
135150.25,96730.43,304519.73,3935932.53,850,1
799484.23,280560.08,469400.73,8150597.13,650,0
2930033.89,1404979.02,3233974.55,153651.11,605,1
2424457.62,1346849.12,120856.01,2278367.69,540,0
2882772.27,2211501.72,7260452.7,7073703.12,613,1
1514776.73,1192712.66,3544411.79,4086112.53,539,0
418234.98,349980.21,79365.14,3336441.45,470,0
1689082.52,939926.58,1848874.5,8729214.74,846,0
1417694.27,972527.39,4062913.08,9177472.51,654,0
2548635.54,709183.99,2997402.26,9482462.88,850,0
384439.48,229011.47,606886.18,2761877.8,566,0
1515899.3,567074.08,1615537.21,9129500.46,607,0
535141.13,268748.85,957043.27,7382807.27,572,0
1041560.19,670593.27,3056427.78,1584436.75,585,1
2238335.52,850321.63,6698235.87,6122186.78,737,1
1480452.58,350170.77,3440786.35,312031.45,706,1
1190076.03,246540.55,1443482.84,7098362.65,737,0
1243981.21,268092.47,1845193.1,7348996.85,784,0
1432395.63,294851.21,1532941.18,7903918.16,760,1
2376547.98,658894.46,7026796.18,1766624.29,549,1
2687045.6,987871.09,5705352.64,6301086.91,597,1
2870470.59,1018601.01,3865933.53,1829624.01,662,1
2382019.82,2121802.3,86576.44,9469168.33,850,0
1014680.0,420284.79,1584372.33,6766356.39,727,0
2095590.65,606033.39,6185732.21,998492.19,660,1
1369049.06,796641.13,2148288.14,1910970.69,717,0
838544.8,671314.0,458918.85,6651427.98,589,0
2538527.58,1712597.99,168256.76,4792871.44,676,1
211436.41,86109.06,224991.87,7376161.78,745,0
2715109.78,1610416.62,7479269.92,2843848.55,647,1
1438284.65,1007373.39,4299985.42,6596279.49,574,1
1947884.28,1382361.16,5524402.26,1810753.67,642,1
2012126.37,1341237.0,4403055.62,5459917.12,618,1
2695841.45,2182465.08,4513992.9,9580105.94,514,0
1946342.08,1574734.42,3449031.91,6300811.21,592,1
1880407.4,1138127.09,3040573.68,547436.49,510,0
293290.92,146909.26,622113.42,9888183.27,526,0
1603383.26,1040754.8,2014842.96,1610819.98,535,1
535490.1,413799.12,1075056.36,7194787.57,745,0
2238557.93,456568.38,816707.29,5348673.89,798,1
1585443.57,1418017.41,1263734.75,2978888.84,496,0
2072660.56,679885.81,5198251.58,1814239.33,808,1
220851.41,116868.89,598782.68,1818138.52,537,0
345896.85,280322.0,559323.75,8591076.83,724,0
2177337.83,778459.85,206644.28,8735479.52,675,0
309044.57,164954.6,859428.46,4678197.94,713,0
306644.51,89787.82,645852.45,1081033.56,533,0
135114.58,64389.32,167823.62,8847442.78,468,1
2873854.06,931113.82,5158961.26,4895814.04,569,1
2238774.24,1017611.15,2886506.49,4415686.11,692,1
1124429.08,518839.64,1569722.88,4103202.39,845,1
959953.19,859368.86,2553887.87,3681891.03,547,0
1114139.37,998680.12,538410.9,5283753.77,640,0
2346495.24,657840.87,729777.4,6065185.2,575,0
2017974.77,1429085.63,16519.61,4691000.43,648,1
637067.15,150489.17,600117.97,8971649.23,456,0
604917.07,133767.98,267519.31,3210729.22,799,0
385347.38,105482.58,254312.51,5804202.98,652,0
2014877.89,1764710.57,67935.53,3034541.51,741,0
2316680.72,1989112.45,1579017.71,7545832.74,626,0
868634.64,291643.62,867014.42,1066104.94,669,1
160740.39,50339.17,15222.51,1927555.02,762,0
338297.84,124620.32,616957.95,8021954.03,663,0
2906794.1,1630371.09,4960156.5,1872816.07,666,1
956789.85,572919.3,278528.55,6276176.14,570,0
2330747.13,827684.2,4160451.99,9703922.35,596,1
1911524.35,1394716.89,5726853.85,5252761.61,548,0
1207624.95,503201.88,3421692.83,1914594.64,576,0
696493.06,588879.26,5580.99,3240875.9,775,0
452020.61,298200.66,1078582.17,8243407.86,830,0
1883537.61,952026.24,1998086.51,3549026.09,525,0
2346437.96,1766723.25,448061.98,7248938.02,689,0
1967322.34,1519835.67,1746883.16,7784633.13,618,0
1637876.19,660616.27,1580893.74,5036769.33,789,1
221658.55,97042.15,347944.67,7842973.17,663,0
2908617.46,2487358.34,5768519.35,3203184.89,649,1
2416271.16,761895.54,5429764.41,5185788.48,575,0
949183.91,217842.73,700221.63,6881254.73,496,0
2941913.96,1523436.97,2839863.99,1722327.82,726,1
1845456.61,1404110.0,1707315.18,2772538.58,685,0
1789025.71,1324179.0,1946836.75,6537764.2,687,0
2269412.22,1914638.28,6805896.73,6570833.19,590,0
2454132.39,1406807.99,5727527.56,4958361.33,635,0
2003787.96,541113.46,5861022.47,7966074.3,729,1
471477.66,288583.12,980359.15,4846446.27,748,0
1080975.77,805193.91,1317506.35,8819156.54,532,0
2791442.56,740652.57,3263845.5,7372239.14,586,1
751385.27,241089.61,1101338.03,3181213.89,511,0
1179284.37,246002.8,1474824.06,3982777.38,670,1
1353022.96,832862.49,3362233.29,6693482.52,738,1
1374274.47,1127886.4,1917121.19,8949803.56,622,0
1877524.79,1256935.86,1665069.87,1828151.89,583,1
2834919.93,2515787.5,6590000.45,5170902.21,616,1
798008.86,194812.76,2045505.18,1231904.99,850,1
452353.99,376404.1,570548.15,2830578.8,769,0
672664.42,517849.23,1347633.2,6875514.52,723,1
2672082.21,1122191.87,471391.65,823459.62,682,0
1972851.36,1739006.5,3133666.35,6640467.89,648,0
929129.69,373098.0,125379.93,9013070.65,559,0
2466246.12,2028520.25,215975.39,9695234.4,543,0
2597972.99,2121307.31,4777086.62,2205490.4,593,1
2554891.58,1865991.46,2324967.05,7501534.67,554,0
2764886.95,1643529.9,6159093.93,9267385.96,589,0
831498.96,236147.3,2235275.15,959124.64,639,1
2289621.59,1310534.1,957459.12,4169534.9,647,0
1435564.54,645655.75,3120297.89,9198127.18,587,0
2541795.8,1917916.91,3923414.32,2067735.61,699,1
2212622.96,1616742.46,744232.88,9340918.8,631,0
2351697.59,1969379.19,4597046.3,5295561.11,671,1
2002869.33,421365.88,3662047.1,1043936.17,575,1
614543.43,470969.03,950652.97,4526279.3,719,0
1680578.06,1440126.73,4671021.55,3296298.89,596,1
2955542.24,2224076.02,4620219.16,2857931.4,810,0
2818425.39,820545.44,8375078.86,5437681.98,627,1
225203.83,57853.82,344040.84,4861747.27,640,0
577962.97,124026.04,200874.56,4845573.24,709,0
482013.44,308547.24,680320.4,927010.22,731,1
2205341.74,1413118.71,1206291.69,8033065.9,741,0
2471577.46,2201779.07,4427584.98,4840321.19,827,1
719182.96,344222.7,1495466.55,8218013.0,716,0
1566972.81,677456.25,2202076.03,8254716.68,643,0
2538038.78,1616978.03,743921.76,3205496.48,597,0
2225124.48,1730982.34,3128356.34,93245.72,636,0
1672487.9,1431217.74,408693.56,9116894.49,798,1
1812008.3,1381089.02,3708053.68,7618912.2,511,1
1574245.59,785031.86,3732701.07,1117156.97,568,1
962890.51,620525.13,2780000.65,7032183.99,628,0
1738563.78,1389824.45,776105.86,249231.52,566,0
2097767.38,1139982.97,3350682.03,326202.74,609,1
2632636.46,925847.3,4482358.69,5281941.23,830,1
1945244.93,620156.55,5383328.39,1005572.42,620,1
2307252.46,461705.26,4341856.71,9645148.4,691,1
564207.74,396506.35,246293.01,8943620.71,484,0
1438516.68,399573.97,1883095.97,6515629.71,539,0
127061.7,47100.17,249585.71,683904.26,743,0
815368.71,333089.07,1712970.04,3282110.82,816,1
2206738.97,1306976.25,5713737.09,3748643.83,672,1
2976248.86,1424343.7,1611702.33,4834754.37,619,0
387616.49,260583.63,1106500.28,1730583.6,699,1
1264333.52,302108.78,224315.82,5796240.85,390,0
2420205.81,694012.01,7142720.5,4385917.95,672,1
691703.34,380055.05,1779961.09,9475604.79,545,0
1709746.35,745236.29,3386696.95,9365142.53,729,0
2225906.76,906098.43,4908094.35,5676465.86,430,0
1886357.81,465778.82,411369.4,6461275.89,587,0
645271.73,533641.93,80297.35,1421074.85,645,0
1130615.25,773649.5,345173.88,2272066.23,573,0
2372996.18,676618.83,621913.52,9012118.27,612,0
1707256.89,419186.49,2803561.15,7006700.93,740,1
115165.88,101623.61,74435.39,1934830.46,647,0
2306873.2,1561339.73,5953156.0,5723592.55,556,0
202402.93,99626.62,270662.48,9350874.44,744,1
2262627.97,1563954.99,4721044.37,3484452.51,675,0
687193.62,501261.19,1345950.68,1898912.74,679,1
2878413.09,2147220.01,2762007.52,9423151.51,560,0
1167028.18,623793.03,851350.23,4639590.33,395,0
1048101.69,525012.93,1076787.03,4201557.89,559,0
531775.35,110460.19,1270929.85,2712293.64,549,0
986252.22,836923.76,1734650.54,8921273.68,588,0
2642287.21,1644336.33,2009765.9,8463886.83,565,0
2989369.58,1022985.46,7334535.83,4059754.47,661,1
1168097.64,985550.14,191892.93,354602.13,738,1
1400970.83,1177449.2,2938606.54,4494181.73,757,1
2194005.72,1957994.15,2890169.04,1849537.26,733,1
2669967.76,2167585.55,5857565.27,1470204.0,560,1
1819828.57,1635023.29,5063461.6,3961281.44,655,1
1235424.52,458688.83,2779831.56,1035815.53,806,1
1296603.34,1023765.2,1719161.27,9576771.84,491,0
2117292.62,1643272.76,958979.09,523014.86,784,1
109332.96,39541.17,264482.23,4043627.79,550,1
1896809.08,510063.88,2621611.28,1668891.89,679,1
1130929.73,1001544.99,255518.84,6903672.65,691,0
2403172.26,978613.05,5184041.96,834173.92,668,1
369672.86,299296.11,323669.25,5490715.46,850,0
1805786.57,366374.25,264845.13,7742359.88,619,0
1494821.38,320964.11,4048354.56,9503095.36,486,0
1962744.03,1032619.09,2844611.35,7000349.25,685,1
288075.42,105752.57,242813.92,1039942.99,632,1
1781952.98,1216875.91,3829701.49,930779.47,705,1
1728305.31,1029888.54,4593329.34,7329400.58,738,1
1725914.27,438796.55,1589.96,2192527.58,646,1
1850114.23,580639.49,3817815.35,4500031.12,693,1
2061757.02,972395.72,4744175.23,9767379.96,664,0
2434468.1,803186.64,1533184.87,8208072.64,829,1
882480.09,665880.33,1296249.85,8473603.91,612,0
2492643.29,1224508.93,667673.69,8614660.55,581,1
1544941.48,410031.03,3461054.6,6214476.13,738,1
323469.01,174362.75,822377.28,7452142.54,557,0
269797.69,71115.09,87565.53,3621661.1,689,0
1069291.12,310368.29,2619101.11,9984539.95,633,0
2376201.23,873793.07,5500217.97,2832240.59,639,1
2152274.71,1725412.76,2239958.3,5920573.66,850,0
2386983.4,2022321.01,4943128.94,2856513.7,773,1
1600080.26,1245471.13,231.01,1165106.95,752,1
1376577.09,597233.55,3848073.92,5697478.86,703,1
527612.33,206144.74,871166.94,3565819.28,580,1
1051758.99,614657.4,1957340.92,5853031.71,676,0
1358656.16,958256.4,2709130.82,5608850.84,708,0
356941.25,319591.25,601127.27,5445454.45,669,0
739774.66,216087.81,1901436.65,1276846.16,659,1
1834853.35,430281.18,3356140.35,4429798.7,610,0
2233423.03,1532237.91,6082236.21,8129439.2,677,0
2995207.78,2343923.96,5232612.62,3185677.78,597,1
2806028.66,2223620.99,1440523.26,4466123.48,720,0
1963439.08,1325173.11,5381173.27,4963624.32,448,1
1321619.35,1146915.9,2702556.28,8634176.56,785,0
1944914.36,1084685.22,4079879.88,6573217.7,518,1
2378389.69,1997063.33,7031578.91,1047015.22,543,1
443174.95,388872.06,99975.69,8658451.31,690,0
1288724.18,1021971.45,1657012.97,8329056.46,703,0
2535426.63,1056844.4,1818626.48,7548777.51,850,1
1213115.56,409245.69,2294340.46,4687277.28,679,1
1758429.59,1026367.29,4256164.61,7587576.57,645,1
1804531.15,933141.69,5231213.31,4813483.52,669,1
634981.13,517148.22,865979.85,7379404.17,809,0
1150482.78,310655.86,2713591.61,8807096.14,850,1
1070082.74,407078.78,2943963.23,8910888.77,631,1
175970.45,127800.17,360735.26,4573056.81,704,1
170156.12,45345.01,123907.28,8600459.66,642,1
2511921.43,1066398.79,4580645.6,1059500.94,640,1
891905.35,420095.25,2595316.26,1063103.2,837,1
1602428.42,1018849.08,4747452.97,5505256.12,557,0
966304.16,300223.8,1862144.92,6535853.95,416,0
2827969.81,2269228.42,7525123.81,1572288.07,681,0
851960.6,437293.97,512069.29,4748191.45,770,0
1346004.76,1133221.86,993668.92,988908.54,671,0
2630917.73,1387832.62,7520906.74,6040889.88,700,1
2541607.34,997652.51,1031145.67,8558185.67,725,1
639694.11,191447.77,366748.99,7389507.81,661,1
2427665.6,491897.41,3062854.1,3814000.95,705,1
1428741.97,817969.41,2527091.45,9938248.28,703,0
1500609.73,412682.21,2718281.98,6646203.02,454,0
487091.92,230983.58,426657.46,8161721.92,661,0
333744.39,204415.18,921749.17,6713489.0,492,0
2211023.99,868888.49,6069923.55,9894692.1,646,0
1539737.34,496807.04,1811045.47,8222529.68,600,0
1366867.04,1014632.42,1780857.31,5218261.02,753,1
2215573.86,1911494.82,4669302.75,3700451.65,674,1
2319987.41,627111.83,4614426.39,6837440.55,697,1
560833.69,173248.94,643215.13,5922707.0,630,0
1869652.93,1630353.92,2323478.94,6312038.38,755,1
492526.84,111532.19,514255.56,3462967.07,490,0
2278987.75,2015406.03,1609318.64,4315847.78,560,0
2005169.95,407553.08,2755935.84,5603060.92,778,1
2874182.4,2332594.63,5918810.7,8400869.85,606,0
299978.25,124529.26,667721.62,7640943.73,435,1
265458.69,227501.34,620276.34,1230625.91,795,0
918342.52,387413.54,1032397.02,2493264.79,757,0
858946.48,565199.18,1970344.19,315244.36,721,1
816238.52,208975.67,15956.6,129207.65,659,1
2728138.28,1008404.12,3904374.59,2282535.92,816,1
823683.98,610823.89,1961779.01,8003243.43,775,0
888654.21,506604.08,1679675.67,9052239.2,804,1
2302254.96,1955945.96,3274242.54,3948095.24,719,1
1404245.54,702299.69,2715706.99,5653826.04,662,1
2352460.62,1902831.66,6400664.26,7075223.39,610,0
289561.86,148912.63,492007.7,9531720.16,523,0
1513956.46,1340568.77,3632524.42,9133675.76,700,0
197479.44,172179.18,581029.57,619063.42,708,0
281694.29,121240.01,596263.6,2519250.14,615,0
2728668.61,2237908.2,4693248.05,538988.21,711,0
503811.58,399687.81,56657.56,6184597.09,616,0
1644019.98,571257.94,1846947.44,7119408.5,736,0
1292177.25,823121.15,2191956.71,3117419.95,561,0
1107295.65,277795.7,2648230.1,8545826.49,544,0
2709516.7,2128860.51,3561156.73,4555486.87,625,0
163287.85,52608.43,470297.56,9983896.08,732,0
2024990.09,505377.37,1651138.97,53976.94,534,1
2893843.86,1389488.87,6463983.62,1139422.6,754,1
1724487.73,1041324.15,2167843.61,3052842.77,485,1
2816785.14,2249039.2,4106775.51,303800.6,625,1
251547.85,221857.6,605602.98,7834277.6,508,0
1314500.63,667299.35,1168125.44,575079.29,389,1
854457.59,207046.05,248165.39,7502347.35,686,0
2219380.8,1607677.07,3463935.76,573056.16,632,1
2945761.56,1754558.27,4673108.53,2564636.28,510,1
843937.18,433381.95,2018278.57,8420704.32,598,1
1997106.34,831771.26,5801509.29,9513398.18,694,1
674483.14,372098.16,111898.14,4174537.11,613,0
1739457.74,760274.75,3087656.5,9700892.69,630,0
1445404.21,1055012.54,2954168.57,6287465.19,610,0
2918815.46,1695030.82,8632116.66,4187559.47,591,1
1864729.09,1517504.31,5273026.18,8037873.37,590,0
1113568.48,646405.06,2380088.14,2988518.78,587,0
430877.78,158038.94,674482.38,2694672.8,574,0
538615.8,428611.24,260998.01,6582649.39,548,0
753419.1,444557.45,868337.86,3935349.25,612,0
827803.32,285417.25,1453098.61,1402384.37,586,0
2566786.57,1633645.34,5584303.91,716294.14,542,1
1727546.09,778089.76,3293046.06,7889033.63,726,1
1617833.64,1279842.19,3465995.68,6775311.78,773,0
432829.73,223907.07,557249.89,4147392.33,649,0
2594405.11,1838159.24,5663279.88,8967464.97,656,1
2196161.48,586101.35,947037.03,4138024.69,580,0
296238.25,141369.94,144492.85,7117439.94,756,0
2152721.78,1912196.04,1051596.92,9095696.99,823,0
1676260.83,1283885.39,4479966.1,8415118.81,633,1
337003.5,105131.13,76871.24,5135492.52,597,0
1429071.86,563675.72,3436239.18,6822332.1,684,1
1505619.23,648727.76,1055006.51,4165974.48,662,1
580746.17,380537.35,816116.68,6489611.86,599,0
2842524.63,2074748.3,7810887.54,2612646.76,697,1
2564928.58,1858723.27,4508661.43,4375684.03,743,1
2040164.78,1136191.92,1286024.11,2134980.09,571,1
1440657.13,1105811.5,1227829.11,429940.28,850,1
1294120.07,654766.08,3573505.35,5905971.51,496,0
1987823.05,569941.46,2547259.63,8651071.99,564,1
1681752.42,1000826.49,2961492.77,304503.83,673,1
280592.01,243164.11,387159.89,2000495.92,850,0
1586257.68,1197776.13,1800900.97,4628841.34,593,0
2438570.49,1475555.72,1633445.67,6675673.33,543,0
1431795.65,934624.6,2947458.01,1753730.48,704,1
250674.07,213422.26,540133.97,614113.55,625,0
2380206.78,1189722.45,1962850.07,5214534.74,716,0
683954.97,295452.06,1618943.66,8196161.64,642,0
850000.42,751459.1,2179065.84,400587.35,564,0
577648.42,464666.28,1595479.56,3526226.03,850,0
1057623.69,450685.72,511506.2,6651971.69,354,0
2294579.37,1203842.85,2092131.04,1350882.96,832,1
1606218.99,787938.26,4145747.66,2397670.43,743,1
694155.7,211278.07,413453.44,5378151.81,575,0
2645707.23,2303018.1,27529.58,9534655.38,837,0
2650787.38,1280379.88,6925134.13,2909059.05,512,1
2624677.43,2133155.03,2570473.45,4900897.84,750,0
792509.01,263548.36,985479.07,4029312.09,441,0
1408594.1,821928.13,1886110.42,8979096.89,535,1
2956470.0,640882.78,7523695.23,765304.15,535,0
2338836.18,1718937.8,2370823.12,5683168.53,574,0
178785.52,108458.4,478580.17,8468891.01,651,0
289093.31,184416.3,535058.94,9881769.89,567,0
1445400.99,341410.39,2286422.26,7002318.7,446,0
2736738.6,951637.44,2673365.37,3830357.98,696,1
1662235.21,418935.82,1215318.49,4147652.31,654,1
1543656.27,620920.33,2889995.19,3549238.09,690,1
405873.73,259437.45,544147.8,6055950.34,667,0
2004662.3,1195440.65,5475831.37,7407087.42,745,0
2484099.17,1561268.44,3663837.97,8203702.26,642,1
1203218.02,703251.92,1847402.6,4195101.44,751,0
2349274.37,918848.56,2936991.97,7181249.6,572,0
2896982.3,1075230.18,6859442.79,9166414.79,578,0
690922.73,204472.9,880593.18,9212206.7,787,0
1617655.93,1284984.36,1307108.05,7055088.58,785,0
932700.08,589033.26,2412048.79,6387176.82,707,1
2399277.82,793099.78,4295870.13,5338684.45,561,0
1775020.76,575189.38,3149828.76,1872816.8,553,1
1940289.01,1573816.77,3555514.85,1280115.04,782,1
2413951.06,1737831.38,5205731.92,4882824.52,777,0
1248314.37,825859.02,1172421.81,1636469.35,643,0
2753761.2,1335036.85,279597.95,5791149.26,850,0
1645783.72,630965.33,4002183.07,6474742.17,695,1
558068.99,494234.56,215813.74,5279875.2,539,0
2118107.44,1605668.84,4586675.27,412445.79,622,1
2400457.92,987177.41,592783.23,624393.19,650,0
1018608.86,808057.68,1146875.68,1177744.79,658,0
2585819.85,1890886.87,488922.19,1578775.76,775,1
2727815.44,1112829.73,4273507.61,9899332.01,554,1
903023.01,450235.53,1769389.9,3477725.42,516,0
2952212.27,974724.28,1518321.07,2955135.07,710,1
508063.43,141107.87,566431.21,570053.02,599,1
685845.44,484161.22,1914001.53,6371437.89,850,1
634252.03,245619.36,841758.59,6539298.31,744,0
2692570.16,2084161.2,6482714.6,1795714.46,597,1
1997448.4,1791563.6,5556011.06,9196453.33,771,1
541102.42,137241.9,1581662.66,8014910.79,723,0
1376937.91,731325.58,3710800.94,2341677.2,713,0
1884364.27,1434837.48,1794321.79,4884204.82,637,0
342045.85,257309.33,987732.17,4610989.02,692,0
2659007.47,1946388.18,6480495.05,3517778.42,439,0
2430450.25,1079840.43,6104140.83,8185465.39,781,1
1565099.64,810247.83,71241.7,1137181.63,306,0
2904667.18,1790662.98,8315238.94,4182376.69,605,1
1311506.84,1156432.18,3061411.95,4308909.75,490,0
2953919.93,1268067.87,6805543.47,4713819.77,599,1
2036968.0,1723683.79,498189.8,8620432.41,642,0
1940546.69,753999.11,1353930.34,2220760.36,530,1
581269.2,518696.8,1677999.19,1074085.58,372,0
2657590.5,1778418.58,3991783.91,6197194.21,670,0
1339720.09,702626.97,1599055.15,1779653.03,850,1
570476.88,359042.91,1437500.44,795574.25,614,1
136561.81,53364.51,35782.09,4295159.74,745,0
1723291.48,675395.33,2155537.88,2235481.99,800,1
1629458.9,455414.5,1836566.92,3644105.36,459,0
2186125.5,611754.89,2294457.12,2634125.25,604,1
2681748.35,1189007.35,2475459.5,971732.8,522,0
330279.1,242424.47,208150.1,5625454.67,569,0
2221339.82,1389625.36,1152280.96,318833.26,820,1
643494.64,174907.76,1236293.71,9665434.71,672,0
2588713.45,2062080.0,7140149.39,3446238.69,728,0
2475284.19,1537045.88,3778657.3,6966817.23,645,0
1668301.89,1455758.4,1491334.53,8113110.58,528,0
2159704.12,1445122.44,1031216.8,2827092.72,717,0
1011615.33,326369.77,2519357.26,7499950.16,775,1
1466386.91,779602.18,4273749.7,8332587.51,681,1
2482747.0,1623588.23,2600593.58,2451106.48,698,0
1431869.07,314703.76,1249808.75,9925322.04,526,0
1137614.97,239396.49,2052802.16,255852.39,720,1
1533216.1,445525.15,3566240.62,2209154.78,784,1
2501922.83,941136.06,3418148.02,7811206.52,690,1
1072103.34,536785.4,2026510.58,1981603.7,470,0
603908.62,326840.38,1298190.48,6997685.64,813,0
2164840.66,642133.58,6238587.72,8562527.53,555,0
2495336.82,1675304.52,1235471.18,9594182.01,688,0
391848.69,241886.88,1172469.06,4768762.78,745,0
795634.93,323127.13,936040.6,9712535.77,757,0
511718.77,107236.77,1110225.26,4145641.85,469,1
1109030.09,282085.73,1904474.31,2220373.99,661,0
1406017.84,666714.46,2052794.27,5163522.44,655,1
2271596.38,699156.58,4757236.44,6515741.28,793,1
1988328.0,922134.28,2360665.38,4606734.99,695,0
1900692.85,1215926.1,719089.02,5691375.82,794,0
1121887.35,654134.59,1645449.9,4193271.42,703,1
2540197.9,919102.33,3977308.8,5271381.44,642,0
1466732.79,646353.56,888409.52,9528326.94,669,1
2939404.32,1851301.03,8250490.73,5023319.97,802,1
1939012.2,1556248.32,1323234.16,2569137.35,520,0
466167.75,339020.22,572306.12,7599528.88,740,0
2060914.93,1210540.25,957890.71,3408965.35,587,1
1042801.64,473020.14,1676188.87,8171261.35,565,0
2090348.87,952228.94,1929209.78,615577.79,752,1
301959.33,246275.65,443221.21,3355170.87,561,0
607156.17,138110.12,409132.64,988881.09,687,1
2581638.05,2301757.12,416483.75,898912.35,601,0
758820.72,504663.42,1773879.97,6600976.11,414,0
2527419.26,1710548.23,4860881.47,3884081.27,697,1
909900.66,206182.11,930116.89,8721215.47,662,1
1964357.54,1225504.71,279886.91,5188231.12,458,0
2113036.66,1139655.0,5486975.53,2988665.05,580,0
1586698.78,434827.24,808240.58,7222844.44,469,0
985400.96,388785.42,2751462.83,6258967.08,723,0
716668.69,589976.09,1028982.97,8005966.48,788,0
196249.13,114804.15,200401.79,6453703.35,734,0
981444.56,480310.73,2183987.42,1711783.5,748,1
1994172.09,500292.93,5245706.02,6719584.87,598,1
2821083.97,1974434.55,3137442.28,3945914.52,704,0
2626493.0,1817521.54,3209656.54,4658273.15,649,0
2321587.85,1462206.9,3016844.58,9219567.53,668,0
2386497.3,1329717.76,6603364.48,3631642.26,745,1
2028456.22,1021630.11,4214507.21,6138993.47,767,0
854831.89,525969.31,635087.39,3666643.25,611,0
2730865.59,992333.24,1515627.92,992538.48,509,1
2045123.7,1756518.6,1413391.11,4562577.15,631,0
1725277.83,1056139.47,1364162.8,5990761.97,628,0
421869.46,176271.7,291322.16,4104657.76,678,0
1396461.08,718864.5,2758735.87,3937128.54,733,1
1435038.99,1096340.16,499107.32,8212766.21,458,0
2607234.47,816406.57,3029803.22,345367.46,582,0
1685279.84,682512.95,3160170.55,2991074.7,553,0
1203161.59,812922.89,1049854.65,8126984.79,775,0
2932720.95,1234213.45,574294.67,9209274.98,629,0
421089.72,317817.96,103365.64,4152380.88,598,0
1325390.44,386109.35,500865.48,8893502.72,703,0
221871.56,162827.17,556349.38,2029354.72,590,0
2245721.95,556593.65,4432135.54,2253199.33,648,1
2762422.0,576834.68,534714.38,8469604.2,831,0
912108.26,755915.61,1070091.46,9037414.53,828,0
2589190.86,1571476.9,2163930.55,2266917.39,609,1
947432.87,422819.23,1642962.6,640275.69,631,1
2741233.47,994564.04,4299399.5,948725.16,588,1
2286489.52,1444649.92,3300255.11,2650739.31,457,1
2434229.65,1354165.68,2296786.01,7626418.32,753,0
152219.01,136101.83,62927.24,5124418.69,850,1
2892150.04,2568955.71,6441191.65,4583108.98,605,1
2207345.88,1422672.38,5826444.63,5862192.32,568,0
983778.18,501736.07,2786505.18,8907719.98,622,0
2505244.53,1362348.66,440564.57,949782.28,658,0
916411.48,621084.45,2034182.5,6962505.07,536,0
2630986.13,713266.08,5734261.59,9271568.91,604,0
426483.13,183322.26,1211778.82,2172832.92,751,0
2140689.33,540932.01,1624234.73,8385834.54,662,1
1668025.58,419262.45,3713920.87,6995345.87,777,0
379949.96,128076.37,62265.77,193961.93,686,1
801492.1,432547.08,1517815.38,2354536.22,541,0
135971.71,101889.31,143116.13,6078155.37,592,0
1459427.1,787867.52,3366501.82,5048883.38,674,1
973669.26,423384.13,2521718.53,5302965.71,537,1
1835236.7,472843.4,2008598.9,2357707.72,524,1
961989.64,562962.94,1516825.13,6766284.53,530,0
969765.42,378099.91,341563.2,2700862.79,701,0
2255260.28,1421837.69,2820701.15,3924877.92,613,1
239614.22,211826.5,259358.72,3720713.36,768,0
2718395.49,755496.54,1493405.96,6736648.97,560,0
2571565.24,896159.06,6900630.41,948014.98,404,0
2036633.58,1081790.87,904801.99,2095141.92,636,0
1820342.55,1598314.77,3471790.22,2044945.85,814,1
2687677.24,1989598.35,7177248.38,1128825.51,653,1
637457.52,528299.57,1744023.69,2115570.04,512,1
329010.57,142659.11,782952.74,6090249.67,487,0
794579.49,710693.3,419874.4,7335073.3,769,0
2404277.01,653922.4,5895994.63,6620019.3,569,1
200543.77,47545.13,166390.05,4778121.97,804,1
1790139.82,1430181.8,4953664.32,571723.98,715,1
2986768.8,2536021.81,6353633.92,9592119.76,573,1
2581518.67,679997.19,6081548.61,1722360.79,766,1
1612192.5,450445.29,411266.05,6700792.64,557,0
284558.64,63519.72,497492.54,9133261.62,505,0
2510983.19,685888.35,6185622.24,6992882.11,563,1
1837037.67,636706.0,4748321.81,2219593.92,726,1
433305.69,380898.94,37218.84,3192173.17,763,0
372186.13,248435.04,1048626.11,350548.38,610,0
2737917.78,2039713.47,355973.66,6146944.5,463,0
2040680.76,1516833.08,3762109.34,6149280.16,494,0
2504931.72,1439212.59,5210665.23,7268730.78,543,0
2649038.81,2008613.24,853085.53,159413.08,520,1
1758139.82,1084887.03,253234.72,8187520.82,676,0
1600594.42,672541.39,3768978.04,7400174.03,843,1
1348239.49,799205.46,1555884.38,1451821.76,729,1
1019145.1,584434.89,327489.59,3508884.76,537,1
1360328.29,1056182.19,3112435.81,6403322.68,580,0
2344251.0,2079840.71,5971954.13,4983178.91,600,1
1845577.95,900143.36,3252201.01,1195187.93,688,1
2688317.54,1974229.09,1300367.22,919086.48,807,1
1385802.04,373936.65,63286.0,7825490.18,603,0
1860559.78,1383850.8,3911654.73,1601872.82,803,1
1930791.9,888148.52,3186615.69,1762322.11,850,1
1815921.77,413254.97,3545390.09,8317685.1,615,0
2137637.94,971069.76,5214883.21,6140789.36,612,0
788557.06,494780.07,1027240.14,6066920.3,613,0
1585854.95,449550.42,592390.42,4819490.43,656,0
402251.93,340636.65,1134330.27,5711500.39,614,0
1215082.85,309081.46,1987615.98,6037608.42,738,1
1514234.5,1288620.68,2795098.75,9679871.04,495,0
1991450.35,1384050.55,5576527.56,2268584.41,596,1
2856540.05,1230593.23,7983318.08,2184896.08,682,1
1841888.09,872180.51,3161202.73,619323.95,737,1
2256422.36,1621389.64,2014611.22,6599078.05,850,0
1568171.57,973881.23,4690935.77,5512969.7,521,1
1938901.69,1299355.06,3960112.22,1156830.08,584,1
305703.43,144418.96,374581.48,3677162.4,423,0
837735.58,453608.22,1406985.63,1827698.89,539,1
1149373.97,1026284.34,1433846.5,3348243.32,473,0
1470230.73,514207.33,3918040.6,9515078.49,597,0
232381.36,114447.67,336371.59,6849022.45,627,0
506069.88,204592.03,1250288.73,125312.55,696,0
902761.49,664051.54,2275436.43,2562455.33,620,0
2917444.8,2143764.23,7214832.29,153097.39,696,1
1060906.32,429361.33,2298523.39,7162941.56,661,0
1497919.07,384925.09,3841612.9,4720746.93,546,0
668683.37,139088.06,776801.94,9940485.98,481,0
1871262.21,934162.86,643694.77,7349153.45,708,0
913981.32,445324.89,2309962.23,5203233.78,814,1
700278.48,624559.41,1046569.86,8056819.01,850,0
1598060.62,845152.66,610663.87,7062796.33,743,1
115966.82,44008.58,40117.28,2475572.97,795,0
122225.69,100696.94,58390.54,5326069.83,696,0
735299.55,399817.34,1656570.89,5582187.31,680,0
206491.95,127905.85,440358.54,4539755.4,661,0
413274.69,110331.16,252699.3,1832966.6,639,0
1082695.88,506746.59,2750881.49,2272522.06,710,1
2427498.47,2089970.76,2048528.06,2846421.64,597,0
1758941.07,1077621.87,4184444.72,152038.74,635,1
1586736.41,699990.83,2326818.39,9173591.73,532,1
951117.59,606781.66,2087366.45,6876655.12,697,0
2802085.79,2346152.14,3206042.85,6911692.29,554,0
1251343.62,490268.2,1303176.51,5744689.61,653,0
352569.02,195175.76,889912.0,6908642.54,700,0
1889492.9,1645906.01,200110.08,9819532.37,708,0
430131.34,137933.36,1257794.73,3882345.36,727,1
1101147.11,774948.52,2141223.15,7139629.59,628,0
1571494.62,990256.44,2038935.96,3627313.59,698,0
2635245.32,1780826.56,4965233.29,8550173.55,601,0
1531285.08,682729.18,563854.14,8587384.64,452,0
2136550.42,896743.46,3294896.97,9027550.93,703,0
2979168.83,2022697.05,8804297.64,104360.08,679,1
481318.45,168885.16,339718.56,3017004.88,751,0
896721.42,442763.67,1943046.74,1382547.29,647,0
1244270.62,412752.25,1623666.31,4567162.67,489,0
1323301.72,272353.21,2590196.97,4979723.94,640,1
1291961.12,1135685.7,794119.0,2596245.23,738,0
2732071.91,1372024.89,3856032.49,7248292.6,697,1
2170694.67,1907052.36,6382446.09,2734208.69,635,0
1862925.12,555573.57,1091416.02,8546219.18,483,0
997180.88,609433.82,1903952.44,1817710.71,547,0
2488992.11,847954.37,4297974.77,3703991.18,697,1
2869675.48,2161014.54,4864544.05,6241265.7,483,1
2481475.02,1857612.58,4579239.23,6073083.95,618,1
104538.81,29148.03,157510.07,826389.66,653,0
1945563.97,1631248.61,98819.57,8470273.19,764,0
248292.61,83486.09,670462.15,6000746.09,711,1
847060.94,532872.6,2101504.39,8705102.51,746,0
272621.63,242617.86,142445.63,8682974.0,680,0
1851006.81,1513526.76,2294914.4,5481890.97,565,0
2091110.75,1818418.93,4833909.77,9112275.5,588,1
432014.15,190008.09,1270202.37,8491657.6,556,0
1213132.76,332280.64,3461566.53,9583323.3,709,0
1423085.88,472240.82,3839596.12,8512459.07,580,0
1170253.76,644044.98,556012.95,8220978.32,610,0
450972.5,340601.84,1237209.38,4720136.78,652,0
1314948.59,401200.74,3465329.7,2159709.05,814,1
2278416.34,1507883.44,2576546.51,9111551.89,715,1
305922.23,130477.15,362079.69,7239364.41,572,0
332522.04,145924.45,458789.56,2853391.25,665,0
1128836.75,748805.29,2222145.49,3442907.44,815,0
2831004.56,1491655.15,2215280.46,6876481.19,711,0
2038860.68,1566708.06,140365.95,4804282.22,490,0
2068142.87,639351.8,876248.5,860751.49,558,0
1149567.97,865583.06,1517829.46,1457407.06,550,0
1821616.29,446231.64,1541101.43,7469204.4,794,1
129380.43,43450.83,296740.45,3319266.81,775,1
1944678.53,1282135.89,622433.67,5101111.81,587,0
2748532.15,2194559.89,7565048.0,7677883.71,585,0
1876463.06,707193.4,5040145.13,7524197.16,654,1
2633725.92,1129958.29,7180249.15,1711799.52,657,1
2199521.86,1266890.55,4880365.08,1029018.95,553,1
449619.41,156512.95,144327.79,5931965.32,625,0
2717114.59,2086226.08,3571409.96,7429247.1,504,0
292687.15,217040.88,115381.99,1532947.22,777,0
1648505.67,497361.08,4884683.16,3750955.11,473,0
512197.66,268740.28,511744.5,8709266.06,472,0
133949.17,99441.11,235213.62,9445020.26,693,0
1323899.35,577393.11,3095513.88,4567994.12,526,0
955618.05,614629.43,2639272.05,841183.54,599,0
1509401.43,354934.52,3421274.46,2614079.74,656,1
1773879.67,1110594.37,3589465.62,2368050.71,717,0
226843.31,69608.48,317114.55,2427689.02,627,1
456709.56,356876.65,829476.08,4964122.97,827,1
1720062.95,771989.41,485903.04,5853095.23,649,0
1095185.32,434884.63,2904176.99,1268970.41,769,1
2214603.11,1746485.37,3612752.76,8899092.26,677,0
1991645.78,468237.55,239804.41,6218739.54,850,1
2552252.65,1219022.63,7043467.92,5992654.72,755,1
2108229.2,967682.43,3094682.12,9873426.03,654,1
1346800.12,537858.45,3509447.89,6300032.58,712,0
2051603.2,1719711.32,5273982.22,9293143.54,623,0
898605.41,652072.9,2199116.36,2898256.87,622,1
988309.15,241884.92,182055.5,2439288.43,519,0
2388056.96,1672311.43,1770027.67,5189360.93,569,1
1394616.6,793689.41,3663160.78,5110659.03,850,1
2415302.99,2006168.84,6514007.35,2303512.31,529,0
2485024.88,1041379.33,3414937.56,7011573.79,584,0
2586930.78,1557108.3,3415070.45,344856.5,640,0
2758242.18,1518491.46,1449240.85,6921773.2,643,0
1349857.14,732557.53,3921648.65,4598919.97,688,0
1024713.77,532106.99,655217.79,6905624.73,603,0
1788376.37,615095.3,1024400.5,4796952.27,694,1
1176400.03,857592.03,2331844.74,9774471.14,764,0
1843115.08,950927.99,1342769.99,3380115.26,776,1
2146199.0,1869256.47,6044372.08,9826600.72,623,0
2096374.55,802001.42,68595.44,696490.73,711,1
1186203.37,804151.81,20473.62,6853419.71,535,0
583894.58,501274.64,884384.49,4569481.11,577,0
1348535.08,895994.79,1974508.05,8230269.37,532,0
513523.02,415897.69,251673.56,7906679.89,645,0
2681281.4,2089352.8,3977838.32,8012091.32,564,0
1103044.64,498667.07,1362241.72,992649.06,497,1
547933.27,339766.16,1463523.5,8232538.71,611,0
173798.5,53770.29,4824.95,2179699.57,477,1
1972884.92,1134148.64,5778203.93,305518.63,782,1
1947016.72,703448.15,3647109.46,2216500.26,594,1
1087752.08,783851.31,495504.07,4818886.79,748,0
307964.48,175429.16,43201.27,7434008.03,600,0
1287923.8,628325.41,2079117.25,2225393.18,530,1
1002530.74,389140.29,706453.83,1174425.1,767,0
2063649.86,1855404.76,1864500.65,6477374.19,658,1
1856759.82,464556.41,1365454.67,9839785.46,838,1
1157321.81,266753.97,2257375.8,6028659.51,603,0
731888.41,257683.4,1215364.29,6926020.77,605,1
2965304.3,2608728.6,693653.68,5633616.07,750,0
1416604.7,1254356.32,2237639.89,7834367.02,751,0
2095995.28,1380106.87,4974990.05,9759253.98,665,0
507603.61,414242.44,123644.0,5464085.83,850,0
1508210.13,527531.5,4025740.01,4197065.59,621,1
179856.49,158350.95,312036.61,8610413.46,523,0
1565819.84,469666.71,4465519.97,9698797.02,549,1
2895650.48,784106.34,1286895.56,1335357.33,622,0
1214199.47,338212.93,3619158.28,5802801.11,801,1
213088.44,128106.54,411861.29,7934976.93,631,0
189771.79,141699.2,323083.18,5356727.08,806,0
1225161.6,559490.9,1893902.43,4121509.83,693,0
564072.32,498937.3,40028.33,6569536.72,758,0
167721.08,84547.21,472791.9,2737774.54,688,1
2293019.48,700090.92,4430075.61,3523880.74,687,1
1429716.73,752283.66,392999.75,9923152.76,725,0
938809.84,634002.71,59010.31,6382830.08,593,0
2710241.23,2120921.08,412907.74,8735626.62,594,0
436802.98,227634.55,798557.66,8087296.7,684,0
2872164.6,1767888.48,5290660.02,6540111.92,844,1
1010503.48,391207.63,1514746.61,8415254.37,495,0
2676370.65,1745372.55,2463057.12,2907227.03,447,0
1848534.34,1645528.97,2948834.1,6389308.67,623,1
2497451.34,585246.51,3868316.03,5926504.72,753,1
2953638.17,2423671.22,172039.62,6243075.03,655,0
936375.77,555830.55,793492.03,1727887.68,533,0
2887292.91,1086976.45,460684.98,2808568.25,657,1
1229497.5,1067723.65,3320214.04,2902250.27,476,1
1217984.52,655699.55,2649931.77,6039364.32,712,0
1087122.6,469836.1,3248697.95,9726841.46,619,0
1670082.06,546197.57,1513952.42,9542972.13,641,0
547020.63,203008.41,1441649.63,2310536.05,692,1
1705763.31,1335603.0,3086003.53,3083210.17,670,0
1670943.96,1052840.08,2271441.48,408815.83,595,1
2309515.26,1938311.34,1542107.99,4018215.12,753,0
2517584.89,912317.17,5576894.87,8355007.51,729,0
1377279.92,392245.19,3735764.68,9161729.8,472,0
976766.42,199515.55,689524.03,2403139.97,626,1
852071.2,473328.47,448335.16,2694655.01,541,1
664409.13,597180.79,1387728.58,2247455.67,523,0
267177.99,183411.19,783077.17,3533530.5,703,1
1093099.14,454593.93,2459325.83,8057356.02,608,0
883718.31,719170.85,754467.63,6486231.83,635,0
2902610.42,2168846.72,3656900.97,7870112.13,583,1
1717355.6,362002.44,1980030.13,5851159.51,687,1
1107103.41,854465.0,2830071.91,2614444.13,717,1
1783356.04,731833.55,4126886.22,2318542.09,850,1
503670.43,153504.36,889948.54,139557.02,631,1
1387726.87,497405.15,1144704.44,7820772.26,505,0
1916079.53,1011701.23,5391781.86,8478856.2,599,0
1517803.71,754967.02,2974812.82,7694411.87,734,1
1265158.52,508873.46,3683420.4,790300.47,572,1
2982160.33,955939.92,5190006.0,7634105.19,501,1
2652912.81,1946074.84,6535658.36,505386.16,574,1
1907877.28,1703881.03,4653915.84,1100651.0,596,1
1751194.35,1303683.82,1772184.74,4432729.96,541,0
1899915.39,773561.72,5494673.43,4787662.74,671,1
683805.11,253942.16,45011.06,8170380.43,642,0
1245899.46,439012.75,2873209.51,6811292.58,728,1
214432.65,63404.85,621140.88,1575535.78,605,0
1479083.51,866641.45,1503820.6,2300160.49,705,0
1674771.29,1044689.27,3256311.02,2892468.12,600,1
760474.23,527656.46,1282668.89,1280542.74,537,0
2895683.66,1957914.65,6615252.81,2912066.62,595,1
2737418.37,1107650.68,7113274.07,7299551.65,488,1
2194215.38,946184.52,3969629.01,2451944.63,828,1
1646821.22,1114997.07,4030946.97,8361828.49,664,1
2622910.56,1166181.05,2457291.41,4721694.1,570,0
478891.8,167054.81,328405.4,3263210.82,612,1
2392478.4,1105409.5,3091089.44,4153560.14,404,0
461980.36,180384.35,939303.0,7109492.57,793,1
2403210.92,629206.05,1349981.74,5192087.4,783,1
899725.95,702773.45,1836391.56,122422.71,660,1
2643562.68,2107389.94,3125433.79,9227122.27,681,0
2837722.07,1004057.61,6772864.54,706660.23,523,1
531508.31,130400.54,58735.63,9389282.42,530,0
1441759.25,1033999.76,2889210.45,330120.6,480,1
2944863.4,1025018.71,5740914.04,7721244.38,633,1
1501881.56,714001.77,4239520.93,5370013.35,756,1
2604287.82,637776.22,5573443.28,5081975.5,611,1
1807321.41,647723.59,4317520.41,774146.1,684,1
1188456.73,897322.38,3225201.85,2425512.85,747,1
928772.31,708725.27,1880908.59,7786595.8,487,0
689346.96,237796.7,600049.58,8918035.31,834,1
2309214.75,1004831.0,6025483.47,5314730.88,765,1
1220967.47,358924.01,2738305.7,3565766.79,701,1
1582698.84,398714.82,2015270.71,646434.92,742,1
1527743.89,1366597.77,3256519.81,6837676.33,747,0
1774109.18,1168988.51,4618124.42,2820543.78,679,1
2610173.72,1512510.99,7639864.67,597386.46,792,1
2944144.1,2166445.34,8411580.17,6675224.7,604,1
1281994.2,1010280.68,1251205.17,4882911.95,696,0
2499804.87,1911601.63,3162456.0,169023.39,782,0
2317130.6,490252.97,761431.86,1153694.19,380,1
1763233.96,583217.01,1309435.48,7007059.2,693,1
2872536.72,1891375.01,7604361.96,683529.76,722,1
681376.1,315498.62,737623.54,8666332.5,479,0
416866.21,370067.92,776062.3,3147696.46,678,0
2576489.7,1715383.96,5147560.68,932231.38,570,1
1373534.47,1194403.92,3221608.37,7609585.91,689,0
2556209.68,871699.55,1401825.62,5268050.98,640,1
2689961.6,2164800.18,2459806.88,3101068.32,555,0
281127.02,119463.98,378118.38,4090678.5,760,0
2662047.81,2376397.75,2913673.05,263053.34,608,1
1400125.26,434573.78,4128571.34,6643850.45,676,1
1580254.22,887214.57,3958256.18,3689448.21,781,1
1917118.28,1447407.38,2758848.74,7154673.82,558,0
2786509.56,1401195.6,7350271.3,6300302.9,650,1
155436.67,82017.54,162114.05,6529979.15,600,0
1482846.06,1320398.87,3495787.3,7939282.47,622,0
2094393.92,1042412.75,1405394.44,6330022.88,850,1
2195850.18,1367686.32,5087710.5,4216323.0,695,1
2108344.05,502160.67,2887082.45,3929779.24,681,1
489861.88,386769.0,157979.46,1239841.96,702,0
968247.21,632960.27,793756.82,7805461.96,693,0
1140275.02,550540.83,1376111.12,7623029.0,467,1
2432867.9,514110.43,5468792.02,2500668.75,850,1
908403.63,557912.6,198893.29,8633685.03,503,0
711044.4,148509.07,1406901.58,5910582.42,823,1
2876599.26,577743.47,6179052.92,4812934.08,711,1
125703.53,79352.74,246600.67,224088.2,668,1
2993680.48,994835.79,6831605.55,3858274.8,619,0
2062781.77,689631.85,1102568.92,6424674.14,850,1
2502560.97,1644908.54,4407785.82,942990.98,710,1
954396.25,226753.13,2694675.62,4622694.72,651,0
141514.31,59348.82,259304.13,9934687.72,596,0
2239821.6,682254.88,4107853.07,7179559.44,584,0
2519019.33,1526836.71,5565317.08,5491365.33,655,0
2247380.78,1490542.96,2246510.36,5353677.21,556,1
514265.83,362452.04,1080692.47,485462.57,717,1
2284940.97,865219.98,6280620.68,9575278.65,585,1
2329876.07,611533.82,76155.31,9285367.72,750,0
2009767.5,512648.6,5246174.72,6839926.87,748,1
2321736.21,1156935.28,1522722.28,1035165.91,644,0
2553172.18,2201066.97,3492151.85,2117947.27,708,1
1879451.93,662338.26,4805840.16,1879899.88,713,1
356953.67,135542.13,882295.37,5219805.93,503,0
1514120.65,409754.6,4051457.43,2117648.55,823,1
325183.07,202881.45,917422.86,6973215.59,624,0
1281874.79,866433.29,1719597.69,5475037.37,719,0
1280608.82,832462.13,2521635.85,225698.86,722,1
291428.55,233956.27,341389.69,7453369.51,401,0
1111579.55,600806.62,1169548.59,1928845.93,584,1
421894.49,124087.58,546263.17,8257606.94,734,1
2443882.11,983866.84,5447971.41,3582702.1,656,1
2848295.28,1890416.37,4284753.93,3419265.82,718,1
309717.78,194869.9,756386.26,167582.49,659,0
2869834.1,1640690.44,6415960.2,9877903.38,772,1
1615472.14,1095411.42,99247.15,6139443.17,661,0
968740.47,625974.51,1831611.62,4256165.15,792,1
322900.02,263785.88,422906.47,1011382.97,551,0
1551810.38,946932.48,2125804.81,7006523.24,637,0
2404095.08,1791101.2,5902339.89,2863168.18,590,1
2150550.78,804510.32,3532976.35,9883394.14,688,1
245655.43,165750.55,652673.44,9507946.22,622,0
311415.32,258953.02,665935.75,7366201.95,627,0
1268332.52,596132.3,2103554.88,9712165.71,579,1
956342.43,712831.76,2164790.05,1101056.93,603,1
773914.54,547430.39,89036.66,2835157.84,648,0
914913.05,221105.52,74337.57,2569770.72,447,0
2430099.96,1475206.31,607641.59,766525.95,419,0
2794761.36,813645.98,3668671.98,9723654.65,655,1
1274797.81,1118155.02,900453.99,646742.16,373,0
2727721.91,2094850.2,8054373.28,8574054.59,630,0
1032337.53,285757.91,1679479.39,7693206.17,612,0
1481667.26,422610.62,2944439.17,3789877.52,704,1
755484.09,465477.7,631932.53,237133.26,582,1
1957380.52,864031.65,1889637.0,110654.25,806,1
2939045.23,659621.98,2957813.22,2079738.71,734,1
1850129.98,1071501.03,3878255.63,4964071.97,498,0
1137660.84,536397.5,1616751.01,4606204.28,621,0
1978670.59,535732.08,3072976.26,5873661.14,802,1
456469.97,347530.8,810694.75,7730995.13,580,0
2677111.33,2250255.93,6174583.19,3804678.42,644,1
1558943.46,1137429.71,422643.98,1645618.77,790,0
1403114.25,1088389.58,3270128.57,8010486.72,595,1
1799007.89,632429.34,3039792.99,3360272.28,762,1
1911873.2,735117.28,3837676.95,2904474.88,559,0
308149.84,106610.38,302805.07,7654904.78,361,0
2079589.94,1529630.74,2554070.24,9344687.41,772,0
801601.87,692216.85,555908.86,9153864.76,693,0
2170462.63,1523200.39,6376602.16,1417552.14,700,1
2485350.9,2030598.14,3705680.36,5056423.63,540,0
2431479.67,1573384.64,7265822.32,974059.32,548,1
1702252.81,802377.17,2501218.67,9611710.79,765,0
1608492.69,801082.65,1060404.91,2191517.46,674,0
514340.29,129986.65,783009.64,2014424.27,638,1
2348503.84,521414.91,278971.06,8894412.45,672,1
887087.2,609280.7,2407829.14,9680113.02,800,0
1540416.73,780837.58,3782725.49,6991440.98,722,1
924394.87,542204.32,2012834.3,1254000.09,602,1
488102.25,288157.45,892973.38,4884263.32,509,0
1925717.32,759046.65,3349790.48,8175220.69,708,1
257562.9,137313.16,770160.63,5746147.98,557,0
2271071.18,1202605.22,1894055.88,1369318.8,531,0
1021001.71,481809.74,2388177.2,1760283.11,781,0
100390.61,77749.79,175102.74,8648209.67,737,0
1582274.5,816160.61,4632332.71,5293940.18,688,1
235870.53,146841.48,585763.14,7073075.9,526,1
900891.72,744915.01,2698689.01,3761972.14,828,1
2150231.81,1733868.53,3795105.36,5348231.55,752,1
281799.9,232004.6,172921.4,9772176.25,619,0
2534081.63,985766.62,3829152.19,3330545.22,598,0
111077.78,24935.6,236965.93,6764145.85,657,0
815789.22,312240.68,1895144.57,1766430.29,602,1
2248621.76,888419.53,3440.32,1261311.86,850,0
1017183.43,850927.07,1541115.56,7847219.11,611,0
395487.93,258834.95,279097.31,8448876.69,543,0
1144678.36,294403.0,3004477.94,6699701.37,808,1
884140.53,260613.7,405569.7,1624048.58,593,0
2543864.52,785986.18,5086123.21,2443850.26,728,1
1008708.96,646880.24,805137.95,9116198.3,717,0
2387904.17,1706849.59,2554165.41,2922605.29,644,0
2686429.22,2153846.61,7580237.64,8197662.14,552,0
1358070.52,1165829.64,979636.53,2895076.02,645,0
2738835.12,934471.89,780590.7,9397652.56,533,0
1194222.36,497800.53,248224.73,9148806.48,647,1
2895827.41,1066318.99,4383834.8,480468.58,727,1
358939.62,161929.54,691007.03,7715619.17,821,1
2092355.87,1758134.61,2054444.33,1736144.51,541,0
1532060.72,923187.3,3172559.51,2191952.68,624,1
1224181.54,877412.93,224149.05,4625459.86,597,0
1934864.45,1050792.89,4976478.97,5784365.59,677,1
2141185.57,471490.22,5245265.77,3291707.2,497,0
112653.48,27592.99,333058.76,5775064.49,557,0
584163.96,336797.46,1641217.37,1748050.79,480,0
2167833.55,1524317.2,2316528.48,272259.66,506,0
2032517.7,712867.72,2434602.85,5733682.66,583,0
2901537.76,2046561.08,6493335.53,5198281.84,817,1
2307009.59,1770551.52,927990.72,6912056.94,684,0
2857240.85,1395271.38,2691646.98,6515729.52,656,0
2137367.45,1544234.01,760096.62,8979989.48,784,0
964351.41,465609.08,1316011.16,4621712.77,688,0
405558.27,273689.15,671609.71,133276.27,697,0
2367289.2,1739479.22,1499633.7,6324994.18,602,0
1968032.74,1760107.39,157236.1,6767567.67,586,0
239739.44,105911.53,517373.88,5238875.14,518,0
1144146.35,558032.84,68666.51,6908583.46,589,0
2874719.46,908221.74,8394778.28,3269658.94,621,1
1551163.32,531818.11,1031247.15,1530642.62,684,1
1354914.49,928626.56,2698583.57,6662308.96,646,0
1427328.85,1201713.71,1861601.05,2489604.97,613,0
705759.9,336099.43,126346.25,4590343.3,558,0
1169250.8,381048.44,1656303.17,4941646.17,689,0
1172458.44,468478.81,1817641.11,4798135.53,600,0
251829.56,130582.74,645703.48,6004568.98,685,0
2325946.12,938415.13,5110213.44,343064.4,458,1
1307862.85,475415.15,311150.28,9897340.82,683,0
2484321.67,1776759.89,1558882.16,7177289.22,724,0
2566009.2,527292.94,2400920.0,4282608.43,711,1
714782.76,412759.43,249618.62,1953733.8,630,1
2006325.1,1516053.01,2750064.22,847764.36,741,1
1469617.23,567801.02,4339673.25,6738294.69,522,1
2652454.54,1650633.22,4094961.1,3203708.37,641,1
725647.97,484899.8,1615035.87,2333310.66,630,0
2065658.28,1360271.69,4232148.35,3830546.15,753,1
1862481.15,953766.81,4748832.09,5949584.72,447,0
956374.28,423295.65,618937.2,6733466.91,544,0
496142.62,389544.82,1122016.01,6469442.19,824,0
1989755.31,1454336.37,5261043.8,8639492.56,406,0
2241932.63,952549.24,1153540.4,2226636.44,731,1
1015319.3,276282.02,1056344.96,6385624.32,579,0
1970014.55,493026.25,5733343.78,1056088.04,675,1
1245879.63,331395.49,2918303.02,5501950.16,791,1
2168299.96,1318344.92,1838225.07,5860386.1,679,1
677724.3,160053.76,1146591.12,2201561.12,793,1
2681623.51,1168782.42,3252751.31,3947346.64,600,1
933487.83,678869.49,1372129.59,8280569.25,613,0
1166579.36,473682.22,1242988.65,1526670.08,728,1
268466.66,197139.27,224973.2,4373336.67,606,0
423385.42,305610.99,857054.49,9330694.06,709,0
1595999.52,593837.89,3727657.08,5065883.83,768,1
876018.76,622127.09,2296808.51,7265080.43,736,0
2522892.65,1825170.66,1175642.5,8277317.09,492,0
142610.83,68199.03,352044.32,2077555.03,615,0
1199372.74,416535.36,916803.49,2221261.49,678,1
1078302.09,609121.6,1382393.16,7597984.99,625,0
156050.13,131858.98,422011.21,7545402.04,657,0
460668.36,298389.5,628126.28,648824.04,679,1
1299563.76,417219.42,768289.88,3258857.49,597,0
1529307.29,1036763.06,733464.9,4015398.29,630,0
1272440.27,635001.29,1805530.77,8298952.01,531,0
1639719.27,1006902.67,3751706.0,4247529.44,602,0
1825881.86,1303396.31,5462336.34,9262992.46,497,1
128779.08,72175.93,304205.28,9966247.38,661,0
1445875.96,1113019.1,3804151.53,7818225.35,630,0
2894147.8,2041847.05,6493012.14,6680547.56,558,1
1605193.61,1012156.98,4312040.11,3949376.8,828,1
2064872.58,630932.08,472609.34,717042.49,625,1
1004405.19,788623.17,2802084.37,5752730.63,678,0
2344575.0,2004925.58,2788211.87,3648963.81,586,0
2341472.3,692784.49,6473802.52,3541435.85,608,1
1611758.54,873200.47,366189.14,6892707.06,682,0
2930440.09,1117148.58,6287929.9,4663211.62,616,0
464095.62,337938.8,1024289.78,7533333.76,650,0
149148.23,105170.49,446062.48,4011823.57,730,0
2333458.81,696816.5,5382276.32,1551090.69,598,1
2440751.06,1986573.88,2801301.53,4640407.89,516,0
448600.96,146549.48,749946.71,9512574.52,497,0
870190.22,659674.95,956907.12,8025170.06,793,0
150901.85,78451.8,88738.73,2097205.09,743,0
950594.97,408556.79,708675.19,3943439.99,715,1
2342111.43,727852.08,1559920.23,9281531.35,606,0
1602085.53,508389.77,2637747.3,1280805.63,516,1
1109477.22,735942.19,3016093.75,2576804.91,621,1
1178043.96,689510.62,3225696.25,2659115.33,640,1
103925.51,29666.56,17074.06,5730782.11,536,0
969421.53,270360.52,232368.6,4136796.53,503,0
1974730.35,494901.79,1452132.13,844713.21,476,1
2925163.89,2107981.75,2238272.1,6310355.47,715,0
2556476.4,1785232.1,727745.81,1035824.75,529,0
168425.4,40573.96,196281.28,6083828.57,680,0
2705825.75,1602360.39,4770847.51,5094733.38,610,0
2371275.4,614808.42,4112945.41,4962003.17,708,1
2363090.76,1967561.45,3852520.97,721587.64,683,0
1428187.7,1192511.3,1451061.23,6410243.45,626,0
1254215.35,863857.24,2658142.69,4341636.57,663,0
978455.61,830055.45,2426033.55,4140505.92,638,0
290515.09,223120.56,301793.7,5984691.39,588,0
761882.55,594250.87,195503.69,6082168.2,748,0
815150.54,488108.47,724661.29,199581.29,607,1
1503823.5,622946.01,619734.63,1295997.72,641,0
2267588.78,799232.94,3179332.22,2403356.3,508,1
1474048.5,632425.79,689567.93,6795874.47,677,0
267748.9,171345.05,371778.53,5788574.21,588,0
2877590.42,923302.44,1907867.42,7588409.87,602,1
2833900.53,1079852.6,6280471.4,7419047.67,566,0
2377049.68,1254232.68,196593.23,8539169.55,637,0
2974850.91,1080272.69,4950862.65,3799307.87,449,0
1678998.77,1027632.15,853711.81,3483385.47,718,1
2892028.22,2447301.43,8605.5,8318603.26,646,0
319254.62,231032.61,832488.43,2414135.26,603,0
1160474.17,773454.44,2337871.96,4638665.12,495,0
753605.68,458120.68,223691.62,1983540.24,693,0
667915.94,361718.92,1330633.57,9142715.38,586,0
508328.55,168050.73,932753.41,4107639.98,780,0
1904999.56,1574096.03,2705232.84,2164244.64,698,1
2365833.38,884763.02,2975684.41,6935533.24,803,1
1777065.36,468996.36,4729142.84,2484214.55,663,0
526191.86,381494.69,386984.68,9437860.85,757,0
2452258.93,791910.12,2930278.19,3707789.3,696,1
1944268.65,894999.74,1919666.34,6663175.09,604,0
1225680.55,269403.91,2835738.3,3485187.07,668,1
2054977.86,608165.68,5649947.73,8082093.55,566,1
853724.44,274252.61,2176438.21,8974381.27,850,1
1101057.4,262147.55,2634953.46,7889787.68,639,0
2760708.95,1821128.9,8172719.49,8492565.24,652,0
942463.07,740686.87,1971098.97,1063714.24,688,0
1462965.98,674896.61,3296298.43,9244443.54,541,0
2681409.3,2177850.11,7905887.61,6261792.25,782,0
2152391.92,751922.19,45140.73,8698714.45,547,0
280389.36,119943.08,533341.25,6860145.8,524,0
527178.83,161061.51,1168710.44,2058384.3,633,1
122740.61,77865.59,337963.97,6115073.26,522,0
1929673.19,953082.4,5116591.98,954915.09,806,1
1398252.93,879918.25,3531821.98,6972444.15,626,1
489397.07,358812.44,1388602.43,4119561.35,327,0
2878008.95,1674978.51,4639746.34,1559745.07,669,1
1636013.2,1045970.72,33964.1,9793336.67,705,0
801490.55,685014.11,26579.99,9015790.02,607,0
1551750.36,635201.28,2535431.55,8940759.95,514,0
2070898.96,934834.35,2704214.49,7898762.05,639,1
321093.73,225533.78,434675.87,6935212.2,601,0
896641.06,563013.35,1077057.99,6568040.83,552,0
2440199.92,792999.17,6718303.35,1105633.69,543,1
1433028.12,663926.4,1544103.64,9010634.04,665,0
1685073.71,888853.82,4328416.53,8817227.54,740,0
1355166.41,668873.4,3670596.11,7491133.63,696,0
227309.83,73828.5,340624.99,9276783.84,477,0
580674.36,491889.87,778576.38,5553180.34,711,0
1392070.75,1021255.31,3178183.58,4504041.23,727,0
706637.85,379428.55,1500838.39,9681076.65,789,1
244939.18,165589.35,241413.37,4668105.32,555,0
2546584.03,2108820.81,783442.26,6431178.19,644,0
2945458.33,869858.35,2340335.13,3761968.36,706,1
2400114.33,900669.63,943450.19,6381445.95,597,0
2575976.27,1493785.13,2277670.05,7214985.01,705,0
801733.68,608762.2,629733.5,6265322.48,647,0
2885818.23,650401.17,5520957.76,5169901.27,565,1
671084.54,596468.47,1921642.59,3036102.44,573,0
2859146.45,1482280.51,5881925.27,6456264.48,774,1
2984975.95,1347602.61,8298078.6,9088867.51,550,1
2163996.14,876217.41,5090577.53,118780.28,533,1
2945316.82,948538.39,6431490.61,1382593.82,684,1
1751665.36,1320933.89,2175893.87,1241742.93,646,1
852671.17,740792.11,830828.73,9235892.76,518,0
1367288.07,669357.69,3471314.86,6644339.51,598,0
1821326.71,1578533.82,4947050.64,9520291.66,568,1
311936.53,242268.1,422875.97,5848992.07,585,0
1904795.47,1022371.9,51790.05,4644242.33,850,0
2945415.73,1978784.26,7003000.33,7933811.97,619,0
651312.18,328579.78,557006.43,1651375.56,561,0
2398525.84,1417783.94,71148.9,3844314.26,850,1
2732906.5,657625.95,6599875.4,4689428.69,738,1
2836734.62,1949927.22,4403300.23,3019661.03,722,1
2884393.25,683535.58,5929251.76,3744291.84,566,1
1612232.95,1244578.48,4424079.21,827146.61,769,1
2934192.93,2281226.0,4763725.28,2019936.72,731,1
2296199.6,840303.66,3466302.09,3388192.37,664,0
568847.17,242649.69,496026.97,7969109.81,478,1
1483010.31,796253.84,1357816.81,1865848.68,648,0
2183160.41,1348459.67,5216937.31,3499071.72,822,1
817286.92,327852.65,1100957.18,695956.87,672,1
1957784.03,1203529.1,960447.0,5593188.23,612,0
2033141.39,830438.53,576571.03,6131946.34,627,0
571829.26,136577.7,811288.68,8661888.81,634,1
1738747.41,350825.82,2425318.02,8200204.19,570,1
2337718.04,633067.47,4582803.62,2889510.65,645,1
1546797.43,1167175.43,2185937.89,1412689.21,794,1
135099.04,117941.72,58150.29,1603027.66,782,0
126211.56,62963.96,192271.78,9691191.23,574,0
1135385.1,634542.62,3088665.53,6748596.85,777,1
2785962.8,843572.03,1332593.52,473579.34,726,1
763162.66,447001.12,1579184.96,1410953.59,713,1
1939654.7,584337.33,3455645.74,4883710.65,693,1
744020.03,467133.0,1670888.31,2117896.6,556,1
1032842.97,881305.35,466639.3,8046406.9,609,0
2559322.06,862463.32,7229613.93,5753510.32,733,1
2213698.18,1627498.96,4123896.76,6145690.47,529,0
376657.9,81528.24,957168.12,4655114.2,545,1
1343235.86,621714.12,993753.15,2597824.62,680,1
184592.31,51228.79,409469.81,5914565.95,571,1
1494581.43,667678.56,3501941.95,7183851.96,732,1
2021058.63,649721.53,2409719.97,3740933.37,574,1
443657.61,204665.24,511031.61,5074189.12,674,0
937766.32,461630.44,1850577.55,8404855.51,682,0
1253726.21,514546.52,351322.98,1529383.53,601,1
2766639.97,1824973.57,6105621.53,5474982.97,626,0
2980439.54,2513096.0,383464.18,3516705.99,581,0
230242.77,110612.48,131646.11,7042807.84,648,0
2306922.98,771989.19,4596385.48,237161.92,553,0
1177999.79,458837.91,347475.78,6721209.33,627,0
1238128.74,987779.82,3609796.87,1073832.45,724,1
2287368.42,1372759.14,5959026.2,694439.14,536,1
2763436.65,1432863.25,5192240.46,7260001.84,601,0
2857692.92,870869.64,7021844.09,6421404.42,701,1
1773655.5,913094.02,4722783.7,8954612.51,442,1
1135651.36,448519.15,884021.62,5220566.81,835,0
2383892.35,2050658.02,6074717.36,5323743.03,754,0
827904.01,677928.44,483811.66,7084827.46,496,0
1735814.68,449110.42,2152456.71,3267805.88,439,1
1139877.54,640220.7,1909042.84,417278.93,652,0
2004230.11,716594.12,4292405.3,2338955.97,537,1
797156.85,388649.01,72082.07,2418233.45,746,0
655619.54,533538.99,571390.95,3389805.56,689,0
2762893.35,1572805.12,5043820.11,9437454.19,662,1
395230.68,171510.63,423729.2,8058185.85,592,0
1567277.93,541528.77,3644039.0,9362764.64,810,1
740473.07,562927.92,1447592.63,9986165.42,725,0
212896.89,135649.94,149710.02,4366101.09,710,1
204454.57,107879.6,89507.54,2309379.5,770,1
608143.14,214211.76,1147651.84,5622041.4,548,0
2613634.03,1134245.19,3532070.21,8817287.42,778,1
919188.36,801431.5,465910.04,4684032.02,623,0
2856331.59,1611150.84,2796698.86,5078723.06,683,0
1786704.65,858492.82,1624365.1,1387669.1,634,0
1366181.15,771886.11,443183.59,4233532.15,462,0
1782257.62,1328302.26,2924198.3,3900598.36,745,1
1598425.32,700232.18,3661905.93,3549300.6,467,0
2300451.14,747863.52,3971500.37,8878621.77,553,0
919238.59,560234.82,2278676.73,640049.26,604,1
1123846.14,748080.17,430102.26,9722864.47,454,0
2692873.48,1882056.28,3519142.86,132055.91,539,1
2844723.89,2325252.6,5200853.11,9458660.44,674,0
2688418.86,1236193.83,5452126.04,5503072.65,615,0
1316399.18,332717.82,2747797.57,7039330.18,623,1
2363059.96,2057856.61,5167767.04,1911971.85,558,1
1481373.63,747365.36,2895032.83,6559404.81,654,1
1542865.57,981694.9,436143.82,8825478.8,617,0
693572.32,462206.11,1446734.31,1437827.39,485,1
1814277.88,1056924.99,3944871.42,1314462.04,629,0
639794.1,219884.61,1906867.81,3074580.2,525,1
1061537.63,773436.46,2208090.95,1659172.63,739,1
2579587.58,1967261.55,5315217.49,1150926.19,610,0
700519.85,411263.23,1081910.78,6799274.41,850,1
306359.03,166044.39,797688.05,2177574.81,746,0
300122.02,83961.15,897516.18,6686798.25,636,1
2828275.11,731861.9,6610059.65,8626195.81,707,1
1570069.27,687212.08,2885004.06,6537646.67,441,1
1287295.01,537564.49,304914.46,1237702.35,746,1
2451547.88,2126863.7,5344907.34,5757096.86,567,0
2523895.19,1889226.21,5365005.41,3966605.41,658,0
1063354.0,703883.99,2474110.47,3466540.82,577,0
2111492.37,1187405.47,788993.26,3219388.11,587,0
2336256.17,740960.63,4581859.75,9297850.63,631,1
1998486.99,1768500.45,1773001.13,7437949.19,657,0
539625.72,249592.27,1230785.74,1381795.46,647,1
2640060.94,725615.26,1903805.66,4786254.52,649,1
1663374.2,907635.48,3413137.46,3216319.6,487,0
919170.04,746180.96,813446.03,9780486.21,850,0
1333161.74,1094664.04,35972.54,9781388.28,673,0
208956.16,43395.21,397032.12,3229368.02,693,1
470813.72,386258.88,159985.92,3553525.51,616,0
2320085.58,904923.75,4588837.91,6014171.36,562,1
100033.74,22735.73,277776.53,4819104.79,665,1
1308040.9,1037869.23,3803439.98,2170353.68,678,1
1615279.53,1299826.3,1143245.2,6621101.06,780,0
258439.82,159550.86,627429.77,3374580.01,850,1
2921926.67,1759302.66,3099170.25,6554479.16,797,1
755763.46,581321.31,2041597.66,3867631.15,473,0
982176.29,737041.48,2320360.74,7017088.44,603,0
981433.29,807792.05,217647.7,6694604.74,683,0
768208.32,450879.3,938298.08,5112686.92,609,0
104274.08,91485.18,105520.52,7062162.91,645,0
2215099.9,1987615.3,5217763.21,4636608.48,435,0
2903851.95,817670.19,3574226.88,1205576.08,741,1
750451.1,596368.96,1541250.35,1861957.22,462,0
2022836.86,1112308.59,3655884.72,2497631.68,492,0
2251499.35,1061123.62,6589949.82,679127.84,548,0
2560433.6,1610898.38,7203408.34,7128243.15,640,1
1325624.67,317057.46,1700907.09,3705532.76,487,0
978499.63,542600.34,2124063.03,980556.8,543,0
1043355.89,844725.34,2596266.22,8208583.3,764,0
2166601.87,757060.66,5842582.65,6852360.13,638,1
2468660.45,1230560.4,504601.09,4549631.16,693,0
626680.51,537464.15,567920.68,2511882.08,526,0
1175728.92,587858.21,1129511.16,1559871.64,644,1
2715626.57,1224360.18,3539378.91,4610823.21,636,1
2439411.21,1240137.27,1238718.99,8858195.14,570,1
2956089.37,1666102.03,4400486.78,1924533.47,644,0
2287319.95,1469360.48,4550950.09,5708159.33,460,1
1240266.08,943203.7,1850590.8,9618775.65,693,0
1812849.72,936285.29,3620948.48,6389309.92,610,1
2016941.34,1557556.03,402026.62,4427649.07,624,0
327521.87,187868.0,860715.02,7177911.08,735,0
1679041.18,733634.14,4730207.54,8254550.29,693,0
2157030.4,1424860.04,3998535.3,5925637.16,618,1
585231.78,411070.07,1547454.07,8724731.97,538,0
2363831.98,1396160.21,932148.89,5170188.01,782,0
1792941.06,429643.33,4289336.74,8308788.57,515,1
2861443.18,912565.77,1022807.36,9522591.44,712,0
223024.66,89144.83,272989.04,5037372.5,490,0
869445.8,345898.51,844627.99,6069767.07,741,1
1844506.25,1238391.46,3240383.34,6114202.05,751,1
960023.75,204335.35,868383.34,7825276.89,458,0
2171830.08,1583214.7,4152410.73,8238510.11,694,0
2301115.32,887631.61,2536201.56,320931.7,686,1
397296.3,165678.63,1025966.49,7346927.66,720,1
1590177.95,905664.99,3023964.31,7848961.68,686,1
1575782.61,553332.79,1017789.94,7019272.92,553,0
1170914.23,959130.88,1180736.17,7151271.81,628,0
2805482.1,728746.83,7132272.4,461958.45,816,0
2499768.33,1277550.73,2898329.51,4448284.69,539,0
2121907.21,1686058.11,3410747.7,8190887.51,682,0
2171547.24,1370443.33,4227624.22,9343371.06,765,0
1438976.82,582254.14,1501470.07,2333205.81,550,0
2770884.11,1370291.26,2443742.15,5812989.66,508,1
2114326.74,1468793.33,3014532.45,8053085.88,523,0
2214045.08,1951199.23,1427268.48,7536456.05,689,0
2598903.62,2144607.74,2215907.77,6207956.66,522,0
894807.61,393449.56,166644.9,235977.32,636,0
2440505.62,2193376.4,2225523.5,7252664.11,787,0
666197.75,134873.91,640957.03,7743762.91,644,0
1101491.66,241602.09,3178353.64,7242352.59,572,1
1073270.32,833596.56,1898815.33,7669801.16,662,0
2937723.86,997721.18,6939336.41,4337603.18,643,1
2583957.95,626709.25,351758.74,9937833.85,695,0
2133392.6,780829.48,681853.78,7719329.81,811,0
2208464.61,1100411.9,5396628.15,5807866.05,689,1
1730011.1,1230723.65,3236242.93,9345203.13,850,0
2846562.93,1813359.84,1630927.11,9086573.48,695,0
1539150.38,563844.43,1869123.01,8154942.3,573,0
1203501.36,664680.94,1944879.26,5658764.44,850,1
572802.48,485936.91,1449665.4,5294655.14,637,0
2379996.39,1833800.18,431340.97,3320643.92,544,0
2229887.4,950451.26,3991870.55,2546235.89,850,0
1214629.61,1078087.26,2612799.19,5147977.19,576,0
173060.9,120456.32,507704.54,5798928.53,572,0
2533092.25,617351.44,6133832.82,2483037.99,594,1
133112.15,29898.65,110307.64,9229882.37,666,0
2140729.36,680506.96,4557051.04,5594876.27,743,1
2913745.62,2067299.92,6671992.78,5288727.99,385,0
1369217.85,449948.6,2997500.62,4384601.96,742,0
781422.87,436065.8,1922638.01,627809.39,594,1
2144125.93,568798.2,5813132.62,8829893.28,608,1
2469671.61,2085934.8,729268.36,3204092.55,821,0
1684647.92,742546.36,529470.64,6442480.33,671,0
2904402.3,2427187.04,6939197.87,6093963.91,694,0
249839.29,215214.8,189157.68,5865643.91,645,0
1563907.24,319490.69,274660.06,5280836.41,726,1
2183516.45,1146116.06,2628271.55,1855326.34,811,1
2601657.37,565234.1,6399116.42,2842027.12,402,0
619841.27,518239.95,235350.68,5265671.31,758,0
2420010.1,1362188.06,4877593.07,7903957.39,804,1
1702850.52,429903.02,18471.82,4348290.26,700,0
1250005.68,346493.71,411517.3,2079029.4,582,1
481973.58,225783.57,507301.79,925047.03,534,0
2609357.7,2239256.67,654444.77,6646959.48,850,0
556092.3,380943.47,1411198.22,4262232.71,559,1
998384.79,806029.2,2588024.55,1297440.38,801,0
941132.04,429645.27,2133275.4,6760945.46,689,0
2627100.7,604888.86,1911055.23,2115408.37,850,1
2050838.68,1808885.55,3219286.03,5114709.68,618,0
2410376.05,511050.57,1331890.83,3096570.35,489,1
826356.91,713440.32,697309.17,9320316.14,650,0
1912134.89,875899.65,2960015.17,2321466.26,501,1
1758063.35,364030.37,3876602.52,4228189.29,850,1
2515208.09,1716403.31,714226.39,9596961.29,712,0
2727652.48,2417731.73,2427856.45,3221315.54,727,1
135254.64,118474.68,375989.5,6463701.97,727,0
2054657.77,642400.89,2645104.67,3201434.08,580,1
250323.82,81824.21,705064.32,1151216.04,636,1
1691690.13,1008039.65,5031427.53,6294094.97,661,0
934134.91,603557.07,1475913.99,9164513.78,844,0
989652.14,710166.99,855190.11,4553018.44,534,0
1123579.66,367113.08,2665502.21,6280456.6,577,0
1901748.1,1657002.56,908906.67,6108539.21,613,0
1068744.9,691603.51,808121.39,4180142.54,582,0
2224827.25,1764138.59,5238666.62,6168221.56,504,0
1273129.42,735927.37,1656262.15,2630214.94,379,0
298224.28,146128.05,180310.52,3811477.15,467,0
2372903.54,2097713.26,4635175.76,4451072.62,759,1
928699.14,564170.76,2041545.93,8646886.4,649,0
1355023.95,1093248.92,508423.58,3515912.3,733,0
2087787.26,1810747.66,1734827.58,6369613.63,591,1
1064122.86,715886.78,706396.96,2173368.18,640,1
264098.4,154301.36,300957.0,2563068.8,811,1
1184371.04,239784.91,2712606.07,6501867.31,805,1
2838900.89,647308.43,6078439.7,7634983.78,744,0
1961029.75,667918.6,3897687.3,4648065.91,670,1
2047289.53,676027.09,38605.0,3384241.98,701,1
1933618.25,731548.03,824552.71,9107201.98,687,0
677077.2,279940.44,453569.04,1401287.76,633,0
1313168.21,593612.23,1071371.31,7221106.66,609,0
2277725.42,1126053.65,1000558.37,6917198.96,762,0
393981.4,106062.33,484970.09,6917939.37,520,0
905773.05,208013.82,204289.64,9357433.42,798,0
901325.41,605475.36,2028042.19,7295493.49,622,0
1352854.89,779426.21,3197015.76,3050573.63,518,1
2943069.35,1503616.9,5070320.08,3566421.78,595,0
295757.39,190499.69,79592.64,3941554.18,562,0
1604232.88,1250299.94,4283702.07,356546.31,592,1
620157.58,309697.41,1796539.13,9139427.64,590,0
2914961.98,1891179.6,1769646.25,781848.41,586,1
428580.16,371793.53,905983.95,7012953.11,619,1
1270442.91,1000775.07,3208904.88,7315102.0,643,0
2239866.46,1115902.74,3627532.19,8444964.75,726,0
2143207.84,1395875.1,2078845.81,5555954.44,625,0
1325913.05,429529.06,1903581.73,7266381.02,682,1
1104920.09,654516.57,1698048.1,3062093.1,650,0
1253075.9,1111390.36,1506085.87,7468560.91,704,0
866401.16,487628.41,2416849.85,3466986.59,654,0
695465.52,590691.42,1552035.17,9033242.86,585,0
1500815.12,728097.11,1086447.46,1675648.99,558,0
878747.89,790162.53,1543671.43,3191785.24,671,0
933638.83,565275.39,1928960.8,5012756.04,777,0
2004592.58,460231.0,842869.57,7769713.04,627,0
2908758.26,1776461.16,3127721.52,7500551.1,579,1
1850547.88,725786.52,5027281.36,2146632.9,624,1
323240.45,71997.59,549999.87,1485145.18,593,1
319192.48,247245.64,207792.15,3074497.56,583,0
2859127.34,1123667.77,1053172.12,4863353.81,505,0
962143.29,728904.35,1495825.59,5413100.2,625,0
366994.26,147440.79,602992.55,4319919.03,673,0
1837229.3,617361.31,1843188.09,6647746.66,541,0
1908581.46,1682901.06,3609601.03,4304211.49,562,0
1980663.98,897541.31,408123.85,9465973.65,555,0
875465.88,543632.22,381194.55,2646640.04,511,0
143820.98,90173.89,235696.92,6292352.6,554,0
2898544.57,1716899.07,537526.63,6133210.49,630,0
827589.83,695412.99,2187093.41,2851668.48,515,0
2060476.24,1384864.11,878667.65,4146291.86,636,0
2149226.62,1037244.93,4345219.6,3686462.51,579,1
1869021.51,1502069.54,2193502.94,1766365.65,557,1
1007431.44,329172.21,1208276.24,4799087.37,687,1
886179.14,514839.71,2033487.42,3897289.42,585,0
1833238.02,1586457.16,2746898.92,1824257.73,602,1
2611677.34,1665671.24,5685533.79,4526306.45,779,1
2845527.81,2196400.08,4312607.08,4247347.48,557,0
407126.83,267682.84,724163.02,1357088.49,806,0
549002.98,432372.57,1252903.78,1355316.04,615,0
2839735.15,2445413.83,5173787.95,6492698.43,536,0
2235952.16,874358.38,4129457.8,7080479.01,594,0
2660682.09,848126.36,6299587.3,9414745.18,656,1
687634.64,370493.09,1957874.91,915696.67,775,1
1803999.03,1247111.2,2038786.72,1222721.85,729,1
2133304.82,765928.7,3693500.45,565590.38,656,0
2072324.47,420414.57,536357.93,5345672.89,775,0
1283639.9,564871.62,1381724.94,6246328.81,461,0
144645.19,127027.62,178802.81,4065058.35,674,0
1790485.56,1229127.56,4486441.08,7989127.1,680,0
833994.46,401091.13,1284499.26,6882659.39,682,0
1405737.31,470645.45,3083061.84,9859112.19,488,1
2876984.94,1292522.23,164052.01,1422055.08,548,1
1257202.42,400906.27,1751883.93,630240.86,633,0
2535424.66,695756.21,6855669.1,2784296.87,761,1
646767.76,539869.76,435237.01,239549.44,841,1
2050135.44,1841749.91,193874.25,9329483.71,583,0
2933320.17,923644.17,3813979.74,3074319.0,519,1
395489.99,94192.19,835787.21,5546680.16,731,1
124127.83,53475.73,169234.71,3214792.85,850,1
1357390.1,710134.14,1873110.03,2495795.79,760,1
368613.9,126572.75,740698.35,1566029.0,575,0
2270314.61,933093.49,1732627.89,3237640.91,850,1
2752191.13,937422.48,6208033.23,6173418.36,718,1
1358660.82,1008102.41,624088.07,9717630.94,570,1
850263.76,594168.19,1009477.2,5603015.8,843,1
1359769.63,876325.37,2676059.7,5350455.21,563,0
2197998.67,1035372.77,5462261.93,400867.03,587,1
126257.07,105592.4,299809.18,8408985.21,722,1
1809416.57,1589885.09,3917489.64,496171.68,647,1
1878545.89,604041.77,2023737.1,9067011.13,653,0
1949295.92,694161.52,715221.91,5409783.67,653,0
801864.03,455412.04,521614.68,1726242.72,761,0
2170752.9,572808.29,5632021.53,4544488.55,417,1
365035.31,184530.42,938868.67,9950095.58,678,1
677883.98,411647.68,1935143.56,3085574.38,620,0
2644663.14,1495428.74,602893.16,2731124.7,574,0
2242297.14,967856.19,3611056.43,1224158.66,574,1
139862.11,81079.75,272178.53,5991566.37,386,0
820291.16,714605.39,1748837.88,937808.64,570,1
721778.8,248445.06,1394180.5,7671780.23,779,1
885338.35,582890.79,2045161.84,9196273.97,733,1
817923.33,188431.28,882060.57,9322117.56,630,0
281326.26,69344.53,151437.45,1123766.72,508,0
1430927.5,838923.83,878231.92,5604712.84,732,0
2224927.08,608422.83,79955.13,1016243.06,780,0
1859522.0,400992.44,1954293.69,5741560.61,753,1
2051327.84,656546.14,564591.38,8159056.82,553,0
335332.62,199655.17,323416.93,5401012.11,563,0
2859323.06,1979619.92,5388766.68,8726935.57,815,1
2531626.32,865145.31,6793452.56,8026659.83,529,0
2434761.92,1625889.23,6132718.15,2801656.08,697,1
2486653.03,814959.33,1884939.29,6319517.71,472,0
2804860.47,1765435.84,1128253.52,123750.66,619,1
1678336.5,819652.18,972120.73,3990617.06,708,0
680817.85,447746.43,1983195.14,2417703.67,647,0
1888672.46,1693264.61,3113331.96,9374307.64,702,1
2254356.33,1930792.8,1234275.13,4083620.67,527,0
2239960.44,454705.77,5649714.38,6557941.06,567,1
1612202.17,1321694.84,1911384.55,7333217.01,698,1
298530.29,73600.72,805335.14,7743464.76,719,1
1176227.52,1019945.24,919846.83,7370963.16,671,0
2770223.16,1100548.65,3267936.08,2927192.36,744,1
1794901.84,838980.88,2718995.0,6876373.58,484,0
1661162.64,438790.7,4448337.72,5512644.35,603,1
879675.19,245069.53,2292673.08,5993858.01,832,1
1168501.87,828138.77,2013404.92,58105.44,778,1
2696503.66,2321777.46,1794055.42,2619663.13,713,0
2032742.84,1275594.81,2459762.99,9310302.78,634,0
2383422.38,1671005.54,6976037.04,2936257.03,753,1
1417601.73,1039639.08,2584741.12,4408254.45,692,1
1927716.94,740185.46,4517206.11,1907406.12,498,0
820312.47,190034.19,1107088.85,1429095.39,749,1
2145836.41,431980.3,3424801.74,2126256.24,563,1
1340043.87,596928.57,1724451.98,5558790.92,725,1
1383381.99,510502.48,2917224.75,9194335.08,488,1
1983034.74,483111.7,5065489.81,3295681.84,809,1
2815213.8,916830.13,4285010.55,3267909.12,622,1
285618.41,82015.1,412033.79,5663198.84,539,0
2491755.39,2094108.27,2543731.91,3599590.04,581,0
947911.02,282654.79,503615.72,9108639.68,616,0
1387366.42,799614.08,3909242.25,3809588.02,649,1
163548.65,100610.91,155083.24,4929900.41,781,0
973033.63,564790.19,2337299.15,5357223.38,657,1
1557630.6,419531.45,3342739.24,7831574.56,432,0
262910.62,111252.96,623821.92,5660864.1,527,0
1524177.62,359537.09,4283403.06,2429593.25,850,1
2788620.82,1330085.52,5215034.05,1283672.71,663,1
405640.33,134680.4,1092734.63,9380856.74,745,1
2316878.11,1374239.51,1165602.77,8025551.8,619,0
1288046.05,882267.59,2421703.98,278503.84,549,0
2000003.77,1144969.96,4633662.42,8224213.39,601,1
854686.13,430732.49,696503.72,5926448.05,662,0
562527.56,265025.52,1250083.29,5212997.64,603,0
565341.58,446158.66,1320315.96,171680.33,841,1
304426.64,107632.37,759107.28,7819597.36,588,0
638375.44,455769.96,599210.3,2020746.89,544,0
2026236.22,1479633.93,4143287.88,7293413.07,730,0
2656902.77,1311022.12,2425114.18,207889.06,743,1
2460964.49,1004345.25,5456256.45,7973718.81,652,1
2086889.5,1104755.56,2898524.64,279242.71,589,1
420252.4,111471.84,753358.38,2397134.4,459,0
938643.59,217907.07,1170976.6,2719368.21,772,0
998439.94,277688.35,485190.67,1617210.95,736,0
824875.14,273034.93,440556.4,4836529.05,606,0
1593516.41,881093.11,370821.98,2872695.2,655,0
1653106.06,1313220.26,3065219.08,9933215.36,627,0
1134969.33,414206.64,2889535.66,5820689.49,812,0
1125988.56,962284.92,70386.08,5686454.36,546,0
2502811.23,2173530.22,497354.91,2247652.82,587,0
2388949.26,2081331.96,3278596.3,4116459.92,578,0
992607.91,780481.56,2196802.32,1283581.04,681,1
2749986.49,1250357.06,1301081.68,7637166.06,655,0
2863163.55,718306.86,2333346.47,3345034.5,670,0
1047553.37,626618.26,729116.64,7532060.04,561,0
1127832.35,666635.77,1350188.62,3748375.2,798,0
1566339.04,1245212.97,1057272.64,9888134.54,604,0
2829250.36,2538385.7,2992769.81,1752660.14,768,1
2641326.36,1467811.77,5772956.3,65162.74,850,1
397447.09,175529.65,728531.55,5968514.14,562,1
1238919.16,409005.87,301732.71,9531884.34,684,0
1704776.45,346683.13,3261641.38,6488187.85,636,1
1559084.17,867442.6,2231410.4,902949.05,850,1
662202.9,389946.83,1856616.09,5427779.81,621,0
2590568.64,2014055.55,2248388.07,9099395.01,674,0
2063128.27,1141330.56,4494523.41,114735.38,672,1
2529934.29,2129010.15,5547089.57,1710776.52,639,1
2590416.41,1656981.7,1721337.77,8154887.48,725,0
2270231.98,1789477.13,6151581.46,8944375.71,659,1
1373710.74,417348.73,2024230.92,7086248.18,698,0
1870585.59,1494102.73,3809728.33,9916023.63,671,1
565059.68,380059.53,247251.29,947648.5,589,0
2053571.71,655424.36,1588256.49,5479481.33,623,0
619834.44,206302.28,1089868.13,6865697.49,705,1
2112453.81,1792523.6,2021791.11,7041314.97,705,0
765834.67,170437.08,1148046.48,7945171.92,774,1
440898.77,230931.52,494695.3,9180379.15,835,1
579325.02,242987.86,1113266.53,3648332.38,597,0
105777.19,70400.46,154586.61,477485.76,663,0
2184344.89,1720697.09,30209.07,3656297.05,630,0
2223963.04,1005819.94,4334598.52,6732566.9,539,1
1593306.71,794791.52,2017707.33,2173888.07,706,1
567952.12,503968.03,582204.89,8109230.87,727,0
342307.58,256299.91,96681.44,2236656.35,542,0
155474.0,128739.14,102785.27,150130.85,612,0
580669.71,294477.1,389813.38,5105403.7,602,0
2683481.05,976393.55,7530138.98,7278292.64,499,1
800456.84,390866.62,1038623.91,3529070.64,646,0
1127386.85,790596.2,142273.45,7501513.21,535,0
405501.9,112162.35,168871.29,4412123.12,665,1
744847.78,289990.38,176601.94,1758560.44,676,1
1605751.26,373570.21,2836733.29,951056.02,689,1
1862482.78,936164.71,1042737.94,7120342.29,694,0
811521.71,632347.47,1213771.05,3887862.14,803,0
267423.26,58101.6,296889.61,9132098.99,569,0
1233995.32,830141.31,2975939.06,5425537.83,574,0
779189.78,664451.83,749166.75,3516902.56,715,0
736706.38,269523.66,1012821.31,3522459.72,636,0
2883602.13,1976837.26,6239701.63,1357806.75,762,0
1887271.41,1665651.64,2453554.03,5958202.08,706,0
1714947.49,1498168.93,4080968.97,5842563.0,841,0
1305747.8,475880.35,2591978.68,8009937.23,640,0
1343938.57,363174.85,1655177.73,2051909.78,501,1
1668624.51,506924.42,2522869.78,2943356.94,684,1
2119646.44,1465576.47,6150388.09,1017517.79,642,1
2136223.68,1512513.04,4240050.44,2988654.91,703,0
597912.33,401776.52,1623323.42,4309616.05,716,0
1550326.98,674787.37,831402.39,9642082.64,596,0
1294678.48,412800.28,1876906.35,6548006.73,549,0
2624528.2,1591862.35,7154424.54,7839595.6,635,1
1931114.87,1040052.73,1869002.85,3288823.36,411,0
1644261.79,1167728.26,4773279.81,1487902.49,658,1
434644.46,221213.19,126582.58,2604363.42,609,0
1856349.88,811313.61,5027020.55,2601853.53,736,1
439891.33,178347.34,587534.85,5851997.52,451,0
1077899.07,375140.38,238466.3,3447637.77,650,1
514241.7,198508.85,1356860.03,8581118.7,807,1
2107013.58,561269.03,1592524.34,9886017.97,717,0
698131.13,309132.4,46600.52,3465819.13,748,1
1236392.18,278928.68,503732.53,7065349.72,683,0
2697456.86,891481.69,5333800.74,6591991.49,483,1
692517.51,500509.63,2031454.74,1984901.75,666,1
1572634.69,672817.61,525867.68,9184185.52,690,0
1315887.82,878705.03,1823615.43,2034453.74,542,1
152559.72,107069.3,82673.58,7382723.46,637,0
2398998.53,1455783.65,5362024.65,3508715.94,359,0
300233.13,261529.6,106335.58,3702461.59,616,0
1475339.56,317209.67,1061544.06,4581718.08,606,0
1725967.06,1237616.51,1016970.69,8651854.38,790,0
1922436.72,1674732.0,3186552.95,1445506.82,589,0
2097031.72,1685154.17,5493284.23,592967.3,623,1
834489.91,264971.31,1279498.85,4050306.15,642,0
128938.45,55285.48,22529.46,603071.74,590,1
2197986.62,704930.11,3714964.0,6891628.79,721,1
1653404.14,1026624.84,3955873.56,7615234.5,450,0
2524741.34,1763611.58,1000980.64,8554388.33,763,1
2482026.25,1047295.04,541413.43,7451230.34,648,0
2545645.89,1470504.06,1434276.29,9167696.37,780,0
1506774.51,1030097.96,3372551.57,7495596.17,375,0
1067522.35,528357.24,1894896.21,9363952.62,406,0
2395518.79,1911170.93,3885013.95,1971452.4,620,0
1408752.93,1042596.85,1054366.6,5023638.17,700,0
631982.37,155003.71,629903.01,9939609.47,594,0
2579424.66,1637387.07,7474282.85,6831702.92,708,1
2659423.64,969965.96,1919773.25,8792479.12,748,1
1452298.29,857237.64,3928374.33,352418.25,716,1
319529.21,277933.51,556490.32,8723991.09,660,0
1224695.66,998547.53,453001.94,6992246.68,659,0
2430259.21,1174207.64,3407070.64,1749016.57,588,0
2715144.68,1097080.55,7726341.02,305525.52,644,1
690070.95,251243.81,866519.88,2636269.45,547,1
294223.47,168519.56,762085.79,9161944.92,571,0
2644316.31,740339.6,2034235.74,6697922.74,701,0
1229274.32,718501.63,2105459.82,9198717.59,603,0
1671106.8,335781.42,4230500.73,4489200.29,576,1
2907390.85,1240568.39,8030403.46,9369439.6,694,1
293037.71,103721.88,427093.7,4656450.16,687,1
1980122.22,1742216.78,3799981.88,2082334.51,628,1
314905.73,223290.08,2815.38,1556364.97,635,0
1188859.89,528754.19,903141.1,9938427.54,691,1
2431062.18,644210.96,2032699.36,3371933.48,746,0
1357069.47,762347.91,380629.54,1642527.6,670,0
2991828.83,1045385.43,2510398.81,133663.89,530,1
1721271.93,990593.17,1658215.02,2891417.19,627,0
1031370.24,809371.56,2997469.4,8896705.63,609,0
738322.85,465922.17,1480933.24,5363392.74,544,0
1116509.55,718643.49,1426916.22,6342728.76,699,0
1180346.49,683091.54,3498739.86,9227791.48,707,0
299269.67,254105.67,137573.36,5152757.19,722,0
1171765.18,998732.82,1673460.64,8390884.47,550,0
1446291.71,808341.46,2807522.11,3272141.12,665,1
2195939.48,909188.43,366155.13,9772163.54,649,0
2004515.51,1045777.6,4311705.99,834198.04,680,1
2155420.4,712561.59,645768.39,7262053.78,662,1
124254.68,80199.07,52292.2,6622634.55,648,0
731235.46,402226.77,350311.9,1957131.48,636,0
2018884.44,549763.1,5625963.64,3918997.79,760,1
1503569.17,508737.81,3081875.7,3162649.71,563,1
115409.08,61829.53,226926.85,990204.04,632,0
2433034.46,1998281.12,4054604.46,5868640.83,758,1
2341147.76,1396432.61,2056506.33,9937014.96,568,1
1690415.57,1144537.28,3148684.88,5617902.0,573,1
292743.64,128022.65,360206.17,5475336.07,723,0
2322893.64,1393708.25,1013358.75,451121.39,507,0
1792769.4,919988.08,3708866.77,1435241.22,716,0
2367683.93,1565964.7,920428.85,5156529.94,601,0
2280066.28,536734.21,1304211.01,9852526.71,691,0
2428706.01,1324398.04,5957853.7,8772246.97,527,0
1602223.39,652417.09,3172965.16,3435080.76,768,1
506941.1,217137.85,959626.05,5452892.33,528,0
2046356.67,1785737.19,2567376.17,5549387.11,722,0
1899373.98,622778.84,2258054.71,6869338.1,532,0
2252534.24,941270.26,4664520.49,6893431.31,830,1
592654.92,330064.22,1315703.76,7908435.26,642,1
665428.08,535083.27,1018530.57,298461.7,845,1
2682187.6,1318748.65,7799285.84,9439617.9,568,1
2274935.62,1639559.06,6522464.89,747117.36,605,1
2733862.62,2185618.92,3382576.69,4787793.11,771,0
2300274.43,959240.77,5662969.17,9199813.8,507,1
1831750.39,869944.29,2985393.24,4902304.85,580,1
1996984.94,897823.17,3065906.4,683186.5,699,0
2678470.98,2097240.28,441658.93,2330938.2,548,1
1778539.59,410918.77,3062510.24,5807734.22,702,0
1933934.84,804313.37,5224977.11,924223.1,667,1
553782.48,374127.68,1296073.36,4265595.41,498,0
1474371.54,878445.97,3477970.85,3324478.0,746,1
2177551.62,1100540.15,1044761.21,8161315.9,523,0
885733.83,511922.05,952472.4,1145812.79,727,1
686537.12,232261.83,480311.5,6843844.58,662,0
1010097.74,506565.67,957315.94,4095561.26,604,1
800351.82,441147.59,1391506.11,5898119.27,539,0
723246.65,600896.74,791486.01,2095041.13,682,0
1332067.44,509628.51,2240661.93,6116551.66,562,0
2732731.69,2206626.05,3594918.77,6756078.39,770,1
1570472.98,1022329.19,1350365.97,748804.07,774,0
644969.1,138177.27,184596.8,8252225.46,814,0
323217.84,228593.21,864774.3,8619478.42,678,0
2118852.82,476501.0,72295.47,682362.85,609,1
1210116.42,1086886.38,5999.11,6051715.51,620,0
2483309.75,2013580.98,6159584.65,5960414.39,612,0
2012581.23,821416.16,6018488.96,173961.2,674,1
2409100.21,915910.65,5254990.72,3456346.82,693,1
888643.51,415004.3,40718.99,9690811.54,773,0
2107840.88,947088.48,1433480.78,5576734.99,652,0
865779.76,398809.73,2524153.26,9335457.44,509,0
2823298.59,1193672.52,6848793.74,6772664.13,609,1
1945485.42,1234981.27,3308102.49,332485.66,805,1
1041084.22,327925.46,739775.84,823246.32,494,1
881584.4,698379.62,38005.65,7235680.61,723,0
653687.1,502477.33,40910.63,5567949.51,610,0
2114458.78,1128144.63,3882024.93,1315159.06,561,1
734275.28,585152.03,48091.82,6159923.65,689,0
1826379.47,681242.37,5444237.08,8112359.24,806,1
867441.58,184154.22,477224.29,7542175.18,684,1
2019709.94,1279376.27,4306268.17,2499316.48,623,1
2463325.21,1282250.89,1145887.56,2619039.92,520,0
2356273.21,1406730.88,3817822.97,9679986.16,640,0
2306468.86,1913302.61,557782.28,8879677.78,516,0
644394.98,566389.61,1482324.49,3217456.28,619,0
356316.35,229509.49,625250.84,8249342.17,643,0
2126951.6,1562966.8,549817.16,1659298.37,413,0
1168206.92,302175.3,2973972.78,2008568.96,788,1
1353804.06,423065.0,2221668.06,1852900.74,526,1
190332.37,135753.3,526226.54,922821.71,631,1
852771.7,428053.72,2345011.43,8554047.26,703,0
197661.57,101237.45,545847.05,5809128.64,780,0
2649638.74,1102316.96,618308.04,2626613.12,570,0
805850.38,503776.94,292421.58,8494117.58,399,0
1716277.79,565711.82,5085532.64,8036335.26,757,1
213040.03,136098.79,311635.48,1054467.61,525,0
2033857.43,654208.96,1453480.27,6459186.77,685,1
1036779.3,253677.32,2393916.64,7232244.34,692,1
2703965.64,1166086.22,2143854.47,7172482.0,324,0
2675542.75,968006.66,5837089.98,7245269.94,488,1
1043342.79,857934.67,2620728.25,1736104.97,603,1
2712786.6,646911.21,6382617.54,3185110.22,391,1
2988857.25,967282.63,2457269.34,8449576.16,516,1
2493705.43,1456582.63,3004555.25,8988997.91,662,1
2550126.91,1368773.05,3161527.51,2827929.42,641,0
822125.33,190812.34,1211663.74,279044.19,680,1
1772436.96,363485.52,889973.48,8604681.12,694,1
295042.15,263073.61,400493.21,3802063.79,481,0
375262.02,248117.35,575032.37,3328162.38,521,0
2996788.57,1365889.16,4780258.34,3502646.81,726,1
1047253.82,554314.14,2575931.58,4186179.42,802,1
2269733.34,877445.06,3522634.09,3813752.89,553,0
2439328.65,1076748.08,1688873.51,5685987.45,675,0
2588267.49,1693583.98,5149063.66,835455.77,730,1
2993122.06,2448278.84,7159375.67,9716824.93,673,0
800339.81,263224.57,766817.57,9367687.79,625,0
217017.4,171064.63,420127.84,9347346.13,585,0
1292455.4,368465.65,569732.42,8798812.36,848,0
477233.94,167267.9,489536.52,6620246.71,659,1
165035.08,37301.67,450161.53,2250030.2,688,0
1145237.8,341931.71,3130993.66,542360.7,682,1
2372840.93,1998198.3,4095461.12,1038244.59,568,0
1741924.0,908599.97,3670328.61,3273725.38,655,1
1007056.17,256160.95,2580124.48,5063636.1,617,1
1997591.82,1741518.1,5744393.99,9932868.06,615,0
772852.72,630102.66,1135830.21,4382662.74,681,0
141706.19,103201.47,238736.28,5270228.6,558,0
2316624.82,1977079.33,2888656.71,6966814.61,529,0
1908854.95,675907.58,412209.23,1848303.01,700,1
2310677.61,1814941.38,2930887.55,9331628.67,596,0
212920.25,145423.22,505021.71,5313894.33,615,0
2527646.92,2044440.39,6103399.05,2798750.64,457,1
1896625.98,1437335.42,5077516.86,9354334.41,746,0
1733846.52,767307.78,267706.1,6273233.65,702,0
1911380.74,1418395.46,3022779.39,4862712.83,720,1
2606856.42,1000301.41,840120.65,5822551.3,688,1
1802115.87,774935.98,1085282.02,7495607.08,498,0
1784756.1,491760.99,4820000.69,1587653.14,672,1
2972969.56,2540561.93,4430835.86,8655062.79,589,0
2294517.48,926302.11,5221483.75,9597092.76,553,0
1382652.04,780418.21,267062.45,5691646.53,700,0
2151451.3,1019643.74,2690345.77,6838594.93,815,0
1228768.37,1071424.19,2485455.39,8605343.13,799,0
763738.84,331870.81,305663.13,3779365.78,712,0
1830870.44,1363965.66,1789590.97,9928676.36,646,0
2791728.08,2230008.13,540599.76,6820988.62,628,0
2794504.61,1411013.98,5460517.4,4268787.05,559,1
1091525.31,507253.94,3179257.14,6789512.85,623,0
1630264.65,1179369.44,4044909.09,5240716.32,740,1
713744.11,598850.71,2086894.52,1160833.64,832,1
2987330.22,2176127.31,7578302.27,7968859.78,568,0
2945241.93,1057307.85,7556275.65,5665537.02,450,1
1983575.9,1630133.26,3434624.32,7968663.3,596,0
2432800.77,1146596.44,3782413.87,1591373.81,740,1
2173790.47,1311579.5,2649334.96,5406653.71,850,1
1820158.84,1423373.19,4467187.95,7677911.51,781,0
254709.19,84531.95,139122.88,9883630.45,778,0
1418816.59,1062916.52,239318.53,8849752.9,565,0
2056880.28,1269740.91,5849112.32,8650278.79,567,0
2064841.68,1704194.68,23404.06,2512228.37,517,0
1182055.59,378706.12,3463999.69,8387946.79,583,0
2830906.76,1399819.88,6189947.8,1734348.71,741,1
585335.39,458311.86,576846.13,2021171.26,812,0
1551042.39,331088.91,3247044.48,1145661.6,684,1
2103563.53,585928.6,5161357.06,8583085.48,624,1
2121693.84,1895512.04,1561749.49,1127132.24,543,1
1981052.97,785043.6,4581555.56,1424209.22,638,1
898335.82,793122.94,2167782.14,2496577.14,670,0
552999.05,181257.65,413678.62,5747990.97,503,0
1944226.95,880280.07,244543.04,8807792.84,742,1
1837976.14,1336224.48,1125515.66,4211370.14,607,0
620132.43,409563.29,373282.04,5485545.19,736,0
2144903.52,1301496.74,419803.44,1706569.53,648,0
1419998.78,810719.08,3092788.79,2696161.27,679,1
2036505.72,1609671.04,2321463.32,1382561.34,579,0
2528364.53,921497.84,6708151.85,4128692.51,615,1
592212.44,301868.24,448016.6,5923839.8,714,0
155520.12,48027.19,211460.16,2875994.32,636,0
2359397.5,1456123.68,4523088.37,8467658.76,539,0
1868122.53,701257.89,4917636.13,9813321.59,661,0
2128954.75,923305.2,3350683.76,1245540.78,688,1
2530649.43,1340929.13,2835779.66,227707.56,787,1
2428151.71,531132.47,6315732.44,7908280.23,765,1
2886668.43,763109.72,2686735.68,1946894.64,643,1
1654211.73,1125112.86,394150.85,3563808.6,595,0
1516637.33,758741.79,2024902.43,3972600.62,627,1
1265472.88,1019152.58,2980542.86,9170163.92,597,1
545704.02,374500.52,50391.67,6605440.25,700,0
1760560.98,362095.74,3094444.25,454064.43,754,1
903336.32,570636.32,1611002.9,197361.9,773,0
2771791.79,736208.43,7721173.3,2035702.57,608,1
1791253.33,1337445.08,1539393.17,3215810.81,598,0
1819236.52,1626498.2,1521809.25,4871012.15,607,0
1129281.52,645767.39,1492290.14,8386502.15,456,0
250769.12,170007.83,268509.71,3182436.67,529,0
192056.92,70315.86,424260.95,3796545.33,646,0
1327671.92,672224.75,2556108.63,3326912.4,687,1
345239.6,275938.52,786028.78,139205.09,699,1
1859856.17,589939.06,4575479.36,9554255.31,571,1
2654821.72,1024429.13,7351051.06,1433009.05,600,1
2660452.97,1361629.33,3439460.72,2912291.41,623,0
2011231.69,1404994.62,5941363.78,1336567.86,611,0
712572.31,330005.61,461021.77,4930904.4,718,0
2602690.81,2210758.36,5577814.93,9325052.84,519,0
2669670.96,710452.67,4276887.5,1051972.14,535,1
670295.4,308042.92,1642694.12,4436924.39,620,0
2238535.65,1558620.48,3201803.42,272629.72,513,0
930906.69,333442.15,2189321.17,7720437.3,459,0
2427656.91,1601013.5,6774391.51,6430200.13,500,0
2991989.91,942332.82,6573051.17,7012001.7,625,1
187075.42,44745.86,435564.48,4749746.79,713,1
2702361.01,769391.91,544596.8,9080948.64,715,0
1905628.55,1621669.6,1171719.52,4125096.64,808,1
2922809.6,1713425.86,8543112.97,5165146.49,660,1
1448527.6,1097175.71,3012301.52,6968127.76,673,0
2557425.0,1107002.26,4307591.26,5229578.38,624,0
280942.8,172740.79,309298.11,1933889.7,629,0
1072309.25,585981.07,142796.21,3204852.65,850,0
294347.96,253732.82,325963.2,968329.96,676,0
2928495.09,2118187.07,4383191.69,4354504.3,684,1
2469224.33,1756556.41,1566422.9,6113451.33,535,0
2572387.52,597944.5,1336124.76,1229372.95,691,1
2820099.17,1649105.92,4301355.29,6324341.86,715,1
346800.11,182726.9,609574.96,8934077.79,761,0
1218233.02,1034876.26,876827.79,3410351.14,713,0
306001.18,116323.1,539225.61,2259229.31,637,0
711299.99,276612.77,1921235.43,8935410.34,633,0
765160.75,373354.35,1086160.82,6934855.1,642,1
1460410.91,540876.03,3756425.88,1098678.94,660,1
878830.29,255237.57,2444742.69,4110713.92,776,1
392836.51,314344.0,108887.24,6757191.52,757,1
585724.16,346042.06,168357.47,5765119.56,725,0
527099.13,423236.31,752767.43,6204543.84,850,1
2921922.71,2284342.63,5155169.67,5692994.98,384,0
2301948.27,914862.49,2941085.11,7990710.58,603,0
2906508.25,1695704.03,2846495.57,3238248.22,648,1
1375247.41,355160.93,2644576.5,7099200.36,582,0
907268.6,762719.22,5665.47,9911240.45,557,0
2415050.27,1166430.4,7013836.92,3930090.63,478,1
1046136.36,497514.55,728359.12,7920930.73,618,0
968211.78,398834.28,2663837.5,2498786.91,739,1
774267.38,404527.31,253219.68,2854872.29,727,0
476069.04,179112.2,340037.81,9351895.55,574,0
843742.88,390143.83,594519.04,308086.64,672,1
1130427.27,859082.83,3378235.23,2213402.08,785,1
2054583.2,1610749.78,28356.61,4855060.94,497,0
281438.04,116213.57,540055.58,4048383.84,634,0
710470.13,375348.54,1853659.0,6310238.83,678,0
2446168.56,1985491.03,4933484.02,1967584.4,651,1
526073.58,124611.75,572474.03,751942.69,735,1
1093670.92,899436.58,3144225.26,3724867.31,500,0
2607510.87,921570.07,6989595.25,5267334.66,549,1
549283.4,370753.92,715092.71,5641918.28,718,0
339936.82,206608.91,584686.4,6034860.56,479,0
1505160.19,883617.12,4368814.08,5509186.86,731,1
977016.58,783129.75,2879933.3,2495232.11,694,0
1733884.26,470056.89,2339824.49,7657269.87,724,1
2431034.18,1076752.73,6179810.65,923413.6,603,1
497730.62,287079.53,450914.41,2023621.1,700,0
1784027.35,1369958.52,1989973.0,7406811.19,532,0
1565975.41,550456.26,774321.04,2833275.03,608,0
517828.48,394611.65,324965.22,4960060.74,653,0
1909595.61,916122.65,3763087.12,3305617.52,560,1
893557.21,296875.18,1369237.8,5094463.06,671,1
1514719.52,1107700.01,1050299.83,3499225.21,535,0
338589.74,89262.15,409263.19,9942369.5,676,1
1432793.77,802847.59,1604084.8,3606902.01,824,0
988744.06,241958.57,2928739.6,6289141.7,524,0
2484905.51,1116946.39,6363091.36,8889015.02,647,0
265238.31,164647.68,308710.6,6397453.19,488,1
1313961.1,774292.15,3602552.49,5680279.69,566,0
1429451.13,690794.83,1469341.64,5713833.07,720,0
2202517.62,1101993.56,4413194.55,4989784.07,606,1
1765433.97,633329.46,5119670.22,8085424.99,724,1
2034915.78,1056361.03,2382553.85,551719.58,685,1
2353442.93,2041090.22,4800211.39,8857042.58,643,0
2600388.62,2068133.39,2308550.74,5883607.59,547,1
1010238.94,304751.72,807117.21,8496288.55,718,0
1660265.85,366663.99,2859758.11,153407.39,680,0
2536313.43,2164659.86,7451165.85,8699300.22,497,0
2969408.28,1688776.2,4036618.21,1245368.32,553,0
2679606.0,1544756.62,7537492.96,7226119.16,373,0
1177255.06,878823.96,3229317.25,4194387.86,513,1
665982.9,279900.81,507004.68,6826670.29,618,0
1519238.36,816340.4,1831378.37,6300487.89,544,0
2250760.21,1976311.6,4343758.87,1675795.64,566,0
1528450.31,1024832.17,2375422.17,5170406.96,789,1
1501224.5,461808.97,432165.89,2808443.21,752,1
2530868.22,742199.18,7544756.3,5626346.59,580,1
1148070.96,393771.5,2592300.6,7393132.67,729,1
2593404.56,1910556.4,3405353.14,858521.23,771,1
1279733.92,520549.56,2373273.79,5181836.11,711,0
1051876.01,226124.09,276347.24,6195416.72,679,0
1416570.74,1219556.99,2104889.49,2988906.16,759,0
2311096.18,736776.06,6453729.72,9532384.65,726,1
465405.88,96195.08,1251850.08,5227013.11,528,1
669615.73,245074.08,677746.56,1866045.04,631,0
2859189.99,1042232.37,4557845.04,1122493.2,594,1
608925.72,301664.04,1273964.29,5439512.51,765,1
1746409.22,1474445.95,1781385.96,3783621.89,591,0
1780011.95,1451474.15,346457.35,1965843.62,574,0
1519910.94,790089.51,2304678.91,355449.94,752,0
1969761.22,960514.53,3555236.22,5687670.8,675,0
766497.5,451088.66,13432.72,6006072.36,850,1
1702720.58,630718.02,488214.47,1460935.88,563,0
1179302.44,278939.81,733375.09,6037293.6,598,0
2018835.05,1731064.04,2107980.47,9522128.91,762,0
509548.28,168502.16,827075.15,9784041.32,522,0
1755544.51,594919.82,1547562.97,8890504.72,781,1
637284.03,338220.8,528022.6,8080431.88,529,0
908064.88,494104.75,2368276.83,2133209.98,711,1
734258.42,156326.52,319513.96,1606530.07,465,1
630229.56,191317.73,936760.87,4477228.64,654,0
2494561.76,1159243.74,7130640.31,6215335.93,513,0
928551.95,630126.02,1741071.81,8514252.91,842,0
2788658.97,1003618.62,6000124.48,2358032.26,542,0
2912786.92,1445063.05,3768304.41,4822496.61,567,1
1756655.36,1036675.31,105041.84,6492030.41,703,0
514703.26,423093.67,997696.21,4483658.85,589,0
1186189.91,507985.06,2248746.61,4569227.09,719,0
2413423.56,708317.58,799525.98,2289915.75,578,1
1165433.11,632236.46,1615848.7,9867276.0,571,1
352349.93,254645.1,967548.28,4778173.17,647,0
1714676.24,474796.99,1054962.27,5350782.36,528,0
2550850.47,1268482.95,3528581.92,2224664.95,689,1
2408186.52,511618.26,3331267.43,5165660.35,737,1
607857.11,135850.85,1478481.36,2590728.11,705,1
2051017.38,1103585.5,5073658.33,2063245.7,714,1
739462.36,302246.45,1684353.48,2793436.4,457,1
732801.85,580067.7,803416.45,77458.5,603,1
2634808.14,1637554.38,569410.43,5723003.56,627,0
824039.96,426649.22,863963.82,3905426.05,795,0
863417.3,419236.38,1760830.46,8991955.74,591,0
101894.83,55845.69,214818.73,455036.38,419,0
2624940.2,599292.7,7599203.53,479842.99,549,1
2398524.96,1978676.0,3264209.45,8864441.5,583,0
1919253.91,1725048.85,3641413.4,1310114.19,434,1
2275770.72,744270.3,3681224.38,71493.04,746,1
540940.85,153772.21,244427.19,1830192.94,493,0
1429138.42,429462.13,1977366.52,8247567.94,694,1
1118536.22,741275.14,1828253.57,8037005.12,540,0
371951.93,246607.32,1060899.44,3434315.5,800,1
1509778.41,1198080.0,1660178.25,6696907.63,622,0
2770144.99,2011896.67,8145049.85,5097134.59,602,0
216171.45,111281.34,351689.37,9052113.15,702,0
945236.65,594552.67,687572.45,611413.58,549,0
701868.71,478533.58,403569.71,8141132.33,707,0
790625.3,441892.76,336082.76,1747456.76,601,1
2734460.2,1457346.12,3715580.72,3946627.93,590,1
1457400.26,949595.68,95866.75,1959973.66,641,1
1452268.3,857175.49,1938975.47,7041013.38,541,0
2305669.36,1500436.5,6836803.25,6799345.49,630,0
548027.39,344708.32,1101710.64,5501581.14,683,1
1513069.53,1064349.99,3448827.68,6996722.22,419,0
1346957.12,875471.56,480885.48,6413669.57,759,0
1831041.0,1032377.06,2598801.23,7775598.45,731,0
2998717.34,2030904.61,2574906.53,2432096.18,464,0
2331401.79,1199826.5,6253501.74,4317680.52,448,0
1253810.54,462869.06,681919.24,1558683.97,734,1
2499903.85,502462.56,3440367.63,4324455.96,726,1
595054.25,352257.18,1049760.89,7031832.93,712,1
188344.69,115541.68,290450.73,6929342.05,507,0
692900.28,610053.16,1725827.92,7108797.69,832,0
1087193.51,492536.53,754903.16,3122236.91,574,0
1580684.2,752236.97,1789608.49,6639029.04,673,0
1883874.51,642890.46,4476562.24,3706289.88,675,1
2740756.58,683473.45,4341945.59,9447695.86,809,1
1578576.63,1169667.1,1904319.32,3466495.34,662,1
1553699.37,582290.39,137234.45,6050031.43,691,0
245704.73,153868.51,555331.08,7513949.86,642,0
201243.5,137135.6,586935.98,9068753.92,530,0
1698363.89,899904.74,3160419.17,4407389.6,418,0
1370717.98,1115005.71,3522229.35,3636826.83,653,0
2533623.15,1293810.85,3928705.04,4328780.34,508,0
565970.8,226069.13,393373.98,3270778.7,685,0
172417.82,142625.89,7470.23,6556548.68,664,0
1402212.43,1126109.79,2748609.51,9330531.8,662,0
788687.81,248300.98,1166726.82,1304406.51,544,1
243881.68,53208.33,572218.24,5631174.54,753,1
2201335.03,578928.86,4587686.22,8981604.82,697,1
423619.7,169694.93,1255548.26,1046139.72,531,1
1864126.55,1641516.03,2853861.71,4963960.84,850,1
915044.28,540755.76,1172651.54,8659034.48,628,0
603138.55,278217.69,518831.28,9009499.51,516,0
1201279.42,987573.33,1718530.96,5167804.0,574,0
2424192.75,1253781.42,6348026.13,298271.25,499,1
1237071.37,520395.15,157502.91,1101109.83,785,1
2277231.98,1955809.05,6680715.79,5887831.62,758,1
463910.26,368652.03,1382416.2,1282393.13,723,1
2341037.12,1850748.71,4198566.11,1536706.88,705,1
787106.64,439677.24,782881.93,7732565.12,774,0
2064440.08,1553711.8,1381413.69,7519385.98,625,0
1740766.51,566701.93,1443915.66,8435588.96,692,0
2794519.68,1680221.92,420061.8,1102064.61,568,0
1223235.3,1087079.61,1743517.49,2021541.57,634,1
291879.05,117823.08,50195.26,8337966.23,695,0
155550.91,117603.74,335277.95,7224821.71,341,0
2497889.83,1357190.68,2787116.41,8069263.47,588,0
1621733.35,369534.61,969949.3,9897969.47,666,0
2348207.75,1723851.19,3838288.04,8651094.48,642,0
779834.24,247986.04,2278112.55,5228609.35,604,1
1100742.86,706711.59,2295481.62,3142143.44,708,0
187301.23,48691.75,276314.37,5718282.04,579,1
2888327.74,2492069.91,6731949.37,6403936.17,527,0
2036816.93,823295.09,4506313.69,3386355.81,768,0
2806294.75,1006127.62,7507417.64,7720823.52,754,1
869939.58,252626.52,534148.86,972900.24,590,1
1873244.47,1615114.26,4826663.02,7804958.86,643,0
2067649.91,1443907.38,1867249.68,368385.26,734,1
1020894.13,734188.9,2881980.85,5004762.3,654,0
2559516.78,1406667.41,2158172.9,8621292.81,703,0
2846768.24,1515361.64,7915568.99,910627.98,697,1
2666079.84,738543.76,7708628.99,5201502.42,618,0
2243294.23,1327780.66,979139.77,1635944.82,701,0
904647.57,337290.2,2644736.86,8953416.71,553,0
916686.52,810352.47,235743.27,8331837.99,689,0
2893744.93,2192320.43,1897438.27,9342476.57,642,0
129825.04,63496.7,172992.69,8756074.3,613,0
2176544.92,665889.72,6487827.9,7378705.43,525,0
2148113.87,1610510.1,3148467.2,1889647.5,663,1
1905799.67,543986.95,3146910.4,3059901.03,653,1
2971315.65,988062.37,6190067.17,4993708.83,566,0
1004450.36,349613.38,2917808.45,5909522.98,490,1
1085918.41,640500.14,2551967.11,7832724.78,485,0
328924.27,247002.28,221189.08,2308248.3,624,0
1384114.6,581356.39,1258122.51,1326360.07,680,1
857040.73,222203.98,251014.13,4851971.2,834,1
1095821.44,575500.13,2118614.15,1620522.04,645,1
2520258.19,1823853.31,1366536.71,6952681.18,487,0
2812905.09,999044.56,2172166.56,5777527.36,629,0
638625.91,226039.84,1701517.17,7424022.58,775,0
1180275.9,1018647.64,1156985.55,681193.77,581,0
2793028.63,2424090.8,4747981.52,9648740.73,761,1
279244.54,249456.41,333054.41,50055.09,667,0
367845.53,281534.89,81696.23,3288152.03,714,0
572093.87,189780.08,622776.52,6812366.19,835,1
1826117.22,636195.62,2235541.12,499163.63,466,1
536369.59,235014.45,1441280.49,879328.33,739,1
2907421.51,1228946.06,2829944.42,812980.3,640,0
1395472.13,1213459.9,1587661.24,5836021.78,555,0
1554402.09,1169457.19,3650809.11,8964456.88,639,0
815309.99,576266.12,1856354.81,5576597.93,819,0
1465784.73,483964.38,3510343.11,6055534.96,783,1
2019549.53,1689692.25,5778561.76,3492716.43,449,0
2278413.7,1776044.59,5437827.3,236474.53,573,0
2286217.44,719128.07,2795642.95,265066.44,744,0
1775884.23,1438145.2,4376712.05,8888684.17,647,0
2722643.35,1063391.73,4154818.81,1070595.77,648,1
2470482.76,633947.67,2058263.19,9997904.25,493,0
2295439.53,1514475.03,2085983.44,1686004.98,575,0
261256.01,171818.48,175440.51,6762612.72,514,0
119946.09,31959.92,52174.02,9492106.95,484,0
716097.1,303049.62,396339.15,3654778.31,524,0
2024218.42,1811615.01,383658.52,7357610.23,557,0
1292472.72,872288.11,3444895.51,3541023.6,573,0
1266978.15,900888.13,3538699.66,3084163.51,565,1
2665301.98,930302.6,4691760.86,2057950.62,752,1
2697132.26,688166.42,6800734.49,8218302.32,559,0
2736608.27,1077761.67,1507086.59,2611001.28,792,1
1010246.42,378063.38,2732738.27,2867423.72,601,1
2104061.86,766259.08,3196248.13,9989748.93,693,0
887736.23,297327.74,178874.39,3306738.83,697,0
652768.52,393181.4,276733.53,4256606.16,560,0
635434.13,273028.53,589002.56,9901051.8,617,1
1092112.1,845558.52,142709.28,3724538.44,599,0
1346877.1,442803.61,1249740.5,3693212.47,687,1
2509752.6,1318219.82,451231.68,8285758.94,637,0
447684.17,93816.91,316997.47,3153707.17,575,1
2231284.96,1198596.36,1778354.79,2376171.73,661,0
1641219.25,392393.78,4895932.52,4260942.04,683,0
935041.49,826956.74,660737.74,7021375.97,835,0
1529176.8,1152103.96,1097275.1,480268.1,656,1
969832.0,526694.46,1998209.76,3770464.47,651,0
1828637.67,476563.37,4714360.37,3495136.77,692,0
1358147.38,834869.23,1577034.88,2485942.56,555,0
576776.03,421700.93,1515106.47,6560158.99,477,0
438090.92,146104.23,447039.39,2935401.3,618,0
1685417.48,1007451.28,996162.02,6086979.01,757,0
2716997.8,2091946.01,2686883.88,5068151.57,773,1
1097477.29,809689.6,2006264.35,2211039.21,462,1
2225700.31,1696193.77,2451451.93,2702332.27,716,0
2010117.93,1639304.23,4057787.7,1747470.53,431,0
2801509.25,2399149.41,1991334.17,613460.69,695,1
2480844.95,1200393.57,5217164.04,6210925.21,689,1
1743155.25,1042648.04,1816917.02,6744247.5,477,0
2005388.44,1510983.32,2742579.49,1701699.94,750,1
2705320.75,1861254.92,4526638.51,6173154.23,824,1
1258604.48,1128797.25,2591057.58,9821743.16,643,0
1047704.65,219572.03,750304.33,790300.84,664,1
131352.14,58923.68,329409.71,4929190.18,797,0
2496998.12,990607.96,5407319.96,7343730.23,537,1
2422844.03,929454.08,1701548.24,507791.52,539,0
402918.1,143346.51,1178504.7,7793821.27,566,0
1772886.41,1234614.49,3535828.64,9796136.81,653,0
1445546.92,374876.04,1962012.88,930454.24,653,1
444256.38,319476.39,209947.56,8231187.56,594,0
2943647.86,2017570.62,4708844.58,3816886.37,619,0
722618.07,271388.53,357210.1,1483956.21,596,1
294979.12,111202.31,380073.24,4957272.43,600,0
1825057.4,1168406.15,2237771.44,761611.42,573,1
2242713.36,1645074.6,4843854.78,5244909.01,573,1
194085.99,157896.71,112016.64,242600.04,449,0
2010281.15,1601184.3,4956577.48,7299683.84,627,0
1643646.44,1438877.84,1608138.72,4905298.37,454,0
399468.53,242465.18,532078.45,4616449.63,725,1
600319.24,501902.24,1390953.45,2002105.36,594,0
1747125.46,1338226.98,3277916.96,3644568.4,638,1
959437.08,792751.52,886592.83,1859600.85,612,0
2821115.61,587183.11,3268569.3,7367131.5,625,1
2474346.67,2167854.53,2269867.75,2030301.73,776,1
2952344.9,1569086.03,5267900.01,6186695.6,514,1
853045.43,647229.53,851231.52,2832094.64,487,0
2912198.54,841750.26,6340127.29,6586972.85,661,1
1350578.22,644440.24,2349143.73,5427526.84,600,1
1107804.51,432068.64,484243.32,4263214.38,685,0
246013.63,99429.15,228990.93,6746358.29,721,1
253019.25,72434.08,168091.4,4186434.61,539,0
2106832.64,1609693.21,2466973.85,8222637.5,710,0
1427994.08,294837.4,2210466.67,7309504.66,547,0
756912.72,316960.09,1150725.75,5429358.0,657,1
1880513.89,605689.79,4256676.76,8776753.79,526,1
833288.54,510245.29,472904.24,8297175.12,663,0
1775132.09,670958.54,5040342.87,5341801.98,647,1
1141705.37,435331.02,1174284.29,731054.55,539,1
2488301.46,1348253.05,2241328.93,5681663.7,514,0
2480018.87,1629080.57,5097767.4,3584807.05,725,0
1484316.15,422901.4,3586924.03,5424123.78,604,1
1117375.42,360753.61,1268685.14,6488948.08,751,1
1151423.41,429506.63,2579811.27,6466143.82,595,1
2436572.12,2148139.85,6459859.19,6751564.23,780,1
1051720.5,502729.5,2419389.4,6808722.82,555,1
706272.18,437389.46,72456.08,1137350.12,797,1
345596.19,127552.63,857806.63,1957537.69,667,0
1453410.05,789669.17,3376915.23,6323883.0,689,0
1498183.09,377367.48,3008157.95,4111315.27,549,1
2538635.26,569465.4,5788259.13,7640373.87,722,0
741592.22,391644.84,2179002.76,1292847.36,726,1
1204874.69,577209.08,1558311.03,1955653.79,617,1
2444376.64,723086.27,492956.72,5606723.19,436,0
2488508.47,1695473.08,3440785.78,5032442.79,538,0
1215372.12,1087797.48,169302.51,2700651.68,538,0
1431459.67,682738.66,1263622.77,4113015.27,694,0
979529.08,624147.16,1724597.47,398063.72,603,1
2804409.15,2451286.81,2604927.82,418529.17,605,0
444066.92,347293.41,913084.07,994523.68,593,1
2807873.33,1472691.81,6924100.45,5789084.91,796,1
2083212.71,1492085.77,2627592.73,8643978.33,654,0
1641559.24,475550.73,4432889.32,2639221.73,669,1
194711.28,108740.93,46636.62,387701.31,588,1
1479228.96,584801.62,3728159.16,7100839.67,647,0
1282469.5,401175.16,3187859.37,8560754.78,552,0
567534.55,282857.31,548227.99,1424819.21,684,1
2003587.85,584466.99,1795506.36,3888189.57,535,1
2916337.63,2010201.13,2669279.92,1629431.56,724,0
1730347.55,898687.2,4211979.37,1108256.43,576,1
2172784.5,1242400.88,5421011.43,6499276.96,744,1
298506.31,90287.16,295272.71,9676987.94,840,1
1311234.29,390538.23,2331074.35,6797747.97,650,1
437439.61,266134.23,182324.69,9848905.89,781,0
1877107.92,1669700.31,2639844.85,4372233.0,725,0
2821598.26,754425.99,8454576.51,8983804.4,506,1
2019155.42,807686.4,962162.78,2090588.04,661,1
322728.84,260965.44,917417.38,1223148.45,700,0
1128531.99,282799.29,2790593.48,7040074.51,709,0
1696923.8,1379802.69,4949322.54,3745512.89,667,0
1269302.49,719694.75,683819.31,3210991.65,666,0
2517567.63,1223000.98,1612641.72,6729241.75,650,0
2462545.91,1026331.01,124608.63,3368166.22,663,0
1874309.96,764684.75,4074947.47,5746953.81,527,0
1183028.04,489846.73,2285946.25,3029578.31,626,1
840475.48,688653.81,448978.91,7848388.0,504,0
407035.52,287634.36,966072.31,3158263.99,600,0
1129203.28,755218.05,1013557.64,5373191.74,590,0
1298200.3,985495.53,525753.87,280602.03,584,1
2059886.48,782716.21,2611293.37,7927721.29,544,0
2008663.49,1270740.72,548183.44,6222360.86,676,0
303313.6,158343.77,239536.15,1962758.82,618,0
1246252.01,931834.03,1388324.84,2192965.09,607,0
627158.71,261198.61,1602762.12,2661804.54,509,0
554756.85,360716.79,1319015.52,5786474.54,620,1
2499176.23,2043198.25,3319562.97,5505747.51,764,1
221554.13,106679.49,481597.79,2774944.01,766,0
1315630.34,324481.1,2244398.14,6955919.81,687,0
587790.6,329889.0,601030.92,8895959.6,620,0
2650057.63,1171804.45,5770826.52,482979.0,705,1
1715417.49,1150286.52,3517459.21,4201106.55,583,1
771003.85,667475.8,1431972.59,5955525.18,620,0
1557039.13,840685.63,2886542.79,5885030.28,575,0
2221310.44,1169149.35,4551345.1,244376.7,740,1
2878542.23,1894683.44,3320791.49,2145132.36,728,1
739293.41,201419.2,1927506.07,665215.68,646,1
2669927.14,1007775.57,1300050.36,5711202.47,823,1
2809481.93,2369195.45,7449780.71,6471629.38,691,1
2757619.58,1844736.72,2831649.34,1639434.53,685,0
1942701.63,406822.76,728697.37,3363460.64,674,1
1926479.9,661240.78,3467822.19,3331547.25,523,1
1269310.84,860575.09,1431731.86,8207033.2,560,0
2281953.86,1677417.37,5582798.25,1986861.08,644,1
1640752.65,1292751.81,2120437.2,5505725.51,645,0
2064570.41,835167.79,4140883.22,7840208.35,708,1
1342527.92,1143457.9,1241534.87,8304303.02,583,0
2221339.75,1304065.99,1395794.66,6682332.64,657,0
2490967.4,1712732.68,2899852.46,3030301.14,658,1
524665.14,324094.69,955112.76,8239313.42,662,0
2515496.18,719225.73,4957641.03,7434551.97,651,1
1666859.94,1457136.06,2891368.59,7059467.88,509,0
2549531.14,729198.81,7557236.46,719987.22,423,1
1350774.95,511156.7,2800521.93,480485.56,555,1
1199217.41,922845.18,3351283.66,6968884.71,596,0
2753676.12,1743126.2,974249.47,9450708.27,532,0
828390.88,651698.76,152522.33,7748553.08,644,0
2548215.74,1429588.1,2377444.79,8323181.89,759,1
1503659.66,697540.6,616149.83,5472573.69,722,0
1590876.78,1344755.18,2509776.1,3080632.13,696,1
994558.02,224150.13,1548470.9,6793482.12,748,1
1761822.38,1408209.05,3039392.91,7134110.21,557,0
1043112.47,377160.73,2332069.48,6769811.82,604,0
213881.3,169846.44,623247.78,9469755.11,711,1
888795.96,264361.36,2341778.32,3703431.38,602,1
118499.23,71828.69,42079.28,444592.51,608,0
2937228.88,2413449.14,2982876.55,9089021.31,836,1
2900666.91,1541639.93,2226172.15,1646966.23,659,0
1245950.36,900319.59,660916.95,6988317.48,826,0
2212275.48,1688563.8,3615244.46,8738384.18,467,0
1102837.69,789131.03,1830482.5,3135906.91,586,0
2046170.16,1734601.5,1394944.75,8312631.65,690,0
2435747.12,1249012.06,5202005.04,3353978.36,659,1
2845593.11,913969.81,6256727.64,7952866.39,444,1
1260615.6,294313.08,79343.13,744807.14,627,1
2371564.15,883459.6,2815694.35,6569667.84,850,1
871192.51,261565.32,2326451.57,6787523.9,674,1
2971963.68,1755135.11,4639104.02,4939687.01,710,1
174731.84,57567.45,182224.93,6886554.1,585,0
1850233.54,420472.22,1408080.37,9235677.52,674,1
2012567.35,453215.84,1469302.08,7351855.51,648,0
2095332.12,1638756.42,627141.5,9614895.49,761,0
449123.98,275768.84,1101107.94,4513692.52,758,1
2821736.37,1271642.9,733573.06,5306492.78,690,0
625431.51,516581.18,548431.07,2674200.04,657,0
1905984.87,474852.55,261171.8,9856736.59,482,0
745760.63,660912.05,1748182.02,598610.51,478,1
990927.61,625675.91,116781.86,3618273.16,658,0
1684729.77,553307.34,1558212.14,3012086.79,737,1
1309860.91,884612.43,2252819.45,3895791.55,783,1
564654.24,414663.38,693781.68,9181292.71,561,0
595715.57,298179.44,504459.81,3711976.85,499,0
1312619.89,1054221.24,1083655.95,9173917.69,743,0
2296120.64,701493.98,5495468.36,4262221.67,568,1
2704097.48,1068622.3,7901195.13,8554949.25,492,1
343970.22,91305.06,359147.29,5241413.48,600,0
1240001.33,431042.43,145621.47,3147960.79,598,1
390712.13,143434.4,42860.08,4521030.5,782,0
148118.19,124766.36,337359.96,4272591.74,736,0
2018984.18,514188.39,3345677.79,2636144.92,576,1
1847103.38,922056.62,4342129.94,2931905.36,789,0
572755.43,328005.05,1198485.6,1905216.52,662,1
778057.22,645075.67,2118275.59,3393205.54,756,0
168752.49,151605.1,448455.15,6262837.74,782,0
2521346.9,1833956.33,5962940.5,3896253.78,623,1
2926602.73,2574104.24,4172069.68,7137615.95,707,0
492832.66,370102.93,455564.27,9870432.79,609,0
771278.12,674283.61,1173176.0,3802155.74,743,0
2618387.62,1820013.76,3943854.24,4653260.18,659,0
2786745.01,712945.23,5102047.03,1682896.06,746,1
1316919.41,633891.43,735226.5,3952542.09,802,1
246805.17,161069.52,485431.13,7281982.89,704,0
214236.32,95442.91,293461.5,2213177.76,640,0
1764454.61,690552.38,3282969.83,1861437.78,642,0
1239395.82,748817.53,890895.64,3794929.99,354,0
183092.04,156260.14,238602.74,8195562.38,578,0
1791431.94,402153.74,1129683.51,6255389.04,743,1
132777.36,98051.01,348662.11,9577914.81,746,0
2383378.68,1682448.69,3488987.85,9050177.33,576,0
988655.19,864843.32,667287.13,1553815.11,666,0
216748.21,184560.63,26795.73,473400.11,631,0
1806221.44,1324976.85,3661600.99,4020992.61,718,0
1253284.8,707211.24,807032.87,5244690.81,850,0
2924021.2,1002902.1,8680677.92,5179927.62,720,1
1678176.12,976136.32,2686929.67,1384367.31,582,0
898193.63,660842.72,778671.89,1291933.45,642,0
2157372.71,1784079.16,4256566.04,516264.52,790,1
887326.81,667978.21,732630.05,8516056.26,509,0
2722305.55,916564.49,6699111.78,9480054.17,588,1
1186693.71,735489.53,1097345.35,1201065.95,720,1
1694618.83,732958.95,5024109.65,2170567.57,779,1
246662.0,50921.88,447798.67,944135.7,710,0
1335751.59,454362.12,3383770.6,8781146.6,589,0
2513854.27,702005.0,549142.44,9589151.9,703,0
2436381.54,1924506.03,2545770.81,2654875.94,691,0
750523.82,285915.33,1660504.88,3070659.11,685,1
755629.31,301714.15,1484945.37,3658563.36,640,0
2470185.41,2153892.0,1439449.57,5049514.41,655,0
2798155.42,1302151.58,2990133.48,6840486.74,559,0
376546.67,77835.94,297596.21,5068686.3,850,1
1405170.05,560230.49,2585668.18,9512465.74,665,0
1078617.41,305798.5,1114971.87,1043939.91,704,1
2624996.52,713909.79,2433798.93,7996124.85,628,1
342222.25,87006.96,212908.08,3378106.75,734,1
712265.23,438243.71,874007.39,3806599.5,520,0
2282158.18,758916.66,1338503.51,7102852.96,475,0
248752.16,112652.38,718323.8,9297302.24,646,0
1528352.6,1227897.44,708399.74,7176197.75,850,0
1382110.4,686959.59,3786863.84,7769812.73,770,0
1069763.42,899653.86,1375094.54,7520253.46,569,0
1244259.71,682546.92,1410490.29,3243737.13,701,1
1636827.7,784344.31,1135891.97,7581457.81,586,0
567965.34,411929.5,1083262.69,7855981.56,692,1
1758788.05,441847.25,3617095.44,5357333.19,700,1
2435753.75,639713.87,3416663.18,5390724.57,742,1
2304466.7,1512609.54,385124.06,7609221.99,493,0
546309.72,295476.26,1505373.08,8179457.08,523,1
532823.46,401370.95,1567027.09,3405094.65,642,0
877705.67,738492.41,1134987.74,8025544.06,546,0
1147116.71,541274.83,2111821.69,8151379.62,539,0
1284521.19,793175.16,1735254.38,2379550.13,677,0
2071121.93,1140127.02,1999956.01,7183659.92,558,0
264373.25,234532.77,61323.06,1906012.52,850,0
200550.84,156782.44,274394.3,975838.67,596,0
1236540.63,1036488.63,3035897.27,5766702.97,622,0
2121774.71,802111.6,108410.77,9091089.38,679,1
660962.49,489620.19,1154254.04,402817.28,499,0
1960363.0,756369.32,5179899.15,8273691.29,700,1
853501.6,295413.78,557036.36,5089388.55,684,0
2669649.72,2298531.86,1467686.9,8615909.71,615,0
2697500.84,575951.74,6249650.54,8442595.5,677,0
962132.89,842609.14,736281.14,8759103.71,692,0
766981.89,233533.2,441745.37,7700295.85,793,0
1292781.52,1000104.39,1465972.55,8437773.93,850,1
797541.6,313550.12,939110.05,1801450.81,543,0
2049913.15,913219.15,5375493.78,3073338.83,520,1
2495587.59,877774.01,4630139.55,2462737.4,660,1
2051967.18,1251412.35,2499058.75,7437161.62,442,0
2490616.3,1105003.97,3992866.12,1578749.04,714,0
1251277.27,826062.13,3581025.04,1863166.51,661,1
553319.22,116724.42,187931.57,8795698.97,686,0
2240057.75,548953.97,1395884.29,7073527.82,619,0
1145376.06,308979.86,3307372.03,8760030.78,675,1
2046685.39,1009620.86,5878028.35,1436584.82,697,1
884867.43,681664.1,470303.73,4019855.03,670,0
335565.94,275742.77,146080.73,2867354.14,515,0
2978487.21,1106113.4,3762590.06,146326.8,667,1
552984.37,332929.11,82480.32,2881003.46,835,0
2966420.88,2188789.95,5828158.54,3826853.36,674,0
2934111.8,1180042.85,682145.98,967585.39,663,1
2402072.5,1168140.87,418174.11,5686551.2,806,1
2012326.59,1140550.37,2929063.72,3862567.99,575,0
1775640.45,522770.55,5102054.07,512293.54,738,1
2611694.48,569839.37,3343981.77,7054589.71,596,0
939374.61,288354.25,1004608.05,7306334.35,758,1
1456275.52,930265.21,4359899.79,8352990.86,729,0
1896230.91,476964.24,3026207.96,4881128.97,608,1
1292452.38,430111.94,1454944.95,9688155.03,623,0
1339710.72,584780.67,1550825.6,9144938.24,747,1
1057825.54,269226.17,618699.4,5535948.67,464,0
1736272.27,580243.94,2668076.07,4477271.71,605,1
2566666.13,2150580.94,3379183.01,80192.56,712,1
684432.3,146132.72,556023.14,7124395.59,619,0
2809855.81,1847205.81,1353283.49,5671297.32,663,0
2098354.2,984309.1,1959268.16,9378564.25,445,0
2487492.32,1668744.46,3796037.61,5962609.65,564,0
1712953.01,1048471.48,299766.46,9928918.13,717,1
2360598.43,841433.25,1088783.74,8545501.76,574,0
146981.15,116562.91,417863.27,9538299.46,519,0
2473303.23,1346363.06,4027937.68,3310244.57,756,1
216402.69,167879.84,41191.8,1535893.15,701,0
2680748.79,1298042.09,5573982.52,7978877.53,541,1
2976691.97,2647112.3,551904.32,7872661.17,663,0
952795.64,704442.36,2111988.43,2153916.95,544,0
709923.81,622010.5,1597249.19,7659209.31,634,0
2319553.76,1299016.29,4530638.05,5840634.91,667,0
833776.39,443222.01,1831484.58,1139775.19,569,1
2610130.91,1902309.52,688806.61,5042746.8,724,0
398243.52,325047.91,868306.93,9314823.11,739,0
465270.07,407065.74,190790.95,5089252.58,676,0
2939539.51,1255731.11,2993973.08,7897554.95,691,0
2054132.8,1559278.25,5809571.86,337654.37,504,0
2555972.95,888077.71,3856008.36,7294410.06,786,1
1040555.19,605501.19,3019981.8,9471031.99,640,0
2061802.87,671928.58,550021.74,5020301.46,556,0
1823301.3,808047.3,2612188.71,3410213.63,664,1
1849135.35,1575372.44,346171.01,6484172.52,724,0
2079344.13,628509.81,3931272.03,9166799.09,701,1
1768541.6,1136607.42,417589.82,1808858.02,541,0
1344280.87,826824.13,707230.75,4066757.39,725,0
900175.81,256115.18,698978.35,1605088.3,643,1
2328885.86,997194.76,5231216.91,4991709.61,700,1
756190.05,449242.72,371959.57,5427199.03,569,0
2107827.49,697743.65,5353662.94,9444825.97,754,1
776665.19,590604.6,307335.59,4154525.78,668,0
1913457.49,1684817.61,202316.27,5691218.3,768,0
2266526.97,794035.98,2686143.29,8858362.61,496,0
734270.28,242924.79,2157524.66,3247979.75,509,0
273835.57,141971.3,90646.88,6757930.5,625,0
479823.85,347121.7,146420.81,7583760.4,796,0
1857391.21,737607.99,4185630.21,3338755.94,846,0
2563394.58,548350.95,2400580.78,1685194.8,561,0
230490.78,133420.61,495980.4,5053949.94,655,1
2229038.65,1938417.48,1337494.0,3600177.21,665,1
1089824.07,516460.87,1504192.6,2701301.2,721,0
1487732.27,735079.87,1184040.94,9735542.04,738,1
2793692.69,2453508.09,3784293.23,5046422.54,538,1
1062717.36,729263.57,2451998.5,8571953.05,656,0
1449477.11,1019591.69,3313547.9,1993408.23,449,0
139679.0,82954.16,216127.68,9397455.51,731,0
336636.29,296989.44,937570.95,7954592.77,616,0
849915.61,579817.99,672582.68,8096486.95,529,0
180771.5,149411.79,130324.33,3928160.51,683,0
1930988.45,1331542.45,3555759.21,4882088.08,613,1
1336555.23,955077.08,2491193.41,5953875.54,776,1
1689621.09,681403.31,235905.1,7908167.09,560,0
606476.84,250132.33,1105809.32,8498114.68,850,1
958202.89,716821.28,1076357.42,826550.83,735,1
2025090.98,825618.26,4540917.34,9045420.76,778,1
2899377.9,1722053.75,7029011.11,9378091.69,547,1
246208.64,92216.61,407835.13,5949229.67,828,0
2682114.53,2070293.0,13719.27,1908168.6,528,0
1772955.48,491730.88,3384744.76,8193227.59,629,1
1735366.74,1354649.23,3898751.0,5508446.76,780,1
1550807.75,964464.18,1158375.54,8181104.71,700,0
301242.85,99662.18,419913.86,8157340.86,526,0
360642.87,208965.41,1044847.26,912956.69,763,1
1842644.82,732910.48,1647963.24,6089863.21,683,0
1088779.86,464285.27,728894.29,4857285.78,608,0
2760077.39,1231186.7,1745926.62,9463888.73,495,0
1279112.56,312517.22,2144307.49,3001580.85,693,1
515516.23,458898.72,1468892.0,2099701.06,633,0
2172684.62,482497.28,3967475.04,8976014.22,665,1
950724.92,631041.59,865130.55,1529719.91,491,0
1623863.89,746749.0,3110851.21,6880868.61,608,1
2123715.08,1385102.27,3980961.03,3035197.15,698,1
2710765.92,1218147.12,4854372.95,5700065.27,837,0
2397354.46,1610124.28,1146603.39,6181383.36,629,1
2061447.1,1464585.72,3924377.66,4202824.36,794,0
2070936.23,1415250.58,2672529.45,9750901.55,728,1
2843181.47,795446.51,158581.79,1361740.02,673,1
957889.88,632039.95,1551104.82,3944420.94,548,0
103225.07,40876.23,306351.4,4332433.5,552,0
888668.22,195650.05,932407.38,6328917.14,711,1
731885.0,358902.84,2120034.93,4102234.59,597,1
2019320.3,1016687.73,582810.62,1015508.31,588,1
1937763.64,1021243.86,4257945.61,9476928.48,631,1
1821038.01,1262665.72,624597.8,4189986.86,633,0
147105.99,61224.14,120732.05,3459603.59,740,0
2213456.36,931193.03,3790593.83,4494885.14,599,0
1038238.2,251655.0,1846339.56,2205127.04,730,1
2028662.37,1381062.32,4717926.08,1047205.76,693,1
1714077.44,1024124.01,3164074.21,1528355.87,482,0
1093919.68,486354.04,1948100.43,1708215.53,679,1
490271.17,340067.92,1341901.26,2016850.71,383,0
373814.8,215373.56,507073.15,4228604.11,560,0
2511403.17,1327204.9,1697199.57,6257797.73,696,1
2763352.87,1541749.68,1341236.85,6307433.99,648,0
1984385.34,1280808.99,2381230.24,50970.82,473,0
399958.93,264773.54,855215.49,9213528.79,538,1
1265878.93,509225.72,161564.7,8237329.45,389,0
2213923.68,660901.28,857143.05,9641183.49,515,0
2361480.56,731218.11,751754.62,3631864.13,707,1
442834.0,286767.62,777506.01,6664752.8,594,1
100089.08,81173.38,72924.3,1721806.46,666,0
2165197.43,1053687.69,1079953.46,8179478.62,651,0
1134128.91,361406.18,2016835.23,1655608.84,653,1
837995.86,611420.01,1913923.68,3293557.72,752,0
137402.66,107550.92,136916.91,4933806.82,629,0
1666868.28,1360844.12,2891372.75,5965590.11,741,0
2568337.13,1604650.81,756049.72,5618348.59,402,1
2877131.77,2308927.0,8072003.49,1065855.32,761,1
1740660.36,366914.62,1759265.5,4245676.23,520,0
1591937.85,437886.48,4763901.21,9232947.18,542,1
346663.52,91797.63,1017722.02,8730066.85,579,1
1691731.12,1182221.09,3952679.61,5928296.06,758,1
1201939.33,298931.02,72358.29,5744629.53,561,0
1860692.31,1018645.42,3033718.82,1161168.07,584,1
1227306.41,651570.63,319724.69,2042581.55,553,1
796867.46,332686.16,2139919.09,2563765.44,675,0
375399.3,303804.5,889286.69,4907547.5,724,0
1013263.49,323538.32,2955711.01,7326992.68,820,0
380270.02,169875.72,694049.39,4634217.29,850,1
613001.16,454797.85,960277.6,1304307.37,715,0
2963274.86,655759.75,4613586.54,4421521.33,686,1
1387900.32,931371.71,1609055.46,1668200.87,528,1
1642428.12,1267097.83,2309369.24,7523916.15,840,0
2633493.73,2245283.8,5020065.17,1706683.56,671,0
2987149.81,2429770.5,8360562.81,4851213.2,621,1
1789871.9,758134.04,3199669.9,6949465.35,688,1
2456174.08,1499383.5,6315677.89,2320570.74,586,1
1048128.97,266335.28,2712913.86,806499.57,416,1
986657.48,375432.05,1535730.42,5654829.79,707,0
1267840.79,337189.44,1321608.56,589316.5,784,1
2050271.06,862407.78,3933899.41,5898298.0,705,1
2078355.9,1688936.54,2780075.41,7547310.45,649,0
1014194.36,449305.13,247790.61,3326694.12,651,0
486308.78,288540.94,551195.65,4909076.62,667,0
1933949.14,973485.39,5767454.88,9291180.29,664,0
472145.0,246101.6,68713.91,4737533.2,643,0
1777628.27,1562002.74,3715244.4,9965712.91,652,1
2110924.17,859796.57,5327056.71,1612173.99,805,1
2131773.34,1362474.17,4148809.76,7103892.33,697,1
2285069.12,1128924.39,3905742.27,6543555.05,660,1
2631292.32,638883.9,5585347.52,8729432.89,715,1
1549881.08,840859.43,1996290.55,969809.96,715,0
2217722.65,1706183.48,607844.98,2838055.59,744,0
1895600.93,510157.54,5472818.38,1365183.3,574,1
641255.83,159489.49,831646.16,9334296.47,601,0
174499.97,53666.08,348331.21,4295021.48,568,0
925170.02,680074.05,1474657.46,9105155.16,726,0
1384797.75,978770.57,227133.44,2979349.59,721,0
1889607.24,1125284.61,5400950.62,1307362.61,522,1
2564882.06,1353638.26,6098293.54,3000545.87,689,1
669112.58,549895.5,299289.83,5991884.88,787,0
464094.39,341892.99,1366733.21,8460064.29,626,0
2894091.85,2223703.18,6397980.76,3884637.4,681,1
413329.22,317967.4,585673.02,9152346.16,723,0
1487624.1,966809.89,2728466.5,2480108.99,517,0
1798134.81,936127.39,575780.83,6950729.84,665,0
1669985.82,1344796.87,2807637.83,7370347.84,777,1
349493.26,296441.99,77232.14,2775931.05,590,0
265378.05,57497.93,433777.88,318350.29,733,1
405901.94,95828.74,673020.76,3684111.55,652,0
1798204.28,1566452.27,4717258.71,499701.67,582,0
1678600.17,661389.33,3651244.94,9012500.07,640,0
777848.3,631113.91,582341.71,9537576.37,597,0
1949545.01,920490.51,5196080.26,7367030.16,561,0
2478195.76,702246.43,4261822.62,7280511.62,624,1
220578.98,56536.65,401263.71,2446882.06,656,0
1544576.84,478132.3,783014.13,785559.49,633,1
2099000.2,786968.14,5401400.84,8030941.13,623,0
831704.59,450752.99,2322863.87,5613661.22,672,0
992535.63,685890.29,2307617.49,6832193.93,703,0
1879549.92,1673699.74,5304573.59,7807428.63,535,0
2704012.35,1376490.25,2452268.02,4123870.98,624,0
2448780.82,1378001.11,6326076.31,1488238.57,452,1
1791077.64,1012444.23,2626936.72,7960616.15,633,0
2217642.98,1280919.56,1090529.5,4564968.11,665,0
1157985.16,651272.23,2323383.51,8277896.1,706,0
1958800.03,403791.6,4020164.42,4405106.51,665,1
1451926.61,292138.34,1249780.01,2209313.26,704,1
650814.8,174656.84,53679.2,1751499.92,656,0
2135040.99,578787.46,1280046.27,7452021.48,582,0
1713747.45,1188360.18,2055353.26,5770146.77,538,0
1140002.59,391523.88,573066.46,4075798.86,623,1
2742883.65,2266444.41,1596604.72,4946561.72,573,0
160708.94,136606.53,188699.94,5518904.12,638,0
1015742.14,897027.62,2930781.58,2432193.6,600,0
264956.05,227161.9,607472.84,3812747.52,691,0
2322929.22,906689.97,2228258.71,2959494.08,654,1
2136111.62,1189480.49,6098197.52,3914817.28,694,1
1060921.43,342485.04,2054941.56,5030594.02,694,1
2059422.42,1574112.85,2813889.62,1774907.51,632,0
1248217.96,1025913.08,1753622.15,3965474.87,638,1
2293136.0,1825111.95,2825678.77,3885669.71,700,0
1417132.62,713323.43,990541.91,2895737.98,850,1
1295611.21,947184.72,1502775.01,9985038.43,551,1
2810716.75,754130.54,4451301.63,782593.71,654,1
827549.39,188823.05,1310906.14,6447363.84,530,0
449297.29,326758.41,1026738.97,1785664.14,647,0
1795175.03,893546.02,1932314.86,8403263.69,582,0
2911033.26,2610860.56,6259868.7,9146255.53,638,0
1195733.72,320549.85,2073731.71,4044705.93,665,0
279906.61,223628.42,807680.67,8243610.57,601,0
1083985.28,581003.26,1252929.56,2536599.02,471,0
1567201.8,1220858.25,4237164.19,1443681.65,792,0
569576.72,439707.02,1402256.67,3192988.75,733,0
2008496.43,1689535.95,3842239.32,3449656.44,636,0
2993473.23,1222818.87,5877814.6,4003707.57,560,0
1410044.48,1219490.43,358080.52,3760941.47,658,0
1128712.81,345574.47,3217592.07,4140887.31,686,1
1262042.08,324822.05,404873.44,7114831.99,727,0
433923.92,217886.59,733201.21,2493522.32,736,1
2661493.44,2075501.99,2635443.81,234827.18,755,1
1302994.4,692404.44,1680284.16,4922321.49,475,0
1223095.79,954627.09,2238936.82,4510497.88,619,1
2013101.79,1430874.03,5488831.01,647646.65,749,1
1381896.92,478965.29,1896931.8,1381323.94,557,1
1979877.06,1711043.68,5866749.26,5123712.9,771,0
278194.24,67475.13,494750.71,2385770.06,831,1
2459797.7,2038669.99,1184790.65,8782103.03,769,1
2827461.46,1168053.78,1611731.88,1774260.24,716,1
1981419.62,1089986.18,4256749.37,250220.19,605,1
2868241.19,1421633.17,433659.09,4503259.51,678,0
539153.71,172682.41,776933.83,9862322.95,515,1
1484506.95,669071.45,660096.9,6357031.64,571,0
1845239.53,618255.08,2398176.45,3572595.73,578,1
1787036.28,612454.03,4020388.92,217836.71,656,1
1264239.16,418387.04,1740147.81,4875236.98,610,1
1080444.79,585938.35,529799.7,2104336.72,676,0
467789.67,354842.77,353544.25,6495153.15,737,0
1236053.11,739504.65,1362895.35,5850934.51,579,0
571716.36,471805.85,119307.8,2688877.07,664,0
2229660.46,1439426.75,3908623.57,735383.21,608,0
705609.71,481605.5,1286045.23,7562441.02,669,0
269839.39,180070.58,50313.11,5875367.74,718,1
1701861.8,875814.56,2054034.81,8429156.18,742,1
1826166.22,1246426.34,2268102.19,2635010.16,717,0
2628547.88,653970.68,2632382.16,6545977.54,691,0
1773246.68,1421959.47,2967030.42,1230870.98,507,0
1101894.48,820325.73,1143625.94,2953508.58,541,0
2428734.46,902665.81,3034042.7,6582564.16,567,1
1666808.79,1229476.03,3987957.78,8264533.99,685,1
329912.83,68902.23,160445.87,3243208.74,520,0
1740966.62,612946.65,3233574.06,7998592.89,683,1
2733253.78,671276.38,4145753.43,6793636.98,676,1
1249306.61,932181.18,1143384.04,3519313.98,456,0
959344.83,699469.73,2093869.82,8770149.53,541,1
516061.43,397132.6,853341.15,5116829.21,754,0
539192.01,109529.95,772168.57,6500055.88,719,1
1355037.3,746439.79,2714150.49,4981531.85,564,1
1827471.49,1267141.94,4398487.99,4554563.61,546,1
333784.67,103066.3,973985.81,8487378.29,404,0
2824748.91,1849796.74,5333270.3,2982308.93,797,1
2289887.49,592799.36,6007107.55,414460.76,654,1
1801209.36,588865.95,5898.28,8803837.3,838,0
2502472.15,1333962.22,3980700.16,8258988.33,630,0
332541.59,218644.64,214137.71,3697276.72,678,0
1482832.75,447976.21,419014.98,1895238.83,739,1
1927270.07,635336.78,3075755.45,6771559.75,813,1
2503093.43,858842.54,5608129.56,833670.99,700,1
2372061.72,870761.47,2933807.61,4266359.82,650,1
903500.82,323984.28,1816327.9,904330.1,652,1
2828552.49,1348100.5,4155589.85,5999201.27,545,1
460602.94,302916.79,603969.1,320723.42,611,0
2637887.49,1336412.49,2296993.09,6310921.84,655,0
2915726.72,2166914.85,3346614.4,6748395.45,788,0
613745.22,431762.37,644056.19,4897087.52,606,0
2193991.59,633117.61,4253187.73,1791322.93,756,1
216828.0,50778.76,75468.19,1058869.69,641,1
1275726.19,1039154.37,354535.93,3167258.86,774,0
1597221.57,408699.84,3162560.97,4678806.46,717,1
1783871.16,542006.82,2923576.11,6439972.75,710,0
2814218.02,606445.11,3632030.59,62438.77,747,1
2049526.99,1311360.04,937307.42,7125086.0,733,0
1495706.06,908879.84,1844327.22,7141483.72,756,0
2448057.61,2180809.44,5799926.55,4473151.17,850,1
2856545.18,2344802.76,7623729.76,3466894.14,811,1
163991.83,79960.81,345650.45,8430970.22,696,1
2949311.69,1357008.06,530099.04,7856645.45,605,0
349783.2,142640.34,703494.24,9833597.08,686,0
2461721.66,754972.72,1779718.34,3750711.51,457,0
912970.78,270840.6,863445.52,9072984.42,732,1
483321.01,141419.05,284008.91,919648.76,543,1
1375581.36,384998.16,3201345.61,4144087.36,762,1
1967474.08,724735.66,3828323.59,4680472.48,848,1
1204760.35,499575.61,2211343.84,4436699.45,504,1
258239.68,225470.43,517491.11,6269726.97,644,0
1838437.31,1112128.22,1305872.87,1743568.0,543,0
2716969.5,2421681.22,3624255.94,8671199.11,477,0
1211324.56,558089.77,2301227.36,5540051.98,639,0
727365.06,378476.15,1389108.75,9046885.0,713,0
1383474.3,591027.22,3286520.11,76184.86,725,1
240251.86,78807.74,206931.79,6318381.73,665,0
2479413.99,744358.01,5729946.48,4153955.58,483,0
2496388.35,2150776.96,3296614.23,5075735.66,662,0
1805201.34,1608014.65,3629389.93,7450854.88,500,0
1123998.38,260134.42,1536683.53,2310159.9,507,1
2419371.76,738494.15,6885121.96,2088749.38,550,1
1708592.37,848259.5,919063.45,7044927.79,754,0
2495203.69,824498.72,5052825.57,5237589.3,704,1
1931230.5,878161.94,3340265.93,2374709.03,682,1
2374775.87,689557.6,1230592.53,4865985.41,563,0
1835832.68,953821.98,363529.77,4622606.14,611,0
1301009.1,507635.84,3119082.36,6929872.05,512,0
2878042.99,1284567.11,1359455.12,76477.98,786,0
1669230.09,444046.68,933967.7,5888264.64,850,1
1854759.6,926804.15,5444280.82,6076497.6,705,1
739414.15,656807.05,1591058.48,7467825.87,723,0
1914387.29,823537.12,1438586.48,8897843.14,634,0
1757662.18,1429859.05,3116065.92,4429888.48,488,1
636031.35,502617.04,1019135.63,3458076.23,565,0
272802.58,236367.31,691123.46,1068087.76,603,0
1852642.03,1395181.47,4053510.81,3401516.66,611,0
2314707.58,1531683.16,5775573.58,731422.41,588,1
1617863.98,1293658.78,1026566.67,8038061.04,654,0
757640.61,191646.16,1455168.21,8079711.17,564,1
2032913.73,1065209.11,245418.58,4201514.69,850,1
332306.61,296576.79,68728.26,2633430.28,513,0
1381317.74,1020407.19,2956822.65,1224299.75,738,1
573763.6,501155.4,42034.1,8519809.8,623,0
634931.25,473496.2,1104332.76,8781078.02,696,0
686652.45,557848.38,1731198.67,2699581.67,700,0
1221450.47,848383.76,1392240.3,6236517.46,665,0
248335.6,181868.92,33406.43,2623603.96,536,0
1253600.98,709819.72,2684639.58,2290009.94,616,0
1583951.6,1341553.77,4417735.02,261020.1,666,1
1501553.43,1167498.69,3230613.48,5792736.2,660,1
1210073.89,956828.99,2099891.72,1541918.35,547,1
2533525.16,1700264.88,1748351.49,173093.27,779,1
521447.41,215465.18,24052.74,1093269.09,400,0
1566520.56,352374.48,3264654.41,3172003.46,624,1
279920.11,239320.1,194006.62,6708173.74,557,0
306351.47,186961.47,788698.19,2066099.38,668,0
1764210.96,721033.16,2468294.08,8881526.1,751,1
1741453.43,530088.98,2772231.47,2920459.68,509,1
2646297.19,2065874.81,5985420.47,3345701.58,850,1
1717833.66,1349468.51,4016796.4,2218872.94,670,1
2883393.96,2220661.94,5559046.59,2575363.1,688,0
241215.06,157165.57,679091.66,787644.39,506,0
384222.29,175286.35,1132262.85,2982967.26,645,0
227791.0,94043.33,647075.94,8603193.72,747,1
637302.87,131276.96,1575755.27,6899824.19,670,0
1669683.32,1308239.11,3534511.98,8758918.63,664,1
1972159.33,515133.71,3924552.83,1093347.19,644,1
232196.96,148960.97,72271.43,4583385.48,512,0
2843315.58,1571934.02,2315747.02,2331085.99,511,0
2542279.59,1445750.04,43383.16,7226095.13,766,1
960176.2,814900.57,395813.06,9703866.36,738,0
323843.84,71935.6,426725.28,8162826.82,753,1
592672.51,439392.32,260544.56,401017.76,567,1
468138.8,110685.18,1266310.89,3200763.96,634,1
457522.96,103723.9,1105877.63,334367.92,773,1
1603828.9,803313.61,344559.76,449661.32,527,1
812957.58,198485.73,607068.88,841177.28,762,1
1138605.18,856687.41,2797798.47,2799452.94,591,1
2969565.47,1694713.69,7154094.14,3076817.54,564,1
2084511.32,459274.43,5912407.13,4034512.46,646,1
2852043.93,651265.6,8535150.13,4079064.39,538,1
513414.01,322869.63,1503692.18,7725519.67,460,0
1208204.48,923404.43,1486591.65,1456962.27,657,1
1708722.23,865398.9,1283225.33,1619519.13,703,1
322598.38,189754.45,733985.7,6284561.06,771,0
112143.59,85215.74,100684.61,5738834.41,710,0
2044259.57,1282475.07,4945474.96,1582346.82,846,1
1961276.6,700827.22,3141698.75,8530031.05,786,0
1291287.55,812396.02,3075565.22,3324141.17,723,0
1519967.82,972468.76,1257985.62,3701325.12,696,0
1304784.7,931453.03,1988598.81,4233577.8,773,1
169614.63,107639.47,287000.06,3260883.61,428,0
1072577.66,942226.75,3034669.93,5596677.77,601,0
613538.54,207438.49,490703.66,3917044.85,464,0
385430.15,333691.34,1083083.66,2631375.52,716,0
2874489.26,1658113.61,6940674.92,9049524.93,575,1
1838143.2,1232234.77,4030463.81,3118089.86,850,1
2213103.22,596703.79,5224275.39,6999964.81,598,1
1014554.86,473191.59,1842710.76,3504906.37,660,1
1240126.68,915914.66,908070.4,4380438.87,609,0
787079.58,546892.58,447442.86,2397638.06,601,0
381200.45,86950.9,990749.22,7535679.71,525,1
619191.75,360751.01,1347001.0,7385172.35,521,0
2412790.73,631655.91,1543251.95,271287.46,432,0
2064882.84,1852405.36,3810287.2,648930.7,704,1
1686093.74,1396267.06,2263815.96,9227645.72,607,0
1477760.63,317358.65,703363.09,8893827.13,843,0
2775059.42,2222974.41,4427805.25,5085567.57,525,0
310931.35,262301.91,262599.33,4958906.05,797,0
913742.36,408884.86,263827.0,8133620.54,807,0
1114819.78,784444.23,1561723.04,1427578.96,777,0
2369034.86,1206958.4,4193963.19,6554306.26,673,0
2978292.4,1961690.23,419103.02,4786030.8,616,0
797944.49,349676.98,962543.08,7446143.74,777,0
2635491.27,1122169.69,2037197.22,349522.77,570,1
2508806.01,1247136.8,230689.16,5947619.22,677,0
751506.45,226877.87,283308.65,5589445.74,645,0
1258064.48,983551.38,524741.81,8416440.88,560,0
1288051.32,572008.81,706654.25,6784521.16,677,0
2936839.94,1409990.62,7078174.01,8807595.57,724,1
624586.51,515807.42,823502.08,8878369.55,556,0
2417558.12,1323943.48,1066766.8,4111231.81,696,1
1069158.87,621157.5,321700.18,1417469.63,427,0
2219524.0,1929984.18,1983858.0,6321322.38,545,0
1318031.91,1081719.95,3155429.76,8743773.68,604,0
1777243.31,566277.17,1943201.48,795785.77,685,1
2514574.14,1335868.82,1206221.3,5601336.57,736,0
2432080.14,2140005.21,2948528.82,1194245.29,658,0
2612627.23,1203523.48,4352466.29,318610.12,706,1
272890.24,125557.12,24219.71,6812371.77,633,0
2106946.6,709032.12,3967223.29,6834403.64,690,1
505963.39,141683.0,599719.55,6026547.55,685,0
1305873.85,937896.04,38102.3,8599266.9,599,0
1690906.4,1249615.9,3418451.7,854720.58,614,0
1267944.51,1113647.17,2709803.97,1097339.6,710,1
1606873.86,1191324.63,3031398.65,8652127.61,831,0
2989926.3,1107309.47,3067038.45,5057603.36,770,0
492130.21,112245.85,781903.64,2766875.45,537,1
2058822.53,1831952.99,2391267.03,7394661.93,537,0
1248402.8,547194.28,2623974.39,8949317.04,596,0
485728.42,203219.09,850384.44,6911552.7,659,1
560336.61,467415.23,137505.12,7929729.34,654,0
2852892.01,1739037.18,5504029.42,2860847.54,774,1
2650844.34,928881.89,5465286.18,2923314.83,779,1
2730421.69,2245409.7,3036519.82,8648032.61,650,0
2975445.05,2664072.46,7817557.4,6167885.34,627,0
704114.63,183545.08,1780736.22,2379919.38,701,1
1130774.08,908663.07,594221.29,5265410.06,756,0
2040735.19,966004.43,5536104.22,6874311.69,705,0
1503027.37,851992.13,1987929.72,2224563.36,606,0
1313329.65,1103684.39,2851565.63,6566318.76,588,0
1137652.62,1002687.7,2778478.79,469341.26,538,1
1821963.83,698749.98,2760889.69,3071731.65,669,1
1769220.94,617450.22,2118298.53,6756019.53,712,1
568227.72,145671.76,1560554.53,1536023.2,723,1
1468045.53,870930.48,1016710.58,2260880.35,765,0
1705068.15,357251.13,1314454.49,8796978.24,798,1
1753832.12,856446.75,1902663.97,6759494.94,512,0
709310.86,178298.63,1828885.23,5014241.17,690,0
2252587.04,1089481.85,6344106.82,2148389.25,693,1
173077.37,39453.43,114266.23,3447026.08,642,0
1129012.38,885881.92,2925960.28,5764588.46,567,0
2362616.68,819396.33,1830103.86,1595360.31,794,1
1735289.47,745855.35,5053030.61,4843353.59,591,0
857371.05,693641.99,1536600.7,4119295.22,430,0
2115364.05,1528109.89,44971.38,4793039.05,652,1
1745433.74,616708.61,178714.46,1100330.17,626,0
2409106.47,603070.64,1065917.81,1109646.02,835,1
2231573.04,1564269.42,1255749.61,9642903.98,698,0
1869312.97,885104.34,4304761.16,9794708.95,619,0
1515715.26,1115954.45,1012948.91,4290338.35,630,0
486228.16,248806.03,1413671.85,7900504.76,629,0
857865.75,379349.68,1637096.24,6575124.7,850,1
1315388.47,678534.97,2732788.64,1213322.7,717,1
1837967.93,1330672.77,1201019.33,3001952.64,509,0
1589752.78,1321965.6,4257547.03,3170831.52,625,0
935735.13,219745.26,1874692.66,5977955.63,647,1
118746.64,67314.87,307935.78,5820768.29,539,0
1539093.74,343194.51,4416342.22,9238911.5,471,1
928315.37,490045.32,349903.35,7910861.32,709,1
2230364.07,1828224.93,646274.06,8575634.26,569,0
169444.17,76777.39,408398.32,8917724.71,774,0
1796000.65,1531477.23,4666688.9,8022702.89,650,0
2830275.29,1815411.96,4956616.57,3362168.55,602,0
605786.87,517286.71,665154.98,2189379.06,408,0
1467783.52,1071506.39,2873757.08,5739085.01,772,0
365123.78,99461.4,334815.66,6911204.75,679,0
1914477.55,692669.38,1369152.16,3896351.29,605,0
1696541.87,807417.05,2484476.37,8490969.57,560,0
1281360.02,408849.71,830912.62,9607637.6,809,0
1611993.36,880854.63,2339181.02,5715487.48,543,1
2700066.51,1430921.06,7748703.56,4593091.02,613,1
669253.48,581836.55,1686085.16,8436726.81,706,0
165437.08,83315.69,467342.02,291481.99,795,1
2598828.17,1948961.98,6286531.35,1333675.53,628,0
1773639.54,1524154.76,1887600.86,8464293.71,576,0
2682909.52,2183599.08,6535931.71,7333684.43,639,1
1831141.15,633698.14,5069966.98,4190560.15,740,1
2449467.16,1340399.69,6959199.19,8894075.98,762,0
1346052.75,596863.81,2758861.04,3547009.96,512,1
2274593.8,1091580.04,1442319.77,6356761.31,661,0
2747820.25,1243566.66,327505.72,6361627.98,506,0
1759156.59,1369418.0,776844.76,1884102.33,738,1
624276.94,322437.38,1808306.02,2884274.77,692,1
879513.08,498319.83,1219260.61,9164268.88,557,0
676069.27,600155.58,1734089.32,1874977.8,803,0
815885.38,197432.42,1138268.18,1777067.49,683,0
988604.8,535399.05,1959862.31,4822173.96,672,0
1709887.98,1268468.76,123834.07,967363.81,632,1
1805175.73,552046.87,1353150.39,8951530.58,649,0
1336849.27,839637.75,1749678.8,1046483.93,611,1
1884720.26,692870.94,3565689.34,6184746.89,575,0
336567.28,271671.35,173185.26,3430829.47,772,0
354585.89,152106.63,813297.48,8052515.21,600,0
598305.44,257477.14,654075.95,5918616.92,597,0
1602424.74,991477.42,3929635.51,3913646.1,637,1
720584.57,236707.73,211785.04,9839536.2,792,0
921524.77,368077.31,1879237.6,708998.34,763,1
1260907.22,619915.32,1109579.44,5798973.72,610,0
2454411.76,1098463.4,5856593.45,9896204.7,772,1
140200.19,79551.56,169153.12,6924978.8,660,0
1983198.58,1229083.55,3958561.34,7410707.83,565,0
2039741.94,1217047.15,5717224.92,369306.89,602,1
2416101.76,1589596.4,149508.13,262563.47,787,1
2804983.52,1165259.33,93547.17,409295.61,850,1
158399.76,45698.07,366036.15,9917652.83,681,0
545972.75,399960.68,1058738.97,9796221.62,593,0
2669896.75,2124026.4,2346676.81,3378363.81,637,0
1429703.83,543150.72,2120522.58,2945269.07,573,1
1737312.85,842534.83,218566.11,1502289.52,588,1
2022778.89,1110502.48,1167824.72,3324945.98,578,1
2069293.15,1186385.34,2635222.32,3732991.81,642,1
2802047.17,1853955.23,7011095.39,7495414.03,662,0
2991153.31,685339.82,4304274.25,8669620.85,635,1
2188456.64,1542936.24,3849686.74,7480014.44,627,0
932941.51,227059.03,2445483.54,6482427.26,726,1
2651281.97,1399351.92,2456298.05,7670705.78,627,1
242740.65,189184.73,510264.63,7398049.92,633,0
770134.47,397274.42,1990798.98,4783709.45,632,0
2702418.58,822515.75,1642657.3,3391721.45,804,1
842955.39,749828.79,901485.57,2863668.13,600,0
739888.07,608557.81,2174849.58,6809586.82,709,0
500563.35,370376.61,1476489.54,9595076.04,575,0
2591424.1,1264765.58,1735450.26,5831494.45,684,1
1550168.95,509528.15,309006.83,9129638.7,704,0
2057190.29,1767101.42,1672011.92,191582.24,758,0
793292.51,454275.62,946553.35,7954982.94,611,0
2298317.22,1830951.71,3040712.3,8543346.45,538,0
2304016.08,1012537.89,4277219.05,6328388.69,571,1
1006534.27,437542.28,2716141.07,9343906.94,746,0
1290979.64,1148814.81,1279417.67,5919634.28,850,0
708101.8,400278.01,1805626.75,2443342.18,733,1
2932026.97,875171.34,822248.15,2196386.43,523,0
1972247.47,697726.47,247761.81,5580570.85,730,0
2810177.25,1510079.65,4249368.93,9069515.11,555,1
979818.08,225093.25,175374.37,770061.06,615,1
2367483.65,1240025.88,2787639.56,6063685.6,668,0
2320990.07,1144848.29,6244239.31,7709544.56,685,1
2105801.39,1569949.45,1525545.94,1198250.59,656,0
2900353.03,1300690.51,6142736.93,1211858.42,589,1
1241310.47,1102015.74,1125987.99,3692973.57,755,0
479080.24,156438.35,64560.93,2775117.68,597,1
2047955.69,1256811.32,3420232.93,2023225.88,775,1
2214998.42,582078.35,5547597.49,2027007.03,514,1
1767675.66,1261598.59,2171422.23,1350156.87,671,0
699771.89,627224.85,1295894.6,6127997.43,527,0
1562922.23,1208759.44,4220000.67,6896849.76,566,1
1005350.24,592143.73,2381758.69,7044215.46,598,0
1339652.93,722500.21,779181.26,5346922.06,802,1
1971133.87,1546395.86,4336793.89,9531417.38,780,1
2261122.75,1933671.16,3404525.22,8811301.14,737,1
773451.6,690262.68,1730907.67,9578429.87,653,0
1275443.55,609123.09,1892180.0,3918515.01,668,1
880568.56,786913.25,338027.81,8783942.44,776,0
676031.68,208994.1,1155830.52,7640603.26,720,0
2371822.94,895327.21,3501764.08,3432730.39,651,1
2736832.81,717902.14,4252395.59,1110602.92,798,1
1173673.34,457987.24,3094633.13,6842081.44,731,1
2278708.88,1680676.06,6117219.38,1407700.63,674,1
2701286.34,2153052.31,3675400.77,2973069.28,604,0
2553760.21,1903125.57,3491491.06,5028627.54,595,1
630158.83,404401.93,973948.83,6814831.22,616,0
2873246.46,1608376.01,4478724.16,9265965.19,695,0
1192361.68,829994.62,3399615.63,5952738.45,733,0
1083797.92,513268.79,2111456.62,6730560.34,505,0
281050.85,221725.47,233938.57,3134637.81,455,0
1509903.6,1017724.95,2407707.96,6888561.53,554,0
416139.49,286496.76,783037.5,4406011.7,609,1
820765.48,472067.53,1575307.63,8576465.27,769,0
1019133.6,835343.34,1789356.74,3954882.61,621,0
2445596.34,920547.68,1304012.67,4709306.62,675,1
2638917.09,1231855.36,265948.92,4354248.18,691,1
977152.32,727343.13,990372.37,8120672.2,547,0
2590224.55,1411476.11,3322135.14,9539307.01,795,1
2585969.72,2126830.3,479471.68,3306399.19,583,0
2317487.76,1025440.88,5666030.48,4776527.61,805,1
525415.83,240919.51,542351.2,7073966.35,637,0
2101936.26,1728033.44,5761193.38,8959047.14,616,0
2840569.79,1491467.37,1315838.06,4962321.93,538,0
2079367.39,1167122.32,355166.08,1133490.41,669,0
1061688.86,459641.84,1536208.91,3718280.27,850,1
1551680.02,610848.26,880404.64,5526100.76,691,0
1972602.63,1300268.83,5547348.82,4204369.83,677,0
1580654.19,448729.49,48858.33,1906229.48,583,1
447863.53,365228.61,554391.91,418045.48,709,0
1004985.73,749158.77,2794104.86,6889716.23,665,0
2426948.49,809445.04,2798889.56,9927735.05,643,1
2598112.33,1781821.71,725725.11,9196106.01,699,0
498170.09,309783.61,452679.61,6848545.56,468,0
2861921.58,942071.71,4275800.08,8423221.59,639,1
1053585.59,412207.41,585219.45,2594489.8,530,1
2020709.84,982652.11,2828357.49,6243222.64,652,0
2280292.92,1572193.37,5721322.41,653011.94,577,1
2454644.08,1588415.86,6425899.61,7086480.08,584,0
2842674.14,1627613.99,420096.65,9700229.77,516,0
1007466.69,743396.96,486314.32,8614933.21,761,0
2589668.72,1891899.1,2138730.76,5367686.7,582,0
481892.02,304797.38,859983.32,7897965.18,587,0
2144618.63,1610379.24,2322588.25,9441793.16,803,1
2251735.42,977217.96,5701670.45,2199374.9,706,1
2065397.4,1687170.82,4440636.64,7942922.2,446,0
831712.73,524342.53,250651.66,2734977.23,788,0
2631825.13,2041386.9,4931178.38,8775626.85,814,0
589689.54,343432.46,199927.09,1028627.33,805,1
255540.9,90182.11,195516.13,1823273.27,716,0
2180648.47,1264093.77,1163619.98,7220133.81,539,0
1478879.57,679956.54,767813.35,1789036.16,645,0
2562384.26,1763559.24,4738326.57,1622640.3,505,0
1211851.71,645984.41,2049016.77,5576895.43,563,0
588007.91,461750.24,310517.84,8358123.02,538,0
2525682.36,1703953.52,7502585.96,2721250.88,587,1
1691837.93,1149064.35,2141038.15,8419324.92,666,0
648667.8,228336.73,188897.24,8089136.3,605,0
2189113.6,1946066.9,791817.82,5812098.74,601,0
1582229.55,1248652.28,2771561.67,6483299.4,620,0
1852507.65,1393647.84,5441200.67,452389.81,799,1
1436605.18,619393.27,2465003.75,3702998.81,850,1
2503256.05,1439227.43,7127081.46,2670779.56,604,1
2505731.88,741627.06,3338633.52,1542538.41,683,1
2157227.58,1244576.18,2820625.35,3927110.33,565,0
405663.99,122560.21,608504.95,3581296.75,726,1
2532676.2,1487001.29,5299058.58,7302472.2,602,0
2045937.64,1338258.69,2256358.03,6001058.59,578,0
2121370.08,1003699.05,5497865.95,9135345.68,850,1
1152650.24,632783.56,101253.59,1496805.45,514,0
2649910.71,2154264.45,3496007.55,644498.62,404,0
2203577.64,608174.65,3378030.65,5369347.49,723,1
426512.35,321681.17,776720.24,60220.03,613,1
1282556.3,409812.89,1062233.31,7887803.48,585,0
2670503.05,602720.76,3424759.7,5084430.24,850,1
236870.43,78144.08,344318.0,4906252.48,723,0
2888108.2,2124290.89,5951611.02,3656834.99,644,1
2069571.45,1000820.44,4802714.88,3780989.67,579,1
1930990.34,1565578.15,4274212.31,4339780.1,694,1
884621.84,501841.8,906515.49,209521.83,476,0
821496.19,177094.24,2463134.38,881280.58,598,1
2831968.84,1987191.19,7210181.15,5075227.8,646,1
964990.12,267459.59,752759.96,1543716.54,671,0
2348965.36,1767750.86,1374890.34,7798687.95,635,0
1240053.21,393929.92,1168209.18,2781127.48,580,0
503836.81,222601.38,683723.96,1024101.39,742,1
131074.36,96063.09,334553.96,2390338.76,484,0
1678346.28,1456740.71,3919084.22,3603127.39,622,1
2929758.57,1347699.98,7481836.89,401400.26,598,1
1170494.96,913665.14,954973.3,1459671.47,751,0
1135857.77,378870.57,2022262.62,3272275.21,604,1
1097865.69,839895.62,932908.28,3139280.71,693,0
1609577.13,1062716.61,526443.56,8013847.63,683,0
1377928.16,461496.33,2828326.02,8440391.98,466,0
2651752.42,1091866.41,1137582.31,1974515.06,643,1
1566010.3,457650.26,3136864.71,1283201.84,475,1
1572497.73,736049.88,3056767.2,6359916.72,685,1
501277.62,171714.68,1218478.25,8056004.38,576,1
2949944.67,1919819.76,1235035.09,9639044.82,768,0
824921.38,739256.25,1938928.58,117623.03,631,1
312755.8,65180.31,937588.57,4166097.23,572,0
2023124.12,1170668.37,5165293.52,7353178.95,769,1
1826562.47,1098799.01,4119695.18,8294165.02,562,0
1303922.4,1095224.6,2590236.71,669745.19,739,1
1324357.48,733963.86,1675768.39,6822114.47,696,1
2376685.37,1379882.12,5208507.19,2924940.24,613,1
667566.66,353915.11,1450311.33,792239.75,516,1
2478734.62,962326.61,4695949.98,4916570.69,774,1
1981366.63,473983.3,4733158.22,1623625.76,700,1
1315012.34,639175.4,1770390.16,7383224.8,572,0
1428282.99,338237.45,519549.56,7425554.91,674,0
844276.9,494193.03,1416023.91,8428574.26,750,0
2281131.56,946910.37,1813797.48,3806808.42,661,1
1587336.75,910372.04,1830674.35,182432.48,673,1
1030478.17,302968.7,53837.04,2634372.59,753,1
1828545.34,1559458.39,2099849.83,4704726.41,803,0
2987629.91,2468274.88,7249195.13,6955412.23,638,0
1362260.61,453629.45,2217987.91,3851303.83,516,1
2770005.06,1219940.69,81442.53,5383681.54,519,0
1100548.84,692734.9,1551258.21,5266422.7,580,0
258724.85,69074.45,226217.35,1691574.38,556,0
692302.11,310288.06,991827.98,6249342.53,481,0
1314215.92,493854.22,1595560.85,4420554.7,834,1
736941.29,619665.72,2060441.91,8088791.08,702,0
100658.41,80200.34,12434.52,6921581.52,597,0
2753504.46,1668301.32,5646787.91,1159118.4,646,1
2547250.29,1437266.71,6503333.24,4913146.18,471,1
2252647.47,1918147.47,6482479.12,7039818.87,765,1
586662.33,500246.64,312637.45,915766.67,455,0
449054.37,394508.23,715754.23,7935345.47,701,0
296053.77,85193.98,38714.58,2258944.92,466,0
2199684.65,687160.52,3294139.0,5055693.71,608,1
2793543.09,1882053.81,1051417.74,9408584.81,774,1
1348553.88,780818.27,3389846.44,5734775.64,486,0
445507.95,94860.28,152189.97,4269341.79,635,0
1585939.18,385989.88,2442132.36,117609.53,712,1
1111612.53,913363.4,1737770.76,1377465.55,696,1
1186992.28,959338.51,3460024.92,5807705.66,657,0
1901858.81,856006.96,3737042.41,4963559.15,699,1
2184282.53,1799270.91,1886173.57,3670100.3,588,0
420750.44,259002.42,303949.24,9235998.06,843,1
203211.67,155280.94,78184.6,3358201.25,488,0
2983557.88,1489397.31,6771316.39,5394650.03,766,1
774912.21,216494.07,1605827.3,5708698.42,668,0
256108.52,128978.54,468584.19,5298310.48,711,0
650638.45,338403.47,79717.09,4801974.65,729,0
212977.75,124732.75,487396.74,3403784.17,705,1
1236251.59,338619.08,2380603.62,9092198.15,568,0
2426965.17,2169661.49,7017974.15,4535492.45,621,1
1089608.9,404131.34,1919462.01,5308066.23,504,1
1388131.88,470558.22,1265775.99,6581955.94,620,0
2059201.64,1171195.73,2356883.24,723177.62,682,1
1575792.8,907728.71,831265.55,7823817.01,710,0
2598192.49,1319555.75,5634810.6,5149447.74,689,1
2611503.46,1933360.0,5544652.69,6588910.51,474,0
128741.02,72308.43,77495.66,7731520.05,593,0
2356334.29,1476919.27,1120361.48,8747288.94,583,0
1436127.44,1014799.92,331766.69,3952593.15,518,0
2967637.57,645513.32,8119240.44,8123727.43,566,1
1501373.02,899999.45,1049774.28,2625427.11,650,0
2961998.24,2425687.38,3058235.28,6620339.73,791,0
2288251.15,485503.1,1925594.29,1071937.64,554,1
820954.17,397035.99,1018700.52,249303.15,537,1
1661345.44,1409417.71,3558845.15,1002843.1,590,1
2977193.35,1331424.93,7775794.61,3227855.74,683,1
2586838.76,1348028.01,1417060.57,359391.41,772,1
382363.99,339187.06,787378.09,6323388.16,641,0
2148478.79,729465.92,2272416.86,3199618.16,505,0
1102180.8,270782.27,3242154.65,7376941.87,526,0
120248.56,96390.74,107833.79,506855.61,668,0
1270094.81,1026142.29,27407.21,2206180.59,749,0
780787.82,414172.4,1207816.24,4109634.08,831,0
2474720.88,1385707.64,1119052.09,3857383.04,531,1
1078258.77,846502.63,143929.52,1353436.79,663,0
2499818.71,1792349.14,5236639.48,9941661.3,547,0
101734.02,39229.08,223487.05,2880173.83,560,0
992675.54,210273.84,1371973.92,7224269.24,551,1
799379.12,428299.43,1623264.45,2239265.64,616,0
777345.35,622839.12,1255193.79,8784619.55,561,0
297741.2,246257.06,562553.21,3908195.19,850,0
642660.38,558702.16,1150434.01,9013979.77,604,0
1711093.75,1395729.36,3417855.52,3451257.45,748,1
944947.11,572666.76,565921.21,136006.02,584,0
1310444.87,669930.76,1056375.63,5194353.29,850,0
1192913.95,885613.23,1574514.54,5271639.96,683,0
2640124.28,1895279.6,3533500.17,1242350.12,733,0
2725367.1,1571720.3,6331668.6,2387887.56,590,1
1529575.22,399416.69,1685868.71,7845781.13,747,0
1057452.26,896991.22,515524.33,415720.46,683,1
409722.04,212613.69,309093.45,4920790.53,612,0
2864868.35,1301606.09,1845549.64,5327560.83,542,0
274658.14,175972.69,602869.14,6902685.0,626,0
963185.8,646958.97,1359073.32,422689.86,617,0
964391.98,335108.41,2050193.29,5877180.95,736,0
1029163.73,808775.72,1285074.6,80825.46,626,0
576431.85,232276.65,1538615.81,2688524.75,457,0
2371168.15,784094.92,6996276.08,5021858.34,714,1
455243.8,220556.47,914824.95,9117249.31,779,0
1941229.31,1380975.11,5030574.77,1309568.67,483,1
459153.48,402136.13,699657.98,1734426.83,830,0
304553.35,233439.19,853925.72,6709038.14,789,0
2737345.56,2349310.03,6829018.72,3779873.85,586,0
651373.42,194385.5,1938054.61,6253042.95,538,1
2481625.45,619969.0,4638855.81,9974668.96,755,1
1679429.53,991524.0,3925868.42,9869373.03,513,0
325783.91,131358.76,530573.11,3569450.12,583,0
2870799.76,2238185.96,2231645.8,5064057.27,518,1
816187.38,547165.09,868640.09,9051667.08,650,0
2592971.5,2280543.63,6954391.69,967068.24,796,0
589549.02,223058.61,98952.17,4550423.84,687,0
2576434.36,1391400.49,4571727.3,3806894.62,751,1
138363.56,76220.1,154614.65,2984083.59,614,0
1584163.32,582059.24,1837752.41,9942331.91,659,1
2331383.48,1429290.5,6186824.09,7348815.48,527,1
2810907.0,1434406.38,7200045.87,3918032.57,640,0
2736686.19,1403112.94,4916530.99,8298767.82,575,0
2476912.12,1124309.18,2027988.0,4922177.7,633,0
2675754.91,566860.14,3816613.96,8734602.9,627,1
677737.09,383237.73,830146.73,2700479.46,618,0
924134.46,401696.75,980371.82,2274822.26,850,1
938008.72,188468.38,289241.31,2510502.48,826,1
1193456.4,495953.45,1944548.23,5407881.73,791,0
1240629.94,490098.25,1123382.84,2948568.24,829,1
1679210.44,798319.66,3328906.79,1513840.86,791,0
563651.31,164753.25,539759.15,9946547.79,647,1
2104615.32,1168858.48,2722299.89,9009310.61,637,0
585942.96,401199.98,92040.58,6368373.75,673,0
999894.6,641062.32,2977300.36,8920851.6,628,0
1559700.88,1189472.28,2375161.08,9357854.24,545,1
2409677.63,1244371.51,175214.37,6777277.5,679,0
2244460.78,1264448.87,3644312.95,5210863.8,493,0
1972049.63,1513116.92,5149143.86,8825917.83,663,0
551742.46,275535.12,1278749.44,5699580.12,550,0
1686431.5,1165525.77,3546093.34,1311665.4,641,1
353594.86,178290.18,147941.95,3700217.2,669,0
1194353.21,588117.84,2356711.18,4486913.47,614,0
1299197.94,951199.89,2986719.82,9356921.71,485,0
215453.17,69459.05,369988.51,6608895.45,531,0
894565.49,390934.23,2395867.35,8759011.75,695,1
2871383.46,1024855.89,2386031.63,7588037.42,594,0
2865534.56,1293436.28,2081622.02,3133115.82,706,1
1121748.46,405245.51,2926315.56,7201154.48,650,0
224990.32,136250.52,422125.64,1993232.37,630,0
619375.32,469932.17,2689.12,4111050.83,684,0
1237431.6,928852.22,1310927.89,8070613.98,582,0
2848561.12,1296524.52,7330965.63,6138695.16,690,1
509477.28,454521.13,41756.01,8262854.43,608,0
2314195.95,1424845.94,22549.03,2584300.64,850,0
415179.36,199111.81,350319.16,7510000.88,536,0
2945646.97,2311972.02,8076964.33,2063127.4,614,1
1206687.85,857848.64,3263406.13,5475776.52,618,0
2348180.16,1701239.47,3654439.53,4363669.21,514,0
1093514.14,368839.63,1814917.02,5586934.78,722,0
1920239.74,1013554.41,1912604.94,1398557.57,607,0
656846.65,527631.57,480292.83,3644217.36,412,0
523460.96,289383.14,1280210.43,6685693.12,719,1
2820386.0,1913397.59,899377.61,5607381.4,586,0
2761177.11,1688607.84,4037015.19,5512249.1,639,0
2673659.93,2111254.9,5088487.59,5132759.62,717,0
1913757.01,763957.61,595256.65,9441654.85,613,0
2443977.81,1473309.73,3809724.64,9348968.49,612,1
300207.12,85938.57,520128.0,3633442.48,850,1
1070888.22,731574.66,2385390.86,3551355.37,434,0
1009739.06,719315.38,711369.4,5571239.64,521,0
1943371.43,446948.47,1710132.87,1001282.53,540,1
1132277.54,762083.56,1934568.01,3064916.67,828,1
530669.67,260178.37,1565146.09,2347132.28,585,1
1829754.52,524897.68,1193877.4,2272727.2,674,0
2461713.37,1215927.09,7281037.9,6403129.98,602,1
1208158.13,405896.49,2589116.23,3874285.83,710,1
483579.27,237385.04,1198428.5,1753085.53,648,1
670395.77,314440.64,180285.38,8881339.86,675,0
788701.58,565399.78,710825.63,8747779.44,778,0
969703.02,719472.02,167961.13,8631506.09,694,0
1964105.7,1227409.05,2189272.72,3937912.18,576,0
1842741.91,397812.58,5424790.73,616975.41,681,1
2118631.6,1804471.57,669104.51,1112083.08,850,1
1151255.76,783272.16,1942304.71,2796678.39,706,0
2489593.19,557511.57,45340.14,2238701.54,665,0
691854.22,534929.94,1479217.84,8746156.92,512,0
1460218.17,496746.23,863833.06,9864263.89,722,0
2422722.29,1466848.92,941842.04,8175902.94,737,0
622460.08,327814.9,629340.4,7311996.58,681,0
418603.03,206742.66,968284.44,5906810.19,661,1
2662683.51,2190854.93,851630.72,7710587.58,850,1
1094496.02,553982.34,754673.6,9472981.46,735,0
2083223.36,526515.71,52899.84,6033379.47,774,1
173510.95,149678.72,504091.76,1588401.78,656,1
2101135.98,1774145.98,3732535.27,1680390.26,636,1
1016693.8,690439.69,2195752.5,5859434.89,713,1
261648.48,138026.05,511300.24,3368011.97,636,0
1868457.01,495144.15,809216.92,9106961.38,644,0
798331.07,601561.37,1424877.11,6135841.22,696,0
1221741.0,308898.32,481667.46,6781101.5,598,0
333684.36,82760.62,401658.98,107916.07,672,0
526773.43,303510.36,899143.98,5013543.09,658,0
964133.98,300896.35,1616508.82,4340088.98,746,1
360302.55,74010.17,128707.38,7073424.97,588,0
2741396.17,1360224.31,283207.91,3857254.67,450,0
117536.43,34796.9,281464.82,9766921.57,618,0
1503194.63,469539.06,3273608.14,6718521.66,689,1
457417.63,116109.72,112276.23,6616187.41,746,1
992269.36,340909.65,379291.55,9197444.39,580,0
2785572.72,1952237.8,7459071.06,9952288.1,704,1
568914.2,435930.01,1312705.07,2018315.86,763,1
2900913.73,1499115.49,8669325.23,8114804.77,725,0
696803.69,386438.74,530938.18,1665078.98,570,0
2250541.71,501552.41,3293462.92,4597582.36,581,1
1685364.07,418849.01,1195561.42,1046844.77,693,1
2664988.31,1013488.15,4979265.27,6252541.24,812,0
1706580.44,991060.57,590891.05,4711755.73,651,0
1650221.74,1184340.71,629938.35,6305554.54,633,0
666828.2,415768.81,143810.62,6795709.49,513,0
582065.15,276183.8,1211136.86,6213350.89,613,0
2757818.54,779985.13,4087687.54,2975589.77,578,0
1050730.78,784413.88,1947207.6,8377743.61,652,0
1179038.54,536050.15,3110189.46,5539277.68,498,0
2303488.61,1647542.15,5116014.7,4924019.17,617,0
1082588.1,605258.97,1499567.21,9871284.85,549,0
2860981.1,2051504.94,8448671.62,2870903.67,744,1
2239990.53,1870622.12,3066028.04,5303901.53,564,0
1832544.8,1547988.46,618212.69,6839129.56,592,0
2654595.97,1525263.8,7905291.86,1295998.03,678,1
243857.13,136085.9,16694.99,3574685.26,604,0
845481.81,326334.78,1394749.64,8026802.72,850,0
1448605.37,1238644.34,1343272.15,2405744.43,743,0
758237.76,394695.68,1145436.77,4958239.13,651,1
2257325.04,653075.44,3783590.22,6324774.53,686,1
2765703.29,1390854.04,1992102.03,6728065.42,414,0
1328933.35,383978.38,2220084.51,7296688.9,773,1
1092184.54,602637.04,2477274.77,8666474.3,701,0
2888497.12,1712569.32,2309438.69,3958951.46,642,0
1390072.06,606667.8,1598969.86,7080987.66,706,0
1518240.36,379796.07,1221770.65,7335137.75,718,1
1119784.63,963521.46,2756550.52,3037727.59,608,0
2737690.57,2029579.18,5954331.29,9683171.6,688,0
1749970.9,1377606.42,4573705.24,8658930.78,754,0
2310306.3,1055366.12,1178602.02,2934120.22,695,1
2454239.48,1797930.98,541746.16,6766933.33,624,0
1091362.22,589074.79,390871.94,7192116.31,679,1
1357713.56,462652.36,655850.32,4343262.18,788,0
2560568.15,735129.8,4094983.44,8644245.7,728,1
1153440.52,509285.06,3359667.97,6917782.07,533,0
2402411.89,711802.16,2574679.83,6598639.12,708,0
2828877.74,2542562.16,8134508.11,2247361.7,695,1
1907310.08,447135.08,218582.28,4108031.0,766,1
2250719.13,1145167.06,6258387.0,4367528.77,653,0
2434782.2,1257480.93,1323201.43,7349927.91,613,0
2550614.98,1046880.41,6982117.11,6203025.73,513,1
1245654.68,747325.66,210119.88,904312.88,580,0
248664.03,75838.53,707364.21,3111594.62,770,1
1265441.19,947484.75,762295.18,4756822.67,669,0
2053893.07,888747.06,1865226.93,7380492.81,640,1
1406016.12,863209.27,2070818.55,7448512.84,779,0
2271993.14,1592547.83,2594985.69,4930905.92,758,1
1135249.05,933548.76,2273431.47,1213477.2,576,0
1940758.01,1523594.41,5675597.95,2964388.86,770,1
640617.43,400908.84,1165462.15,2584189.2,484,0
2273171.37,1072653.25,4920179.92,7821212.78,695,1
1682518.31,929159.41,444211.33,1840863.82,684,1
691786.73,510617.71,1302936.92,4675966.16,764,0
946542.4,770752.33,1288764.18,6723652.09,688,0
2270965.25,619172.66,6034742.87,9649622.22,625,1
1499543.58,703884.83,1746418.39,9992443.77,633,0
726491.18,539987.54,1480852.32,9531575.33,850,0
2905086.45,1458807.27,1988418.91,7196511.34,658,0
2173862.56,940324.76,1691520.72,7477086.29,709,0
2875691.01,1403124.09,3244835.68,7604140.47,447,1
1338604.63,832600.47,1221062.58,8632918.52,567,0
1477790.99,1329810.32,1125539.58,9520265.36,701,0
2704070.13,1473974.3,402922.99,4484776.14,488,0
1622643.09,561347.1,4073221.95,4194283.24,704,1
2151108.84,675432.26,414958.78,4631621.4,577,0
831301.34,190904.05,2213004.44,6615180.86,546,1
1395506.76,824984.61,525263.4,7765681.69,577,0
458004.61,266192.49,89670.53,8711916.69,802,1
697342.1,239651.2,1177820.78,4589297.01,683,0
102735.9,70551.89,154856.44,3665557.63,558,0
213868.65,153723.42,315179.02,9834358.52,727,0
2934123.09,1118982.84,5056999.23,2357281.83,732,1
802825.72,353941.64,691369.28,2258948.11,611,1
2023601.06,1807743.88,4024634.55,7168304.18,745,0
2533389.13,1170388.1,3818340.96,1837590.09,750,1
1696915.33,1243094.28,1704093.96,4024119.55,735,0
544119.05,281259.38,1349144.27,2959248.88,582,0
2211537.67,1670465.91,4828147.85,1728669.04,532,1
1840729.09,1359040.23,2173590.02,5818087.03,480,0
2220626.71,1482111.15,5646728.08,3766439.33,584,1
2332265.21,1861951.9,6438858.89,4649230.02,613,1
2928690.07,2511213.93,4716944.71,1998836.9,621,1
1763333.51,1068559.52,1137098.58,7690274.69,645,0
1090759.23,399466.83,2996726.23,3181385.23,823,0
1980547.22,948761.88,1125820.0,3460045.88,616,1
298478.06,218131.94,43359.81,2558931.92,645,1
2702452.22,1771777.51,2655053.99,4372315.54,468,0
446204.93,144775.13,973127.91,4662587.44,850,1
1050744.23,247836.6,2910374.76,5320185.82,518,1
2465661.6,1671898.85,4713992.25,9677304.41,579,0
1832205.9,688461.11,5231892.6,9051683.49,719,1
1241543.01,682562.07,344047.11,6113456.68,674,0
1472963.41,1064544.15,268464.06,437089.5,814,0
2578187.44,1531099.79,4673160.3,6141990.39,722,1
1086012.72,280529.91,3147643.84,942202.64,641,1
2621984.09,865008.72,3954381.82,7117925.17,754,1
355589.85,125711.58,54954.87,3931272.58,766,1
2352715.47,895219.95,1561393.66,8385080.09,583,0
2557888.14,1523944.67,1878458.61,9428165.99,746,0
627271.19,346740.49,635784.13,4200247.9,627,0
1348004.94,461303.5,176332.73,4632525.19,639,0
579949.35,143414.74,1574375.79,5921968.43,664,1
2149151.97,687734.1,3324075.81,2011470.58,611,0
1652508.53,1469190.66,3326156.57,9276961.77,606,0
1942437.71,1025573.82,391437.15,4358349.27,748,1
669812.2,540633.46,108741.6,1709862.34,497,0
714063.0,567056.51,1256324.81,7639181.74,543,0
220342.24,122965.01,586526.38,2230556.16,717,1
1033995.85,718297.68,1639344.59,1478116.29,642,0
1723259.52,577165.12,4538130.73,5650577.15,749,1
2588011.25,1764707.14,6296563.62,6731377.79,685,1
2034089.6,794656.17,462880.19,5717149.27,516,0
1362649.34,1066196.07,825591.66,6582280.96,656,0
2864048.33,740662.64,5651145.43,1199463.92,703,1
2185811.08,1620116.77,2908230.71,4786379.48,673,1
2797479.09,755195.8,2439679.95,3602335.51,603,0
1630005.12,1331441.1,2047125.99,9735017.73,622,0
850822.4,351341.29,1136357.49,543758.15,593,1
253197.39,166622.96,691648.36,3018027.32,517,0
2205646.07,1193809.45,684577.07,9421528.83,503,0
451778.69,206197.31,379129.17,9835787.02,689,0
978047.87,637500.68,1577292.37,8257771.0,562,0
1644165.63,1419352.43,3444298.1,806182.53,707,0
1736808.1,397535.96,3285887.86,5635482.53,590,1
1841691.27,1552908.55,5202645.63,4031223.78,518,1
582140.46,364627.84,1389468.43,8074203.05,609,0
1201238.47,919091.59,2007546.41,597491.14,850,1
1889863.26,885802.47,1217162.79,2011431.08,640,1
2912474.71,1544456.45,3939479.39,4917490.91,714,1
2210130.3,1786217.42,4597395.32,1618594.25,666,1
2775550.9,1361112.34,6977419.99,6942515.67,509,0
2310414.97,1326782.82,6652166.82,8216633.85,794,1
1815979.21,388867.33,3298468.91,7059972.94,625,1
656867.77,204298.1,1038349.05,4430822.95,518,0
2033388.39,1320036.21,107923.65,8789957.28,598,0
1907800.74,1339054.49,412651.97,1419977.01,629,1
1847160.59,1122742.36,865053.0,2640368.91,724,0
1520379.02,456595.7,249767.55,4920919.87,581,0
1633104.15,835796.25,1963954.26,660319.06,850,1
1069883.33,479913.65,1081262.22,1002073.53,556,1
1606006.81,878426.21,3070785.35,4004561.55,711,1
672912.13,544540.9,1081366.64,9441668.65,452,0
2435005.75,1809460.1,4353576.68,9088716.25,637,1
638753.17,165304.63,904430.8,4686449.84,686,1
346402.24,285164.02,288626.31,1464477.52,538,0
1365113.48,723833.68,3902144.03,1822171.18,799,1
2009091.57,1447959.33,520811.74,3806583.24,693,0
1369378.79,408112.49,3857092.27,2140238.24,618,1
902586.98,604285.3,842758.23,875607.16,692,1
1718696.43,628060.17,2643328.19,6754085.96,590,1
1106306.77,560749.98,361239.0,5835413.95,775,1
2805316.3,594177.24,596952.25,2948402.74,751,1
2775670.9,849709.05,3576830.41,7800536.41,687,1
1556878.28,411726.34,3464197.6,7770691.43,711,0
1050863.58,386529.61,849196.91,4935469.6,502,0
2237684.0,604203.02,3775070.62,1010498.93,796,1
206467.54,141293.38,172596.75,9188770.53,640,0
1476830.12,325386.93,1721746.42,6703172.21,752,0
1075337.84,680063.39,2924208.09,2508155.65,724,0
2769554.07,826699.37,7110882.35,6124022.74,750,1
134808.78,116153.0,208691.09,4079963.88,545,0
1703163.14,1453080.63,1216598.18,6371728.92,557,0
2247924.39,804424.62,1302788.48,4765015.41,850,0
1506552.16,949270.85,4312147.1,4880447.89,498,1
347668.79,76349.36,211434.7,7372026.81,540,1
2920138.03,2488693.42,7079889.06,6156571.17,654,1
1602230.25,907008.31,1773525.69,845529.28,654,1
1881140.11,433144.18,5562492.82,700467.03,595,1
786168.37,345717.54,868297.19,3084841.91,711,1
1502144.45,381236.18,1584086.24,4330947.67,740,1
1344533.53,638735.59,2571273.66,2788464.46,648,0
317197.94,212189.07,914973.46,6532025.59,623,0
407865.03,215729.17,1194485.27,1991323.92,647,0
2528670.31,1184948.87,5364873.55,7056203.91,600,0
795477.86,225446.33,1800817.97,7742849.88,480,1
665378.99,247159.9,1124627.91,1286977.11,680,1
1564243.21,422502.56,3546651.2,6525522.12,726,1
2329366.68,1782545.78,6008226.24,9616287.96,634,0
279644.9,82402.37,407802.22,1968596.98,423,1
1772742.97,1093359.36,3296569.4,9097563.17,592,0
445710.28,196076.11,718462.73,6080177.1,740,0
205737.05,73691.9,347163.13,5929901.43,506,0
252957.46,163822.31,675432.78,566630.69,719,1
2519075.91,1309671.64,2687477.37,7495587.77,605,1
442120.2,212262.72,276127.09,4808816.87,648,0
230938.96,142026.63,316118.56,7225685.2,581,0
1369909.67,745076.53,855173.75,8101351.98,536,0
2547581.07,1050721.65,3809146.47,5261773.92,793,1
860984.29,509136.95,2333718.86,2673260.92,731,0
1322966.59,884600.29,2450531.76,1458646.29,714,0
215775.34,47186.88,553743.96,1647006.12,740,1
1402327.69,737778.92,699162.39,8675999.81,700,0
1775077.93,426690.21,4797362.51,1279602.05,744,1
1755630.46,580207.41,3169547.62,3877706.03,583,0
1064037.41,630289.06,101380.81,3376032.73,787,0
1015046.22,818464.5,1927935.01,8661283.88,778,0
409208.49,334717.81,1167959.15,4803050.33,688,1
1163715.13,289719.46,276383.51,9964641.85,621,0
388534.54,191692.67,678912.97,7383694.73,527,1
2323128.24,1412704.83,6380322.59,8516689.58,672,1
2902195.46,879217.02,84411.82,1031789.05,818,1
2913215.92,2143551.71,5513956.75,2568367.44,533,1
2608706.19,1880785.02,3716641.64,1397689.65,751,0
1842297.23,1533415.3,1917772.38,4663038.63,602,0
2132510.52,439169.66,4014684.5,7196960.51,611,1
927096.83,326040.46,146579.83,1732182.5,532,0
1929234.22,1502932.68,4358504.99,1345177.02,574,1
1421383.69,951482.82,19101.17,6165357.05,714,0
1497850.29,1237333.53,1379231.37,2341611.9,727,1
2297552.03,551471.67,3473613.57,4819284.46,673,1
917563.23,566939.18,1037825.26,558621.39,599,1
1022314.87,611684.32,943011.67,6822097.48,539,0
2781461.19,625751.14,6932807.15,5436098.0,656,1
263050.46,147167.64,737724.4,6491857.84,613,1
1508339.47,945222.37,3953565.97,2790293.48,671,1
2747122.32,917278.49,4305548.16,2822099.6,617,1
1870052.72,731809.06,4960300.87,8023537.3,620,0
1684580.52,1092017.77,4653796.35,7199695.01,665,0
824258.12,435052.22,1011954.22,5818300.08,685,0
1095498.92,877066.91,931543.9,6300027.58,772,0
2570940.41,1130358.26,757901.96,985739.59,616,0
1721732.58,665728.15,2474604.51,8568904.48,704,0
1592752.36,1416603.76,4521649.97,7710574.98,830,0
388781.17,325718.93,654210.85,5925390.76,707,0
146481.65,32269.16,293356.8,9190021.55,766,0
2894687.05,2140650.11,980289.98,1727947.18,587,0
1193259.89,330812.62,513768.77,6882240.99,577,0
1849317.88,405443.78,2576876.12,9631668.69,634,0
331173.71,129683.27,945101.68,3134589.2,644,1
2081031.43,808568.35,2252412.53,202158.52,757,1
2804443.46,2169301.89,7382563.13,7361931.3,577,0
1769429.23,1234118.63,638526.46,119454.23,641,0
465734.43,413165.41,862098.48,8731709.81,757,0
1786992.43,1247426.2,3219872.53,610197.46,671,1
2322406.92,1144433.1,5990937.2,6545009.06,648,0
1278607.96,881279.72,12722.29,3802982.24,673,0
2651529.47,2385372.51,1510828.24,2073239.5,537,0
1981180.56,1381079.62,1305722.56,8987671.08,535,0
2707821.86,1985312.57,7717016.83,7475146.23,491,0
1908165.4,1635022.04,879818.75,3437383.63,670,0
480735.12,134392.33,53307.3,2877323.27,741,1
998105.96,692035.78,1600347.61,7373322.33,726,0
685205.35,545124.83,1086513.26,8373879.09,764,0
2735596.84,2374675.93,6926916.64,7172712.12,795,0
2305160.2,801454.65,6561820.49,6417892.79,664,0
2061555.27,1139525.31,3330723.58,2317851.02,643,1
972802.33,657992.2,2714101.51,8535399.63,797,1
633729.84,236525.35,1378664.98,7509136.74,579,1
2293708.16,1422858.28,1820464.29,5196879.18,532,0
1475058.04,560972.17,4108423.31,5140298.23,616,0
754789.7,327140.89,1511337.71,5713271.63,604,1
1888203.74,961214.82,2345692.46,8291350.12,654,0
216968.17,123765.82,442772.64,7435482.51,564,0
1045893.74,538171.01,1259191.72,8569637.69,686,1
1458815.28,795399.87,499719.08,5097463.58,593,0
529079.17,216399.8,1141190.03,6265258.14,772,1
2955497.99,919974.31,7306767.83,8552989.48,530,0
706382.36,164689.5,1544447.52,2361584.6,636,0
478024.08,161182.6,328566.98,4468005.77,616,0
690251.13,419231.31,1980955.21,6225489.76,673,1
2330277.29,1748362.34,176550.39,9155705.26,742,0
1333966.41,424832.71,1331373.04,207568.31,676,1
1739706.23,480139.35,1357453.28,2165102.92,637,0
160926.56,116591.81,23234.36,2382782.55,719,0
199850.79,82660.45,243256.2,3299796.17,734,0
1392894.09,1206315.38,2603798.94,2853776.87,676,0
2468300.21,1727865.88,6535216.24,5921880.92,688,0
2667192.75,1143503.5,7919079.7,8861921.63,714,1
351449.05,141521.47,852006.94,6387929.52,485,0
1661253.0,941247.46,2335790.75,2453189.26,614,1
2748366.09,701936.18,5967014.11,8644340.86,687,0
1225120.99,345941.77,3100623.63,6338855.6,620,0
2505740.91,809606.18,3497817.83,2228673.14,621,1
487717.4,362035.8,1148654.12,3648582.04,687,1
2812644.02,1574237.28,4072588.31,7910149.83,689,1
2279127.62,472684.2,2642621.06,7402365.26,696,0
2829869.74,1900148.78,4466305.63,5786994.58,570,0
2062189.98,1024048.74,4181222.6,1490436.65,508,1
1153871.4,643394.84,2516185.25,8042728.51,730,0
2820725.4,986919.27,3018765.16,3110048.16,575,0
899143.65,527120.77,1541096.93,7727399.49,568,1
1063300.31,941453.83,2902397.96,6493285.34,559,0
2132344.41,536095.45,6245506.07,2678494.3,765,1
2319417.27,924849.5,1581249.44,2163073.82,671,1
2795270.1,1034524.76,1617045.58,1352553.74,684,1
693926.99,259517.95,1408711.27,2457365.05,718,1
2414194.3,1122828.37,3003382.42,1620398.77,645,0
2241783.55,1732174.25,162903.72,6189659.92,751,0
285004.21,239118.84,296571.28,6007892.03,530,0
1222947.11,417698.27,2959818.46,5882412.0,541,0
920019.83,533671.26,2200945.76,6436803.6,535,0
983022.23,634864.54,1458859.5,8157106.11,692,0
2950545.95,1667882.35,4183088.74,9139849.48,700,0
1964054.5,989595.69,3414552.6,2342236.6,602,1
2181260.86,729376.23,1435684.37,5898356.18,626,1
2932191.15,1588524.97,4627381.38,829445.4,776,1
1193885.17,574080.14,39564.26,1245417.26,580,1
2425336.49,1835723.49,3460175.82,6560676.16,679,1
1360139.79,999054.03,1371229.2,4891476.59,581,0
2621647.65,770237.66,5307810.95,7595404.26,759,1
623906.87,163440.73,1194819.56,4285490.94,712,0
2848289.91,2380337.98,3254192.99,1319604.15,510,0
734437.95,422195.97,16024.66,8726933.86,623,0
1046039.47,837313.44,791664.52,874740.29,442,0
2292957.48,551928.13,4356719.07,1930198.19,740,1
1241889.91,706090.08,269639.17,2805919.82,850,1
1863812.99,1076535.7,601876.03,9953042.04,431,0
1389263.15,1114871.76,2696705.76,4197755.21,507,0
2252872.82,604506.6,5107943.5,5041999.88,666,0
762160.63,280712.83,735217.59,7708482.67,648,1
269528.16,130607.1,395942.05,6382335.07,608,1
969795.25,781741.32,2751439.18,8422135.88,476,0
1475495.13,1264821.46,4185434.76,4890012.91,682,1
587258.15,525541.57,541750.53,9723167.99,738,0
1128912.14,983774.05,2743215.44,7978283.0,850,0
1259950.75,257230.57,2245020.77,4043585.61,780,0
266436.35,62185.13,779713.57,3843654.64,520,0
1791591.02,543433.94,2567064.55,9298437.36,648,0
2664595.94,1183622.76,6192842.33,6859935.58,709,1
540054.45,421751.54,1244507.62,6233264.66,581,0
1833643.24,1512497.75,2736343.24,7590414.84,728,0
2027743.69,670745.34,4840001.84,5630296.59,720,1
1316070.57,834079.34,1030642.5,1633709.39,773,0
2133183.0,1796467.3,782364.3,3226193.85,730,0
1291121.48,677338.1,1646814.12,5601551.39,678,1
1563448.14,426009.13,4425952.77,230769.82,586,1
121323.83,63145.36,182256.76,4401639.51,520,0
2105988.33,975191.44,4013545.0,7570238.65,671,1
2017893.77,1219535.48,3778480.59,1684128.34,609,1
211362.54,107173.72,84062.82,692361.55,619,0
1167925.31,247766.19,1367512.82,8368489.95,762,0
2939192.34,2632923.83,6233488.84,6191874.99,786,0
1320136.03,766310.14,3849477.45,1806960.78,526,0
1555641.67,826888.15,784126.19,8072734.56,628,1
2738797.46,2377912.03,3372351.62,6598388.24,606,0
2180059.44,673861.29,621930.41,3374486.73,681,1
1788003.38,594450.91,1300109.79,3793152.91,423,0
2413633.58,1847902.78,2728077.0,1601087.22,503,1
2606662.17,997261.39,4227822.91,8360793.16,638,1
1424975.41,1082210.36,985656.41,5114616.18,728,0
1477814.26,576456.09,1008886.04,5592339.81,657,1
1219547.71,272241.27,2845802.32,8840744.56,717,1
2903447.81,1631477.25,8384939.47,207514.63,669,1
2121782.14,716484.46,2059908.64,715884.47,777,1
341346.89,249351.31,704531.81,1657710.87,798,0
2602582.91,1688659.23,2015027.39,348876.24,573,0
1493623.83,1264385.23,4158034.8,6598653.76,738,0
299386.33,223968.47,604373.3,6357100.71,700,0
1694180.04,553222.92,4079637.32,2147478.93,850,1
1309776.41,995575.15,193928.28,1536594.13,570,0
2645473.27,1717483.4,4749994.63,1499562.78,638,0
691584.35,462162.41,1094665.29,9534752.06,546,0
2496747.37,1953914.59,2194617.77,6950370.06,552,0
1717297.2,1033257.97,1352010.84,5875016.84,688,1
258369.88,135954.87,449582.81,3258744.37,670,0
2918351.37,1884229.84,6185319.97,4358779.82,704,0
1586584.21,648231.03,157894.12,939588.52,701,1
943542.88,309310.33,1606103.16,9981611.29,626,0
1461279.84,922961.13,747267.22,7563100.36,625,0
2587787.57,941162.45,1089686.8,6233458.91,552,1
984219.06,251901.59,1839858.23,5898283.59,579,0
658761.55,132007.86,614367.84,5067928.0,644,1
474306.62,296832.26,627337.23,2611402.91,669,0
963792.26,437083.79,1040892.19,2302584.51,721,0
2362139.45,1716372.29,4594382.4,5517847.95,710,0
1467716.46,679000.09,2070007.56,748498.1,805,1
759696.65,410389.96,2195808.96,790984.45,552,0
581936.5,282215.62,615193.17,5630095.35,626,0
1064915.48,697948.11,2365020.76,9202129.88,561,0
2825780.68,1269615.95,2181157.1,9147004.92,777,0
1094777.47,957533.27,1670914.27,157741.59,599,0
2965559.82,2536451.89,4916035.96,1118572.45,765,1
1507168.32,1196118.22,1488069.25,5851623.05,795,0
619575.36,523051.83,876910.78,8492333.43,691,0
2684306.27,1380801.19,2249008.19,9546768.41,679,1
1435030.58,825861.93,25833.92,8612793.15,653,0
2158046.9,1552638.81,1396137.44,6792250.7,618,0
2952763.59,2029440.76,6201372.0,2045224.52,606,1
245508.52,202170.13,567833.96,772583.67,635,0
380414.22,266834.6,319779.47,522782.04,832,1
2189324.55,1967150.35,2680015.66,6140164.01,545,0
917292.51,407235.73,102825.72,410076.61,670,1
634474.05,496855.63,451230.78,7405437.57,721,0
214149.45,147408.57,500608.15,7139083.84,621,0
163355.46,111730.32,296973.51,842127.71,691,0
2346008.25,1004290.75,1448218.03,9070892.53,499,0
489856.94,367354.13,378329.24,5243196.42,782,0
1456389.79,1209186.87,3568746.37,9049163.75,763,0
1857100.76,655526.71,1164871.3,9021020.06,640,0
1342220.22,856132.2,1345539.77,2010488.94,562,1
178609.29,84749.11,355981.91,3836747.4,729,0
2372154.36,2117583.49,3993135.57,1389532.02,535,0
130488.35,69835.14,180414.58,7761031.2,549,0
2309480.69,831006.86,6233804.04,5066042.91,644,1
2690583.03,1257310.36,1773447.73,9291635.38,801,1
1355235.77,891320.78,3014396.27,2121741.39,714,1
1653073.17,418661.54,788832.5,6899258.23,585,1
1483251.84,923355.93,2739865.02,9892906.44,481,0
1228704.99,1046681.36,3209218.56,6670543.56,654,0
2673531.15,2126136.21,3672644.06,734300.63,675,1
2692407.18,666024.74,5850287.2,5904822.28,642,1
1073867.46,961511.84,2642981.17,1839435.36,830,1
1883702.29,1298075.91,768699.86,353502.64,636,1
2788031.93,874317.27,5903603.76,3382858.94,421,1
2889969.65,603111.41,7974937.92,2697735.63,609,1
1575981.22,504153.0,2725047.77,7898270.44,695,0
1413191.94,1111790.8,789079.36,3768121.38,688,0
908213.52,195399.89,345872.77,7342939.86,632,0
2880728.43,1046289.53,2244680.85,211577.97,615,1
514161.48,375396.45,159667.61,197380.73,450,0
1781505.77,1087212.67,2743843.5,341668.9,658,1
919395.78,687629.89,192258.57,2232616.5,616,0
909124.04,656665.16,609307.55,3771178.46,674,0
1274408.9,300022.58,1681877.36,6098065.74,699,0
2996499.51,2471386.93,4260255.96,9859843.16,774,0
259402.29,93105.26,439996.99,3576375.19,554,0
1777771.27,1044217.88,3763266.03,603806.12,520,1
339459.26,220988.56,48096.6,1989256.61,592,0
548110.41,174320.9,132567.55,8983625.75,576,0
1374732.53,1214386.31,250995.17,7008822.94,567,0
1580334.38,856081.62,2006156.98,7912498.2,794,0
850497.98,204417.09,106774.78,1285473.65,664,1
1017725.68,871258.09,2277918.19,1393120.54,847,0
352204.36,214981.13,235624.91,1166847.78,649,0
979337.37,675189.7,2759417.69,8578833.18,532,0
2903019.47,1647820.78,4236118.72,2139177.71,569,1
2839651.41,2227185.65,3802228.65,6449359.87,752,0
1071147.04,239072.98,2508215.13,5185855.34,536,0
1755476.42,680887.61,3755775.0,5466679.62,705,1
2737826.63,1447636.37,4988120.6,1994581.82,614,1
117933.09,29910.49,330854.21,6370698.63,557,0
2450982.35,1701311.82,3104849.99,478850.32,788,1
2850271.7,1355487.72,6913604.87,9935049.15,591,0
364844.63,142605.94,416024.61,316251.12,567,0
568198.29,114983.56,1429039.73,549057.58,642,1
2886164.28,2031516.83,2246659.22,3280241.83,599,0
1658866.42,1299998.07,1439566.3,8324672.29,850,0
141170.24,67271.63,287085.01,2609032.66,756,1
847132.8,504003.85,540589.23,4745753.39,590,0
1404836.66,504871.09,965772.61,228874.45,602,1
2109435.84,1340627.38,1931794.53,834849.2,448,0
2226165.1,464147.01,4534222.59,6099262.18,663,0
2986722.39,1618955.04,7969065.98,1983866.77,575,1
933782.48,607839.95,1889698.36,6957832.9,658,0
1660838.3,1399645.3,4124596.8,7864642.19,453,0
1646638.29,768873.17,2685143.04,8510825.28,647,0
1276371.25,938940.99,263914.86,1381303.41,819,1
590569.49,365196.91,177996.84,4582310.06,655,0
2934624.03,2491227.22,4880796.07,9473460.43,572,0
2574619.84,1232893.72,2531888.63,7732231.25,647,0
1545165.78,654171.8,1022442.72,1213755.8,643,0
1849411.73,1518365.92,2586903.09,5049877.44,850,1
759057.06,177976.93,1517727.16,9227686.79,616,1
1676982.5,495497.64,1936874.28,4428386.11,529,1
2115413.39,545106.29,5093125.9,8382305.21,652,1
1593984.38,1259529.75,3531583.56,4983645.03,669,1
2971826.99,616431.8,6552119.66,1112776.19,706,1
1872890.8,1504230.99,5535458.13,1521156.51,725,1
1175823.77,606592.73,1041415.27,514423.74,845,1
2339240.88,474439.44,4524505.34,1993381.67,590,1
594341.28,285968.27,1525338.28,8941460.29,581,1
1215095.86,401905.82,2112533.22,6519470.56,464,0
1106180.96,704726.14,2619996.82,7401626.5,716,0
1352240.58,913507.68,1681317.19,6235531.51,561,0
2367161.5,1281271.84,4193365.13,3896065.96,739,1
1504101.79,343482.2,251183.76,2207768.27,600,1
2402641.91,1584038.17,7105339.68,9259865.11,822,0
1771817.82,1398721.09,4252461.0,5172556.33,506,0
1092001.36,769016.84,2846222.06,4836943.82,752,0
2448938.36,1912548.72,5100851.67,9961235.68,740,1
791040.04,269235.75,441519.08,3870103.38,702,1
750710.64,617250.47,69880.15,8548546.88,538,1
1563058.48,665136.74,4054526.53,8630323.4,703,0
856462.81,179329.07,1018327.4,2365068.59,662,0
126352.4,99865.67,100019.88,993654.94,466,0
1980062.83,1701418.27,3336443.24,9757420.15,805,1
1582172.08,1042478.53,1997801.68,4287673.8,615,0
1392001.66,503912.45,2721360.45,72092.2,798,1
2904208.69,1092624.66,4215109.54,5015227.45,643,1
1756477.63,924987.49,3674023.25,6212038.62,748,1
2603951.58,2157326.37,6666818.6,7772078.06,564,0
504405.68,153701.67,295920.2,9432274.08,671,0
1750698.74,1362361.49,1730213.19,9155947.76,664,0
2617140.92,1057094.53,3429623.84,9404351.41,617,0
1791006.7,1371929.61,5169159.37,369645.23,563,1
2182241.12,1842225.78,2391738.1,7132152.63,343,0
1178926.35,588573.92,1347865.96,2297286.73,565,0
368103.6,167684.24,721636.76,1916149.24,720,1
1427910.86,1087432.54,1795739.45,8013169.76,510,0
1243990.23,709868.12,3549939.15,4200440.41,531,0
2614474.53,1775527.13,7015697.37,9170170.75,506,1
807586.38,513609.16,1243865.8,472229.15,670,1
2903529.26,891447.92,5616371.27,8031699.25,560,1
2878600.55,2277989.91,501140.42,1411502.39,772,1
818131.76,275745.24,1707597.73,1806943.16,723,1
1109350.67,945829.61,2353601.29,4799649.57,670,0
2697111.65,1012495.45,2906401.81,3986119.91,680,1
2903204.44,2072065.44,1913352.97,4887414.45,573,0
1385973.4,553362.04,3804822.97,9403263.89,573,0
1030891.43,435499.87,1319659.28,6591019.91,721,0
1625672.64,677907.6,3188136.38,2938578.35,741,1
2094530.7,1515444.44,209424.55,1770441.69,720,1
893076.09,526710.01,1109380.46,4229460.44,602,0
2235772.21,1829010.83,5481613.61,4543828.22,610,1
249806.34,103709.82,290456.82,6032879.38,556,0
242954.03,166276.47,439621.3,2696726.9,726,0
1220234.34,887188.49,768219.77,7686717.01,453,0
1125072.26,344314.28,1405864.36,1029679.44,429,0
1015336.32,487780.31,2825592.81,5626510.97,449,1
1523957.31,819846.74,2589744.86,6254139.95,435,0
1030127.39,462507.8,2787312.9,2107974.23,785,0
657547.96,279772.73,1779362.86,8268812.94,728,0
997461.69,678766.62,2825253.79,6173549.65,530,0
2927222.39,1027766.75,7863031.55,6474936.04,639,1
1292228.91,900132.44,12719.91,5002547.88,796,0
1389667.05,1187513.49,3893909.17,9100462.46,700,0
1771980.47,1055459.37,730726.32,6954579.44,850,0
2951688.23,1853671.91,353549.54,3849263.87,638,1
800643.7,198762.11,133039.44,2424128.58,584,1
2075718.12,1671230.89,2172755.01,757063.66,541,0
2176355.61,870136.25,4053271.36,1695340.33,652,1
1861240.81,1173578.99,2246394.05,9927195.37,743,0
356877.18,315971.39,27359.22,4097330.62,659,0
2062929.6,1272521.88,2948850.39,8991937.91,614,0
285874.66,202198.19,379181.93,1747165.1,775,0
1828813.68,935847.36,4152408.88,4282340.67,702,1
2244785.41,543812.94,1883012.87,9607158.75,638,0
711812.68,539781.47,464524.35,956765.9,573,0
2540703.82,570385.95,1950795.26,5960143.62,624,1
188026.04,129824.55,171332.98,9195760.41,697,1
2547057.3,550279.25,4578321.8,9499349.56,571,0
1434954.25,1153148.84,2029852.49,8467774.4,526,0
731005.03,226863.92,738814.86,8566547.6,601,0
487956.62,273250.85,547947.22,6539220.39,645,0
2864590.79,1770332.84,3187633.5,2243209.93,786,0
310730.2,161667.27,906468.39,7320251.52,533,0
677370.92,297050.48,473476.15,9784925.42,672,0
1108684.81,584797.98,2720917.27,5283038.47,622,0
1898681.06,793631.65,4033999.52,2643938.72,627,0
1679923.15,851192.94,28071.54,5756037.12,803,0
464366.13,209540.15,1383592.18,6921573.04,658,0
940211.15,560688.69,2133638.2,2122389.08,558,1
792380.14,290444.49,1622278.49,7205934.01,738,1
719274.28,641635.52,874618.91,5894956.95,731,0
1292318.58,711562.2,2152497.8,6142881.6,549,0
2141691.21,719422.89,1627284.15,3094579.9,530,0
730613.5,390108.69,77773.96,1594904.76,691,1
1163368.75,938245.95,2917804.42,6253326.46,646,0
1233660.54,265563.63,3317872.63,5883018.24,602,1
2931723.94,1980930.34,1428957.16,3413221.27,755,1
2868532.43,1674010.87,6773087.82,2994141.99,590,1
2420398.99,771358.4,5381655.55,3505082.39,692,1
800810.87,618412.99,428533.92,4924339.22,767,1
297308.21,136232.34,376239.5,9749456.36,616,0
1019022.0,413377.91,1292398.87,7647467.99,467,1
873704.19,681216.36,1991951.88,8524810.4,609,0
1567184.82,1013917.7,3938308.37,5081213.21,668,0
2355410.94,1952120.68,669703.07,5284929.94,750,0
2589136.52,1659425.74,4372812.62,2083030.38,597,1
2550105.85,1832435.58,5827617.89,7224406.07,822,1
1143059.13,897886.81,2695987.0,4244760.86,520,0
2092979.6,498794.18,929242.28,7437346.25,666,0
1007219.17,748599.81,1587896.57,4120101.04,626,0
276626.08,174162.27,711669.3,1129746.01,784,0
2134539.27,530764.84,2039671.23,1771884.19,502,1
128499.9,71446.53,163882.44,8125122.28,692,0
1286629.5,331591.0,3104734.18,2623234.07,625,0
1055199.88,754639.96,282749.84,2680326.5,802,1
2110794.86,1229646.08,5442642.06,9297212.5,567,1
2322111.87,2014435.48,2167622.12,6593474.45,691,0
981874.44,322246.05,4272.09,1187360.16,566,1
2453718.34,1531668.45,1723681.77,1478673.44,668,1
952358.61,331523.17,255710.12,2760055.96,613,0
1394346.44,878222.82,386449.7,5960257.09,611,0
2208353.73,1558777.06,4590079.13,7540613.43,451,1
2109468.66,1488468.58,1354129.13,2781239.61,691,0
2963368.57,2283428.97,8309958.42,8712888.27,541,0
752966.97,600479.98,1166597.06,1136342.78,538,1
2020721.95,513445.66,2789191.95,2115611.72,494,0
1868077.53,822490.27,2433825.85,9706125.97,544,0
2753785.52,1875288.74,5721713.44,1390711.39,700,1
553450.21,303849.92,750914.76,8886707.51,695,0
2280214.67,760390.4,879709.26,7054154.0,716,1
1747978.99,1025883.1,4615567.43,777216.55,547,1
896531.02,435001.3,1152209.16,4862882.95,671,0
1475861.25,698121.92,327661.46,5213844.56,588,0
1067952.13,818935.17,1696012.6,9324789.33,745,1
1780008.87,863871.83,3456849.45,4239990.7,692,1
2678101.77,585213.85,2214113.66,4495297.97,584,1
1750984.45,421364.49,4204150.84,1169213.36,754,1
1931995.01,1544380.46,3882010.78,6409767.01,700,1
1604368.76,1399684.3,3130161.16,2148424.91,511,0
248379.97,169366.96,313573.47,821455.92,482,0
775289.81,352801.68,2237289.41,9969344.05,515,1
1526805.02,1308502.77,1255900.19,2732814.8,814,0
999682.32,663751.23,1732565.93,1453478.99,548,1
627114.43,496068.52,581438.85,7009929.23,837,0
1561985.24,1149772.05,3490122.1,8225737.45,543,0
1036148.4,482220.9,148557.21,687571.06,532,0
848512.17,454031.68,116824.52,1098663.41,737,0
1445557.71,477456.88,3516438.98,947229.54,742,1
486524.35,196755.25,633846.1,517245.07,705,1
2790462.63,2078023.93,2856150.57,6611591.96,717,0
2616336.08,2160530.76,4768483.35,5903716.24,569,0
2152099.7,1521797.68,4531672.1,6644926.23,733,1
408020.1,214464.17,246282.58,5081388.27,673,0
2350044.04,612319.22,1307314.75,8184201.47,613,0
2443076.25,586004.98,7022506.01,5489349.61,659,1
2326517.39,1074915.93,4115592.79,9191532.0,756,0
430501.07,225873.24,503836.69,4882202.9,689,0
1967333.08,1232306.82,4730108.26,7917053.68,434,0
2519541.91,515353.82,3969480.01,4103235.52,739,1
1774324.86,1584127.93,1286365.0,4380477.75,731,0
1974581.39,897955.14,1224647.06,8497470.85,612,0
1429254.09,1134350.76,1701638.19,1121215.36,661,0
1633251.23,938264.77,4213277.91,5670931.66,661,1
199692.89,58172.06,36812.14,7277047.85,452,0
1952992.76,1480946.38,1280339.09,7516685.12,609,0
336196.92,234288.56,900824.66,5935360.6,613,0
1361542.32,774997.05,497240.3,4508241.62,634,0
948699.78,531449.44,1791977.35,2644785.32,597,1
1681741.06,439330.84,1077212.5,9098791.04,716,0
486907.37,320917.86,885003.11,3729390.08,569,0
2105765.87,1764361.43,2420183.03,7999971.28,741,0
2405533.46,638119.33,733761.53,365072.85,711,1
573727.9,220574.29,1002546.6,2360083.69,786,1
402507.95,334731.89,824790.41,3488568.69,823,0
521994.9,208297.23,1065296.51,6732161.93,824,1
2643669.93,1738901.84,5052326.13,3227341.53,531,1
1631748.86,937232.02,2448723.65,461569.82,684,0
1455056.89,898394.79,2267586.63,1779981.78,578,0
409464.28,201068.35,780815.75,2628695.26,850,1
1983712.42,813310.25,4107828.21,1801672.43,711,1
2617198.82,612354.95,5141827.88,2077059.37,791,1
2501739.02,1803745.47,4405153.87,7701121.56,693,0
1915558.66,1383541.78,895556.15,4149734.76,386,0
318308.28,213109.94,201122.96,4081533.48,571,0
425951.38,277099.97,332528.34,9667733.05,581,0
242996.06,90054.82,670422.48,4494683.29,610,1
846689.73,182581.4,1928916.07,9280198.42,685,0
493418.25,378008.11,818383.74,3025677.83,700,0
854139.32,464478.38,645875.2,4036231.29,387,0
1216668.36,504657.84,404754.62,3993019.39,626,1
2834650.07,769188.92,7643003.72,5483484.38,601,1
1870090.57,456124.65,5008098.9,5863260.54,788,1
2521423.98,1120033.44,837331.59,2518844.04,709,0
2160019.35,1648777.21,5166010.28,7946163.29,631,0
426259.08,359381.85,571159.55,4990433.25,672,0
2234169.18,1849279.82,2171390.81,120083.36,481,0
897786.76,757732.55,1990674.79,5933839.3,716,0
1953412.76,1631896.14,3600117.49,7990691.44,610,0
1088789.72,619583.77,2547866.3,2542144.04,569,0
2993249.56,1058385.95,667454.49,426816.54,781,1
864299.29,655685.62,826063.61,8081427.62,677,0
909478.37,317952.8,871235.3,9763953.32,583,0
2798949.54,1083319.69,2768886.8,811807.97,589,0
171468.77,62290.84,258478.82,9383466.23,686,0
2120398.06,1188457.0,1800305.76,3624780.4,678,0
2203446.53,937080.1,2937526.58,9417324.11,652,0
2525497.87,777624.12,2786464.59,6505951.27,529,0
2925874.0,1513324.61,6454150.77,8907930.91,544,1
2929245.57,2377771.35,5303406.09,7869038.6,575,0
289302.6,173404.22,567290.08,328577.54,630,1
2483334.04,2023507.3,1568850.45,701152.9,645,1
1974298.81,665556.92,1927915.61,5281158.82,634,0
1977292.19,626567.73,125550.82,1339709.25,638,0
472214.79,284700.18,153528.42,4637290.68,838,1
1985542.78,1041080.11,1578829.55,9548571.47,734,0
2949199.48,1952726.47,579196.72,2982835.01,768,0
2744273.85,2075326.24,4961365.02,4914681.5,696,0
1373478.92,997029.09,4112732.01,3873383.32,657,1
215849.12,185540.2,65282.63,6316778.29,690,0
1150651.12,550908.15,2834848.39,1978757.06,672,1
2496531.9,859982.14,889885.66,2636395.94,730,1
2134347.39,1249956.75,4289487.72,8594740.12,552,0
1432096.6,397435.71,2763191.45,8122795.43,722,0
259794.45,104488.23,703562.55,7902437.4,666,0
1337994.71,462306.12,457375.89,7720650.11,469,0
1460172.33,697370.42,1381809.84,4621403.06,658,1
2792811.05,775987.02,760592.15,7302463.19,519,0
1959149.7,435497.86,2394374.76,3902687.94,596,1
1003793.46,662258.56,2745153.79,1052060.32,634,1
1623422.97,1018169.14,3806227.9,3964077.68,499,0
291560.39,202882.67,632307.11,1628697.29,644,0
2920447.88,1934126.5,4670037.15,3938974.22,656,0
1144173.72,320375.82,3032583.49,3009380.89,725,1
1485815.33,599905.69,2003362.54,6011648.64,604,1
1130323.53,328549.59,507579.69,3647327.13,677,0
2079284.02,1642802.13,5224732.7,7070617.15,640,0
2020473.26,1460463.86,1695005.29,5145859.48,608,0
2174434.7,741632.06,349867.9,9198948.17,482,0
877615.37,385199.84,331838.74,955703.08,638,1
1015438.6,890164.44,1855385.79,6892706.43,724,0
463228.57,285307.83,843653.13,6740348.93,556,0
2000978.92,1522362.61,1561863.12,9508734.15,628,0
215411.67,82979.53,469929.27,3746941.08,642,1
1833278.77,636215.65,4254894.22,3089107.8,760,0
2622118.07,1963289.53,7240999.7,1765314.77,653,0
2683413.23,1825018.1,4708887.07,2689620.73,678,0
1402209.51,948853.51,3278744.55,5043813.19,649,0
1431980.7,840349.58,3235272.61,8385243.97,600,0
323210.63,192150.28,249979.88,2878651.7,536,0
2045218.57,1462307.26,1903439.49,1619534.06,621,0
2481652.32,965367.06,3562280.84,2757678.29,689,1
809499.66,361796.1,46236.11,1054223.4,662,0
1321772.56,1070828.41,1179276.64,9270619.39,797,0
2532634.08,1054096.59,3600515.74,8732610.31,744,1
2643649.36,1539705.53,857091.97,3119492.58,774,0
805221.94,557090.89,305040.35,2507528.77,446,0
1696654.84,1526900.08,2357858.55,9058703.27,807,0
658230.14,332211.34,1443429.64,67630.92,676,1
395448.42,197591.74,989114.08,6025746.4,690,0
2742249.45,2165861.16,4494386.96,9164237.42,739,0
2479471.76,1893949.91,3531380.13,5110147.01,652,0
2304101.22,1639951.22,2656263.97,79521.25,542,1
241422.32,126568.25,139746.58,2227770.72,794,0
2546813.5,1086871.47,1119798.26,9228293.86,573,0
1370327.82,857977.78,3255473.22,219373.12,551,1
1092945.86,888954.4,1524681.22,3978058.67,626,0
1684781.45,1379236.59,3994550.66,7907960.03,611,0
364924.4,100700.47,770811.25,8389005.39,650,0
2294274.99,1146782.34,1334551.64,4802198.93,640,0
1789061.72,939803.73,2738913.58,2363213.33,784,1
641111.28,566954.42,853992.21,6017061.94,695,0
645873.38,435705.28,821305.84,2674591.41,564,1
634321.09,307691.71,1032492.78,2589879.37,577,1
265306.92,57900.72,781659.38,8085617.65,611,0
1804615.5,1075135.08,4400919.06,1584945.06,611,1
2537009.72,678023.92,6878181.66,104938.71,598,1
150744.82,118201.27,13404.04,3400913.41,539,0
242113.47,175959.13,101931.97,4935190.85,679,0
1761033.8,919887.3,447815.01,7065549.9,604,0
2476537.49,1239377.11,1955704.36,7822096.81,554,0
1047542.78,867509.23,1388703.87,6652016.15,698,0
1113881.76,447692.3,2145514.2,6283763.36,734,0
1829404.84,684771.8,2748669.43,6674199.79,625,0
895217.38,767593.58,2425637.81,2751688.85,828,0
177164.26,135791.46,499526.66,3854495.16,850,0
2232162.7,1728671.43,1095016.11,6183543.18,699,1
1914384.75,644450.19,4898410.46,702428.07,603,1
1784192.4,535805.81,2578455.28,2988487.23,676,1
2250883.97,491189.44,3061176.13,4093868.5,527,0
2058169.43,753144.0,4846614.51,5357734.79,562,1
697057.77,517170.4,194772.95,4890496.97,481,0
1122195.04,412997.95,2970988.22,7195412.19,587,0
465719.41,330834.17,937302.26,4760595.42,526,0
476585.34,179356.12,1251410.55,9046093.34,712,0
2060967.66,982473.07,6148758.39,3834167.5,575,0
2589940.31,2300420.21,4024801.84,5277448.48,677,0
2891924.49,1073968.83,809121.7,81943.38,724,1
1922206.64,890864.81,960279.83,3139255.67,767,0
633893.84,260378.88,615418.83,8672401.12,614,0
406386.0,112462.24,126247.4,3369085.13,681,0
2457267.82,1334114.34,6010539.69,2569204.02,684,0
1778393.78,827101.54,1583843.82,5458192.78,777,0
1893026.56,1299413.11,5542135.42,833364.48,728,1
2366240.06,1827485.49,4987499.97,5339471.06,780,0
2139503.96,1242997.89,1113164.89,3071474.69,483,0
2519928.93,560778.67,3598780.92,3861873.75,583,1
263020.33,166556.48,368400.12,7924081.79,753,0
2267809.85,541492.92,3350768.36,6636541.99,708,1
2567473.0,1621229.35,4126117.84,4488755.63,637,0
929791.62,631812.9,86953.41,5796287.32,602,0
1957297.09,662422.42,4029885.6,7680244.62,728,1
1011069.99,782105.41,1477754.94,7470548.26,452,0
2878116.09,2411169.36,6829470.73,1893951.02,729,0
196928.36,151469.59,481696.36,3044146.26,659,0
1781399.25,736744.75,1232025.28,3514957.46,601,0
582860.29,355923.7,84671.44,1916045.79,700,0
2165438.6,1819770.94,4568429.2,171006.47,611,0
610081.82,258958.57,1789545.91,1780974.32,652,1
782611.46,605756.51,1048678.98,8092031.05,645,0
1533675.35,316907.31,1194485.3,5481908.49,724,0
2753021.35,557631.89,1293963.21,3449497.37,665,1
713971.68,522483.16,615684.05,6103027.23,459,0
518296.06,379917.91,509878.24,7411349.55,510,0
2301032.81,1731030.24,2926049.08,3576556.44,541,0
1551796.64,1320608.1,3051175.72,4687444.67,695,0
2744176.83,775324.4,2248823.18,688921.51,705,1
525182.22,190320.52,80316.27,5991050.84,817,0
1973190.89,1642893.42,2209649.87,3596250.6,548,0
775349.52,251263.91,1990236.05,4363560.29,780,1
554605.24,375778.6,829165.08,4254876.15,456,0
2081945.3,1189465.53,6025881.04,6342472.42,651,1
1821685.4,470423.97,2752319.97,5746030.22,674,0
2288999.63,914877.82,1894596.87,4249955.18,674,1
997441.47,562816.87,578458.19,218702.46,619,1
1399117.8,1114600.32,2915164.77,6228578.02,661,0
1275867.86,887081.51,2053054.93,8801795.87,526,0
2953859.45,1876640.7,5352383.82,7707038.14,736,0
947521.97,518505.84,2146497.68,9817075.54,674,0
954969.99,390657.97,2079648.07,1433799.61,686,1
1128189.81,319809.59,146766.1,2264074.53,622,0
1737322.84,844952.56,4182979.5,5415711.28,617,0
831735.96,182951.09,1329205.49,2397022.94,702,1
2754340.83,957792.06,3236696.4,393770.32,808,1
870488.14,437627.78,1403712.85,4052768.35,510,0
2697865.62,1330111.5,4956935.12,2912065.1,505,0
400077.68,92420.67,179442.41,2674420.41,676,1
2004031.84,1227153.08,2509541.22,9534069.53,616,0
2730258.0,1596597.49,2748710.81,2422618.46,662,1
589373.37,150097.49,619565.1,1337854.08,647,1
2908148.18,2501630.18,796846.61,1296926.62,712,0
1413361.75,380997.02,677750.01,8072924.53,621,0
2842573.81,2269465.18,1380058.79,7162738.34,529,0
2062778.13,413002.86,2309639.51,1338387.65,571,0
974601.92,796831.38,2615319.54,2236543.53,633,0
646077.32,138133.79,399328.84,7486062.93,524,0
980831.63,716466.54,1224644.33,2782433.16,646,1
369750.49,167564.84,345653.2,9816343.65,656,0
517217.1,370716.27,1221744.35,5428672.16,614,0
403515.28,194180.28,60680.34,1960479.31,670,0
1326536.28,331150.61,782165.83,8595144.12,488,0
2407177.29,1774702.74,1521154.61,3228781.68,554,0
510012.31,127440.28,1519269.75,2923633.18,535,0
477929.26,404081.69,818370.24,3308040.27,737,0
1965943.95,463337.26,819552.48,7693562.62,850,0
671830.65,359783.92,548615.17,1773468.85,561,1
383069.11,270494.33,192862.38,3848768.51,626,0
583860.88,277493.03,218255.2,356786.09,580,0
2778821.05,978321.28,6645678.6,8274934.84,672,0
2482266.63,1815439.64,3691770.63,3440151.72,589,1
1126787.23,843970.73,2133718.57,2519320.55,678,0
2001880.23,1693363.43,1989375.96,5819937.76,716,0
1658099.45,768223.31,2754244.56,7064669.24,527,0
2063660.36,1144044.22,1594605.01,8138315.57,677,0
2079746.34,944599.8,1921911.95,3510460.21,470,0
1923328.64,730782.71,3763403.76,8132393.46,624,1
871693.97,632608.43,393177.89,4675565.95,617,0
213118.62,93294.02,394624.41,1056365.56,627,1
1421143.67,710152.04,3633444.34,8470759.45,618,0
2683824.27,1295137.26,969584.33,5498966.08,600,0
1751542.05,1224087.68,4715823.51,6044572.24,623,1
2513934.02,2117881.16,599163.6,9378038.13,673,0
2975710.59,1983993.27,3114758.65,5613557.28,676,1
574486.99,304540.05,1052188.98,105556.13,661,1
2106155.15,1570019.84,3534642.84,8712627.62,592,0
2055451.36,1333330.04,594381.48,2883273.25,758,0
2941870.8,713189.65,7050897.95,5042580.86,802,1
2958242.13,789745.66,8636469.21,2088621.7,521,1
2091367.97,473782.39,1137045.12,3004986.51,666,1
806482.9,419186.77,2165723.45,6882156.04,603,0
2415811.93,1879736.99,4035440.68,4324254.84,742,0
410384.49,172016.03,1152278.11,6289949.77,648,1
2364027.98,1108521.39,1248816.4,8244578.13,655,0
2739568.76,2292016.3,6509391.2,3441179.12,699,1
1210216.84,951027.62,217046.01,5704983.38,620,0
1928842.36,1283709.55,5110640.14,7786999.54,817,1
1347413.92,521129.38,2725115.38,7165475.77,700,0
1369518.66,386107.08,1521212.51,5421442.19,743,1
1000075.58,211257.14,571443.66,3864665.93,627,0
2310175.9,635084.61,5659005.26,4104644.71,637,0
2814912.04,1139525.68,5094213.77,4359695.36,731,1
2828177.49,1658027.66,3057960.01,3521013.01,721,0
606865.73,148560.76,808046.25,7005802.57,525,0
2636756.58,778790.96,6538175.37,1297881.76,662,1
2238551.18,731461.13,2276117.61,9676168.5,697,0
833228.46,535255.52,224053.5,7800905.74,636,0
295125.38,186239.71,806827.49,3016722.37,687,0
877192.07,513627.55,1019324.57,473348.31,641,0
2745403.89,1030490.09,2869393.28,7127466.57,425,1
1936218.16,890241.71,1187286.76,7356872.5,518,0
2191058.52,586508.68,5898916.1,9638044.97,747,1
845741.82,303217.41,551860.07,2574370.3,625,0
2186225.65,1811055.47,4175731.67,873114.65,668,1
181552.37,160816.22,479714.92,9155590.84,649,0
1188431.9,776475.9,124477.36,2623557.89,567,0
1917584.71,1614177.37,4767834.91,7229237.9,603,0
523680.04,340349.78,645068.16,653563.4,682,1
2486710.37,555127.11,4908576.59,7617818.81,693,0
781590.77,701660.46,873203.9,1313907.68,850,0
1991615.23,536275.48,4155602.3,6971084.16,602,1
1275071.71,864306.42,972732.76,5346813.33,817,0
1828526.43,689327.66,120301.73,9557106.9,563,0
411606.6,195260.73,1170346.8,417330.55,698,1
149047.12,97201.66,7318.7,2955885.02,667,0
2737736.84,1384038.62,6768500.95,741613.73,637,1
881927.03,331059.74,447501.04,8798016.47,649,0
2477063.31,1075323.73,2914663.01,5959316.48,587,0
2998115.87,1316423.76,7397782.34,5372947.64,740,1
713150.65,621529.85,440581.94,1358006.03,565,1
868995.15,659592.62,2256887.13,4915870.96,681,1
2022293.38,1053582.78,3019843.83,4017101.37,725,0
2899801.04,985568.85,3185316.58,3191731.09,788,1
2755861.61,2115706.04,5476760.27,7733280.11,747,0
1558339.01,483128.31,1596002.76,659696.6,707,1
2405819.82,835597.89,2506539.65,6484522.99,586,0
493662.97,225213.68,1086344.46,8238780.66,571,0
2934570.73,2395324.98,2727673.74,9077707.46,536,0
2896624.38,846540.41,1744688.84,7471870.12,526,1
574813.98,164146.14,1392738.85,2860434.0,649,1
968327.06,528495.96,2339587.7,6025049.23,577,0
390449.49,153636.95,582846.26,1456965.93,769,1
887981.04,531109.95,1402980.6,1214753.21,592,0
2466271.79,1272955.53,5150142.44,6404310.21,659,1
1197115.26,603910.38,1828980.08,8518521.16,623,1
356351.2,99201.43,445838.08,719118.85,509,0
1092454.02,326354.02,3260628.49,1104737.13,758,1
2946011.67,2282437.28,1304851.27,5677792.71,719,0
1926082.43,1579614.71,3424928.83,2221208.02,731,1
1306866.74,476063.42,3473114.79,6137590.32,709,1
582961.69,162892.53,1201860.12,2184711.06,574,1
2959912.71,702658.62,7822368.21,1208995.64,575,1
2480462.13,1552293.86,2502796.61,5478471.07,695,1
916284.18,642083.62,747668.58,8628841.62,804,0
303199.22,139764.83,774315.36,6866963.62,688,1
264214.12,178548.79,312391.9,8196315.12,747,0
449096.63,313950.51,956147.83,2700034.99,597,0
1784228.89,1525051.08,790851.85,8865487.58,759,0
2793413.92,685536.03,6334106.23,3801539.79,608,1
1540555.94,515476.5,2537215.44,8531854.3,674,0
2544541.9,630965.45,2050480.72,4738197.12,613,1
1393071.2,1125038.38,2066637.69,2715183.59,738,0
2154892.28,1626536.42,4505515.32,2639575.37,740,1
2222430.94,1338457.81,79250.17,5698295.45,502,0
604494.75,156300.81,1156036.47,836152.19,782,1
1147526.57,449048.55,1864469.43,9304059.14,850,0
1948176.25,795642.77,1287468.84,2751061.78,614,1
305020.16,180730.62,689023.23,3389466.94,637,0
1148466.54,437141.65,1045544.37,2371350.46,773,0
1650918.45,414499.24,1371224.46,79929.21,656,1
2989051.03,2126810.27,4225487.07,6940874.86,649,0
1476147.33,604269.99,2994289.63,5926001.37,839,1
2466564.6,1274380.01,6873175.8,8105963.17,514,0
1352995.13,391511.66,573766.98,458057.2,571,1
2409533.1,1835543.31,2865909.17,9290123.67,691,0
1826702.92,1088481.7,367110.25,3342325.05,488,0
2671126.78,2220000.01,6078555.65,9135045.13,612,0
1291733.4,706358.7,1735054.59,1115958.25,611,1
1852482.82,1591278.98,3928722.23,7452009.79,746,0
1927054.17,1588485.68,1862658.33,5814614.4,719,0
1310410.53,790861.45,3319206.61,3614002.59,481,1
518504.93,442660.83,831932.98,837466.84,580,0
371322.28,158243.49,1051147.82,6067128.27,580,0
148347.5,67638.97,35075.86,313076.84,628,0
2633249.37,610478.22,4062657.37,5037756.89,540,1
785777.25,481241.91,1806789.28,6061875.33,695,0
713369.57,503172.93,1284391.91,7338611.29,580,0
2234502.66,1656802.01,155482.11,9913779.61,708,0
1028046.73,313422.05,2998828.79,2637932.45,649,1
1567529.61,800868.67,1402611.51,3257778.72,552,0
571282.09,184983.57,427223.94,3444396.2,788,0
2883262.59,1913013.43,4200854.86,7329247.98,791,1
2569586.06,798016.97,4179365.75,9321601.72,679,1
2604989.91,2169734.07,5988518.59,9744521.31,626,1
1279643.87,462519.92,1509750.68,9460823.1,544,0
2310847.52,933539.85,3050044.03,8799860.93,757,0
517240.85,411534.63,830109.37,9910224.87,732,0
124995.11,65113.37,147889.37,3790659.98,568,1
157921.5,34236.93,433280.43,9485797.13,581,1
1801145.04,983804.11,4599684.77,7622148.63,695,1
1420645.23,368203.31,1939068.62,1726175.6,532,0
1602244.51,1425583.12,936.65,502378.62,587,0
121643.11,74406.42,328777.41,2184115.38,545,0
1325791.2,503234.32,494533.0,7798573.69,549,0
2182397.67,1297658.84,1600869.97,6335383.97,577,0
1383811.74,351221.07,632518.0,2282344.76,740,1
2223435.7,1689641.96,1199425.07,7432118.47,474,0
775755.0,657630.5,1868508.79,1456156.28,693,0
2458111.81,1996259.82,4273438.02,8227321.87,675,0
1806450.6,793447.88,5181416.04,7951901.71,746,1
711212.99,304425.96,493838.23,9727130.91,675,0
786489.38,176615.1,1145840.09,1545281.67,612,0
1921288.35,1260327.21,5633765.21,9070799.29,568,1
2506824.82,1440003.78,6215247.34,3443971.5,749,0
1305320.57,680780.1,2853231.1,4189795.65,699,0
849071.24,709264.59,481360.23,4711028.38,600,0
2614333.66,830090.76,6034447.31,6287695.33,740,0
2040878.05,421984.98,2128014.08,9947895.53,605,0
1399447.91,351711.37,2227376.26,6019590.09,649,0
1514910.57,539853.54,2768474.27,9270822.86,589,0
692343.76,154600.28,1265667.48,2587530.61,703,1
1917727.63,1058567.62,4179822.4,4014196.04,550,0
1140353.28,478792.51,2263722.46,5069770.32,620,0
2987371.01,974893.0,612747.55,3262874.8,584,0
1492532.19,1082173.68,2047815.48,9769827.67,676,0
1509068.26,517785.36,3006161.79,7270551.36,688,0
1740970.18,1186164.02,1545944.87,4814869.45,539,0
2758592.41,1226154.14,2590787.4,7525481.78,690,0
2422372.49,1352360.74,905247.0,4701052.87,502,0
1408277.2,1202256.0,1768577.82,221392.01,850,1
2184227.87,493954.71,6466387.62,5454774.41,598,1
1800082.95,990378.92,1540795.55,6270592.93,754,0
1527864.44,1219382.61,2435890.59,9813013.82,670,1
657715.74,402247.09,1466516.52,455888.84,674,0
1445415.16,569218.02,58527.48,5145364.73,533,0
812873.9,388860.01,2195831.46,1026639.83,734,1
2753042.23,1861568.45,3192566.95,1532509.22,654,1
1072679.76,883425.07,2796849.38,6124110.22,697,1
2861565.64,654573.02,334353.85,2354098.74,640,1
1645860.34,411592.11,719225.59,7504282.41,663,1
1931478.7,825776.81,1868876.31,5166276.99,561,0
1674527.29,607762.61,1735455.5,2221218.21,634,1
475203.79,183168.07,1208625.08,4963227.19,608,1
1189881.54,422275.87,39984.0,58773.18,579,1
387523.73,130625.54,745338.07,8634263.43,663,0
1906566.73,555643.66,751067.77,176149.85,686,1
1395935.17,1191804.62,3447467.03,119748.43,675,1
2356156.42,709044.34,5503321.19,6134464.23,639,1
739364.39,253663.09,1108871.42,9736533.21,691,0
577241.57,214956.68,368315.72,8566538.17,674,0
1278363.47,1090585.19,2433347.19,2557588.18,659,1
2787097.61,2031793.86,1306521.55,2006834.77,666,0
2160223.26,1626193.61,1231481.45,6279816.2,768,1
1314878.51,359396.77,2472063.26,8235245.58,529,0
1600089.29,1256737.19,4758162.07,3652682.78,618,1
344217.73,167198.65,920156.82,4351928.17,683,0
2955270.1,1134753.14,5258377.32,1199120.66,491,1
2032581.18,1225697.39,3283859.11,1570622.89,788,1
927671.8,719435.49,2778520.49,5705098.37,675,1
1798844.34,1340240.68,2954046.79,1071428.65,745,1
417498.86,343600.83,526194.51,2060358.94,761,0
2900926.34,2464895.44,7915660.83,2385036.39,691,1
606876.46,222532.77,426362.81,4467049.11,426,0
1979287.92,983113.35,579096.04,503839.04,664,1
811817.94,170676.59,1544297.0,5022721.17,671,0
2180928.01,1778601.67,627123.45,9290310.34,541,0
2352781.96,725128.59,2633811.44,293413.43,471,1
2052917.21,1648558.97,2608707.92,6328299.41,696,1
1882048.43,810355.71,3091479.49,8366631.53,525,0
2688160.37,1230353.56,7997219.68,3158985.38,850,1
328017.46,74588.74,217457.59,1358609.52,676,0
1059652.82,454395.19,1194513.92,481230.89,785,0
820033.69,673948.44,325324.07,6456835.44,653,0
2965240.49,646076.03,5405160.69,5544732.08,725,1
1229230.36,595475.12,2683433.91,2331485.13,655,1
2224576.83,493810.99,3217250.79,8324592.21,750,0
2085702.98,958685.86,1538193.02,7368288.2,446,0
715035.59,229418.06,1331871.63,2800466.41,738,1
793093.27,298641.55,1282807.09,7545962.08,716,0
915725.23,745692.33,470277.26,2487692.42,634,0
1292269.11,652898.88,1572750.56,6768911.25,609,0
779542.69,305314.59,1017764.13,1229523.16,620,1
156989.3,96161.73,462781.42,6937782.66,678,0
2650239.86,793680.24,6752433.51,2425805.47,771,1
2900268.51,1106667.42,6389617.42,5746070.07,596,1
1090554.12,635109.91,2907778.35,1766015.48,479,0
1081669.95,396179.07,2386654.14,7273371.13,850,0
120566.26,81429.17,326759.34,655751.77,717,1
2072727.0,1127654.5,339221.14,1695906.98,610,1
2493775.7,1846372.45,3411980.49,1882157.97,768,1
525164.07,453621.59,1176732.51,461368.68,743,0
563032.41,158247.82,985243.32,7462874.54,699,1
2391241.42,1038433.67,1256593.76,9810477.42,602,0
1887243.17,799595.38,1927774.09,7795057.99,716,0
230095.62,70369.69,219355.47,8613288.02,758,1
1905386.27,1461835.59,1493900.46,109776.22,477,0
995861.4,728885.99,1025146.35,1222806.14,672,0
1169302.95,630368.68,1806058.41,5612252.38,679,0
2332221.11,1344384.48,5981230.77,9779795.4,676,1
2451712.06,592531.97,5457751.28,6624093.66,654,1
1261034.22,742566.49,3159835.37,3772660.1,768,0
2846743.51,2146271.15,7546179.69,1504185.59,628,1
1278741.88,769392.52,1596447.05,1570715.16,649,1
2338324.5,901925.57,2427365.22,3659394.36,681,1
1503244.07,1003090.4,259866.02,7152411.46,632,0
2702843.75,1224501.47,7544920.39,366601.95,511,1
2732507.61,1588710.8,539585.69,8529167.04,671,1
353508.74,191352.78,785993.65,9418436.79,672,1
2815830.66,1314493.11,3194066.87,8893723.78,613,0
2494051.04,1753853.07,7098923.03,9134617.75,636,1
2394801.07,1960655.44,3014590.11,202625.83,332,0
682642.89,139019.38,1672355.64,9779033.54,770,1
2434845.71,2078217.66,2064662.71,3695253.29,740,0
2565384.93,1431640.24,2301833.06,8699347.13,516,0
938535.97,648070.65,1676749.16,1908748.26,582,1
2861554.23,2286202.11,8567344.27,4492931.14,794,0
244594.42,128894.56,379785.98,489435.67,534,1
534736.83,419491.34,1502036.15,448756.17,697,1
1658985.3,538065.13,3913130.72,9435597.2,600,0
1769798.17,551145.72,4225557.61,8115535.79,691,1
1970935.24,1301270.49,2577746.72,5321769.14,655,1
149210.48,120726.21,173028.46,5278308.83,621,0
2885063.65,2379307.15,1661119.89,7500108.45,688,0
229305.47,149190.34,663111.01,3449604.38,600,0
514879.66,292370.53,1481916.78,7630599.29,471,0
140642.1,60753.89,315207.53,4875833.38,557,1
1743889.46,1545086.57,1549894.57,6397278.16,545,0
2803573.96,1188118.15,2062136.93,9650053.03,489,0
2031246.78,1464387.3,6024334.12,4739589.8,686,1
2485706.66,1422786.82,496217.76,4213126.36,632,0
138515.49,86704.97,350540.16,9062204.28,685,0
1671844.37,794855.64,1782811.37,9030675.92,702,0
1432732.63,1254180.03,1800384.95,9924566.08,725,0
1547007.04,928479.02,3861225.83,5531086.84,690,1
309418.24,265001.66,84102.68,3475402.33,552,0
2084862.55,428051.45,2215185.29,2441881.13,707,1
1559339.2,936959.22,4453586.33,389258.75,672,1
2318931.66,1627961.5,4863258.24,7280949.81,850,1
1507342.84,1087632.45,3413856.43,2373087.93,650,0
533206.75,444419.19,1211720.81,6086076.81,688,0
1979945.17,402089.49,359776.33,9170094.04,640,0
599920.45,120122.74,365725.17,9504625.39,654,0
2629944.23,1395407.44,3875984.9,93880.83,648,0
1878037.09,414117.68,2074199.38,3204896.56,606,1
555891.26,490392.14,685267.66,8381911.39,667,0
2890780.37,1027515.23,6776978.22,5387629.79,712,1
1603259.84,851115.03,70603.88,8084711.9,608,0
311405.51,75608.12,617042.48,8540566.66,733,0
1917815.42,1084397.84,634.21,4454130.89,721,1
834276.83,388747.38,157824.8,3621880.23,561,0
2430711.01,562131.14,2977276.7,4581561.0,553,1
2471684.01,1074161.71,6235677.04,6545312.27,694,1
2938947.33,1393076.36,1278404.76,3703233.57,591,0
1555421.64,1388906.04,2588010.43,7761133.47,545,0
1419374.95,490422.59,2889159.97,9044728.3,821,1
2285079.26,1328421.07,1573502.5,2858996.46,553,0
484164.9,431449.46,744156.99,9651646.96,497,0
1686054.99,1271982.55,4610048.39,6246116.2,571,0
1684118.04,1507887.3,2587959.9,8787779.27,673,0
359472.06,315547.74,169659.73,1083968.53,657,0
1312153.85,712076.61,2471366.84,2552416.41,838,1
2574525.92,1769891.55,4573904.13,3244139.84,573,1
2582845.5,716249.37,208859.94,3063080.4,673,1
387789.23,197308.78,105394.6,1760018.51,762,0
363090.56,278241.01,170777.49,8688599.43,584,0
861816.88,477217.93,352368.68,4215190.81,720,0
2636821.58,1824388.7,2052494.83,9633145.61,466,0
473817.5,342108.52,645489.14,5855550.05,825,0
2187990.73,825809.84,2439935.44,1427026.62,749,1
393380.3,319814.07,1051092.36,5481751.86,581,0
1907099.78,995269.03,3502061.15,9935774.22,732,1
1132595.17,393157.28,2976950.57,5673458.29,781,1
2387850.49,1924108.72,3775473.33,68599.98,521,0
777702.3,382997.51,209677.42,9334145.04,590,1
1953685.31,1416849.13,2715353.64,2387199.34,784,0
783479.35,457256.69,1932136.58,6900864.08,656,0
2169614.82,1013883.19,1263391.23,5175047.54,693,0
2633666.3,2019794.22,720683.92,3288065.88,657,0
467725.22,284904.97,462254.8,2862263.26,739,0
2613127.5,1237037.5,3048718.84,9291160.63,701,1
1821368.24,504006.3,1673424.01,9123662.66,660,0
468620.42,387460.86,190129.78,5155691.66,439,0
1339871.38,301241.55,1008279.45,2622027.2,714,1
566494.85,455592.8,1159528.41,1068303.22,722,1
2131008.88,963158.62,2467251.28,1607935.01,526,1
2300717.59,1489800.08,4365952.9,5246404.67,532,0
406809.91,343973.97,654521.08,3112908.11,701,0
1567805.57,480053.65,2582424.78,468578.02,669,1
2462412.66,1469728.75,1836094.74,4578915.48,452,0
2814872.82,2069221.47,4404231.92,7474583.46,567,0
1589201.81,1160607.88,112490.29,8922366.4,681,0
2855809.75,1621935.27,3698933.96,5873576.25,717,1
1653498.01,1053803.42,2840492.1,7246756.63,591,0
1243152.43,907835.56,678744.9,3672501.19,635,0
2559789.07,2018955.16,1970206.98,4987569.88,562,0
1529649.86,1121645.08,1007416.78,7309787.22,782,0
1468517.28,657607.12,310846.73,7290199.36,667,1
1521906.22,1366228.12,1588218.66,4274036.33,583,0
2555676.51,1288449.13,7505759.43,5459490.05,534,1
2512630.47,545555.62,2667512.08,9242360.63,523,0
1270207.98,576460.86,1754931.87,6338376.17,831,0
1066569.59,308716.51,2089689.01,6443617.53,632,1
1526591.27,435093.52,2969973.02,7856971.91,610,1
1761040.28,699264.24,5018409.96,1196467.82,628,1
791177.91,187796.24,2035457.41,5252698.7,586,0
2402469.75,1638384.74,5722327.52,9596345.78,639,1
1510800.02,380407.69,4313155.3,3648520.9,653,1
1068732.09,365829.87,739879.12,2984515.16,651,0
409780.88,108604.14,758571.03,6032019.26,523,0
792650.97,193579.17,2109712.12,2250138.27,739,0
2852915.4,1105294.07,5341840.09,5581654.31,594,1
984789.09,591197.72,2887659.06,1598737.51,584,1
589691.94,516145.5,177531.56,5818944.93,579,0
1435951.1,1167269.8,1892571.35,6043672.88,544,0
990554.46,805473.07,2904393.55,4213084.77,676,0
201961.83,65283.54,229974.76,3858326.93,739,1
1037121.13,399742.82,2301028.63,2492309.87,577,1
1677915.01,425310.05,153040.45,3342676.96,465,0
1699965.88,1266351.91,3543598.16,5008542.37,547,0
1134020.87,282225.37,3179658.67,2514206.07,605,1
1397177.99,823897.66,1604126.4,7839202.91,526,1
2900001.96,1083188.14,185308.72,7104900.65,590,0
1194310.58,442386.9,99998.92,2729593.38,594,0
848857.76,758460.81,2271602.71,1019479.87,648,1
806054.43,588214.89,1747161.92,51791.39,504,1
1427517.38,1121825.31,456890.0,5987352.58,708,0
2302608.43,1382458.19,377100.1,2153069.28,816,1
697365.73,564664.01,1683772.89,175195.58,792,1
2156958.77,1405999.29,5240507.98,3622898.44,591,1
161334.49,139122.21,58332.99,9621884.7,716,0
1314905.64,521934.71,1189412.64,6914930.94,705,1
2350008.69,1449306.01,5499204.09,8584748.84,645,0
1082325.57,739327.88,1706000.76,1490154.03,667,1
1734837.59,824145.21,4978558.14,779217.14,718,1
694439.78,566520.9,1002207.11,164721.15,738,1
2251786.63,1994772.69,4573094.51,9558839.79,568,0
251609.4,137287.81,384798.86,3037017.22,724,0
2572373.67,1217886.35,7276978.84,4622074.18,816,1
674769.52,357868.43,807009.01,3975510.05,738,0
2635754.29,2100474.03,1817060.98,7318046.51,803,1
1122334.8,731569.13,1099777.64,3134150.58,391,0
2195782.37,507973.74,5617526.27,5377756.18,709,1
1025753.36,594443.5,1532286.47,9956043.54,676,1
2727143.85,578454.72,2898290.97,4468432.34,752,1
467247.66,348087.72,762912.67,5535151.83,537,1
617707.39,265502.12,246890.92,5050154.22,599,0
1529787.36,811407.23,24595.79,8041702.27,740,1
337621.47,256279.91,284194.24,2705054.56,544,0
668342.54,155399.11,1213053.17,1745858.26,674,0
2836922.51,882223.54,6056949.58,7553226.92,648,0
2931820.02,1403087.74,7270423.73,4185400.95,630,1
1191152.06,429943.49,3311391.61,9141573.79,707,0
2777529.46,1212477.71,3433962.55,6459384.89,538,0
1679991.56,1509845.91,3732185.92,5665213.96,571,0
882253.15,686207.77,197641.28,751047.7,636,0
2136956.29,1749592.94,368817.28,7317598.46,529,0
2010815.24,1721133.66,752837.11,6876101.64,773,1
2968463.43,1302131.67,3994682.88,6418715.65,570,0
868637.13,354363.88,550580.71,2715699.76,728,0
2048972.56,745505.85,1763704.0,9470056.25,562,0
250868.89,195949.13,487598.94,3250468.51,720,0
429573.51,290256.94,462034.89,1564698.02,489,0
111363.29,40683.28,186212.19,9872651.49,790,0
2998435.98,1390961.5,3709698.78,7475150.48,763,0
2426593.72,1346027.25,1230059.2,4177129.48,594,0
2381496.74,1356734.03,528835.1,9362368.49,567,0
1578205.62,1297457.69,1118465.62,956617.87,695,0
970194.54,452495.14,167942.04,922229.1,497,0
538666.42,450307.26,999676.48,6840387.64,653,0
925556.74,471068.85,2209445.37,1820821.88,569,1
1190316.54,859957.13,1213197.17,9175538.18,624,0
2293299.28,1952005.95,2663284.52,8411573.78,585,1
1665019.19,1390795.51,4076921.34,3098353.88,570,0
324702.52,77885.42,216848.92,8893953.84,820,0
152284.13,52384.67,54438.65,476732.49,728,1
396763.32,211805.67,596475.86,5508946.63,502,0
1290446.27,647917.59,2501621.08,9358849.6,562,0
2806259.46,1820207.7,5048357.71,8561060.64,735,1
1948467.2,1678207.66,4172874.63,3592929.57,746,1
2425295.11,675889.24,412915.09,1869560.83,511,0
1452486.32,749920.24,1865870.96,2144878.85,719,0
1148831.64,384499.85,822232.1,5169353.39,676,0
414361.08,342210.59,943650.92,5987890.79,455,0
2640205.76,2310724.27,6912564.16,376502.45,609,1
2371164.08,1268788.98,2001279.61,4164838.01,636,0
587542.48,160285.82,167834.0,8312351.8,654,0
1585555.64,1188701.0,1205472.4,4471073.05,517,0
1513386.94,1041208.62,472215.27,1733295.14,573,0
1912765.5,857434.59,1850153.99,9550859.92,587,1
2843941.99,2335403.16,4591816.61,2699441.62,596,0
1781337.18,1573067.38,5203362.26,7994361.24,598,0
1666630.07,984141.22,1996807.43,1978251.96,636,1
245936.51,146580.5,162347.55,4260568.66,680,1
282431.68,115305.4,141330.29,4929704.27,827,0
643305.69,391872.38,333952.4,5031321.19,737,1
194165.24,98587.33,112187.32,5188914.99,781,1
2255723.4,928306.24,5158390.67,2288228.03,601,1
2197657.88,542886.63,402354.09,5183359.44,549,0
494563.08,186398.6,1479835.66,4843041.9,730,1
2524628.81,854582.45,3958767.37,2126759.0,648,1
548879.5,318036.91,896219.06,9882506.02,723,0
973409.2,604651.64,1044167.91,8662355.76,561,0
822033.01,514592.83,1702238.07,8881384.69,714,0
1179690.59,556491.55,1668517.82,6871431.95,632,1
838524.92,414953.12,827778.26,1640975.46,603,0
1517957.69,1190028.58,1207406.63,5702516.04,613,0
1281482.86,683495.5,3558618.46,8223324.33,699,0
2961051.52,2639603.72,2584904.84,435428.06,727,0
262186.42,133120.45,343249.15,4983638.88,613,0
512325.99,335423.24,538467.02,3991422.66,684,0
253195.09,59565.18,65460.17,2160641.06,684,1
1914939.47,1258762.38,1068159.33,3813587.54,723,0
258076.9,205428.82,146718.25,9835800.23,748,0
2525675.24,2171374.75,5255800.21,7246271.1,831,0
1584622.03,1423187.75,1932852.59,3030393.95,603,0
1628322.11,647298.83,3819885.22,6073282.76,796,1
1728624.07,1041943.8,3676528.9,2504229.59,661,1
595359.75,306909.49,343016.1,6127896.89,540,0
673301.88,400393.93,1137039.06,8966858.56,584,0
1024570.24,317839.18,2283486.88,5590924.16,696,0
1821139.61,1455645.45,3458578.62,7346732.76,722,1
709341.55,593504.84,1276849.92,4560723.04,548,0
437362.01,225137.85,970433.11,5265032.98,573,0
2913338.97,1154558.87,496264.62,6965997.03,596,0
163747.26,48892.21,359305.03,8133429.8,563,0
2427822.48,1647606.22,1985875.73,6611541.3,461,0
2385301.93,998397.43,4092263.98,9776045.34,428,0
961920.93,804817.12,699234.74,8207234.75,611,0
493317.19,330378.83,1241409.37,7782744.04,675,0
522323.08,340544.06,753021.72,8458760.71,715,0
2122551.69,1255662.27,4094027.87,2848048.81,513,1
1964139.11,455765.59,4679062.8,4348869.18,515,1
2369962.46,2020027.32,6365590.62,5666406.04,597,0
2818695.4,1802714.25,6190380.2,4650743.87,650,1
2106589.35,1887174.14,940182.9,8482205.29,750,0
551969.46,318016.92,1415027.3,319331.75,721,0
805983.59,561833.13,1495690.95,2131295.4,613,0
2542361.82,608505.89,4648325.39,8822980.08,686,1
706987.62,454038.28,1954129.11,638046.37,565,0
310314.72,228160.36,231648.28,2308533.62,657,0
2139512.16,1593850.99,1537801.87,3544940.79,643,0
1267326.43,936653.28,1951151.27,7519868.58,790,0
2768116.15,992086.85,6235428.55,5623797.93,699,0
1985739.71,1752969.18,2664310.9,9548316.79,572,0
362215.04,324771.96,688814.98,2317356.4,573,0
2848784.05,720506.24,3867435.64,8727598.03,616,1
849816.06,727028.26,1556150.49,2864989.22,493,0
1077916.22,433984.63,2658989.62,2492707.68,626,1
1266555.2,864422.48,685751.09,5008833.22,635,0
248550.46,108536.43,518509.96,758484.83,696,1
1539894.72,1351146.79,3637658.23,3873854.78,711,1
457623.62,124040.12,613826.23,3588975.88,659,1
1262813.95,692555.93,1224551.61,1643010.48,487,0
1117058.39,558119.74,45389.4,8614908.71,527,0
2341236.24,1002555.79,5598633.5,3889601.95,589,1
2429194.48,1583528.22,2389880.34,9820105.79,715,0
544897.36,158967.82,584090.96,9002094.09,711,1
1162998.44,816033.78,1172323.93,1988366.46,625,0
1182724.17,1048383.84,1769613.18,5075965.61,850,0
539090.29,411428.91,1136132.09,6037951.18,806,1
2415515.16,1937271.49,5593341.29,8198657.0,773,0
2150962.15,971687.95,2533214.28,8862145.36,720,1
652107.18,278724.06,1297240.79,6258979.31,695,1
1163493.53,653806.4,2515534.4,399585.32,688,1
406834.57,94389.13,362388.71,4838700.67,469,0
1921799.13,1656111.74,557061.17,8853795.19,544,0
451978.58,135887.19,1213109.23,7155191.55,627,0
2959209.09,2462384.89,6011183.21,8707912.32,662,1
2363978.02,611106.18,4596356.28,6757093.91,637,1
1231691.79,955592.62,217649.23,488148.35,677,0
1777835.4,544682.13,4362131.03,9681666.23,439,0
2742891.27,621791.86,4657875.0,9184284.48,700,1
1706887.91,1201039.08,4341730.99,1309466.42,656,1
606045.61,240106.61,1771885.58,1171277.11,631,1
1198239.73,838944.32,3440506.89,5413831.08,742,1
2545120.11,1497955.06,6536550.63,7582655.8,545,1
1968217.75,543553.19,64640.45,3852623.46,626,1
1987100.71,1693985.58,5280087.51,1407002.53,678,0
2613782.31,1350332.01,588589.64,5130033.18,564,0
2692521.87,1922765.12,6875575.13,3408783.06,449,0
2767398.46,1524046.18,2326059.86,3550130.96,534,0
375062.66,233683.93,686441.56,6467606.09,643,0
1677965.41,691223.61,191631.52,8861800.59,625,0
2247477.61,764709.23,5199640.79,5607987.72,648,1
2295087.85,1330689.97,769126.09,6891644.98,584,0
1859476.99,944899.33,2290995.61,6616472.57,518,0
583683.27,276128.44,1431388.67,5533904.62,663,1
2412519.61,1618311.0,5032629.26,3142043.55,633,1
2188322.87,1495400.59,39670.12,3809052.14,713,0
349793.74,81202.53,422934.56,3191252.79,575,0
1445048.49,631661.25,181761.89,9179106.06,447,0
604534.46,295154.99,1221461.62,8274855.77,389,0
1078683.43,288897.86,3135566.06,5814506.36,609,1
152435.17,55658.75,299654.58,9126822.54,662,0
1260956.62,297773.97,848771.71,8869766.5,626,1
1694643.07,1520720.95,1805979.59,9280559.28,593,0
1896789.52,1357323.69,5557501.61,2256649.88,490,1
2024122.0,528731.25,1360528.25,7189155.23,461,0
2525244.81,540843.21,4253995.13,6111783.77,686,0
724842.43,509927.71,870797.74,7351614.85,627,0
449397.29,228039.69,1035836.43,2670624.67,613,0
2569457.8,1929040.22,6686160.39,6963350.26,495,0
554177.16,469073.96,566652.7,4127793.73,553,0
2926804.24,1813185.29,5798552.62,8349213.37,654,0
2543360.87,841791.14,4189279.28,7963888.97,678,1
1552542.16,1160580.88,1296890.43,2153008.23,633,1
2946122.13,2560381.12,2403512.45,1879360.0,787,0
382392.51,231791.77,617906.13,7191430.63,592,0
978890.71,663098.82,452255.95,5527225.2,778,0
1950850.8,851024.11,4745307.41,5594198.81,671,1
1115019.92,520791.67,230825.31,7537527.47,660,1
2792280.4,1994409.03,792235.45,8556959.39,743,1
290315.66,246605.66,298060.97,2427690.81,587,0
1693294.31,1084202.58,599892.31,5577618.49,617,0
1813512.18,1365381.59,2588063.34,8298099.36,527,0
1992911.56,638019.7,2389556.11,8734302.0,743,0
841432.05,293130.83,1822061.68,2909723.41,683,0
1157242.64,662433.79,3308571.13,1086330.87,759,1
2546673.54,824072.83,5757203.12,2366591.38,670,1
665334.03,428805.49,358179.91,9457720.16,760,0
2497916.76,1009551.12,7010562.89,4651673.14,575,1
1731700.73,1305828.47,2037173.25,4214809.22,748,1
2310343.78,1768977.66,3286621.33,180189.27,610,1
2169461.36,1138210.55,2743780.07,557596.1,650,0
701783.34,229179.59,590649.68,6703524.5,722,0
1749556.94,1142010.12,4697792.82,5918779.33,850,1
2616397.14,2341547.01,2607806.46,5776506.57,732,0
1353137.09,860343.0,2348761.02,1147712.62,741,1
2903113.23,653323.23,2090534.03,3553008.64,595,1
1411423.79,299371.15,3376303.72,8132963.48,665,1
514078.35,218099.48,1193996.3,1790366.68,640,0
1229360.57,414354.34,1092823.38,8832738.15,790,0
2859936.98,2199680.04,5847605.09,1258709.09,635,1
1027190.46,812881.52,2169036.54,1733035.83,782,1
2617484.66,997348.4,4417095.01,4803612.11,519,1
2655626.98,1136479.13,4784895.8,9455734.05,789,1
1115540.92,407588.4,1922482.97,3328999.4,563,1
341447.21,285404.72,83857.12,6599269.04,735,0
2201217.94,1214752.1,4426200.3,5907279.0,563,0
1003385.67,661528.09,1414096.53,1538745.23,711,0
2370478.48,1163519.64,3118060.65,2519260.67,553,1
1383699.06,887933.43,3569940.33,9305020.09,753,0
1507273.55,708567.43,105027.03,1889054.76,734,1
2355937.28,1031370.22,1776246.55,6965348.4,589,0
1208853.66,778666.22,440277.2,9648710.1,707,1
1385069.3,850077.22,146849.39,1239084.62,744,0
1190952.36,482894.94,984954.51,4021860.8,557,0
1165287.49,354881.22,3455577.12,2278124.84,546,0
1625245.07,744368.23,1317565.9,2254537.1,542,0
2445518.39,1199865.1,4869314.36,1233909.15,528,0
1149128.1,735532.81,407821.74,6513034.28,542,0
1620338.69,1361360.17,2925591.0,7476117.92,742,0
2045109.24,460823.15,6040116.54,6784099.4,705,1
881374.39,326604.48,771654.36,9250331.75,480,0
904816.13,303657.34,2302057.5,1499504.15,598,1
2806898.07,1548302.06,8400243.54,3232461.47,534,0
2198250.26,1100862.99,3881367.54,3478499.46,736,0
1773841.36,1260006.24,1646485.41,2359216.93,605,0
1978388.16,731392.57,3997518.81,1464939.19,495,1
184968.38,113968.06,468810.62,4892699.59,667,1
1892498.6,1549388.76,972840.28,8352674.3,710,0
1577575.73,1321179.32,2141633.66,9547670.27,554,0
1682674.07,1465860.21,1611266.65,1336939.29,623,1
1142329.1,846788.92,971067.68,8240414.42,559,0
336274.3,280517.18,868416.21,8254582.17,774,0
660683.78,240602.28,835739.89,3920332.31,606,0
2857159.67,966596.15,2906385.74,1144794.76,577,1
1285228.73,262882.82,2326947.26,9900579.67,644,1
1453381.15,1009796.22,956622.36,6573150.65,629,0
252858.39,216504.19,174391.49,9822847.17,718,0
208942.07,69129.47,326130.61,4862372.38,771,1
2179826.2,1407863.64,2676430.25,3982170.35,772,0
1660474.53,1199729.1,1469432.2,2509495.49,611,1
1575247.35,1337904.78,254959.14,9836541.42,680,0
805061.14,525545.65,1257765.3,2569909.83,798,0
2259777.12,1986808.73,5536064.4,286439.42,802,1
587886.08,259417.19,1501538.42,5149060.72,562,1
650810.76,289578.23,459680.61,3801652.41,709,0
1436065.3,833074.05,2583371.77,2650755.91,692,0
930211.6,435758.85,2388452.17,6364350.76,742,0
817642.65,164344.54,1002575.25,3674472.72,774,1
1971189.17,1403960.6,5512254.0,4052396.34,545,1
1987818.06,1443557.31,5384871.09,279303.76,580,1
2491099.5,1800771.55,1555446.74,5911255.74,740,0
1311354.84,578982.13,1018784.36,1264606.75,664,1
311946.76,176437.91,168864.89,2177358.35,427,0
893632.52,403905.33,525601.63,7185322.32,483,0
2942015.84,621428.71,8012833.93,3166765.13,716,1
1829149.87,1085992.36,5109572.35,1673941.46,733,1
2158237.55,618620.95,336019.72,5795370.26,515,0
121337.71,31065.96,216079.41,2188299.72,759,1
1602796.62,1168197.27,2713045.33,2746233.23,630,0
208833.11,43156.27,244677.84,6232326.13,547,1
1750767.62,1525454.17,3317867.06,7411624.72,593,0
2770235.46,1553212.17,7873295.84,7409613.87,527,1
2908415.48,2582997.24,1485515.81,4848321.95,588,0
1667602.76,401222.39,602392.7,4570254.26,463,0
1428793.94,869379.22,143124.74,7887069.58,642,0
2840549.57,1262706.45,3100459.64,1970695.51,708,1
2053468.51,1623139.02,2079928.34,1564414.35,515,0
288207.91,130516.66,372496.93,6663715.91,651,0
1450604.18,554625.89,2190310.9,4124594.0,569,1
796710.55,637597.25,1811299.12,7114484.68,716,1
1462432.53,676019.92,1720318.14,2603172.22,418,0
1420850.16,300912.37,1409255.07,3282475.22,721,0
1788219.93,846189.91,4435923.55,8971942.61,468,1
1134634.42,746777.33,2892625.66,4245482.44,629,1
576384.3,217903.05,402487.94,5929987.02,579,0
1560786.36,784125.51,1473406.47,1111487.83,613,0
2507588.36,601070.43,6207156.63,1829350.26,497,0
2025635.46,1239010.22,482556.47,407082.9,816,0
1081266.81,788682.98,1056981.93,4272489.58,521,0
2813016.77,1376461.97,3783649.1,9889754.04,529,0
2745401.96,1356675.64,1540760.34,8745037.87,829,0
707110.36,185119.9,381657.58,6347443.7,682,0
214311.0,73156.9,273157.83,8617910.09,524,0
2249795.25,693550.48,5092558.19,5961985.1,637,1
2500069.76,1342991.07,6301923.19,3719250.36,626,1
2906807.24,1658272.14,8539342.97,1776786.69,481,1
2680525.54,2316665.89,594948.41,6547834.98,574,0
1841550.83,462711.84,1197093.86,1970860.2,647,0
1637151.78,1014882.8,3716153.69,4203412.75,776,1
180739.05,102759.0,293121.89,8266728.33,631,0
815303.7,457681.47,801475.59,1335831.56,638,0
1432882.78,1162370.99,883757.66,1333763.12,568,0
1922661.31,661158.87,1617790.01,2282804.04,759,1
1716030.32,392183.79,2210018.56,5541577.21,740,1
2253644.37,1511271.5,1197707.55,2554648.61,728,0
911324.1,402450.04,2636167.05,5056819.48,661,1
1738362.56,369076.87,561083.17,3054726.98,490,1
355612.51,133696.72,1051450.98,5087109.94,758,1
1299630.02,541333.26,3282449.36,2812432.92,655,1
2275466.42,1437609.79,2888601.88,9801123.14,619,0
2110862.47,677185.91,4684951.62,4952543.12,694,1
2972863.94,1454140.85,5988970.36,7449252.17,672,0
905884.27,487123.69,579639.79,7020438.26,543,0
1544748.97,805534.33,1571334.5,4931065.78,617,0
1055638.2,930817.99,1625015.34,2426677.51,459,1
1377749.03,319435.2,2636367.6,5131646.87,658,1
2585155.38,2237911.44,4210403.64,6825667.66,783,1
2084206.32,1265855.32,2957410.36,4626196.74,470,0
2659079.45,2012948.14,3535131.32,865154.82,662,1
690182.21,345970.97,1031679.89,228933.13,716,1
2632747.24,1362937.75,3430613.3,3312374.24,731,0
273310.6,222892.59,443853.74,1544728.06,575,0
2676937.91,2214240.3,7131244.54,9066592.95,539,0
1054313.96,387019.91,2001602.34,1799535.07,591,0
1012304.14,343646.19,2194536.3,3973113.0,769,0
1585056.87,867604.06,2841134.24,7135171.25,479,0
2828001.54,2347789.69,5455365.0,8163445.52,528,0
238565.96,101545.26,413923.74,4803245.87,604,0
1121469.83,736144.27,90389.98,1852293.35,552,0
2584058.77,1797745.66,7749062.89,2745407.47,645,1
1248557.98,930265.93,125889.26,4218736.05,791,0
677555.0,402973.89,803203.53,3677716.16,529,0
1331903.13,641602.54,420011.7,3519293.93,635,0
1218102.25,1068167.5,354206.29,1361945.33,649,0
2754706.98,1729767.36,6557802.71,9137437.01,616,0
2309609.69,1639812.83,2951166.92,346078.23,492,0
1564835.11,690855.91,3760949.94,4428021.17,586,1
2966274.64,1984332.22,2427478.77,9804198.85,586,1
1449304.84,551400.15,1115078.3,6614253.19,713,0
268889.71,99910.77,202660.6,3586336.1,691,0
860595.53,602679.82,1590756.52,1503670.97,494,0
1364604.39,770969.16,3336455.24,9640532.43,611,0
555017.61,376464.91,753038.47,189164.3,599,0
2847938.87,1106728.82,3240232.97,6829806.33,845,1
2323861.8,1438717.57,6787393.02,8807367.84,679,0
878032.88,448458.42,307541.65,300346.87,542,0
1813333.15,1120408.14,2647281.52,7265489.9,572,0
2192202.56,884807.62,2686463.69,9988435.72,612,1
2829708.89,1983104.35,833009.11,6414442.56,686,0
2656742.51,2030151.27,2137617.91,4176055.53,698,0
1594057.46,608836.75,136010.78,8750287.16,670,0
2346492.6,963081.26,6173300.24,5564083.5,629,1
1730219.79,1146803.5,3155139.85,7506936.43,636,1
1702841.28,1169698.06,4163541.43,5898400.97,637,1
432751.68,299840.56,677110.7,430996.37,471,0
465799.21,315760.14,837753.61,2170792.63,643,0
1635647.48,776875.96,3439052.59,833697.56,592,1
879698.48,419086.22,2396329.35,1111543.24,484,1
161007.02,60920.6,44318.09,203284.66,850,1
2196233.69,680357.16,2180520.04,4240591.54,681,0
194211.13,132996.59,413102.33,1827583.74,651,0
1826302.84,484394.23,5250715.06,8564180.38,612,0
1663662.0,1424850.98,4895196.15,7512873.5,723,0
2909562.6,2265619.41,5569801.96,5753111.1,533,0
1504218.1,1203756.58,873643.01,4915762.39,618,0
284444.17,237416.49,101724.84,2595892.97,554,0
1699895.11,826188.93,4824524.88,4775767.09,722,1
2539178.89,2012783.0,3305460.09,6430231.29,567,0
2990862.92,929090.36,1748004.15,7833177.16,760,1
1347995.2,290020.17,3776647.9,862736.56,640,1
1028866.35,771057.11,322624.52,7099223.65,727,0
2729294.56,688758.37,5973643.28,7440162.27,689,1
654602.17,583883.71,1227895.61,5611773.4,755,0
1884743.85,1267221.67,496072.11,2182476.0,556,0
1276571.83,928597.24,1297311.51,5414886.65,740,0
219138.86,81533.4,98566.92,5051913.57,463,0
1107136.58,743670.03,2007787.5,4783315.46,654,0
869162.72,200128.15,1244066.57,4633367.16,595,0
2089664.35,1643475.04,26800.73,1152714.38,509,0
2851492.44,908875.76,8346693.92,1869780.22,560,1
877336.84,603739.92,920110.48,1018454.28,585,1
2453251.22,876145.19,1900320.73,2462654.39,630,1
260543.47,64593.21,173868.18,2671593.99,597,1
1660550.93,891791.53,791165.65,2488504.82,658,0
304595.18,97013.67,912997.03,2148744.23,566,1
2808695.67,1995889.46,2486618.06,7367449.35,602,0
2322418.71,850692.89,2825316.4,8194725.73,621,1
2008054.74,883003.5,5249191.14,3304736.7,668,1
2489299.51,1486628.28,4793550.74,3086032.47,734,1
1977807.41,790090.14,2187619.62,8448121.88,735,0
2909938.75,1351933.34,7842242.18,6258042.82,673,1
2170478.05,1673298.01,4881779.77,2969711.33,693,1
2781509.97,905233.78,1901722.6,7150442.31,681,0
1599682.49,411984.01,3089333.99,3478698.46,618,1
439486.8,188913.6,1216145.89,5886228.36,740,0
1631715.39,811066.55,2430248.57,9926708.6,558,0
467931.2,271335.29,1029840.4,3050864.03,445,0
1818231.09,837652.86,5297073.06,9308733.71,545,0
1499229.88,1128827.43,3105268.52,3240491.52,790,0
1905468.65,433539.17,585581.14,5425852.71,620,1
129136.25,64857.04,94744.51,4626838.71,677,0
665037.43,310957.63,1187284.21,7842437.65,622,0
1524858.25,996197.43,1260550.68,657872.36,706,1
2856460.33,2503382.91,8205539.68,6289866.93,657,1
1212466.22,675662.3,1474426.94,7618636.1,643,0
1330678.88,1185387.1,1825280.53,4747841.27,711,0
2172618.66,894194.6,4572941.4,1097661.44,603,1
1850999.0,410195.62,2911157.18,2485809.88,687,1
966885.84,305501.33,1108474.57,6812740.08,632,1
1291367.55,615449.53,296902.99,8959601.99,639,0
731329.42,308206.89,1308594.62,4245005.64,568,0
2901462.23,777411.67,7551752.08,5626099.75,628,1
478839.71,240790.33,985110.86,2322431.12,595,0
1178326.68,514552.92,1348577.24,4151522.47,762,1
174933.02,50001.71,67030.52,3401058.59,481,0
743160.53,302675.9,1820010.95,6572479.2,738,1
2363366.3,1939154.43,6677089.03,9847754.57,475,0
683408.17,281177.5,796046.81,8142369.35,703,0
332183.87,232451.9,726129.54,1962037.62,566,0
1475914.22,927513.14,1818754.81,5797902.0,706,0
128910.78,64329.94,194242.87,710796.56,637,1
345821.85,127026.57,867815.42,2506809.09,506,1
2442115.02,1119246.44,611195.52,1763565.88,785,1
2337272.7,1436195.76,3718615.0,3388678.1,727,0
2753902.58,1226938.64,1773129.98,6804198.99,700,0
2578094.76,903435.31,2628155.79,5018963.5,585,1
2081209.13,585910.16,4023573.47,9332447.14,731,1
251765.29,205399.4,20565.51,2166850.96,521,0
2370260.99,1204611.87,4222561.4,3673881.01,427,0
2551981.35,1627260.25,2170017.93,3332033.14,493,0
2417338.22,1313309.04,4855110.4,2397838.08,557,1
1574589.2,1276671.51,668797.4,9932049.15,574,0
775415.33,451954.24,1711678.8,3902894.18,606,0
2551456.93,1368976.54,4941965.81,9408064.36,610,1
2208772.15,1871317.47,6435755.73,3935211.06,585,0
2944207.41,2072082.29,8048597.71,2080712.2,438,0
551508.53,153366.21,468731.84,1236102.99,669,1
754427.29,244731.02,61825.1,8562853.77,623,1
714214.63,536365.19,1404221.45,369371.52,580,0
2398365.33,1882946.84,4337832.63,9645726.15,789,0
642031.16,373426.88,52830.37,4211002.56,625,0
293313.51,172503.15,107948.93,2511374.79,655,0
2995826.34,1924378.26,5254994.3,6193589.02,729,0
171969.91,87254.27,470420.57,1372484.27,501,0
2522207.77,1705364.02,6859146.13,767848.46,647,1
1159563.84,319966.43,526969.78,8286444.35,729,1
2540684.83,2217752.28,2931243.58,4275474.21,640,1
1708399.42,1238774.73,221423.25,5206636.38,519,0
2714730.57,1742373.65,3821839.87,1808125.29,601,1
2785959.66,1174074.28,6294180.42,661171.23,668,1
126384.73,39516.57,299521.45,3709372.52,439,0
318695.31,155058.04,477076.81,5086155.21,514,0
826040.32,547750.4,237576.65,7666034.69,847,0
2041014.71,1313590.58,2335108.45,5035467.4,698,0
2675989.37,1251958.44,7482884.81,7835944.83,798,1
1433831.66,902310.94,987677.26,1198556.16,736,1
1860222.04,1431671.17,1784442.82,686429.58,689,1
646649.57,141227.84,1448806.42,1630666.59,619,0
2434403.82,1254776.28,5357495.62,7731520.66,688,0
2905251.52,2123705.92,7950531.26,7605335.8,794,1
878936.91,511805.95,1023395.52,1456609.65,732,1
1534995.26,1007007.95,2369719.81,358337.15,666,1
349736.72,196437.84,490392.92,6868555.27,632,0
1721496.3,1539555.11,4791365.8,8560053.74,699,0
1558071.98,371187.4,3596017.3,7553371.57,596,1
518865.8,282123.62,1294220.12,2067849.86,699,1
1381992.02,364834.26,551822.24,5858490.58,580,0
1068903.49,333337.44,2539223.08,7585788.92,614,1
1613309.54,755233.5,2095586.32,2595495.61,547,1
1798397.57,555485.56,125916.69,5300821.97,606,1
124637.18,109005.31,22467.73,3178881.02,581,0
2306917.35,1990299.5,4691632.76,2294475.4,819,1
2167741.45,943567.46,2419280.36,9697413.8,560,0
1162230.52,752920.13,3026851.24,9130190.51,688,1
253514.21,145422.68,558446.03,4484393.92,555,0
2289304.37,1764849.66,148896.44,1410941.71,654,1
2870007.97,1834543.32,5914124.78,7292677.67,678,0
796439.63,159428.67,459591.4,2594226.24,464,1
1038221.38,762285.05,1316202.77,1726752.17,510,0
633057.38,457569.88,1186479.69,3846213.73,554,0
1773114.76,987280.75,4642286.65,5322005.6,519,1
549040.04,456825.08,751248.01,1019531.28,658,1
1132962.44,947057.29,2747967.94,5738877.41,674,0
2121337.74,1202243.08,4982803.83,202716.33,543,0
1724336.35,1078730.62,2144411.48,8924097.15,662,0
1220741.44,1095695.34,1834701.73,9211379.81,607,0
1318723.85,539587.73,2771238.86,7344054.2,640,1
1730121.56,739163.41,161671.73,4692166.62,587,0
117007.71,38371.71,312695.41,2586217.89,698,0
327678.62,271025.23,756756.89,7453915.3,813,0
2655648.4,1915099.26,1987082.66,9321382.16,727,0
325849.07,89266.35,959149.72,1627410.36,789,1
2149730.43,1907320.69,1156922.7,4684928.79,509,0
2768110.68,1969990.17,7590879.24,3186853.28,582,1
884982.45,703884.49,861459.95,3599580.8,706,0
1174425.17,274469.68,2688776.11,4087289.92,800,0
1749872.08,968506.32,2395801.97,9520373.63,715,1
2656956.01,1830692.64,5870284.36,2623439.82,547,1
2831526.2,1642462.48,1323311.35,4952124.6,606,0
2244733.42,1496458.78,1814910.46,9517300.34,683,0
351197.31,271304.08,105209.4,4786766.06,633,0
2040547.05,942806.08,5296101.0,8642815.24,570,1
1289880.79,1024253.16,1146547.9,634709.5,620,1
1465032.9,460080.8,3052291.57,9532652.66,648,1
242530.33,94494.73,596785.56,1915934.91,541,0
654080.2,150662.1,1768799.47,9800353.6,748,1
2392489.46,1088819.01,762944.18,1796989.81,606,1
1416480.62,659990.28,3794815.03,4471441.18,642,1
974820.5,744460.1,576858.15,3120714.19,753,0
1213655.31,797603.92,2683035.13,4360652.64,637,1
2577758.59,1303587.45,5636390.46,2542721.16,748,1
2272097.15,1491585.85,57959.89,9654908.25,547,0
889714.65,210816.41,588876.97,3091963.59,693,1
440755.34,143770.02,650433.91,6550085.38,733,1
830794.84,530764.5,1046888.0,1417602.52,567,0
2770193.71,1797735.97,7633879.42,8252655.47,632,1
1786607.63,1325473.95,1928147.35,5447954.04,634,1
1647092.61,794063.07,4629896.84,9795488.94,670,1
1829541.44,1291268.15,2521634.93,4262852.06,697,1
1161481.97,788397.97,3360235.51,1994706.36,558,0
2440610.36,2134009.57,5398787.36,3492889.04,643,0
1617530.12,567091.76,4024421.05,7382807.78,809,1
438568.92,257078.44,137987.23,6608109.88,755,0
474288.86,294644.89,834001.06,7794556.71,729,0
1656891.52,1489634.16,709317.05,781029.41,630,1
2816053.63,959792.46,2514350.11,5824669.31,850,1
994221.15,562980.33,1859885.75,9325078.34,752,1
2621669.39,1159642.28,5711771.1,1123624.1,653,1
2315877.2,1315707.92,272234.48,988635.83,672,1
818656.08,296754.66,1303980.95,7180213.43,604,0
205388.17,47922.95,348326.42,3186065.44,689,1
395357.07,237528.87,93495.62,6602863.14,709,0
2212632.41,962711.98,3323515.71,5476575.9,720,0
679042.24,222290.58,1454187.18,9861363.25,631,0
1176685.67,502156.37,187895.35,8896111.35,502,0
1554927.58,364624.52,3546484.0,6796824.18,674,0
2203857.69,1907019.14,3811085.95,2653662.53,720,0
428370.55,259936.76,1070789.99,2655986.21,552,1
1278462.58,984848.4,836354.52,8828325.82,640,0
1506711.44,747604.21,3766508.97,5874143.6,784,1
1668398.49,1388641.87,473296.16,7903353.73,529,0
2473245.86,1331404.53,2996310.37,4526148.86,621,0
597866.77,359773.34,357795.98,1075582.68,798,0
2442711.21,1329459.71,6419597.72,3360230.26,665,1
2109347.44,1504586.58,4460762.43,1653434.48,597,0
1712025.36,1021495.78,130260.02,7829236.52,649,0
2128630.82,830419.85,60815.12,7020094.3,732,0
1294851.44,390886.74,1131373.55,929708.58,629,1
501353.0,312988.2,215506.26,6232784.72,709,0
2030719.2,1101514.84,3839914.21,8747648.29,673,1
1621549.69,433250.49,3229139.14,6988774.74,681,1
1954186.92,932014.72,5522244.41,5135563.53,716,0
1080196.46,605281.06,3085170.48,3153039.69,620,1
2729913.07,2126125.27,5396192.19,8876612.66,555,0
1803372.62,456741.52,30703.03,4256908.58,697,1
347667.2,154345.72,374435.41,8561166.12,636,0
1404431.57,1089641.28,2162016.43,7840848.39,605,0
2293432.56,1499668.1,3434505.32,8171458.3,702,0
2402990.23,968334.96,4349464.91,9898485.33,777,1
1534331.45,1214783.28,4421413.06,7500147.23,634,0
2694767.96,1469471.8,7156166.7,388707.31,650,1
876238.47,480920.26,286288.23,2094067.65,531,0
1290736.22,1140508.9,1029931.58,400191.75,627,0
2705931.04,2335168.57,6763009.9,1939640.02,672,1
2699144.48,1217240.95,6674770.32,661323.13,647,1
2088567.03,623239.66,1725390.65,5041089.56,613,0
2591043.59,1108880.41,5678956.29,330651.82,722,1
357442.47,79115.7,720644.11,4752162.04,655,1
2608485.43,559618.0,3705541.09,8993467.03,850,1
1029797.73,491075.0,622373.56,7498331.33,670,0
617161.39,529965.05,1645308.77,9442361.44,375,0
794172.53,643240.15,1614992.36,2305135.4,538,0
1312108.67,732169.74,665211.25,5334303.87,703,1
828456.81,493477.32,1751694.91,3219865.56,585,0
1029646.0,210205.78,2290242.79,4963506.97,591,0
491437.61,172421.28,1307538.98,5592904.5,526,0
958912.62,208411.88,641050.12,410052.0,602,1
1759623.06,1281318.23,5219503.58,2370898.55,669,0
1381375.75,417109.25,635681.86,7062489.15,688,0
1105484.41,893599.5,1992156.61,7740633.84,548,0
2264711.17,1472802.87,4464944.92,5716041.11,730,0
2691178.92,970420.48,3382431.6,2744748.83,530,0
2294688.75,712281.07,3270191.05,4080586.96,693,1
1062802.04,679488.97,2840583.19,1005566.28,683,1
2258882.29,1876195.75,4372795.58,9534137.19,556,0
540742.53,380062.05,806248.67,8693340.84,544,0
477922.17,212189.15,184023.3,702743.35,688,1
1102318.41,673702.31,24265.2,1706582.12,594,0
2442336.87,1019756.7,915646.39,5831889.69,630,0
814409.92,732484.1,2336178.58,2362679.24,718,1
283434.89,205259.98,649706.55,9347286.95,697,0
481957.65,303665.68,1398327.34,7568126.28,558,0
2590360.41,1285547.69,277495.28,2769250.55,644,1
1937971.53,1226167.38,3954743.32,110709.04,556,0
834283.37,366359.9,110860.06,8004501.54,736,0
1710357.89,376630.02,4012789.36,4269692.61,803,1
1629980.91,776786.9,1862824.52,6441658.23,565,0
2000764.34,1703323.86,574811.75,2905399.51,646,0
776243.91,495562.47,1322828.24,1471588.93,741,1
2606768.66,674550.9,2190625.65,6769350.34,652,1
997168.83,817175.4,1973119.73,4530729.65,706,0
2112981.8,820285.72,4172133.86,2389938.53,655,1
146761.47,54395.47,310403.81,1419398.6,544,1
1180705.68,481685.03,3515427.46,5825771.96,661,1
1119958.47,676501.47,1299256.13,7269221.91,762,0
1676104.84,974289.01,2339752.56,2874675.27,681,1
310935.16,169145.5,750546.2,7364668.23,812,1
2391380.98,1679409.0,4149309.22,1872065.88,472,0
731564.33,308410.26,81768.14,3417236.13,687,0
2063409.66,1542285.58,5218849.1,7461578.75,585,0
2429315.16,784001.16,375319.59,6618428.02,562,0
1729443.17,1293337.36,886271.16,2741710.09,783,1
2248561.3,1494544.66,688599.19,1265243.27,624,0
2019394.91,1369646.15,472096.97,472610.58,614,1
1131036.41,607465.38,87151.59,8387256.04,684,0
2445689.76,1631033.13,403742.15,797662.4,434,1
954633.97,244250.67,1267102.44,1192709.26,785,1
1756517.46,1398338.58,1332418.28,2415220.77,840,1
2261653.44,540270.7,858547.73,4484413.56,741,0
1198972.14,364630.28,2369308.78,7908381.45,691,1
978026.06,590485.97,663430.02,2512429.24,628,1
1432103.43,1027660.26,81411.45,5457907.07,542,0
2472094.13,626369.56,3103119.28,949206.59,769,1
2796773.11,2361973.82,2604631.94,4671884.5,741,1
1680741.9,1481616.6,1606475.45,1817507.98,695,0
2018252.0,1259722.5,2696001.37,2151356.01,683,0
2719493.5,1460015.62,5457321.24,3699942.92,680,1
385785.87,277370.97,713486.8,7625409.6,597,0
773027.88,332286.15,2173588.05,7452664.98,850,0
2155810.02,1175531.09,3348296.33,4178981.12,621,0
2488858.94,2093891.26,3528479.53,1230777.98,607,1
2585384.18,2246592.33,1655274.92,2842881.62,762,1
1303810.81,1106868.08,2954622.88,5078289.98,647,0
359085.72,137786.09,151651.71,8700647.2,648,0
1369566.28,496780.49,2017917.14,9684133.42,791,1
769130.31,314086.02,972155.02,6392835.8,717,0
944469.72,480657.43,1865235.74,3539330.58,722,0
2339575.91,982428.14,6440535.27,6949861.86,508,0
319028.55,147374.91,905973.06,3395489.85,690,0
2499985.53,1586105.49,1258487.22,6273460.86,549,0
1340240.35,983425.45,1052694.0,2475477.39,604,0
1828585.4,1307238.77,4452433.49,2706537.58,667,1
359991.47,277228.17,559728.88,798494.61,646,0
1078341.33,239962.31,1465577.69,4230404.46,715,1
360132.67,84059.88,767758.31,6200836.47,727,0
2888476.8,2173775.42,5215938.78,7898509.69,734,0
2441058.78,1399105.48,7108710.21,8112968.02,515,0
1432934.99,866493.6,2510393.13,9924822.27,850,0
748447.39,177240.43,1046270.68,923169.47,647,1
2807019.81,1063073.59,4571097.26,4956710.85,771,1
1099330.13,711099.51,2666556.54,5237677.03,398,0
566854.85,454292.97,1041893.49,8055107.59,623,0
1733176.73,1459141.34,3364346.08,2700267.23,503,0
2836944.95,1561152.78,8267755.87,740254.58,563,1
111107.84,64646.09,206125.76,3171900.16,655,0
790562.05,619116.6,901917.25,9840081.9,616,0
2821498.16,1626134.41,5851725.33,8999439.92,781,0
596149.3,334917.26,1179408.78,3982707.26,826,0
428406.01,357101.61,17797.23,8768906.39,553,0
1753542.93,1320335.24,2458445.95,375907.12,601,0
2599347.09,2173965.93,5793192.95,3176330.57,546,0
1483618.47,523380.45,2221161.37,7281777.89,765,0
2984236.34,1692249.54,6979721.19,2253449.9,665,1
2069597.93,1634424.59,2799443.89,2023989.97,653,0
314817.23,87457.32,928699.75,8624985.08,681,1
2979213.18,2253070.21,2617759.45,6178741.91,618,0
1282893.29,420893.38,354550.43,9890776.05,564,0
933467.35,714740.2,1204205.93,1389963.28,655,1
1717849.63,1079497.84,2791723.95,3593477.65,623,0
982492.02,329395.38,1028945.41,3146573.05,684,1
350726.77,186357.94,254923.47,8807315.77,486,0
104142.19,70539.01,209969.0,2590200.37,668,0
1403791.72,903616.56,1588215.28,3566936.93,581,0
2526903.92,1261109.62,4786222.84,1471197.06,665,1
1759714.04,1459782.34,4112828.89,7765239.78,740,0
2997701.17,1689157.81,6843775.4,2415147.68,594,1
931855.27,516347.63,1049201.88,729786.71,769,0
913319.69,222462.22,1556017.9,4379331.89,475,1
563273.43,476238.83,759841.6,3945008.33,804,0
575784.41,186543.55,1504188.26,1817211.58,773,1
927041.13,528266.31,2443935.76,1379295.72,561,0
2399236.13,1829411.12,2474151.68,8970744.27,562,0
2726694.69,956571.65,750420.04,725052.64,500,0
2927752.79,1666363.59,1471920.25,1038144.02,742,1
773640.0,285070.43,851781.68,2488220.45,616,0
2655762.88,1943451.42,4495542.26,9530749.94,609,0
1051939.76,625944.99,2072701.11,899573.28,537,0
427237.58,341441.05,424722.49,8169347.53,831,0
2623072.28,2167157.67,5252695.32,8925918.93,552,1
1944706.34,1272058.55,5470886.68,3809784.03,652,1
577719.6,408894.84,1130044.02,2974249.28,671,0
1346510.65,786973.63,640529.31,6789908.4,610,0
933047.32,437692.6,1622575.57,7041214.28,589,0
2236704.25,1462094.53,3636180.02,7810772.77,613,0
1414907.07,1182582.21,3695879.23,8314139.47,706,1
2968911.84,1459743.49,3120056.67,2720534.79,615,1
258760.45,108701.91,328324.79,6885267.94,812,0
1129544.27,533038.56,2028635.72,1392311.96,572,1
1497510.48,755910.86,2355997.21,5131776.75,725,1
1559087.31,392099.11,3363028.93,6148224.82,474,1
1016213.88,557809.24,123131.56,1659232.77,572,1
2214796.72,1209323.25,3744220.3,811240.07,568,1
2636766.51,1613465.59,962461.12,1987725.55,539,0
2822285.98,1281244.51,2668829.76,4234858.04,678,0
2434770.79,1531897.69,4832729.27,8884017.73,638,0
2566682.57,2091208.26,1212096.86,5342548.52,422,0
1696581.37,1474040.27,1571925.91,7497504.27,849,0
2495075.86,1518324.9,5262163.51,1782738.06,667,1
980161.34,225254.47,1913682.41,1104483.07,650,0
1255588.41,1102990.72,342925.06,2434192.71,781,0
1019047.74,707324.54,1764792.46,3173110.11,748,0
1455423.27,633363.17,642952.71,5503615.09,620,0
928180.89,281248.45,702460.42,8818371.04,454,0
2888673.18,867737.29,3979533.92,4289621.54,706,1
1007249.42,319722.2,330418.57,5212041.97,553,0
384329.16,89126.23,1145662.52,95904.68,773,1
1627769.78,1353503.48,807550.72,381455.03,572,0
265587.33,153652.3,622520.2,883503.54,604,1
420575.18,290184.93,1047028.87,7004991.15,515,0
736229.23,574020.23,2196460.32,4887604.12,523,0
1446615.72,1090862.11,1860289.46,1969963.93,639,0
1356427.7,1109319.04,3556938.07,5946364.41,629,0
2419106.4,2121745.57,6949169.35,5468890.91,602,0
2244476.5,1138733.87,1164170.53,933553.05,850,1
1336323.05,1156233.24,1922044.49,6422107.09,710,0
1067742.2,754149.48,192228.25,7683190.98,651,0
1017759.47,253898.15,1895243.23,2901216.36,374,1
2344585.75,1587866.45,4089469.78,6890514.18,732,0
251009.98,170862.91,153713.2,2037209.19,850,0
137182.78,114424.49,328375.56,7579451.7,631,1
2407078.74,1109789.65,269126.25,9122152.98,568,0
1483724.49,904238.16,3588657.68,4446577.88,666,1
479555.3,100002.28,38333.67,2483989.68,506,0
783141.21,338671.51,1543169.13,4021808.19,696,0
2804261.46,683035.67,662670.94,2538270.85,800,1
2592558.63,1465602.12,1953950.66,62331.79,582,0
2158376.65,1666727.27,4674482.74,6522043.29,586,0
1498453.17,516231.93,1260520.38,473140.09,642,0
1608938.52,915821.85,2467341.88,2143387.87,599,1
2928209.15,1003807.8,8040115.08,7238373.08,498,1
2900734.29,825206.48,431928.22,6673963.89,611,1
724280.23,403929.46,1762347.19,779622.67,591,0
2452203.24,626302.6,480180.62,6617544.67,786,1
672003.73,410693.9,255619.83,9309220.15,765,1
719258.69,159629.56,257463.91,791299.57,789,0
2060669.8,566066.98,6145549.66,4186097.87,730,1
1274503.19,745582.12,688944.11,7307867.21,670,0
2801478.78,1720066.48,7536777.85,6693843.88,562,0
358128.23,78892.37,1064642.35,2303779.9,782,1
1583424.36,952214.01,1823082.46,1672519.41,684,1
2763712.44,2174908.39,5232110.13,7853257.69,525,0
2721929.62,1920651.58,6361894.67,9564634.32,558,0
553934.72,161654.53,652499.23,7687455.5,523,0
1163249.33,715086.88,564690.57,9633884.6,444,0
1895452.06,1271046.08,2466529.46,6069704.47,688,0
562245.17,127102.18,1301970.29,9294533.66,526,1
2907264.3,2322158.08,6809651.12,6919835.16,574,0
2752773.05,2296878.54,1903862.92,9093403.26,653,0
584155.52,464588.58,306621.43,1657810.23,631,0
451350.84,350808.84,1246487.53,8164873.9,578,0
347684.6,250845.97,45893.36,2007620.72,801,0
2737386.63,1761241.18,6033789.83,322919.56,497,0
661509.05,446544.34,92124.5,5199982.03,501,0
1307226.29,999344.05,3285974.93,3216605.22,695,1
1401668.96,930356.26,3807275.52,483137.05,587,1
1837132.03,788880.79,1639194.6,9804028.57,583,0
308032.5,142672.27,68323.74,6681337.65,542,0
757599.99,627247.51,1092499.8,9023031.12,683,0
2801322.12,593839.56,2508273.32,9990871.73,672,1
2734389.31,1884471.13,3421837.83,3950069.03,661,0
2365742.88,2054279.31,4719553.8,2584633.44,591,0
156263.61,108503.16,98364.52,1879649.71,574,0
1048319.63,939020.14,1122598.01,5176111.72,633,0
1921080.33,1308796.36,4510096.23,6080503.74,746,0
898051.61,201212.16,1734394.37,4750606.22,806,0
2737801.42,2132492.46,2679832.5,3903157.55,761,0
1938279.44,773840.5,3862806.4,1724312.01,700,1
308529.48,158041.16,708364.79,4446503.26,748,0
2736116.21,1144967.07,4863328.2,898169.21,531,0
2877523.31,1116444.15,2067473.15,8657225.2,578,0
325366.01,163328.53,239.43,516681.39,702,0
1643844.68,764594.92,3959277.7,3837428.31,638,1
979756.42,630313.56,2417941.52,1046371.8,683,1
1239233.32,953225.51,2593484.23,7761055.97,747,1
620988.53,253339.76,142667.64,3161732.94,732,0
1776409.1,621041.16,3118782.58,1175400.85,540,1
2878140.12,1919220.65,7089037.61,5338338.42,651,0
1558910.54,1043260.42,1822374.15,9166956.22,557,0
340452.29,282844.99,202229.41,9091016.47,572,0
1898003.87,400786.26,3345956.65,2534027.86,478,0
1086646.68,866197.0,2693710.07,7210613.78,663,0
2582183.05,1458162.7,378573.54,351327.72,471,0
1360566.63,863839.35,2436575.72,1361925.38,689,1
659234.87,174011.64,1272007.77,5019750.08,785,1
654206.31,328954.85,1182216.95,2326126.52,703,1
2329416.12,836520.55,4542596.84,7992705.45,655,1
870204.04,328900.16,1648276.02,9314168.11,803,1
2324976.84,1285402.0,909558.04,93116.5,682,1
697073.2,535853.53,491304.39,2367512.5,563,1
1032890.47,744349.06,1918059.03,4423555.79,662,0
1449912.22,889811.09,76960.59,5652638.92,845,0
2835267.96,1637630.18,5399012.4,9163232.64,540,1
2802021.13,1398528.62,5593282.14,8924240.73,511,1
699928.44,616564.85,502215.65,6389842.49,711,0
1138835.22,674343.95,2043524.2,2611010.74,627,1
533258.23,201452.42,854423.76,7843713.71,596,0
1578956.73,570103.73,1234862.02,2066385.12,524,1
1435689.4,901537.02,1994060.64,9653464.62,454,0
2712204.47,1535051.5,7401263.15,108107.16,504,0
2797015.6,574474.73,3579643.89,5719216.51,811,1
1212345.43,946897.26,2290766.14,929552.61,649,1
1526040.03,1057371.24,161840.3,4105615.33,453,0
2699085.12,1790250.54,629967.39,6367588.73,768,0
2439452.64,605341.54,595041.58,6911505.03,773,1
110603.3,50151.86,258228.0,7866416.22,772,0
1028172.74,878848.72,1080373.77,5953610.64,607,0
1323145.3,1063560.69,903490.01,2550627.55,623,0
766177.22,306378.99,1717749.19,8898069.77,663,1
678757.69,210374.98,346085.1,8120518.76,790,0
209575.07,107797.36,154976.06,1642520.56,594,0
1965772.2,882791.47,2541339.16,8273786.28,574,0
861279.84,583567.45,856382.78,9727812.93,719,0
251806.82,220709.78,442217.25,6390330.21,770,0
769840.0,349585.13,780249.67,2853961.97,644,0
2425550.46,590759.6,2859372.07,6085608.62,717,1
2569318.63,2128243.2,6651091.91,3458223.94,661,1
1500892.11,340049.34,3982758.78,6775667.38,624,1
1306604.94,1132743.03,3244474.6,5470759.6,567,0
2935775.71,1952894.44,7616848.94,9298431.59,534,0
681637.51,585650.99,1165045.3,6198190.0,588,0
724541.92,246171.65,1404669.16,2179117.75,552,0
946414.81,216246.19,1581950.82,7264843.24,678,1
600996.22,325587.89,1416406.41,3043739.26,771,0
1200160.23,618606.26,1983866.62,2760289.98,670,0
2741419.26,1184415.36,913525.59,3948177.42,557,0
1884508.74,1640200.14,4576982.43,169366.96,735,1
1294644.99,1004396.73,2954063.34,9692949.57,679,0
2809791.3,1863193.45,6914620.44,5346694.56,699,1
240546.27,75531.72,137421.29,7746264.24,598,0
709800.92,506816.58,578382.1,2615629.61,763,0
1741076.95,1234264.63,1544779.39,7478850.41,762,0
1885102.61,937928.51,2873351.83,5693346.5,631,1
214716.77,181940.28,86236.96,4270234.53,721,0
1268812.4,402067.0,1466931.44,9708158.8,760,0
1982546.5,767515.7,1083411.07,4963744.96,603,0
2124404.58,518900.77,1687389.36,6591712.89,641,0
1950605.72,1476248.97,4133651.28,202654.81,657,0
1029633.35,654055.61,2640426.23,3049479.3,540,0
371208.36,156077.6,25508.55,8892481.08,694,1
1338626.09,421224.89,2272573.33,7601642.66,752,0
473387.87,107981.4,51210.76,5390702.66,635,0
2848108.61,902058.36,728397.33,9006589.09,683,1
1477995.51,764565.97,3126333.12,4887894.11,789,1
1020051.61,380503.61,2251074.69,5686745.29,609,1
2322281.81,885457.08,5670877.52,3852420.83,686,1
1544050.92,1255164.33,2196759.13,6219398.37,593,0
999098.67,560091.09,2577097.53,3224065.23,590,0
2454706.45,1744010.96,1228617.09,3885647.17,684,0
2614741.24,588310.67,1958831.41,9664946.32,674,1
2051723.68,934794.75,827883.72,1157521.36,705,1
236196.82,126464.16,565127.31,1097290.69,657,1
1742336.35,575827.87,1195286.92,480994.39,696,1
2313555.24,657359.89,1079351.55,3234442.97,816,1
495858.74,401255.16,926924.63,4012380.96,755,0
763145.18,654474.94,176474.33,990430.66,683,0
2659235.8,678543.08,358201.27,5513853.4,700,1
158352.99,70358.31,50697.18,5853850.21,620,0
2282908.7,1987956.76,1649.75,7522715.6,634,0
1473942.55,380591.44,3081970.33,9760882.76,699,1
1395639.26,907931.67,2354033.07,6212554.86,658,0
120579.94,106177.27,75920.19,1160925.53,729,0
2476254.87,2190882.76,1730938.91,930816.22,776,0
1143492.21,605886.59,2782008.83,7786591.29,639,0
1668220.33,523695.03,2511439.56,6520824.58,449,0
2064171.99,704830.15,4325648.01,1661048.23,850,1
2137625.77,1758669.56,2903465.16,2570931.73,584,0
2872342.17,2407534.31,2048422.53,7514891.85,669,0
1640885.86,1026399.95,4776960.72,5683250.03,722,0
1259186.7,927168.73,2136767.66,5870750.62,790,0
2865740.52,2057463.78,1126080.45,2139586.28,830,0
1962119.68,1301425.16,2390391.79,6309126.92,613,1
964636.03,751542.02,953072.2,7717754.52,768,0
466746.31,317286.97,299773.61,8858259.64,669,0
2543408.05,1459411.65,7122356.36,7380337.38,850,1
1150326.65,420869.38,3040037.24,5784937.73,760,0
2015362.19,1452515.27,1204060.71,6748930.11,632,0
1465367.62,778705.89,1548078.34,4876859.05,570,0
676896.36,275059.67,1548025.54,2307637.52,387,0
1844891.16,1404630.75,1154012.9,8827959.38,717,0
275980.9,189791.93,489781.81,5349595.2,750,0
1298693.13,1111860.14,2726452.76,5963467.2,724,0
1685183.33,532196.31,3306189.77,9901583.69,414,0
1364536.22,892996.85,2891760.54,9850906.0,524,0
2271149.31,842522.87,4815060.85,5883794.3,698,1
2500982.37,2082088.05,7238887.78,387874.76,828,1
2336604.91,630064.56,2428893.02,3991668.0,644,1
212557.55,140142.01,560253.08,9376068.14,759,1
662973.43,499722.86,43372.51,2918650.59,546,0
1656161.78,742693.31,1431932.2,9992723.42,670,0
2810983.92,2439643.54,410311.86,888959.39,622,1
2521374.65,2005782.48,4925787.47,5702736.1,768,0
2543350.07,1033192.25,769035.59,5178721.13,596,1
979303.76,201030.27,2484611.74,2590761.49,817,1
1345398.9,548465.35,2609771.22,9488640.95,619,0
1465047.25,581502.64,126647.77,6210753.54,543,0
556377.59,457884.97,1193058.33,2340771.42,546,0
190097.58,166712.69,491612.27,3871279.57,587,0
2846018.41,709535.13,5644687.67,7226232.8,687,1
798066.5,422900.53,73081.06,3012082.29,589,0
795851.82,464644.08,2048330.5,8802081.71,567,0
341799.26,90589.85,751066.86,1698455.28,738,1
2792672.48,1296493.72,3170671.7,2681825.64,328,1
1781237.63,751606.92,1756105.75,1491741.2,607,1
2034406.89,1170271.09,2928448.44,1086579.45,516,1
2743572.97,1818532.43,7136870.79,3038138.46,563,1
1102298.49,763275.1,833533.93,9991828.53,674,0
1902371.2,562585.41,576211.94,988577.66,629,0
212518.42,163440.14,551253.46,2169371.81,620,1
641640.33,433094.02,50605.88,2752587.15,768,0
2510612.83,2064608.59,6861482.45,6210340.36,648,1
2323628.23,1195588.61,2131314.5,7466189.68,830,1
1116863.81,922219.95,1702846.62,7531740.06,721,0
1192750.82,961407.12,473386.79,135928.02,553,0
1647307.86,834998.17,4458875.1,6535912.07,843,1
100698.91,47006.29,226523.08,6325831.95,677,0
799608.57,682040.85,2216888.19,5200664.08,837,0
703872.24,493143.67,1442717.9,3823125.19,623,0
826400.55,702251.83,457893.11,7984569.76,677,0
2437126.94,1847055.48,2253857.46,3471613.91,693,1
911054.18,570782.92,1330636.29,2338622.11,633,1
655411.83,184234.26,1194012.64,3135446.99,777,1
1562364.04,631252.05,4342400.72,4424496.78,843,1
2610370.61,2292400.54,3006766.86,2179871.01,420,0
799914.14,338840.01,1687191.76,6095333.9,731,1
327755.1,86946.35,944926.67,8847881.56,560,1
1133573.73,788159.48,518181.71,5974828.24,390,0
2268190.29,1619040.98,5870368.54,4494349.66,701,0
1697002.58,678496.26,2141817.86,7978844.22,701,0
2468700.77,1008144.29,5424390.61,7492984.3,718,0
2882817.23,1522776.39,2538652.14,3702228.31,687,1
2398721.18,516330.17,2403405.06,6061327.03,737,1
1851028.93,1392947.59,150673.15,7311936.46,589,0
1530690.61,645893.5,4460757.63,2492359.42,676,1
216200.35,172448.79,527606.2,3694425.1,719,0
2954533.74,2250885.81,832451.33,1102471.9,785,1
1212095.26,803596.64,3634499.61,9877418.77,654,0
541461.82,231427.5,982793.16,904482.62,628,1
2033455.68,1141625.93,5208058.05,1727630.94,644,1
924436.04,472738.55,184870.84,4824327.9,530,0
1798756.99,786447.71,2101584.08,8659454.74,726,0
1801626.93,1429943.01,3619384.49,3591026.13,504,0
1392616.48,749861.24,444664.05,7697531.67,689,0
2524743.99,1976637.64,3703063.5,6776539.03,658,0
868404.48,237641.43,1153270.35,6404707.57,494,0
1401034.52,418513.32,908039.43,8457921.65,500,0
1659307.17,1467033.65,1494719.68,190994.38,564,0
2024511.69,1237863.22,5873827.24,9295072.73,615,1
2373518.37,1321667.05,2055337.45,8300800.49,798,1
1244941.12,704897.17,797108.91,9381778.84,638,0
1973536.14,692095.72,3174684.53,7946199.44,704,1
536771.76,377400.34,1080453.98,8791984.5,776,0
2804679.49,727383.63,6100961.33,2070626.58,757,1
1210870.54,728128.66,2739887.08,3226329.22,649,0
2215612.12,1328344.01,244819.54,3186449.08,579,0
158989.14,133540.05,187810.88,1136209.12,699,0
695042.71,395012.21,1613801.77,7309313.59,581,1
1512539.38,447626.78,4105873.31,1404900.38,831,1
2646932.16,1590613.75,4781948.61,572466.2,736,1
1629039.93,429951.45,255629.86,7765696.36,670,0
2796624.4,958279.25,3327808.01,9051398.54,701,0
1503011.0,333331.78,334692.51,7653027.31,667,0
1522302.38,851432.11,3418502.91,8262254.52,613,0
447265.69,115919.11,85211.45,5976435.69,699,0
2427703.11,1283225.76,1352699.66,8883076.06,625,0
816199.7,696268.56,1020964.02,4992199.65,843,0
2708876.22,1906596.45,3759771.48,9883810.05,580,0
2741390.24,696828.97,3342974.9,1078979.68,700,1
2835599.32,1012158.3,3942021.65,8101348.03,571,0
1608668.42,1080323.31,3442095.9,6431824.69,570,1
2063571.98,1705111.58,2286038.38,5827428.38,471,0
2357696.05,525867.63,3874287.29,7271814.78,691,1
479942.39,368939.3,436799.3,8410900.73,596,1
1842775.87,1093263.11,1954968.64,8635696.47,758,0
199463.91,116140.64,367292.23,1795040.58,691,1
1542941.64,1343083.22,2270413.87,2010507.5,664,0
549043.78,397151.49,1190935.73,210856.77,508,0
630476.49,501281.27,1060219.2,1361832.46,708,0
1158637.94,518834.48,2793154.28,2675630.8,583,0
1354067.78,796266.1,1801214.33,7224306.43,506,0
1907200.03,1203031.22,2809498.01,4783886.71,693,1
315842.41,134267.38,634816.1,7591140.18,524,1
1560706.11,935134.03,1035890.33,4891031.69,440,0
629612.88,230223.47,728958.62,5578194.66,779,0
1764528.01,529998.87,3307649.63,1155112.54,593,0
1948473.38,899764.44,168793.93,7776754.93,475,0
1714456.84,1230127.48,2247506.0,7593359.0,553,0
2241056.98,1885470.72,4026170.49,3110237.84,577,1
1073266.81,558527.87,3114756.15,3319351.87,764,1
2318809.12,1507171.62,6100901.99,2235830.43,483,0
1355024.54,368737.4,1141236.7,8147704.78,516,0
1504135.05,1253131.95,2288737.48,7482717.68,748,0
1979496.17,1183784.14,335016.1,6111019.99,605,0
153239.31,114352.81,110679.12,2426279.93,672,0
1996583.24,1509634.24,4641192.72,1759940.66,600,1
1893896.93,718802.76,700632.09,550175.07,850,1
998556.64,569598.79,771955.75,503834.24,521,1
348803.43,304273.72,987855.78,1912004.59,678,0
363712.8,95563.42,898940.71,1050298.7,800,1
2777348.87,1883417.28,6514224.93,5583271.35,612,1
2098910.03,1833576.01,5443885.17,3612996.77,574,0
468597.58,192314.31,1053790.23,4477210.53,726,0
1134497.19,911016.61,410414.17,5960968.48,750,0
1818200.68,1551943.89,2817636.47,6608062.37,570,1
2523157.94,1824143.14,3362692.73,6499607.11,796,0
226616.69,82019.34,211536.43,2645523.04,655,1
786236.08,341069.61,1967257.99,8105788.85,700,0
2680272.07,603239.47,3732058.02,9181211.22,798,1
126580.1,98987.82,22897.43,3193586.55,726,0
684057.4,543639.45,564276.73,219800.89,649,0
2881170.11,1852296.25,1976088.48,8996584.16,582,0
1878865.35,839419.73,5002359.99,9239309.89,850,0
858846.96,217947.64,1668150.74,556917.08,571,1
294274.17,213978.62,494712.79,99318.09,681,0
181754.89,128785.76,276257.93,8173227.59,700,0
809760.73,679244.93,1579308.0,3049560.38,705,1
2656308.88,1889624.86,6015547.85,9150092.56,850,1
1306149.6,1018909.62,2172328.08,2206598.55,654,1
2188966.77,1580802.26,6161626.79,8618488.43,640,1
2763026.6,1772429.16,8097056.4,733010.48,805,1
1283317.34,640216.83,3832020.16,2643336.63,636,1
654704.38,544374.98,1314759.87,9732632.35,737,0
1599642.0,1048850.07,4475576.6,2350406.71,669,1
2733442.69,1308905.55,3316866.2,1373479.19,742,1
2432685.8,628675.36,6273354.61,8577693.79,722,1
290906.55,117378.87,793454.26,1222117.88,609,0
2108461.12,1224190.9,5719035.1,1019688.28,465,1
1758502.82,690994.46,4383136.58,3268080.09,482,0
2731643.21,969363.87,3332051.52,6371518.64,465,0
455196.11,259086.45,217002.2,7121926.42,640,0
1648704.73,525729.47,1651786.27,8818325.9,414,0
2650441.81,2015096.57,6100961.12,5432069.68,634,0
1289068.98,694882.57,900616.47,3964506.98,663,0
1497785.26,901223.3,2149046.55,3620395.93,735,0
304335.97,92265.01,516214.22,8476682.15,700,1
906616.56,387309.71,1642404.51,7251962.33,740,0
1041069.28,507066.1,2922465.38,9059018.69,691,0
2840855.1,2175381.9,5637617.46,9642152.78,617,0
919735.35,679787.12,2169560.44,3035505.82,639,0
1436519.33,511521.88,2507638.49,5320257.48,564,1
2046782.83,1292185.9,5118473.65,6336617.03,672,0
570331.78,211261.98,451127.21,1680297.02,491,0
1510682.92,1347186.26,951175.84,580802.99,756,0
2241763.21,1942458.04,6229770.63,8684250.95,554,0
2613880.12,1553390.54,5438027.62,5378458.93,665,1
1916151.9,1320672.82,3860235.02,5729203.45,682,0
2040255.19,1552636.79,2860204.61,5571397.74,766,0
466222.07,328546.18,526873.73,7561859.01,481,0
2842751.84,1961157.88,4739076.5,1497744.35,617,0
484464.82,421962.95,175230.47,6159781.99,704,0
2346551.52,1449040.79,3201019.35,4721321.14,825,1
867967.33,560196.42,1185732.88,8974733.69,646,0
2807420.12,2230461.95,4534010.27,5220228.33,590,0
2187882.66,1463526.36,4165852.96,9432202.99,850,1
2286059.77,1630081.4,6565461.0,3564867.29,730,1
735271.6,267578.63,1438564.32,9670602.33,787,0
1384815.93,636858.63,3671390.01,8757821.58,529,0
1891658.26,573382.32,3157010.39,5863419.73,702,0
2332923.49,1292523.16,4387724.36,3569413.84,541,1
401482.19,208372.94,84114.88,3790437.41,519,0
2890859.42,2596032.14,1155740.07,7738883.26,708,0
2681639.94,1683657.07,4663402.18,5827281.94,715,0
884010.91,663460.25,1049443.49,4045796.48,601,0
2486004.7,1078454.37,5957540.13,6378746.87,793,1
1603139.38,1253786.02,2612369.52,7345672.31,613,0
1439238.8,907525.66,3809482.48,277860.1,623,0
1011858.91,696052.31,2951587.41,944134.87,646,1
1784808.9,724813.65,790501.78,990130.13,625,1
2216678.44,1294644.11,2625618.5,2357741.36,777,1
1291705.42,831633.38,2576878.79,4298554.87,545,0
1924735.66,1178643.2,1763955.3,8046316.5,574,1
2128007.47,1788878.83,1704740.43,3543435.4,530,0
2162253.27,1792055.76,5278526.59,223903.99,838,0
250701.68,220539.47,737347.6,4859450.44,617,0
2593268.64,1730227.81,6020039.73,9966454.52,573,1
1428934.61,1257948.14,2244898.96,3522758.91,621,1
861006.64,673939.69,1143015.32,9614482.46,734,0
801117.07,312101.19,1296963.0,1058384.05,716,1
1500740.93,749177.33,2083807.45,1772341.6,592,1
2671811.46,980220.05,4030866.23,7255014.6,610,1
1197207.99,242959.01,730726.85,5037063.87,504,0
2274204.67,754203.88,6165882.47,7662961.94,663,1
380774.32,77237.18,861922.66,8642405.53,778,1
1480564.44,1042149.95,3024692.86,2548294.52,591,0
2975889.81,1481618.19,8480616.12,6844150.25,713,1
2334269.63,977597.51,1991559.15,6095632.3,591,1
710532.62,520965.8,172999.23,8622273.54,540,0
1554180.27,1216520.22,3851905.23,4329533.81,718,0
777511.81,686317.2,2328842.96,566110.79,850,1
1287726.69,836261.96,2234588.66,5763151.97,704,0
2362243.67,1235619.44,416766.31,9590839.28,608,0
2336551.96,966596.53,5470812.4,195580.24,615,1
761491.1,270803.55,168477.73,2440566.98,840,1
2774447.62,968415.85,4494721.56,3194874.51,680,1
1818447.73,884552.19,1514034.89,7670096.93,573,1
1201780.44,1074692.7,3298983.87,3266605.38,643,1
1555613.18,312052.25,2106290.36,2428884.44,671,1
1854706.63,626972.69,4999157.8,6503152.24,696,1
1723682.54,572047.29,1546562.54,511732.63,801,1
1510574.6,1060398.66,1755420.24,1747438.76,777,1
1564305.13,698836.59,4444750.22,4109900.78,669,1
611594.54,318079.66,369368.46,3588219.63,645,0
2456925.42,746995.97,4264002.56,3504299.9,689,1
1671104.93,807975.77,1947724.57,1130122.38,589,1
480131.6,130710.96,1115105.95,3640358.19,748,1
2321855.59,1330725.8,900622.51,7990028.08,629,0
2804087.54,753056.93,3677967.14,4167749.81,699,1
2847190.01,2144947.3,5969981.97,5882403.29,821,1
1170151.42,698137.15,1428811.88,1677615.12,705,0
492998.93,348440.56,86568.26,743628.07,673,0
1603358.92,790394.17,3391644.1,8805562.62,598,0
426566.77,199225.41,643943.05,3347157.33,642,0
2808563.51,754790.83,95283.49,3535855.47,536,1
632380.92,358369.59,1162295.69,8782994.1,703,0
833020.99,466617.97,2298840.61,7092324.92,436,0
1279245.93,675021.53,426088.48,7574813.97,746,0
1211176.96,870064.54,2146222.17,6835934.67,723,1
2404522.39,1882147.31,5256301.92,1102632.84,659,0
1423318.78,1032692.89,302200.48,9582058.42,596,0
595227.95,178988.63,40384.06,9095906.06,648,0
874908.7,555953.43,1218387.0,2400390.26,472,0
1576428.82,403922.32,3741748.48,8049742.2,732,1
527616.36,362069.13,254394.57,4123494.49,633,0
1873801.46,875603.75,4703076.42,6853481.33,801,1
1740667.19,509579.05,3428647.46,1697749.85,689,1
2172636.72,1745573.68,2165075.64,5408614.79,673,0
2819343.38,1775638.92,4362870.16,1309832.18,690,1
2745538.23,1230845.32,7953069.05,5384863.3,552,1
2843619.29,629887.34,1846393.04,2473759.86,604,0
809675.23,466467.81,1213384.32,4552041.96,663,0
481539.39,407506.62,902144.62,6696295.2,619,0
976602.43,603018.68,404356.2,8776892.09,592,0
2695747.0,2372676.34,351973.62,1694625.58,621,0
2918955.08,862597.29,117866.99,8938027.7,654,0
2592042.36,1549558.1,2524852.91,3930874.6,850,1
419051.39,317929.07,92963.15,8445775.86,617,0
2847541.19,1617057.46,6866304.15,5149851.79,582,1
1327738.28,350186.26,3972537.94,8628975.29,634,0
126999.84,77218.47,23356.73,6645099.47,800,0
1382941.85,868786.93,1795305.83,5111725.6,807,0
233600.59,165878.96,18033.12,3159759.4,844,1
1677245.97,1229166.46,674207.05,9690645.42,656,0
1081806.68,800040.27,1048019.35,8018931.69,714,0
1472961.31,978651.81,1739706.7,3842812.49,544,0
1878194.05,659373.51,5295284.2,1708899.75,614,1
2619523.18,1265138.09,3110711.09,7806377.42,538,1
2019514.57,1501086.97,3006719.89,9899945.66,697,0
1358741.72,1178571.06,1001053.1,2825800.79,653,0
2476340.78,632117.87,929.66,9162837.57,672,1
2726188.2,1567219.28,7355264.95,1297438.52,565,1
447303.9,187315.48,109653.99,9524452.23,735,1
1642605.63,587684.42,4751641.74,7466122.18,409,1
925084.68,512559.34,363125.63,3498632.48,624,0
236477.47,147624.03,429120.41,3081086.63,639,0
2038785.42,421703.52,6112751.19,6452181.77,447,1
2602035.25,1941494.56,1080869.28,5955396.05,688,0
572417.7,443004.07,728017.57,9193420.18,632,0
2455999.61,2151105.87,5750160.67,7674119.19,706,0
2574847.63,840560.59,248654.19,5426630.48,849,1
2751587.28,1695491.75,5693992.34,9279280.13,682,0
869326.76,433479.15,209612.08,5947669.78,747,0
2721463.89,1182148.11,1931043.08,8504364.11,788,1
1029921.99,613775.23,494597.88,8417379.39,699,0
1701780.24,1272366.91,4632261.63,9195988.85,563,0
246471.67,53271.63,133432.4,722640.21,485,0
227255.16,199661.85,27566.57,5859005.7,687,0
2189082.32,1678844.68,3859082.94,4710506.28,609,1
1388991.94,1008140.89,1442527.54,4930896.72,778,0
843247.89,617486.12,1026332.74,4626110.51,602,0
652199.14,308061.37,232957.86,8382793.56,648,0
2042865.12,1483394.61,4585626.44,3218407.33,534,1
101164.48,47622.08,182567.58,4654373.26,615,0
2437084.39,2020573.95,2662883.02,2046791.3,555,0
329823.86,106881.29,169768.53,2554580.33,564,1
655319.88,265170.73,1166702.17,6621179.83,644,0
1220085.55,714892.39,2849865.86,1213512.59,589,0
1506090.35,637750.53,1411495.6,1918827.02,850,1
1129485.84,561316.14,87626.81,5303943.87,733,0
1030065.28,561072.32,662364.89,485541.63,758,1
2895356.44,2314685.01,5927354.75,1312923.64,638,0
1960581.08,1110148.8,5817610.92,8640361.74,660,0
167955.57,76205.12,6739.84,8469160.32,607,0
1347510.13,503180.92,1237635.08,3510372.25,850,1
2637525.23,1282030.29,490744.83,3512513.59,639,0
974222.94,546553.95,924584.2,9368328.72,589,0
374213.4,270287.0,455695.76,307119.33,574,0
2299315.84,654693.73,6352058.38,5823940.36,683,1
1857440.11,659626.08,448910.58,5994036.26,792,0
1753906.27,816895.55,4089060.87,7889476.32,758,1
255372.02,115499.37,303025.26,9519917.63,574,1
507447.13,240643.44,1235019.01,3590484.49,571,0
1905393.25,1439457.69,2934699.17,4406443.06,774,0
702689.14,299983.67,82809.19,6729419.88,850,0
1561803.23,861066.99,4433362.22,9674352.64,635,1
1680156.89,1069814.57,417018.62,8913383.92,770,1
922170.85,334309.97,1653498.91,6687177.38,503,0
2850432.95,2004101.7,7505199.33,8574399.54,565,1
2543145.91,1482597.92,608598.7,897784.09,549,1
2194883.17,1125419.35,3647193.83,3802413.08,691,1
326182.21,250132.44,806606.09,180270.33,632,0
407777.06,151059.66,1206601.76,1815848.77,673,1
1529065.9,1251117.16,3322632.99,6323401.08,771,1
566068.71,335528.24,472669.14,8861338.16,584,0
2936969.84,1839783.74,6163850.89,6346164.08,659,1
559708.68,454786.4,1185071.36,6658174.16,516,0
1513656.72,1169009.02,3178524.78,1083024.97,766,1
1155951.06,717953.63,2962449.79,6665361.88,759,0
1954220.62,1421170.58,512279.76,4570749.84,686,1
474205.59,238678.88,154239.89,6531830.3,661,0
1347917.64,786057.62,2590497.37,3295422.44,599,1
896644.6,218287.32,2565876.99,5835785.12,510,0
2674479.42,703122.09,3737627.56,4269489.5,680,0
217698.57,169935.02,627339.37,5608438.7,725,0
2749809.73,664821.94,7738667.93,1513540.71,850,1
2515683.0,801444.75,6814304.04,3988457.29,610,1
962955.08,729036.79,2628436.85,3774072.64,677,1
2388942.9,479704.91,6438096.91,7377125.48,761,1
190519.32,75766.3,468614.32,7078774.66,764,1
2903910.1,1767979.05,6054469.24,9093143.91,587,0
1627125.33,1003635.23,119145.5,6338953.14,622,1
979514.98,728766.03,388633.12,3179743.94,597,0
1151491.32,638097.05,463701.14,7843085.4,559,0
292575.53,162842.07,20661.93,4995126.55,797,0
2969113.59,2101293.36,1039502.42,1975257.45,656,1
213946.64,117464.65,590329.98,7486744.11,642,0
1999230.66,1251405.96,3981293.64,1368687.39,674,1
1383934.19,1146509.0,1295665.56,1822625.65,655,1
2851857.03,1371788.02,6787647.99,7599621.49,627,1
813399.25,381962.16,1191718.12,7712939.71,573,0
1643051.79,332692.18,700566.25,7918273.62,806,0
1498833.0,943363.07,3977162.74,2968584.99,592,0
2138312.69,472225.69,2172495.41,8672545.2,556,1
297229.67,164339.46,623165.1,7240547.95,641,0
661988.48,505073.15,577109.96,8347975.73,850,1
722237.98,422469.31,1083511.35,7100624.57,567,0
2240637.19,871037.21,5486778.54,5816984.76,720,0
648502.22,486582.82,305011.37,1138477.98,625,0
1763126.12,685506.79,5169052.37,7123815.31,674,1
724207.08,516448.18,152552.61,6920084.72,742,0
2598712.36,1629862.8,4163206.65,3159286.78,478,0
2832337.82,903508.42,7783481.16,7371406.7,560,1
1603629.63,1336775.57,4549628.2,5527022.81,740,1
1121695.76,381881.97,781066.92,5616092.07,659,0
778767.55,695214.32,336392.49,3707666.55,671,0
244364.9,50123.48,531056.01,1212011.16,721,1
878650.22,337786.85,110640.26,2208438.16,561,1
1997283.76,678881.16,2907479.74,7699874.95,755,1
1647489.1,345635.61,3935959.67,2750843.43,731,0
2837719.71,2022322.32,4769537.62,72417.89,673,1
1249204.06,856202.04,704600.81,9970323.34,696,0
2112203.69,1593965.38,3086210.3,2146288.23,766,1
1519035.97,576761.22,4198348.29,6571062.33,590,1
1586471.03,810741.61,2937571.52,9272873.95,716,1
876545.51,579729.2,1897258.12,6017141.71,824,0
1419357.25,720803.48,1431835.73,8000354.62,714,0
1465276.49,1008297.84,828542.53,9764898.54,627,0
2149263.31,1383655.71,1648327.4,8610616.09,850,0
2827856.0,792516.43,4523248.37,5601145.68,673,1
1055031.7,787824.02,886923.44,3668844.16,789,1
222381.36,156661.76,361568.6,4850521.27,607,0
1539255.86,1014499.02,3268418.62,8426170.37,756,1
1678937.86,518062.34,3699015.13,8540878.37,595,0
588477.6,228092.45,290740.19,8466256.48,682,0
2305347.36,1095556.21,5190011.32,5992382.81,589,1
2956294.41,1170546.95,5965992.57,4795711.38,840,1
2842746.68,1021874.2,102382.66,3147813.66,627,1
671607.51,512940.49,118616.99,83440.51,539,0
2638553.4,1706517.58,5115491.45,7656628.45,659,0
2143031.55,1276883.54,2466868.68,2806132.89,703,0
1416155.04,507219.86,620717.74,3330295.06,647,0
1667771.88,1405353.97,222130.0,8442638.19,568,0
2563840.51,855882.08,1226015.77,569899.01,753,1
1492391.32,1128942.78,4286956.6,9279822.3,775,0
1182301.37,1036489.17,2580605.57,63551.13,485,1
1530417.73,1085012.47,2422829.2,9394732.69,562,0
1779476.43,1592633.44,5026347.39,4574846.99,634,1
648325.2,425130.03,1204154.69,1066120.12,596,1
2712632.42,955449.47,5905225.98,6757905.6,702,0
2055142.15,704243.05,1742669.0,8963771.44,833,0
1936479.86,827254.51,3421654.43,4408824.53,611,1
388539.06,79647.02,167239.54,6929011.15,807,0
1852104.42,1254224.61,2247435.06,9794659.07,503,0
450785.92,174935.34,44952.81,2444973.2,695,0
328223.26,252938.12,213307.13,8213472.1,590,0
1629201.6,735455.58,365928.27,2987609.24,697,1
1268078.05,679651.22,1475201.43,4292059.12,474,0
1807549.78,1583381.51,4571484.09,2853570.39,521,0
358744.29,132563.36,406745.1,4487816.9,697,0
1349850.88,951480.01,3367768.45,100635.87,586,1
606881.47,442163.19,1195249.99,3069216.53,617,0
2962590.25,1050826.94,4528580.91,4480675.94,833,0
1727335.62,951239.9,1227574.38,6340789.83,663,0
2093566.9,931933.19,5791786.41,6391745.84,740,1
1043713.01,772696.62,169710.27,5858666.9,574,0
374742.85,238238.39,774495.69,2965666.7,515,0
2930025.5,1562254.84,5460746.19,9476672.94,641,0
930151.2,693478.22,1230705.91,3950099.75,500,1
1329043.74,484581.17,958191.18,2208094.72,580,1
1984605.37,1443870.5,2564284.41,5567403.75,673,0
171622.16,138286.62,449361.43,7501840.27,638,0
2449751.48,1996633.48,6149607.05,171724.05,683,0
1656076.75,1239691.88,4676998.81,2799622.87,710,0
906829.84,440365.56,837348.2,8258529.63,530,0
278663.16,247248.24,323615.0,5094859.88,555,0
571245.4,266037.87,32091.69,4114458.63,432,0
2695598.19,1744153.87,7625442.9,9312467.73,612,0
2089470.25,653485.84,2064752.39,940874.22,723,1
824714.99,730956.63,999959.89,6174923.5,799,0
290242.22,201076.95,790449.67,3454777.73,669,0
2102784.41,1529490.27,3321968.9,754692.81,787,1
1759982.41,433032.57,2989371.7,2176757.86,688,1
1273106.62,934959.92,673089.58,6297935.47,660,0
1154473.2,856972.85,1727068.89,331355.49,588,0
728761.4,488445.7,2007464.96,5942875.71,411,0
2041872.64,825604.11,3422493.54,9570661.69,772,0
2914937.28,1582178.49,2230944.61,7961205.82,644,0
609574.21,169037.4,57021.15,3488690.94,788,0
1831638.2,970971.46,1847949.52,1425166.08,555,0
1330136.66,493050.66,2284872.5,4677391.12,850,1
1395397.29,620069.75,178387.4,3959856.84,625,1
837027.11,262676.09,1531238.76,9718742.95,580,0
2492891.14,900028.57,3914441.08,9899187.14,628,0
1507241.25,382233.44,3542478.77,4135317.33,667,0
1675876.97,1414324.46,145239.07,1530400.64,643,0
983806.65,562036.42,2304608.42,9110565.02,598,0
627244.55,299646.88,980151.87,7945745.64,469,0
349140.13,200588.14,388099.97,5137178.36,569,1
2170945.51,1388982.36,6287381.51,3685278.7,757,1
669079.42,565582.97,321398.08,4509249.98,562,0
2101218.53,683074.76,3412327.11,9023717.69,478,0
1232091.69,501321.78,1186435.82,1887202.31,544,1
1305746.92,1153043.13,2066291.15,8077496.04,641,0
1460614.74,671641.91,2419985.0,230996.8,574,0
1166354.67,251691.36,312985.15,9209691.33,622,0
391797.93,118852.08,777094.15,5027957.93,570,1
997932.25,217985.42,1899508.64,2306140.87,750,1
2024829.65,1808063.94,4674120.45,78422.2,699,0
2030774.76,802581.67,552320.94,5617487.36,850,1
930050.49,787269.07,829396.37,2482654.31,611,0
1434297.62,1286737.64,2797356.25,6331080.14,621,0
660996.96,409744.65,271135.98,2847634.35,768,0
710079.04,158516.21,1443444.85,925839.09,689,1
166836.56,42896.04,29543.44,5075263.72,555,1
2700564.99,1450506.78,2713513.28,5666633.08,705,0
711049.33,344375.7,1806160.13,4553270.75,689,1
759848.24,474391.58,1765031.63,4607453.77,470,0
910844.15,461974.2,1761829.59,5917018.77,584,0
469483.41,400870.19,1225997.35,5287217.42,669,0
1953862.36,1122137.93,4157445.2,1369047.01,794,1
317914.56,217964.85,495350.73,2011002.18,719,0
489187.04,404821.69,1437795.3,1460820.86,593,0
1969794.51,596474.09,4106171.07,6948291.04,579,0
1085015.8,391489.17,1957478.66,5309554.2,729,1
2153048.7,592353.35,2640954.69,4327058.48,407,1
1716531.76,511091.97,4647059.14,7993473.0,569,0
842461.4,470774.83,747370.5,3291656.86,790,1
1987401.06,844298.61,54969.09,5702661.3,679,0
437193.67,216944.68,258041.13,790355.63,574,1
1655590.11,1469738.34,543948.23,7456820.63,529,0
1367729.5,423576.31,1308891.59,6967164.83,733,1
876833.39,507308.14,2172474.0,8033677.31,657,0
1851614.49,498472.78,3619145.42,8850535.78,628,0
2626867.42,1111026.8,1331668.81,7592381.26,687,1
2996823.63,1705996.23,7091878.72,8452674.41,666,0
1862512.03,1606681.52,2817346.7,3489263.26,658,1
1273647.04,603530.07,1959052.38,3466206.75,517,1
753100.59,184837.01,818120.69,9445793.16,547,0
845578.66,398870.46,2193303.44,9150016.64,724,1
1490419.44,450134.72,1423323.6,5507548.54,705,1
1165105.33,420594.55,329048.21,3697259.91,688,0
2750062.12,1739863.75,2497570.61,8666715.23,591,0
1168056.86,288739.81,2506720.84,3267940.77,726,1
1182989.31,621432.13,2333737.04,1578669.07,612,0
1212250.09,759623.92,683771.43,6412952.12,780,1
2526198.61,1251228.38,847168.02,474087.01,575,1
1987286.13,424063.9,3939988.07,3822063.97,597,1
1881089.67,1673913.13,3816976.43,8086254.97,634,0
1069014.76,488519.48,1174258.11,2987401.15,734,1
2471922.11,1841591.94,6250018.13,9316589.02,646,1
211255.2,90407.2,619952.8,9560455.43,653,0
2625311.8,1398009.33,1619648.5,8167372.19,610,0
1586974.71,748932.33,2747380.37,9877051.02,676,0
1254925.68,551888.03,20127.74,5331102.91,642,0
1541785.11,331940.11,3298129.96,5713535.54,571,1
2035505.04,920078.11,2529819.99,8369859.81,662,0
137019.74,112718.33,79445.1,4953412.3,665,0
2627500.38,1795306.21,5929390.16,4096864.07,850,1
1395544.62,421169.79,3393889.71,6166798.23,588,1
1094602.91,671876.57,365049.53,6593712.13,566,0
500912.14,413032.92,61605.82,7521413.43,677,0
1374449.59,948402.97,1377521.93,6698596.94,550,0
1539336.04,468079.88,2890829.05,7469931.86,542,1
1270575.41,1025967.73,3024298.03,6761868.73,506,0
2068114.27,850162.09,3387958.93,4830430.12,572,1
1320599.93,683877.03,2300810.39,1392599.11,575,1
2888110.98,1641313.27,6930237.93,7865160.13,521,1
1837904.8,1461786.08,2915891.33,356252.56,624,0
2441686.01,2080622.3,4476742.11,9925375.91,413,0
417132.12,354878.08,645992.5,8293161.97,699,0
1252144.75,257400.8,3307383.46,6725560.55,594,1
1076858.33,910291.98,760854.1,9667737.38,609,0
1751498.93,416980.88,1387153.44,6144079.3,708,1
2597229.21,1002638.41,997035.74,611507.16,687,1
327180.83,183382.07,804341.44,5615852.63,587,0
310466.91,166394.12,383529.67,2808181.65,695,0
2565921.35,1599330.71,2678005.48,3726301.4,804,0
717265.25,384176.13,2111662.0,4622872.3,548,1
2039384.44,1741762.74,5670325.09,7757277.43,725,1
1674346.58,616802.82,4882332.77,5054145.68,538,1
2515391.43,985573.84,1073813.03,4773068.89,767,1
462757.84,390806.66,1237301.29,3054622.77,578,0
476370.6,120863.63,469762.77,5421728.81,574,0
1714773.24,1074635.66,65110.47,2521489.0,764,0
2844498.09,1926337.25,3339142.11,2646888.46,722,1
1303493.5,721977.94,1991202.41,7584724.81,582,0
1048132.09,718979.12,340287.9,3458345.28,662,0
1859399.04,596733.68,2999271.73,561426.75,579,1
2798300.94,2229805.29,6879317.16,3469588.99,490,0
2527090.72,753118.48,2863074.63,6403793.47,668,1
2986902.47,1435411.87,3159946.93,8149156.59,614,0
165448.89,41805.68,168167.43,9621269.98,555,0
427288.62,248531.47,1183283.25,7474893.19,780,0
1867456.51,1248996.12,273160.89,4317073.51,558,0
2479671.67,2129678.77,3310928.11,3026236.83,664,1
927208.59,665304.93,736016.66,1339818.4,757,1
793712.16,459378.4,2128276.5,6295480.02,624,0
2382229.82,2031641.61,686455.7,5123338.98,576,1
263507.38,140951.62,325254.61,6793130.09,679,0
1171209.68,694344.58,1429401.04,2409474.91,695,0
1566846.75,967165.88,4175933.71,3270259.47,737,0
1725011.16,840055.95,1115185.79,2956348.73,837,1
2212983.95,1741480.91,4281429.59,7986635.83,604,1
1129052.6,372161.88,455254.76,1753736.66,669,0
1876784.6,1104280.41,5371220.79,6104297.56,523,0
1797588.73,1268312.6,3197991.02,560982.41,716,1
1688086.69,1405810.44,3171526.96,5517799.38,668,0
1957401.55,1602608.58,2547206.19,685944.06,632,0
852402.6,474036.6,875288.02,1799972.08,588,1
345481.39,224636.49,220427.24,1174601.76,615,0
445887.85,212227.64,807932.4,3499917.27,673,0
751288.91,396473.51,2151454.96,3470127.61,553,1
1550574.01,1293777.33,1673647.51,8272871.84,619,0
2537283.98,2160479.03,6722459.47,2295590.14,651,0
2133750.69,1764163.39,952354.68,909548.08,496,0
2388217.75,708965.37,6707018.34,6054942.32,544,1
1117829.31,888740.05,1175351.52,6890134.46,583,0
1273495.85,1100115.26,1450743.09,2983494.98,806,0
1241677.47,562324.42,1724102.41,6048000.46,566,0
656432.23,369605.75,1414436.07,7771762.85,644,0
277528.31,206860.35,599172.6,3508151.74,545,0
1813656.67,1076323.07,2609427.11,5277270.71,572,1
2968728.38,2658313.59,4659296.58,1509001.07,505,0
583806.14,302995.01,52560.92,285285.67,717,0
235385.98,164713.67,214881.53,9814611.35,517,0
2360641.88,1781845.06,2450467.19,3032321.96,740,1
832499.42,454436.7,1395420.38,2825075.4,696,0
2505967.04,2004494.62,4197242.44,9733789.08,642,0
2141416.33,1246964.32,4560573.07,7295923.56,744,1
2842453.26,1387559.36,6114349.72,5873713.99,850,1
1285888.98,354232.29,907364.64,7008267.78,697,0
2019712.53,960150.14,4666669.93,7113769.34,537,1
1448078.86,1033574.28,85162.54,7645192.01,798,0
1928707.22,1629565.67,4143799.8,718532.85,668,1
1403836.83,528089.14,429831.41,4157672.63,850,1
647033.51,290301.2,1416320.53,2986546.66,599,0
1572902.51,484096.44,2487316.1,752167.9,778,1
1632894.18,1116093.01,2141970.99,4155360.02,649,0
2450751.16,2137378.27,5077954.37,6180926.18,850,1
2233010.05,1448478.93,243649.31,1826051.92,621,0
2024995.71,1279703.27,1357579.35,3085016.1,850,1
428822.58,251908.8,793030.35,6409749.68,693,0
2189787.24,573546.93,5565664.47,5814280.34,734,1
1550884.95,1102140.55,1773162.3,8694415.36,820,1
2692888.65,1673454.4,2090447.5,7922748.15,571,0
2767625.71,1835029.22,4307004.89,9657829.97,746,0
259954.11,215545.57,485320.23,5992073.44,620,0
2479860.53,1856851.49,3125390.77,6999750.3,665,1
209322.43,156288.64,550545.64,8612037.28,658,0
1164791.91,988941.69,1829091.53,8407924.83,707,0
1672669.93,1493618.08,179763.11,7201280.34,703,0
529492.32,321347.78,354316.07,5027549.28,592,0
2264310.06,625441.23,3061213.81,2768408.54,662,0
124228.64,64771.69,260032.48,8778296.75,416,1
588937.24,442480.8,388260.84,7777721.65,749,0
1784310.81,391491.58,5225840.1,8387174.17,819,1
2171723.93,520825.45,2075461.78,1450853.72,669,1
2758265.0,681320.27,4406164.55,3182388.14,489,1
2145940.29,1527319.42,122102.19,4277606.13,724,0
2048159.88,1128160.55,5437193.03,8391602.12,573,1
1243589.32,569848.15,2942959.06,8934222.39,668,1
103724.83,28413.54,60821.55,2884682.51,718,0
448461.85,319559.64,1255563.16,6879970.21,704,0
1650208.18,700866.3,1563604.09,824251.35,758,1
2057876.67,793778.28,4273302.04,4125254.06,664,1
1310600.02,860570.7,3220051.14,4892357.62,667,0
2218969.13,1312093.37,4932198.96,7668046.51,723,1
1613400.66,731979.63,4441286.0,8925123.76,642,1
315110.97,204520.01,817027.37,3405968.2,581,0
656847.13,256075.18,1959923.15,5301001.95,695,0
2535994.85,1918178.78,1389304.8,6492109.81,537,0
2202246.97,793961.27,2013482.26,3320437.93,641,0
2694809.76,838588.11,5143523.04,9856105.22,512,1
440916.02,329676.26,969636.75,8763955.08,594,0
2971645.35,2066851.91,4765969.87,2999208.15,598,1
707279.47,231879.65,156864.04,5104065.0,551,0
134161.64,37749.33,338729.39,2346864.1,760,1
2992526.52,2354757.36,8626325.99,5169313.99,751,1
915114.27,680496.3,1113282.75,6849156.83,781,1
2037256.41,874146.31,1374002.01,900934.87,631,1
612378.71,404622.0,35482.0,8707666.19,606,0
1782662.74,511467.57,1269072.45,5957771.39,730,1
2721701.46,1510362.94,5714909.86,9896548.84,662,0
1028525.39,219190.28,2812778.48,304635.5,662,1
2043736.53,968979.05,573348.21,8323408.59,395,0
644920.41,162771.45,1070424.42,7930032.33,725,0
1911906.66,1018287.27,3989372.47,1371882.49,712,1
1075706.02,532665.04,891913.54,3386291.07,649,1
712503.95,364139.05,1218161.67,8853722.22,731,1
1008227.95,233638.59,2163400.36,5208620.24,710,1
618639.1,280324.82,1554737.63,4042750.8,580,0
2715556.71,1981103.7,3686367.02,9059689.5,628,0
1251841.97,573644.14,2808597.16,978778.02,549,1
811309.98,568420.3,734518.61,4757571.69,796,1
1400382.74,642264.69,895040.96,6541122.27,747,1
1029554.88,510934.74,578549.35,6104987.32,568,0
2258815.84,1343373.07,2431882.23,2679550.72,711,1
2916537.74,2524197.38,313933.34,5654963.4,677,0
1370297.6,378479.37,1163349.11,7100189.55,581,0
2596996.86,579233.24,5081461.88,5869609.8,662,1
1741002.91,1089119.24,3384086.85,6860399.15,735,0
555983.43,480574.26,122684.09,2597983.46,743,0
2102805.95,1877398.18,1813137.81,8336847.06,850,0
1588960.04,856314.36,2715013.11,4524410.89,659,1
1986758.92,1048327.52,1898658.9,9872877.25,626,0
2680093.5,1746012.94,3360740.96,281688.94,706,0
1377260.25,811129.62,2945177.78,3834137.94,631,0
2713415.11,1747063.9,75434.27,1845726.77,591,0
2276940.14,1848419.09,1887994.67,5578314.79,557,0
1516954.29,1095869.5,647916.56,2469890.69,307,0
1849344.19,1013096.96,707979.9,7387905.57,723,0
1044185.28,546427.51,3004247.04,8824565.33,486,0
2952432.17,1912352.98,3335306.51,2148299.32,562,0
2035318.37,1056318.84,3218379.24,1648742.3,679,1
227155.87,118222.26,500075.85,8759804.0,617,0
1047203.53,221393.62,149061.49,3644655.56,850,0
1907611.86,613955.14,1379332.93,4374107.17,499,1
263366.51,142733.99,657479.56,2248646.55,850,0
169264.15,131324.85,437712.34,4281882.94,788,1
1405070.29,555155.79,1572066.78,2351435.73,740,1
1064801.52,602518.37,1197459.6,6675978.03,793,0
1371065.96,605289.23,3113266.64,5013820.3,690,0
861810.6,235586.95,762883.95,7891201.44,479,0
577681.47,503050.18,202929.24,3161644.75,701,0
2098515.74,1675185.74,1621326.58,5080670.4,501,0
1592256.24,405937.28,1850256.19,2632257.06,597,0
680447.21,478933.51,106567.65,9348015.61,642,0
1026809.34,455190.67,1474540.06,5243259.89,558,0
1816242.93,1628070.84,4032100.24,1775951.84,744,1
309465.11,127400.28,476958.59,2764018.31,628,1
527613.73,193695.92,113798.91,874874.54,690,0
312412.25,186673.63,412524.41,326769.16,649,1
2455720.26,1926729.42,5222614.24,5282922.17,662,0
2281986.78,763925.22,397727.39,3404373.08,561,1
2284607.5,1591416.32,410182.02,9639545.88,532,0
2177343.5,529060.96,2420779.66,1754747.39,634,1
2041217.73,1721265.67,1193891.7,7949430.89,553,0
1483276.55,380834.88,4159615.29,3193915.85,789,1
1962606.67,1648514.96,3422846.51,2274196.99,512,0
211248.51,114827.31,182091.19,9697886.35,850,0
1902246.83,977115.29,4021977.89,8035637.16,680,0
2355845.35,2076241.74,2649824.58,6324677.87,656,0
1551039.25,1385495.16,614749.65,6986354.32,595,0
1136788.65,744738.31,809048.72,9914245.67,715,0
904537.53,261396.43,1744167.13,5952413.72,629,0
1964125.95,1088752.45,305673.62,1063909.49,680,0
2109123.48,1203073.92,1725404.57,695417.96,734,0
2625806.04,1470746.78,1640956.61,6682737.44,716,0
1092768.84,654179.82,659382.54,6593131.38,773,0
2332339.69,497038.61,4777301.62,7494329.24,703,1
1727931.89,1205852.99,4280866.16,1132348.37,554,0
2660225.82,1858635.97,5713100.51,9451777.63,442,0
1630655.11,457934.99,3158878.1,5534026.22,671,0
1601126.5,959343.14,4402065.66,6513077.43,672,1
1775843.54,1061693.08,311087.19,396781.21,842,1
2273014.53,1540456.71,1142074.46,9611693.43,638,0
2897602.39,752734.47,3602358.88,5647788.9,687,1
313333.73,200079.98,350104.99,5655462.97,727,0
254960.35,101098.5,319759.75,9438375.4,701,0
2818895.98,1564211.28,1745924.7,9297034.27,734,1
1636639.31,1213284.07,734049.01,2241970.99,568,1
1883218.74,1306863.71,2876766.8,9314433.28,552,0
1499028.44,424572.99,4173531.4,7379381.83,621,1
371606.61,228103.05,436975.33,238062.24,432,0
2327459.2,2044397.27,302708.51,2436439.33,646,0
2266951.47,702162.39,4802541.29,4159152.45,584,1
1003939.63,800174.99,876755.26,5849083.43,682,0
988093.81,683547.15,726530.58,7028230.82,623,0
2529740.0,1876567.0,2460865.31,2141593.42,548,0
309836.05,123119.81,672792.42,8375170.12,781,0
2655204.93,1066123.86,6522399.82,8464867.47,658,0
844318.9,704342.33,1489520.56,6368238.25,736,1
1819655.77,822270.46,1760400.97,9214884.41,668,0
2814383.12,687021.24,2621414.09,8139175.15,696,0
2066555.25,1282127.44,770670.22,2255155.41,513,0
1301846.46,374114.7,3645043.99,7996834.82,777,0
2099649.21,1590730.71,4019606.65,9534360.68,737,0
1097540.95,712548.29,88817.25,1419184.15,648,1
904049.41,734367.07,1796437.74,9788043.95,678,0
2990381.51,2240950.26,4011477.99,298678.33,750,1
2277291.67,634179.17,6644394.44,5245564.09,612,1
1969687.93,919350.81,4839929.95,7750236.73,491,0
1130339.97,838929.48,580935.13,7914859.12,614,0
242566.4,119376.4,524024.29,7359992.06,665,0
190064.94,167381.8,276867.22,5317046.16,646,0
1707125.64,1220626.1,957928.78,6527095.0,781,0
2309894.89,487041.2,4842047.23,7014325.25,554,0
1658399.65,1353237.51,2723362.11,4970665.28,566,0
2538276.71,686764.65,231291.93,5977065.5,544,1
196936.95,58759.41,382011.17,8471362.13,692,1
1163581.02,830965.2,2216576.78,3163146.26,497,0
787504.13,634317.25,340402.98,5255902.95,724,0
1397091.61,803949.02,1462703.47,134373.22,556,1
309891.54,124680.15,544695.4,6889992.18,572,0
2866981.76,1278447.03,1193665.11,1994085.37,827,1
747440.66,328890.73,1912080.38,4835962.47,773,0
2774692.55,1189440.42,228795.98,2141541.9,661,1
1335090.15,494032.45,411891.66,284160.46,518,0
2958019.99,1852332.72,1030339.77,4858044.49,850,0
1706769.31,1417102.78,2704071.11,4277094.39,630,0
2799415.31,1161638.91,5207869.97,4280237.66,674,0
115512.07,38198.22,139910.8,2127621.29,741,1
2269892.54,1786415.34,1965728.03,9474685.67,453,0
2718846.89,1955526.09,6601230.1,84896.16,585,1
505189.64,430212.39,103492.12,8920877.23,643,0
378764.97,119638.15,318494.22,7382174.14,663,0
1331260.56,400677.37,156219.08,1762116.73,519,0
2807668.83,1625641.87,116996.7,4748310.26,682,0
1672921.02,1054113.49,1773529.93,9889058.31,653,0
1629623.74,873676.18,952467.8,6454797.46,816,1
509265.74,315376.38,410008.61,1317398.4,750,0
102289.58,33373.6,251923.03,4603540.28,623,0
2449406.26,1312219.51,1197613.41,4708620.81,630,1
353966.23,233853.03,828528.8,8032520.16,751,0
1938164.47,974692.28,3925077.41,9165821.18,678,1
2752387.72,1859549.3,2695513.96,868303.36,512,0
705090.55,363709.6,1156114.72,3174671.01,850,0
2029291.23,879737.74,2705667.85,3019459.36,551,1
328225.87,135400.9,126427.99,9960678.84,850,1
1850889.92,902552.12,5037300.49,5614309.81,692,1
575401.99,124380.47,983277.94,8804323.39,586,0
2234265.33,1492416.84,5900069.44,4289026.85,413,1
973570.75,770653.25,2406160.2,7241095.35,727,1
1443833.93,647182.63,345549.56,2901527.14,494,0
1838348.57,426907.18,1143107.2,9122270.93,685,0
596692.89,531499.97,260028.82,4578705.1,843,1
2250749.67,865613.07,5609630.29,8047068.7,536,1
977656.99,282185.81,2529530.91,2595377.99,723,1
2020878.39,927233.08,3200898.65,6951363.2,568,1
559020.85,400812.32,174713.14,4081326.12,763,0
2095541.21,850248.28,852570.64,362822.26,656,1
471745.41,284128.6,1151363.76,4159432.12,648,1
1333533.84,654621.09,3717319.47,5522715.34,770,1
816897.61,230720.31,488853.63,1560028.06,712,0
2270288.22,978950.35,75856.53,1879935.4,569,0
859901.51,608302.37,853760.71,4675384.84,828,0
2656980.19,1669653.6,243108.82,3460160.64,496,0
2686278.61,762486.39,6672513.93,4435368.35,677,1
669679.81,210497.57,987467.51,4635228.54,567,0
1880153.24,1219304.48,3620389.87,1443756.63,501,0
354381.16,272657.6,437467.46,1852886.02,536,0
1235457.59,549324.16,1280579.76,8489245.67,645,0
2168633.02,1337433.99,1445613.46,1669050.96,684,0
2012327.42,642839.02,4651691.31,6675847.61,755,1
1911631.94,798992.25,3988892.94,4214354.07,797,1
919368.5,196918.75,994928.6,9683955.03,677,1
1196272.35,882601.56,1152427.06,707738.4,605,1
398543.82,191582.75,1486.02,8312369.22,753,0
2185166.18,1685392.24,416615.9,4939919.85,588,1
1561277.51,1086432.28,2919224.5,103256.09,490,0
2155420.33,1681488.64,3327585.18,2673419.18,743,1
821936.22,328742.49,1072141.51,4106583.68,782,0
1040870.86,343046.17,2583968.91,3176237.8,567,1
1069224.48,941274.64,1616340.88,3656372.17,846,1
174652.99,122629.01,201458.86,9170885.5,708,0
1089038.83,853620.86,526843.27,3641293.62,693,0
2429583.26,508252.69,5981789.55,4217352.33,598,0
2702165.64,1210902.93,4671354.66,7623258.96,751,1
1602833.12,1153994.46,444593.69,7948643.98,497,0
1420954.92,361758.05,2766166.11,886692.04,616,1
189391.39,113092.79,241514.22,7055496.84,576,0
2649692.58,1325776.17,6449772.17,4851590.94,519,1
137729.62,29244.34,379685.27,1381846.24,736,0
2839775.23,1037037.37,5115563.83,2683870.11,684,1
1518727.12,606510.35,3333360.69,498103.2,730,1
1091610.03,303797.21,185325.41,3634360.03,622,0
2780233.46,1785120.73,4672922.89,2591294.08,748,1
170733.88,63116.65,386886.38,3851928.8,657,0
1786132.2,704332.03,2661848.61,5824388.45,602,1
1691904.32,1402194.5,3012689.88,7336778.54,586,0
736029.16,387877.19,1984956.24,6073252.27,451,1
1343773.55,637606.71,798602.9,6799854.16,766,0
1991565.62,1407458.79,586993.1,8663109.25,755,0
2208680.47,1848068.45,4576233.18,8744553.21,850,1
102078.89,22204.76,251986.51,8614157.52,616,1
2816874.95,1447217.93,7187173.52,1574030.71,583,1
577123.58,362172.14,1110924.51,2548137.88,479,0
777383.26,328828.59,1943178.49,5048136.78,745,0
864072.99,640006.25,1816275.05,3619455.98,722,1
209678.4,184524.11,54963.15,1360106.23,805,0
456851.16,393074.35,1044421.38,2913114.83,558,0
2960414.78,1143276.0,1592937.23,9755516.18,721,1
1014128.54,363500.98,719856.86,3501921.22,597,0
434373.16,378010.37,514276.92,4218194.98,784,0
410274.66,213769.48,387176.69,113694.15,703,1
2186433.91,756087.22,2109810.8,7208178.05,494,0
2578249.13,1791619.84,1309179.66,4164823.15,636,0
845161.67,337299.14,745105.63,1076243.63,455,0
160637.59,62178.45,9475.65,9687139.55,533,0
746961.05,609127.56,1059738.18,7785460.47,539,0
263895.5,82793.36,608483.09,7275193.39,585,0
399845.32,97992.12,1034296.72,9580829.73,623,1
1351373.55,524914.71,3326116.36,4104426.84,666,1
766763.28,479121.07,957973.45,7199408.73,661,0
1596243.05,456783.3,3497814.58,2101768.58,647,1
835131.88,442717.0,721280.29,6986349.45,683,0
2827558.17,1807194.16,471318.37,190086.97,525,0
2727237.51,2165742.65,5530604.69,1306738.54,657,1
1743737.7,629330.13,3393991.01,4281326.24,793,1
1127829.58,870845.07,2712304.03,170322.31,633,1
1205325.96,439262.22,2227826.41,4646560.26,699,1
1294371.62,872065.51,609228.2,5251777.9,690,0
2209980.03,1108242.0,5656415.56,6234985.65,736,0
1409753.09,395121.18,2652814.66,1048847.44,678,0
2584516.84,1809121.53,6261842.61,1851068.54,734,1
2837874.88,1000163.12,6590457.45,6152169.54,700,1
1074243.84,347664.41,959937.28,6598967.74,715,0
1726014.0,778132.07,386038.43,307707.27,694,1
375663.96,246925.11,198919.03,5426655.25,549,0
681360.24,247877.18,189818.11,7860568.23,532,0
1299050.72,426820.1,948615.29,737553.73,614,1
697987.88,144460.83,962243.87,4161070.01,805,0
2642025.42,1400670.22,7187450.02,3298787.17,632,0
559030.14,279544.08,1462454.31,9140972.97,680,0
1421416.38,516979.69,3064288.65,1898733.81,453,1
1856527.8,441030.27,134295.8,3217686.11,669,1
2106405.33,1054211.87,2157312.1,8989525.21,658,0
1210901.17,910287.18,2478769.53,3340000.4,382,0
2620387.3,1836098.81,1014317.05,5336907.03,679,1
1748125.54,1402969.38,4201206.39,378701.61,484,1
1374572.56,284134.98,3771443.66,9849779.24,577,1
294997.84,258563.69,313380.14,8258219.74,749,0
1447599.46,635479.63,3065334.1,6362289.4,665,1
2480133.94,2215450.22,1102698.3,654514.97,605,0
1882168.95,709264.54,3900699.82,794956.12,596,1
2513271.12,1332223.37,161769.8,5472487.63,608,0
1532633.84,686235.84,693232.54,2886391.14,666,0
443538.94,199163.4,944580.2,6246755.0,529,1
139555.55,110192.71,298027.95,6002015.19,762,0
979336.69,707564.15,1883742.48,8394581.41,535,0
2124172.37,1900084.94,3042010.41,2849701.75,477,1
2391753.72,1505513.96,4842641.82,5799742.07,749,1
957683.22,502093.8,2223168.12,7784765.02,606,0
1537396.37,404414.74,4457596.18,4933191.21,657,1
1321244.82,1185940.1,3522337.09,8314904.47,715,0
1290516.07,756334.64,3076077.48,1356198.21,578,1
770911.27,532186.44,1606789.2,7352282.76,663,0
495476.2,240167.06,853441.23,9432671.81,714,0
670396.82,391110.17,242567.31,3352239.04,814,0
260463.92,223948.03,129364.75,3695047.6,598,0
674579.15,213499.99,1660030.47,881319.29,603,1
126682.6,51263.48,305297.31,6432853.16,706,1
1919049.36,588076.96,3537531.03,5546884.72,670,0
1017488.68,767747.24,1339544.6,451440.3,636,0
2922119.66,711336.51,228211.55,7534509.67,809,0
661779.45,170171.39,649556.93,8301380.73,481,0
1102902.85,451027.58,1391774.04,9075840.06,507,0
1137739.36,637056.36,1658196.93,5480054.16,482,0
124509.34,60311.37,347128.77,4553171.35,770,1
2533703.06,586226.47,826312.02,8767564.69,701,0
192783.93,167769.08,300087.62,4017033.35,512,0
2826521.52,2450618.65,3119820.87,6571659.1,637,1
2687015.62,1062847.49,7981227.33,6172854.45,647,0
1653013.56,1177057.94,4274018.71,3753002.94,429,0
1676427.17,1014243.11,2206777.58,914554.88,668,0
1995955.98,730986.32,5986045.28,263084.61,532,1
1222445.03,468832.23,1885242.19,4310965.52,720,1
1976944.62,1075076.76,991147.89,4837955.67,535,0
229828.33,113412.43,383267.25,8235648.77,671,0
256738.12,103686.39,174226.93,4173395.92,779,1
1425968.22,1091233.75,2722085.66,2847540.75,747,1
1693904.67,909667.53,4763802.88,4647859.86,700,1
2674671.16,1760986.49,6308467.97,2418005.28,641,1
403515.84,134165.57,330677.63,959038.08,499,1
2485678.99,1425425.95,2213685.74,1174778.19,606,1
709137.28,299669.52,147404.54,3225586.88,627,0
1242842.58,706542.99,1065866.16,176130.35,620,0
1018147.06,760126.28,282917.0,2241022.7,496,0
1260450.29,930513.87,1888590.85,7885855.25,693,0
536436.94,240299.33,1139950.63,2384441.06,531,0
1560353.22,1070392.92,3516323.82,1151758.63,804,1
2424763.51,2082636.57,433032.93,9493351.57,664,0
1380448.63,880682.78,1407874.96,6243577.66,747,1
1522779.37,462752.99,1316466.06,647258.2,745,1
2561426.0,1731001.55,801472.68,669327.47,850,0
2147568.53,587216.26,2335295.94,6140615.15,668,0
1522317.78,1233803.99,1366980.98,5424281.58,610,0
847317.38,475906.27,1612866.67,730328.99,612,1
2666287.57,1252084.68,7065416.73,2281938.98,799,1
1773359.16,425437.05,2419793.2,9293977.0,517,0
741328.07,345865.58,1660571.55,5741507.56,562,0
880447.28,732747.56,385663.29,4431237.71,673,0
2429085.96,521495.84,6521850.79,2539046.35,634,0
228022.13,121365.62,104384.93,1380295.52,746,0
2977067.34,2535897.71,1715694.45,4056185.26,516,1
478019.87,227723.26,152675.44,9227547.27,643,0
2408598.72,1203632.13,2237680.96,534678.39,631,1
1244848.42,753123.38,2063001.81,9910239.22,542,0
1527426.93,800457.45,4527266.44,2117736.57,737,1
2653886.67,843992.18,6316526.57,4117235.24,640,1
1297442.45,276340.81,1480780.68,498260.52,636,0
1658731.89,1039806.21,2865522.65,5868582.92,567,1
242969.02,205203.04,454333.63,4861374.89,613,0
106807.67,29313.89,263620.74,6683735.0,547,0
809919.63,281582.25,1789400.28,5449647.37,736,0
2073690.97,952157.27,3541601.61,4011868.96,753,1
451668.19,346031.84,906746.06,7390679.14,818,0
429909.68,167012.27,962031.61,298960.22,693,1
1291785.76,1055954.88,515980.8,5433238.76,616,0
1978727.41,471868.14,1189940.15,1183068.23,603,1
2165008.78,1859027.3,4472373.09,4388282.91,699,0
617506.95,365887.05,1575431.1,7921696.9,670,0
330805.63,218710.28,406158.8,1467484.43,632,0
2827151.4,1293090.04,8310894.89,9361312.97,623,1
855932.51,639720.53,554828.46,8890621.69,767,1
2574704.84,815142.22,3218632.98,4178305.46,606,0
2604125.21,609985.8,2957164.2,109449.67,784,1
2340315.52,1116007.21,6531558.07,7907961.03,668,1
589617.46,470271.22,504792.47,8814913.24,613,0
2483224.23,1808901.68,3507237.2,1788644.02,571,1
2330826.62,1309945.96,1309228.85,9166112.48,634,0
1830496.67,1099206.7,2862528.34,9145267.91,700,0
1077885.9,313583.93,2772551.6,4739343.97,612,1
861274.95,679095.54,785584.72,7990446.37,735,0
453478.72,340504.37,1103030.84,4477232.38,607,0
1578295.49,1040932.08,4314956.89,5662260.35,637,0
1797256.54,945956.73,393372.13,3232398.15,521,1
1142083.07,999461.44,2591698.98,1636719.99,705,0
1478541.3,1205487.81,1132607.45,7478039.01,623,0
1154191.93,751495.92,607085.32,63858.8,807,1
1958917.57,901612.77,3532647.64,5816549.26,720,1
2713651.7,1716698.39,5744279.22,8653625.96,658,0
575368.76,346837.26,681399.42,2251709.0,772,0
1206085.55,574059.8,141740.53,3362349.6,690,0
508518.95,210868.46,1386280.42,5895484.24,750,1
1912336.93,927306.63,4192302.96,2506358.95,563,0
2213724.48,1332082.1,1804186.38,8482494.23,696,0
2802546.92,1400416.98,4177452.81,3697701.51,700,1
908728.59,349408.09,75768.31,5837056.51,495,0
2855612.5,2092233.95,2906580.46,2299905.42,800,1
283461.75,162147.84,444356.25,461794.05,533,0
1848740.2,457327.7,2868636.27,1778317.65,520,1
265684.89,121636.27,165934.73,509679.43,365,0
2691945.14,2205885.97,6272883.9,4712608.8,697,0
1636446.27,1192422.05,1467215.59,5887042.04,485,0
2041110.22,870069.66,3554042.49,494518.32,598,1
2511564.39,2151728.05,2045836.65,950298.1,733,1
535900.81,135916.25,683543.42,4880974.02,669,0
211915.53,184973.5,131926.72,8001840.33,587,0
2648755.32,985319.93,5030048.28,6298691.33,490,1
1013306.36,209111.91,1293742.02,1091866.69,639,1
474038.83,238757.07,22920.68,8881045.62,735,0
1458537.59,658207.82,123239.11,9178629.84,720,0
1835087.62,1059510.42,2593718.26,3283320.44,828,1
189814.75,143830.42,104336.92,6179377.03,584,0
897197.41,708518.19,1574694.63,4948655.14,518,0
195119.64,93825.42,238938.69,9423136.5,680,0
1318972.63,660662.87,2589485.55,5112047.9,671,0
2695790.08,818777.26,7702372.4,9601659.85,649,1
2949691.99,688113.96,4678826.23,2033458.38,575,1
1947437.91,1263596.05,4600112.82,3488090.74,384,1
568749.31,139404.06,1284874.65,7824385.14,549,1
2726963.23,1946182.07,7541071.34,7846926.82,705,1
1597118.69,922117.4,1025435.81,7335223.58,678,0
545873.01,185055.36,1354846.38,8603134.07,746,0
2773007.34,1601872.23,7533043.97,7040334.42,684,0
2296660.25,753530.56,2706129.37,6379047.19,723,0
2221945.29,1126784.11,2091847.25,4616303.88,726,1
2156624.04,1638370.51,6159550.59,4697523.05,652,1
680985.48,356389.33,1282226.52,4091306.86,652,0
711919.41,216487.23,813032.93,6221107.41,359,0
2096049.7,1481236.56,4979130.76,4096306.1,584,1
737195.98,243818.64,673370.8,1517568.43,588,1
1372147.92,983809.36,726171.91,1109969.68,639,1
2367805.29,1268070.08,3864042.55,9248499.14,556,0
2373462.3,1228549.73,4031648.83,296152.13,743,1
1414459.14,1125915.88,3503953.98,1099399.25,561,0
2397350.82,1668610.03,3286964.71,4480783.5,760,1
2532003.21,564731.81,6187607.2,2666116.36,553,1
1998849.68,814175.49,1866861.71,4088196.56,589,0
762434.97,617301.25,1316042.52,1218601.45,582,0
894634.16,190403.48,559520.61,1352524.02,600,1
1013039.35,589262.11,1171415.75,8016546.19,767,0
438731.91,311270.63,1128690.09,7603132.0,617,0
892162.9,566790.43,578089.96,1087316.01,619,0
707605.75,518231.02,1719990.31,6694514.63,575,1
1420453.37,1005658.68,1205418.0,6112647.67,624,0
2734468.89,1871529.26,282933.2,7147959.09,671,0
402992.92,312350.91,132908.56,4770766.6,628,0
2188776.98,1427046.41,4897691.93,2736368.93,634,0
2093120.71,1008241.48,1645638.25,6653607.74,751,1
377687.18,200301.25,741187.2,3745006.39,677,0
2775459.97,1947560.66,5821795.71,2228581.37,534,1
1748569.39,1422311.2,1810390.74,4115858.69,641,0
1154804.01,451012.36,1645315.05,7644534.86,596,0
2293961.89,1008090.17,2778678.96,4784142.31,702,1
846359.83,720690.27,2405394.4,3033649.42,660,1
2111178.53,1277174.88,2026407.5,8327092.72,763,0
215162.5,69986.61,118332.73,8822355.36,575,0
2534283.31,1684250.72,2779547.52,4360841.72,630,1
1399695.46,1250674.79,2811354.28,3778145.81,543,0
1946409.45,1511226.35,4072060.0,6146354.52,645,0
741589.68,535441.69,2055814.1,626845.74,496,0
2063513.77,713217.75,5458537.56,6928665.45,682,1
2339496.8,1902707.72,2023574.8,7833761.67,644,1
1472318.24,836353.6,2010435.46,4004547.18,665,1
1891408.08,1555688.85,4240171.81,1787427.71,728,1
1423345.18,613290.23,3913646.76,336742.83,672,1
2692864.97,655539.57,2723819.56,6390593.71,522,0
1543820.62,823139.19,2058413.56,2726484.4,594,1
2541245.26,988255.52,6857384.66,4665701.39,641,0
2423920.97,1698345.68,2606809.73,3894237.44,617,0
1290463.98,1122670.87,1860254.1,1790103.72,629,0
767245.03,524551.54,2081928.91,5108268.25,812,1
1277638.18,1048754.1,3074929.71,4622955.55,660,0
2496030.39,1290739.27,1822832.96,6260268.85,688,0
760134.35,562612.31,740663.66,2556255.7,449,0
1620865.4,1280695.04,1716295.77,2185658.84,724,1
2437680.57,1700557.51,6674894.52,8152733.34,850,1
1125084.68,624921.65,3371655.13,7036812.84,784,0
1962407.95,1252224.83,4556736.58,7733454.19,605,0
812331.56,560797.07,1180300.63,1276733.63,850,1
416910.39,157241.54,12724.71,2279194.45,652,0
2403714.25,1842940.9,5029685.95,5776538.59,680,1
387009.01,334850.71,452058.83,8579153.4,623,0
887006.05,466270.27,1684388.48,8926540.7,620,0
2579817.32,1782001.15,4695478.79,8327504.12,425,0
1104760.93,790918.39,1593613.41,481809.56,728,1
2921831.51,1938849.33,8278022.58,8217747.89,620,1
2941229.57,1714679.71,204236.15,8995957.22,631,0
878000.46,717461.21,1875757.95,614653.45,677,1
218836.84,112536.56,269064.19,4191994.89,608,1
2144683.52,520669.26,4592563.86,5389272.72,676,1
1407860.86,1113884.68,2851845.94,2365866.21,770,1
392183.25,263463.56,12045.52,5191022.28,690,1
2151816.18,1709577.15,1841987.97,8865260.09,634,0
190407.24,56547.75,108013.18,8676077.94,637,0
2623570.4,581191.83,1314301.36,9401380.95,670,1
502092.33,428818.07,1097287.68,4866892.49,566,0
469204.45,142361.23,337195.68,4135141.11,670,0
609449.66,467299.57,867986.04,6674588.8,718,0
2884772.44,2239295.84,2137521.14,4196767.75,658,1
2110191.14,1468890.64,3673212.83,467348.73,607,1
2423977.45,707519.14,5239963.7,7213218.45,621,1
1253141.46,836069.71,1244650.44,2845790.22,715,1
1075306.91,884290.04,1945297.45,538398.86,539,0
780003.62,388342.08,1930169.13,255179.71,568,1
1493879.28,731196.84,422279.12,9317044.62,489,0
1700303.33,867156.09,3625066.75,2558156.29,653,1
1932147.05,497702.38,1873090.65,4506596.97,736,1
845643.66,697163.77,311154.47,9508235.71,783,0
2851096.83,2304906.53,4667138.95,4701793.94,804,0
592299.64,532202.86,402045.27,832162.77,580,0
2900394.21,1768162.1,7146818.96,5541763.67,675,1
143082.76,103854.35,18412.99,927576.6,609,0
1495264.51,511186.58,442536.52,996124.39,814,1
1066766.73,711821.62,1667344.0,8522196.88,780,0
1402457.9,918347.66,2477898.17,2929744.36,666,0
1754927.28,1458074.51,3842694.05,6802768.49,588,0
1363208.56,1065422.34,1060279.33,5113797.14,305,0
1303055.87,1116623.13,3290582.51,2262150.58,506,0
2224897.9,1798125.62,6361933.18,5202311.97,464,0
2089041.2,1688124.37,3127540.99,736485.68,505,0
2516486.72,615548.58,5741601.24,3504762.88,837,1
824881.05,653448.8,1298812.38,5252220.44,520,0
1867632.68,1167709.09,389216.68,2322523.66,543,0
1797064.88,837991.33,1758130.64,6618871.9,557,1
1172239.65,280822.01,307666.1,565528.62,850,1
1509566.87,1018009.09,4478337.48,4873858.48,643,0
1009968.22,434024.98,693926.68,7164208.02,749,0
511348.75,269707.52,975500.66,4327963.29,667,0
720023.51,487607.05,614205.48,8752134.83,451,0
405989.57,340317.59,795633.46,6340318.17,803,0
2080901.77,1618537.55,1313475.75,9587004.51,690,0
2016109.44,1039139.08,4749571.18,2877012.04,637,0
2856758.48,1346813.67,949685.96,9390953.84,826,1
2216067.4,815171.12,5951140.86,6087884.77,615,1
250932.93,115604.48,632668.44,7464530.05,635,1
2664311.0,739965.68,5425661.63,9026503.11,615,1
2601757.97,2288958.64,526189.63,5534412.02,757,0
1385628.93,833791.42,866997.84,8628698.88,731,0
1799002.85,520746.72,4637981.87,5439884.55,677,1
2930627.16,1309885.44,1072384.77,6012029.33,544,0
1643682.66,958147.66,768908.65,4478730.8,612,1
2725433.3,1561727.64,4447934.33,1499103.59,544,0
340812.4,76632.47,280329.21,5557357.17,766,0
654050.42,566138.67,435746.11,9775609.89,492,0
1378189.34,541301.75,2380739.79,7882500.66,809,1
1795794.74,379503.99,2007213.71,7487609.92,778,0
2467060.77,625426.57,1040309.42,6450922.59,558,0
2965960.13,1797776.49,4759064.86,3511691.3,608,1
1227669.34,363942.41,1425369.78,1737671.19,578,1
237505.34,54437.97,523354.98,2284288.44,693,1
2423397.36,1128669.52,747051.8,112904.79,791,1
1852704.09,1178195.36,3449438.08,6751130.19,768,1
675774.29,188059.78,884912.91,8128181.71,606,0
1535002.52,643671.81,1869918.01,2725667.94,775,1
2252699.71,1109302.48,1569823.22,963911.48,767,1
2334194.18,727386.42,213060.77,3390484.32,631,1
1548893.39,858476.84,3938940.58,2955909.73,649,1
985122.14,255786.83,964661.4,4536219.79,804,1
2923853.49,679979.99,5974231.24,2677815.44,755,1
2023751.57,1141162.66,5753044.47,3430340.42,772,1
1283888.81,479568.27,2176154.16,9080170.05,850,0
913343.35,243644.99,1088194.45,3381611.76,704,1
2220198.65,1102858.84,1786861.83,7865904.56,682,1
802331.99,674439.08,2248239.65,6277045.32,785,0
597958.97,422717.95,1223561.85,3408502.56,848,0
1636518.28,1261642.9,3266235.48,8186993.28,588,0
940963.44,762500.12,1202998.21,5971006.89,629,0
1923824.92,1694580.82,4877177.32,135756.34,548,0
442022.16,324564.76,946376.76,733845.61,684,0
1999329.2,1251351.25,1698529.76,7538763.62,738,0
921559.93,420045.28,1657643.01,4492951.51,555,1
100704.51,32945.51,129967.41,4084802.53,763,1
468114.57,318627.76,9254.85,1500980.48,604,0
2807484.6,2516811.65,6802171.03,1615320.01,596,0
2615328.45,1378673.22,963725.12,7987636.88,762,0
777466.19,549338.61,1189417.17,8298720.48,587,0
2357278.52,1288405.26,2377736.35,5622025.28,509,0
1864857.62,936817.56,1913842.07,2986521.71,724,0
2915623.66,1420532.46,4175449.05,9330373.13,636,0
1183456.41,654732.2,3539800.16,6258425.79,769,1
2076235.78,948480.48,2543677.51,7976589.09,733,0
284253.6,205839.78,155483.22,82665.06,475,0
1249117.31,1014271.28,2299398.89,4530680.03,781,0
2895071.22,2368225.33,2052209.23,8715943.41,839,0
1663044.54,597680.08,526598.75,3415421.17,753,1
934850.56,773248.92,140716.06,7279184.21,757,0
448785.79,197055.5,30806.37,6593864.51,625,0
2140232.19,891439.59,2768377.37,1564572.75,602,1
1970082.53,1396255.09,2522055.01,7760293.08,671,0
1184422.27,489506.85,659292.31,1169641.56,741,0
2857729.92,677500.56,6721544.12,7292745.26,739,1
164388.16,75870.47,63751.68,9910134.95,606,0
980799.17,691488.84,2693227.03,9581915.25,596,0
2771101.51,1188444.78,4884698.04,8012405.34,500,0
1030712.77,660368.75,85393.65,5368448.37,714,0
831533.22,550544.52,2402231.18,6764504.53,611,0
1649239.19,1176922.17,1523606.38,7294678.48,619,0
2489025.07,2060891.17,3359996.87,133595.17,822,1
399125.61,200678.42,340376.74,1068543.9,709,1
2834760.06,897208.51,6194698.8,5990738.36,682,1
2405711.36,1018212.52,3505219.27,115018.67,733,0
625625.74,314387.62,248447.79,9093611.23,792,0
2164823.09,1514778.73,676749.37,4922144.0,488,0
1216380.3,254449.11,2646997.08,2614782.4,593,0
1266654.57,533324.61,900900.73,3968520.64,626,0
2371541.27,1768908.46,980348.02,8515225.29,552,0
2892075.94,1936535.19,4333147.62,9275569.09,623,0
467302.03,332820.91,1125401.55,1206538.06,494,0
1319827.69,1013980.77,1103835.56,7790708.31,742,0
1494730.66,1118454.64,1239572.42,5803359.83,598,0
1191304.27,807142.26,2980218.92,5875752.44,670,1
1153248.46,585576.98,511467.29,7805548.61,655,0
251579.14,223532.8,465467.38,2267304.63,705,0
2088062.0,1249394.48,5982382.09,5333897.43,403,0
1365021.81,466753.44,3445191.44,3227558.52,695,1
664902.03,269264.71,123303.22,990397.83,622,1
2466497.16,1690768.31,2367177.8,1095540.48,690,0
2427426.17,2056801.15,1036810.51,1407891.13,532,0
1510535.72,491081.34,4301585.67,6168253.5,691,1
965506.92,248755.66,2855800.21,1103010.47,779,1
1950468.9,1593673.01,1375039.74,5722533.23,668,0
935641.19,786588.49,1879794.04,5903555.73,578,0
784423.0,308643.42,1980585.86,9043770.28,582,0
2218492.5,1029602.38,1555253.87,6282447.13,707,0
216943.2,143644.94,122148.11,9856599.02,706,0
374828.57,161532.75,12606.64,358376.17,685,1
119685.7,97425.49,147918.05,7056254.06,646,0
543535.24,149638.02,1466627.87,313476.78,670,1
300071.03,67992.36,812874.09,7307306.9,643,1
2987826.87,1033609.86,1145023.05,3889209.58,611,0
937548.91,375264.68,574771.34,6132512.27,725,0
532877.24,148698.65,652317.4,3129903.82,681,0
798889.15,196513.39,1870897.43,1633095.14,779,1
2814764.16,2051753.09,5166652.88,7248949.55,761,1
1608464.65,506656.06,2479527.44,9050972.78,677,0
1157972.48,972402.22,2056322.49,1876645.31,709,0
2632835.23,1204784.78,759833.83,9210994.86,554,0
1245471.78,833748.79,1784749.77,1444811.99,642,0
1071524.85,383371.75,3189061.41,7369835.73,684,1
701119.32,258170.32,186033.91,9596479.32,491,0
1195610.79,720112.12,1862450.79,1516340.27,692,1
1018384.63,603342.02,903253.99,4379145.97,554,0
2064181.48,1523593.94,3343437.09,3407701.95,565,0
939789.84,686487.64,1617807.13,3915353.61,597,0
1773879.26,1187579.24,3073101.6,7543740.4,646,1
291087.28,149732.79,744201.41,6628829.88,517,0
654738.55,539143.33,765547.98,9688435.3,735,0
1281475.29,814768.32,1985085.3,1895521.06,667,0
2817152.84,2516108.91,92360.91,5455445.65,842,0
1194030.76,923653.09,2828243.11,4518805.15,680,0
2025814.95,467997.42,1577022.23,9192618.28,707,1
839752.95,356404.36,2057113.46,155661.36,564,1
468397.37,281185.03,373273.36,9892245.49,531,0
269756.14,190185.81,8730.79,4823356.43,711,0
985699.15,576866.18,457851.29,6274119.49,540,1
557216.98,418075.05,1647717.74,3632522.93,714,0
604630.3,240557.58,580084.57,8532640.36,820,0
2306201.99,758137.24,752909.7,5641780.05,744,0
145930.41,34693.74,51991.56,6644968.82,707,1
1717649.36,1032856.27,1599179.9,6506601.85,676,0
1200438.0,818722.32,135571.61,3671622.29,611,0
1568995.0,672008.09,2407569.11,806110.41,638,1
1732207.69,1090440.21,1110730.97,8086676.95,593,0
1008766.31,238583.38,1571589.24,2932673.4,518,1
955815.69,257597.44,403633.95,8496855.77,653,0
2226865.36,1539272.45,2871702.52,6105997.94,760,1
2626703.27,1202107.58,4711650.49,3569354.38,521,1
658486.73,441142.53,122478.41,5962759.13,789,0
383094.41,299658.28,458275.89,6472652.29,771,0
2703607.84,2154331.26,2453717.32,7081499.91,689,0
1114696.84,357279.68,803784.99,8232264.44,690,0
1698820.43,918042.39,3080987.33,1639561.68,631,0
1142675.12,815582.89,2017536.85,9444236.63,654,0
464826.78,344802.19,879498.47,4137864.11,603,0
1809061.77,1355481.48,862285.7,8611480.47,653,0
1622908.47,583787.98,1391039.86,2243771.97,663,1
688681.32,230552.86,433205.57,338838.27,838,1
1410420.23,864599.91,2287011.66,5754773.23,706,1
2411147.76,1733036.71,3335092.51,3280429.48,629,0
1812235.7,767296.36,1795710.31,9845396.95,640,0
381060.25,104141.33,898557.0,1089311.87,578,1
1689262.34,1185393.34,476238.92,520663.52,595,1
2137941.07,876103.62,6252815.0,497927.29,741,1
2398839.88,759122.25,838711.74,2207893.27,600,1
1924440.98,583887.84,4463187.45,5812951.61,588,1
542708.68,228174.64,599525.16,5080355.57,590,0
2159502.47,1327823.32,5605607.77,3533254.26,577,0
2064291.35,930750.92,459325.15,933491.42,762,0
170837.96,36638.47,192050.08,2375684.09,664,0
1294068.24,346597.94,1302259.97,1882263.29,621,0
1065555.72,429794.32,3174792.48,7469385.03,652,0
2041294.99,1350915.01,6035388.67,7810466.51,671,0
726793.86,195478.88,413845.05,7781289.43,575,0
1813528.58,1074442.77,3427280.44,9691953.42,511,0
2748297.29,780296.87,4415299.71,8848167.57,783,0
2413626.88,840257.69,1117800.02,5003157.23,748,1
2772227.44,888587.52,1395370.51,4178613.41,687,0
2937667.3,725780.22,8718277.37,9161896.75,741,0
130943.37,87723.0,177845.97,6131691.26,841,0
1905949.7,999446.64,719312.8,2979266.74,596,0
1297234.25,1014096.54,835898.99,5666417.08,537,0
2593578.02,698252.38,2087944.95,9921886.76,716,0
830262.64,250168.97,1272586.54,8502227.1,503,0
2944985.52,1220756.61,2964553.15,2848733.17,653,1
1879753.11,1383697.9,2565929.46,9531896.54,620,0
2401258.47,994195.87,1199425.37,9815548.01,717,0
348238.7,169206.78,341338.73,2350111.25,601,0
632027.87,259840.87,133326.14,8961141.58,769,1
2299370.65,588999.9,6137321.07,8837867.04,575,1
163760.91,140441.94,97643.66,445548.05,720,0
2468946.16,1441808.5,5606237.05,6713407.47,583,0
140452.15,105547.44,147285.9,3087543.09,704,0
2005644.63,1325430.18,2854417.31,6762395.63,548,0
1158772.37,648887.03,1012515.73,9139909.01,647,0
1873335.07,492265.21,3914003.58,5012853.52,782,1
2118491.08,1376835.91,5367492.17,4173407.67,661,0
1093178.14,337528.86,938832.92,9219236.15,768,0
413091.1,202442.82,300173.86,9742443.43,647,0
301973.02,193377.24,617329.72,669251.46,599,1
1807914.47,1351525.08,1058460.12,9232338.29,667,0
1609900.53,1093978.32,3090235.13,873546.91,711,1
2252382.93,1509262.04,638064.58,3405997.82,459,0
1578232.98,480302.93,2936162.75,7637612.52,702,1
1325092.79,586075.26,2040934.69,7781517.97,556,0
1254452.82,288572.56,428668.04,7271927.81,531,0
176696.02,124329.29,344082.08,439169.26,703,0
1073115.88,930187.78,1437622.74,1373012.18,783,0
2930458.46,1127866.86,1908739.91,9365354.16,671,0
2633311.17,688315.14,2791711.33,860540.81,514,1
1055196.39,562313.16,1557793.1,831531.87,582,1
1804606.67,1443123.67,495658.11,8364677.08,608,0
2557160.56,1499472.76,7346283.61,6430594.24,669,1
1379695.58,321115.87,2754819.49,3548977.76,642,1
152077.8,134131.19,46779.88,1698819.35,699,0
316080.34,246560.03,780271.68,8847495.68,749,0
1580138.89,461583.62,1529044.77,9885950.69,684,0
2911374.19,2460863.58,5212520.3,547218.7,739,0
2110307.67,1087825.2,1754569.99,5563428.15,623,1
305656.96,140702.64,672511.88,2649970.67,850,0
649146.54,339333.13,1408016.32,8332248.99,705,1
2336837.12,1832548.53,3870106.92,3493427.26,718,0
2540175.3,1680670.86,1835979.72,7160561.43,825,1
1891314.3,456703.07,1439500.92,5418258.04,658,0
1968827.19,1713515.71,2261372.05,5438157.65,585,1
182178.61,55281.9,79254.34,8587094.34,780,0
2502737.75,1806720.29,2535191.1,4730524.04,786,0
2385998.1,1539674.01,4898606.34,8463715.36,665,1
851201.92,281977.35,2121651.29,3666096.94,825,1
2155162.49,688601.25,2150306.63,1789090.28,641,1
723078.36,585136.21,506712.18,4581999.91,743,1
216957.47,107130.66,541944.07,5008640.02,801,1
683295.97,449747.84,1825843.43,4809912.82,659,0
618023.74,341674.24,760209.11,8092887.6,695,0
1079469.19,765502.84,87126.62,5668555.47,752,0
1313503.54,703341.3,2738503.65,8890018.51,613,0
1574762.79,631741.19,3703999.09,5166145.67,568,1
1482586.24,673640.28,80167.53,2285915.07,783,0
884956.36,709163.66,1579729.01,1338483.61,680,0
184594.94,97396.77,325829.68,8690210.07,599,1
1854794.7,648092.22,2107276.27,608919.35,659,1
1247660.01,1065780.84,2806364.12,1220215.64,700,0
966149.26,731974.31,1241054.58,683402.26,493,0
2614129.02,624688.75,5307538.98,4266155.26,721,1
2265555.59,2037323.69,3514674.0,5349525.38,690,1
2587520.09,1776199.77,1928721.47,247753.57,815,1
1535450.1,479346.98,2793755.44,5180082.36,628,1
479700.63,175578.77,1060486.41,3967906.74,787,0
2119042.16,1450933.25,6191241.56,7747769.57,645,1
697613.96,520303.33,795507.92,8308068.39,663,0
1379566.04,506749.32,266832.4,6865425.99,678,0
288502.29,109595.73,855095.87,4761280.58,850,1
2493394.37,1034719.98,4666188.03,2200678.52,526,1
465227.86,287795.93,1320945.36,8478792.93,699,0
2718982.77,870812.21,846912.17,3449607.94,654,0
2606268.75,711433.8,2674296.32,3595104.28,647,1
1447290.02,977217.26,581535.74,9164314.89,708,0
2258667.79,1683539.96,5661419.63,9757192.69,760,1
1896390.71,1044248.65,5008421.4,8986403.02,703,0
2428919.36,1104388.09,3652937.08,9982435.5,773,1
1352234.79,679403.19,757006.26,8695643.0,624,0
2378844.6,1122542.24,907188.82,7058357.3,645,0
1441124.77,1256645.57,2542853.6,2973503.03,549,0
2828800.78,2086701.49,4297313.23,9531922.64,848,0
1510479.09,522113.79,3148393.24,8772436.97,631,0
1441595.89,676011.03,1319956.6,2445430.58,620,1
2376708.4,1380412.69,2868934.18,4917166.61,710,0
2482575.31,1561763.56,159091.42,747053.82,760,1
1708018.43,901370.39,3126406.7,9535423.19,580,0
621413.66,476679.36,788841.49,5749044.86,768,0
1456498.87,1073911.88,4018908.45,2489745.43,619,0
2907410.26,1609572.97,5597808.2,2959373.17,793,0
2283659.96,1822590.32,2731447.94,9807530.91,595,0
2452371.55,1779839.73,1939255.83,6175362.2,723,0
195193.95,145420.91,530118.42,4235797.08,654,0
1456792.44,1266652.69,71084.51,5023462.34,537,0
1975201.29,763468.35,1937153.78,1030573.22,508,0
2507094.78,971132.47,7096373.78,796476.46,575,1
242893.6,199723.29,476581.29,5947442.05,749,0
2572072.77,1904770.25,4110576.65,5144440.16,455,1
1690362.72,1434411.17,1032142.5,3623574.25,683,0
672210.51,164147.83,1680609.86,5682833.83,674,1
1020040.13,652244.21,624873.71,773125.7,481,0
917595.7,276416.38,683389.12,9442712.16,570,0
1639491.2,906192.76,943614.78,2972431.29,570,0
249888.47,77221.25,118559.18,764198.97,655,1
559754.86,162135.77,1600863.91,1736567.51,796,1
2456809.83,512288.68,4437231.42,999965.45,757,1
484551.57,310678.56,927194.96,1827114.82,613,1
776849.18,350604.33,2224100.87,4196702.85,567,0
1414774.76,387127.36,978635.3,7393606.39,494,0
1599650.58,681429.46,28397.98,2759866.06,612,1
2314470.39,736605.35,4158295.42,4387469.89,560,1
1397264.04,1200510.23,2128780.05,9291135.01,646,0
2390607.4,1013625.71,3425623.58,2993426.31,650,1
1893204.29,821210.43,351455.64,7957461.54,602,0
427989.24,337212.98,583479.71,1620277.88,604,0
553361.17,361582.26,477372.89,1824301.38,580,0
1367397.8,953240.53,1126317.41,4588721.09,598,1
1250979.24,807133.39,834584.22,2379317.39,793,1
2256278.38,1945673.23,2250829.65,9035129.33,701,0
1784137.71,615350.13,1890114.1,554985.3,703,1
1225585.93,1093624.0,1135293.75,5992862.03,751,0
595204.82,465253.35,1747675.01,6062082.49,742,1
757827.6,464003.3,2120548.07,706957.98,792,1
1768952.95,1173983.56,3048844.01,7339013.94,708,0
1327972.53,868730.57,3908441.64,4715530.57,670,0
1593289.78,383787.43,4737796.97,7244580.07,590,1
594964.56,209791.38,635314.54,8277903.61,567,1
2022428.13,1765639.66,2701079.45,3262848.55,738,1
2572362.35,1476677.73,7401163.21,4870634.54,638,1
848024.57,394202.12,1548389.91,2644569.76,514,0
1525391.25,1118763.02,974400.48,2055058.96,440,0
2929029.25,1661237.78,6057648.43,55917.84,850,1
1066401.05,223105.96,658223.83,9638133.55,551,1
1825634.4,1305997.36,1858629.51,4437238.27,581,0
361567.53,257635.77,246835.1,180044.24,772,1
1857443.51,586216.78,1365110.73,138938.85,529,1
359932.14,313019.33,5027.08,2919108.06,703,1
2881782.76,1028034.77,7614034.59,188679.9,832,1
2175421.69,1132142.87,1931712.43,3776420.45,850,1
2385663.39,668737.64,618180.58,676238.09,605,1
2141902.65,1332900.93,558955.66,440553.33,648,1
1810214.2,837795.71,3019536.55,6710344.87,610,0
1404747.07,628232.98,4184406.69,9073070.83,648,0
2589282.8,2016750.46,1126512.54,4123396.5,779,1
2874823.44,594206.45,859185.09,8375865.78,510,0
1547204.9,1173651.99,2034437.74,341191.34,714,0
2801451.64,1680910.19,4734435.8,7788016.06,630,1
1791665.44,1595064.13,1582293.34,674859.92,786,0
1661314.14,1017738.08,1507752.69,8392472.26,781,0
1417999.93,338569.31,1805722.94,8829545.13,609,0
706934.51,166448.95,666241.13,7870439.73,638,0
110787.02,90646.72,304220.57,8216452.79,739,0
800368.06,631370.26,100737.3,5636771.44,748,0
1578197.2,697757.36,1110593.91,2685605.18,402,1
1201883.86,760339.06,2915359.67,6450148.48,738,0
1400607.16,760129.04,3504143.16,4423439.41,814,1
2943879.84,2581826.3,985214.24,103098.78,675,0
1115789.87,965127.7,3259546.19,4794415.78,745,0
1411330.52,1254231.52,2935658.59,6529319.85,777,0
487195.1,392929.74,398418.0,188142.41,672,0
239077.42,200032.76,327085.07,6232535.34,731,0
2348687.59,826961.5,2093657.37,6542692.47,651,1
1754981.21,1371877.15,789858.69,1623170.4,644,0
2306043.94,1605467.74,2014408.23,4339188.14,583,0
534602.12,467215.82,930355.13,9645109.38,667,0
1758303.44,1054776.83,4356916.06,8847682.82,838,1
835563.18,216926.42,911254.52,4137673.16,559,0
761379.27,470668.85,794655.06,3530970.37,711,1
133425.44,90810.24,187329.6,1284602.78,682,1
477988.1,169315.2,924269.72,400131.39,797,1
996877.52,474393.45,2247808.07,3009754.64,816,1
438948.41,271688.16,430344.36,9405819.3,557,0
2958989.48,1366680.35,5205032.35,9588203.84,592,0
995034.68,460167.12,1162282.62,8134567.44,598,0
477939.45,140113.04,1027187.24,3540706.89,601,0
677338.71,581510.66,334622.09,1479083.01,610,0
1804339.36,1308770.46,1390738.94,5975558.08,684,0
285726.22,57393.94,365209.9,6482724.82,564,1
2601058.98,1914195.51,6940260.97,4274507.01,578,0
2888349.07,2073420.14,4967895.03,6931885.62,570,0
815567.52,168668.88,2362037.16,7479484.76,699,1
1405276.28,644632.56,435401.04,7841463.55,643,0
164189.91,102573.27,226668.48,5047866.21,625,0
1958059.65,1012170.88,2461742.28,7926825.74,565,0
1300385.57,968254.46,2341498.35,303490.44,489,0
883169.55,439660.2,2151307.26,6820023.45,813,1
699827.62,215339.81,1766605.71,2394557.87,621,1
1996666.93,1764037.13,4014466.23,2741676.9,850,1
1307029.39,482853.25,2515520.65,958451.98,727,1
621011.94,436189.23,1768076.03,1964303.02,832,1
2098416.34,629964.35,2415407.73,9920481.92,749,0
1738709.62,748182.1,4343905.08,4183131.8,665,1
2590148.96,1319471.94,7160495.76,9281265.72,590,1
440680.11,147435.0,649834.7,1670850.31,552,0
2378433.15,1224825.77,5202365.22,2080385.48,761,1
2053198.68,636520.29,2322290.02,5600242.87,676,1
433531.72,256349.29,206637.28,3527848.78,711,0
2114980.12,1405614.26,3721332.14,6456956.33,731,1
1380487.14,336430.24,813679.76,4249363.43,685,1
2840455.88,2300179.82,3899370.42,8125392.51,602,0
510672.92,168317.09,1337267.47,4344012.76,751,1
1964216.83,702705.84,506875.12,5744874.37,630,1
1207742.13,800666.47,110249.47,3244678.34,659,1
2874762.54,1518236.1,5230439.4,7055207.83,721,1
1056927.2,580862.79,1049723.16,6564605.38,644,0
2890339.14,837355.78,3623945.13,4000160.28,468,0
2714308.97,2073772.97,3303671.67,2796519.42,754,1
884111.38,558703.55,229745.79,6160338.53,775,1
2430271.15,716364.78,26002.2,9434358.91,466,0
2987252.19,1379511.74,8051450.39,1369798.09,545,1
832722.71,638937.27,544097.42,8001210.35,850,0
1366653.79,817051.96,1746907.41,5452768.14,673,1
1608524.14,444039.76,4690098.31,5279318.97,650,1
955300.29,440339.87,2369419.61,9618757.27,607,0
144268.03,53362.74,46712.92,6078454.24,546,0
738374.81,415133.43,1126432.93,8313652.39,630,0
917616.96,725241.13,2009798.7,5169048.63,747,0
1386439.13,700688.31,2904837.26,2536041.0,648,1
596197.19,300089.55,1360835.32,6960178.2,711,0
2632437.63,2194783.38,3612662.55,9235610.2,826,0
2144242.28,1293685.24,1131664.15,8420239.45,591,0
347081.38,206976.35,484045.71,2023717.88,680,0
1985268.11,761026.57,3858689.68,3203046.73,750,1
1995603.78,1248062.43,3643526.01,5192962.71,556,0
2873041.4,1732838.51,607838.34,5737452.79,667,0
108760.53,51965.35,21192.78,1978450.44,837,0
819004.1,731769.44,2371650.38,2338622.78,615,0
2790595.29,2280819.6,1270882.76,7600369.14,756,0
2803188.35,2031499.76,2476301.25,7316658.3,635,0
2189700.62,1261578.3,5042669.1,8400127.71,829,0
2320713.63,1214758.66,2852229.52,9332651.58,485,0
365300.58,120340.3,198867.65,3117198.13,656,1
1590239.92,658385.14,2229034.76,8602969.82,502,0
771590.67,572344.79,1316989.48,6676817.32,579,0
625532.33,323790.71,849660.45,9579815.72,579,0
2449879.57,2002993.76,6753921.64,2757137.85,623,0
491610.6,149222.4,419883.57,2733231.44,531,0
1459089.75,811024.77,2894828.93,7057719.81,642,1
2821876.89,1842335.64,950645.64,9287687.2,696,0
638912.96,358937.42,751908.79,8254330.46,496,1
2936180.93,2414887.91,6527070.76,7284043.6,586,0
2983435.16,2663295.55,2012180.29,3903726.52,850,0
1711289.75,481016.61,3027807.43,7191784.98,682,1
593413.95,172664.73,273155.02,8020900.99,468,0
1016704.18,296091.58,313251.72,7545192.51,509,0
1331029.21,900872.47,2089314.22,6784267.44,672,0
997040.25,459509.2,2019039.4,518955.95,660,1
913843.18,651862.86,310799.16,6614163.58,591,0
2919466.16,1412525.4,8038250.12,4809031.82,850,1
544758.0,348277.25,368973.74,9617614.25,850,0
2226650.94,1645273.72,801429.4,6091539.34,623,0
101189.84,59069.68,61533.21,6101861.2,737,0
1828929.74,1056485.86,930408.33,9940849.11,742,0
2756234.71,721483.1,749761.86,981198.51,755,1
935008.87,455860.98,2237960.29,2799347.04,585,0
638025.33,371358.82,948496.95,6577990.42,843,0
1989871.41,1041471.99,2319311.17,3186600.75,643,0
2166544.08,1799417.55,6178731.93,3494193.97,692,0
2095288.5,1748667.95,2332108.83,8931817.15,650,1
1026018.95,795515.76,513951.54,5814571.36,636,0
831386.97,384689.94,683507.07,1073512.55,677,0
2872164.52,2016573.73,2059053.6,3143082.73,531,0
2777568.57,1324072.28,4155864.31,806780.85,452,0
1426218.17,517454.09,1247249.71,5583492.84,628,1
2553962.21,1123824.72,3954002.2,1774018.55,561,1
1411738.09,352476.05,2834601.05,8578295.74,704,1
1330728.15,575199.6,3103120.13,5794274.56,693,0
554612.55,289795.9,1181587.25,640787.64,651,0
1336577.56,1161267.54,824363.82,3043712.85,798,1
1658509.12,695557.85,576662.22,6182559.79,649,0
165262.55,137451.75,268940.09,3388208.27,504,0
1387927.72,499932.66,828225.56,5156107.85,627,1
2365933.03,789460.34,602842.49,9098154.83,767,0
2072133.56,1167226.25,3276629.64,3532857.91,461,0
1941955.27,1302581.95,1903859.07,3391934.98,640,0
2737710.74,632500.36,6210351.82,8206580.57,707,1
152292.83,54025.29,143547.4,3221627.4,850,1
1715438.0,890275.55,5036785.7,825685.52,770,1
2383311.66,1028882.88,5423391.5,1850402.29,663,1
1669872.61,1166965.02,289020.99,9490562.5,702,1
1039297.1,579732.83,1586609.89,9336263.29,460,0
495126.64,154603.97,835705.19,2286880.3,545,1
2673932.91,2209004.87,5577578.4,5557343.64,715,0
1465210.94,593460.21,2188131.94,1416812.6,666,1
2646534.07,1883781.19,3838349.86,6763042.4,678,1
1798971.16,1341926.42,1985732.85,1893792.67,653,1
2055157.14,1796639.72,1673687.4,545414.71,649,0
2432357.35,1335255.28,6904491.11,8257723.23,660,1
2011551.08,1269459.43,1916585.77,3287733.81,544,1
1254359.04,544910.38,238659.34,1129797.92,627,0
1589536.81,1072501.03,797715.75,8347344.31,525,0
2428832.02,1273602.86,6246542.83,7635854.9,588,0
1183585.86,599316.58,2082993.2,6853396.58,769,0
1225552.22,979004.54,2863308.7,9116924.66,631,0
377501.34,88757.43,915948.34,4917799.56,709,1
2752294.86,2249653.43,6797368.27,1324162.15,661,0
364005.31,289911.63,601278.95,660396.78,611,1
1979806.61,1097716.4,1051993.58,3218488.13,549,0
1298263.99,705141.7,577335.73,913966.76,609,1
1276296.23,578500.61,2197722.46,5378318.93,668,0
2070700.33,1855185.26,2276824.18,194265.23,708,0
294571.82,81837.51,493155.87,4465444.85,662,1
1821746.77,1117005.24,2724301.21,1825679.88,714,1
2338892.18,1583844.25,4225429.14,3714267.04,497,1
2501817.0,2136629.29,241013.47,6766589.04,736,0
594538.13,443610.14,58567.98,3542089.52,537,0
2702515.25,1758507.87,5850365.85,3446331.88,748,1
2002823.67,564332.86,1160399.44,9907969.79,700,0
2657378.92,1226681.88,5199415.34,7202206.49,462,0
1507314.08,447957.39,2471584.7,5162924.03,723,1
1671896.7,1365687.0,4924376.81,5814787.73,749,0
2765211.0,2004044.67,6930220.59,6220817.18,775,1
2709737.68,1978855.72,3358458.53,294525.22,573,0
1399666.53,918992.44,2588317.18,848632.68,667,0
895796.63,497104.85,315202.5,6509434.05,719,0
1240194.26,378234.13,1437581.26,3676465.15,723,1
1224516.55,527505.1,2695973.06,601668.2,690,1
931913.94,275698.4,1740828.98,3010256.8,607,0
878880.85,621754.77,1277377.71,1346320.03,748,1
2597082.52,810705.65,1375381.95,9167322.73,749,0
302599.57,209241.39,729094.84,2069107.66,634,0
2065072.43,1413704.75,1692326.47,1479727.41,571,0
601178.15,313522.3,1479762.29,6280379.73,577,0
1099067.09,323851.17,2016598.18,5243023.71,786,1
278474.8,117059.83,311388.93,5780527.92,745,0
882923.55,374417.13,107553.92,4387684.07,647,0
2328421.11,1607238.29,1623506.83,4698334.64,630,0
2666544.44,745619.46,7112241.4,7799035.68,473,0
742428.74,579352.82,1821862.99,2238225.74,641,1
1444288.73,1058237.73,2490762.49,3995466.56,530,0
1463939.74,483707.42,2048003.96,9580362.58,665,0
2633368.39,1852351.0,5112495.22,1940357.73,768,0
2312117.25,1544400.05,3234061.02,2973047.27,551,0
1587923.93,1149156.03,3069321.23,1956090.9,673,0
2045166.88,679506.67,1886078.05,253930.19,749,1
2557329.66,793573.21,6432941.41,2734807.75,672,1
127662.97,46665.77,268826.76,512351.09,597,1
1268381.09,578521.54,1255604.54,1589117.01,651,0
2731005.19,2063453.26,6805660.4,3658686.6,745,1
2246907.79,1610014.49,3285041.19,256176.11,676,1
1674239.99,1419447.64,877162.11,7541917.83,649,0
1635969.13,394335.13,381405.57,7966110.69,765,1
1108533.28,230674.02,2326608.77,4143567.33,701,1
1609509.55,1109591.34,4177260.58,9847426.49,529,0
2000611.28,791244.26,4846132.65,6805989.45,713,1
1313252.81,569761.6,2583106.68,7450031.39,744,0
2171044.12,1265200.75,920794.45,1963389.22,526,0
2597573.46,705732.62,732859.19,8382504.35,423,0
548586.06,356518.45,567835.32,9453211.66,545,0
1409486.37,602700.9,3614955.73,2401286.16,639,1
1283258.26,825007.49,3702468.05,6880319.73,750,1
2093647.93,1641011.38,1515973.96,7482063.43,560,0
824615.65,263693.89,1885308.05,3086433.26,705,1
1956727.65,1666371.12,3368717.3,4776339.58,360,0
2644718.8,1511408.39,252364.63,1020513.98,668,1
1312581.64,1110508.96,2137866.1,1772293.3,609,0
2741945.53,947098.31,6629534.06,662626.71,850,1
2980174.84,1857226.68,2468682.52,5623646.63,460,0
407666.94,196789.39,1097474.02,6271365.83,648,0
775854.25,575649.35,549910.92,9165389.86,460,0
2856101.28,1782596.37,655245.04,5444738.87,595,1
2879150.29,1572479.08,1381467.93,2643083.14,479,1
383351.1,321665.99,962597.91,641761.79,850,1
143495.65,66579.39,179644.75,8855282.87,614,0
567190.07,200777.42,1356058.82,4814637.88,628,0
2988437.07,1869777.91,4762669.72,7386353.79,645,0
621998.89,396101.27,896721.72,195761.02,536,1
1557388.06,790166.12,3770030.72,4906982.28,755,0
2560411.41,1384227.62,3252907.53,3290940.1,714,1
159164.67,138741.84,382965.83,351796.16,741,1
1853018.05,1320979.48,559586.43,7767944.43,528,0
903373.8,250615.07,1724479.56,5153371.45,763,0
2600771.26,906345.51,5481804.67,3365143.42,751,1
922037.33,814070.12,2487004.1,8067694.91,626,1
2091591.59,1481946.79,1407582.06,4496888.35,739,0
2055236.93,1727491.56,3725445.04,84804.67,677,1
742331.29,306362.37,964859.71,9447253.94,490,0
200917.68,144521.45,230716.78,2594043.27,631,0
1286823.76,900521.71,411964.62,8314226.44,601,0
938660.14,381361.65,377998.43,8173333.07,658,0
2446035.47,1432328.48,6141910.4,1665620.62,752,1
2421056.15,1547516.28,5445585.47,4766326.68,485,0
1425369.46,765127.31,1634932.11,449979.84,605,1
1858885.45,1448118.42,4620184.96,3577789.15,567,0
1852352.6,1450407.51,448822.36,7323239.49,572,0
2498758.63,1987563.55,4683477.65,2408841.23,567,1
1332507.0,1015898.67,3470552.0,1215422.91,656,1
898795.37,486840.09,2261901.86,5095879.33,702,1
868601.26,405642.7,971398.73,5393014.52,684,0
1654957.61,1294116.28,3699991.31,6774497.87,668,0
1402529.79,761771.46,1798610.42,7603420.58,712,0
1376350.24,512635.38,3468973.08,6973304.84,850,1
364298.28,202236.72,580067.0,8461851.47,663,0
2183950.85,653645.3,5011230.6,2267919.32,752,1
719836.4,492469.33,169676.05,5719179.12,746,0
671165.53,292054.25,1188015.28,3632948.81,827,1
1296999.13,496051.79,2141154.3,9623017.95,706,0
760557.19,661347.16,1391766.55,4430781.26,565,0
1793188.98,1333803.9,3742250.59,9599153.63,680,0
1177243.68,884049.56,3242513.96,7702203.26,675,0
1401844.0,892421.43,3304211.13,7198715.43,731,0
1657791.03,1305379.42,1092341.68,4941058.93,562,0
690253.02,504860.54,1710232.17,4461612.44,776,0
551679.71,341567.85,202046.64,5289154.47,650,0
2653223.52,2315699.21,4952495.76,2971648.98,733,0
1357798.74,453662.91,3595806.02,9049873.9,680,1
1295071.47,1114235.2,392880.86,7953590.02,662,0
203275.24,97776.75,518164.42,8023888.75,673,1
1544131.28,879968.43,3699525.76,4359878.27,717,0
1707092.19,488087.57,2579973.33,757335.04,845,1
1720638.53,994658.47,1594503.35,6846619.31,448,0
2150390.39,1350111.27,2615551.41,3775415.16,704,1
614697.32,552238.59,1786294.68,8710781.61,654,0
831447.09,733864.04,503102.54,7814367.46,632,0
2451118.35,2148351.56,4262036.12,1496015.01,413,0
2846794.79,1263611.48,710907.98,6037071.52,708,0
494204.97,441763.17,323051.5,6937528.56,637,0
1543183.71,800657.27,3533812.24,5702968.92,566,0
721111.13,574210.25,654622.61,5164719.65,654,0
274212.19,96364.74,810927.21,2317237.6,620,0
1043959.68,578440.55,1568498.4,2397273.1,475,0
516694.11,452731.76,800678.49,7691680.98,658,0
2158805.91,1862881.07,235189.42,235963.37,708,1
1647803.7,1118223.34,4728504.95,7800155.12,595,0
517119.97,392219.99,270298.77,5291647.43,676,0
126800.61,41019.83,204785.74,9365415.39,660,1
2443655.44,1723170.48,2900677.24,9973349.4,754,0
610963.78,386517.42,761721.6,6651671.42,639,0
1858028.26,490679.65,3585809.67,4151959.08,730,1
1077073.55,300731.11,2139354.6,4777104.79,618,0
1797909.22,496062.09,832190.77,2081943.51,846,1
1015395.52,717935.25,1521834.15,1037381.52,606,1
352124.73,105355.95,835039.97,5808695.76,581,1
746555.02,393742.52,992813.26,8064676.22,639,0
645369.84,290343.67,321015.62,2654576.85,577,0
1341256.12,785108.16,1260312.43,4225545.46,525,0
2009022.97,1395333.84,1280026.27,5569997.93,722,0
865037.62,587625.05,326510.53,9083583.31,343,0
135002.81,75718.21,152923.54,1429380.72,578,1
1604918.36,842637.36,2604475.52,2406987.53,515,0
1856702.52,888378.16,405233.82,9189378.0,664,0
2892324.43,2323511.13,5239359.28,443379.15,431,1
1809465.33,780958.47,5390529.89,6578350.56,704,1
1466400.42,559513.99,4241379.62,6413282.54,715,0
1762864.72,1269828.2,4385162.02,3863381.61,486,1
2790911.83,1261030.04,2230003.68,4708238.56,669,1
2502296.62,1984068.54,168211.36,8556433.62,701,0
1036638.33,445259.07,2592243.83,1691571.53,744,1
788037.65,544818.8,131728.92,2354096.41,503,0
861637.48,199534.82,531530.58,5147886.59,489,0
1562821.02,734360.24,2552648.78,4126966.96,800,0
2257743.41,993996.65,1208195.53,5765006.35,567,0
1559335.7,1203300.56,3900467.74,9212349.9,597,1
296609.55,260108.42,691538.96,9175165.08,713,0
2198384.03,1148912.63,4984414.84,2338682.48,533,1
2437313.37,1894731.82,5967476.26,3056338.9,623,0
939543.81,648084.44,619258.34,1662583.38,739,0
2025964.64,1777115.79,4430130.55,9281514.2,507,0
1337116.51,1026605.91,1425158.29,4008748.1,599,0
2678446.13,680953.8,5358323.3,4524566.19,537,1
2551154.12,1784014.95,933888.71,8036275.77,572,0
1623752.8,933413.97,3437094.54,5154086.05,768,1
2105366.08,445295.96,6139927.92,1241567.05,790,1
2661714.13,1000589.1,348155.13,4406594.66,675,0
1537579.33,1299606.13,432808.14,6323714.23,703,0
1008427.15,855391.23,374036.02,7206130.42,700,0
2285631.8,1735240.97,2952331.66,6471250.94,582,0
738192.14,654957.82,643954.94,1235848.16,673,0
1226740.33,937943.15,2969644.48,3078228.03,520,1
2610608.99,540769.2,3710619.67,7348968.22,554,1
2200824.79,883596.02,3199145.38,8807892.43,641,0
1271051.92,281457.83,2734177.96,519504.83,543,1
722759.06,192163.98,784849.08,470179.63,522,1
1132308.33,399918.36,1199818.53,6451875.07,578,0
923902.03,510447.54,2097977.48,5503059.23,764,1
610658.94,484418.88,1429018.39,1595623.55,805,0
2255665.45,1812149.13,97436.44,5505501.24,646,0
831002.67,524646.31,358470.81,9746149.07,708,0
1417085.66,1204130.5,905935.13,6327457.19,593,0
1218992.4,670499.0,1285794.89,4518954.5,443,0
2948024.4,2424234.84,2577588.18,8283948.25,560,0
1234167.51,639108.31,2475197.17,2167583.73,619,0
331949.2,130807.07,824696.49,4172547.99,664,1
360494.68,303352.33,207739.01,5301290.52,639,0
1813185.79,855016.02,3062362.34,5070171.93,621,0
1838154.3,1015364.96,2028309.07,9213676.07,592,0
1314401.07,565458.55,1994384.94,2962047.67,684,1
1352346.71,897939.71,2518439.47,612212.02,513,0
256404.49,229872.23,687369.02,9167953.18,730,0
1597984.88,348136.16,921842.33,2209823.19,591,1
1563744.48,1297741.54,408168.21,3821328.34,850,0
533693.02,108205.32,1004215.88,5332371.66,618,0
401134.22,182499.83,474298.11,9760010.68,601,0
458360.22,145769.9,224004.34,5375920.99,593,0
392981.91,286931.52,138039.42,4505045.9,602,0
1868153.77,439814.94,3132388.27,5857202.87,710,0
669799.69,393466.77,603765.33,9709541.19,645,0
829147.44,337005.56,2481040.59,8188548.76,748,1
603359.22,177127.67,734712.0,1731232.96,696,1
2877722.38,2130299.46,1832705.78,8042437.15,653,0
2578390.64,908088.0,4864255.48,8418935.65,687,1
768435.03,274002.91,563082.04,6922406.33,769,1
1049942.25,412158.77,1556285.44,6589472.92,715,0
708689.24,432822.55,1025989.65,4436726.16,678,1
1526440.28,1010146.51,2076985.91,6434869.1,692,0
156870.54,33307.03,374647.19,7388870.97,534,0
2046967.23,755962.9,1330199.14,1272061.47,850,1
1617158.63,811295.48,4387225.1,2610433.1,702,1
2706052.89,1170053.61,6424227.77,1981114.7,712,1
576738.78,472302.61,576373.76,8420057.78,647,0
2431916.81,1827332.84,1317630.81,6816025.79,420,0
2396686.94,1529381.42,2009873.83,4535246.47,623,0
468825.45,204703.11,467845.01,8269254.72,657,1
1255821.75,867108.05,2098226.36,7181974.33,567,0
593442.66,469144.08,82550.55,9140251.16,566,0
838689.45,516952.46,2300590.07,814229.61,616,1
863413.91,646803.24,255591.73,5116115.95,727,0
1713085.54,1240913.72,1435257.64,7082141.64,775,0
1293091.7,776134.48,423956.04,2114557.21,667,0
2848425.13,1192146.39,2193339.99,3304906.01,593,0
466473.41,336815.97,1172257.69,4218813.7,613,1
2923707.19,1007969.85,5395781.83,7953539.9,659,0
768852.06,573288.26,524333.79,4961083.2,671,0
2341334.42,1786865.88,6123234.74,4954056.83,693,0
1083012.79,839877.95,2601544.19,4337331.8,606,0
514936.05,273452.25,1164243.55,2324461.44,702,0
2587878.64,866257.53,6580711.66,9234561.78,695,1
995696.61,268645.44,1850949.26,3212121.15,610,0
2010680.67,1448399.6,3024691.23,5696283.32,478,0
1742686.69,1429670.48,1954954.78,1530358.37,561,0
1468093.3,962462.66,985519.38,4370721.75,806,1
1537876.47,462765.55,2571690.82,9042844.99,480,0
2223489.95,1899810.99,5933331.88,9954879.12,781,0
354541.45,316382.65,631773.5,3649430.97,477,0
2037723.92,1025718.96,5621714.7,1582205.94,572,1
2697855.09,1662897.72,2888734.03,3178792.69,612,0
267585.77,199099.86,558027.09,3306055.6,828,0
507894.68,363384.86,988361.24,6462862.5,652,0
2178232.62,1911292.46,4381082.6,4986759.41,628,1
1368116.78,383644.8,2647478.4,7696174.3,556,0
1270291.0,770440.9,844697.82,7027967.68,702,0
497203.24,340262.03,214181.58,2550521.8,598,0
1569633.12,1291916.2,4608261.96,7853344.11,627,0
466981.4,379131.34,63455.95,8482245.58,614,0
1482199.32,1311153.31,2079836.11,6003982.39,721,0
2314484.37,1292535.18,2951525.25,9280293.71,726,0
848966.64,663495.11,916932.25,7840333.82,560,0
1494279.89,745790.9,3505508.23,5974189.27,587,0
2976846.31,1475383.72,6656379.77,9066351.67,577,1
2091286.23,789134.01,5679253.25,6023566.88,668,1
2539934.64,1962775.39,3013537.4,5235851.72,740,1
1303058.06,1159813.63,2205476.04,3594770.49,669,0
2326796.68,882877.89,6228651.22,8834490.14,430,1
217476.6,52040.44,648416.1,1271135.35,725,1
456442.43,351862.21,1327281.22,4761352.01,515,0
688904.72,436876.53,1483578.09,5397262.65,578,0
1265660.58,1103389.18,543832.42,5569753.61,669,0
2552660.15,961248.73,177558.02,6536303.81,641,0
1104171.55,275733.01,2733547.89,5082666.46,737,0
1998401.46,1088548.43,5041619.31,2605340.57,588,1
2157011.45,560448.12,4829727.09,8576596.74,553,0
1799928.83,689828.12,1511527.06,6592377.01,618,0
1136001.71,327378.09,2180502.54,8588968.75,747,0
1773454.69,632932.72,1682556.85,2796632.74,712,0
1092570.22,299693.38,1477094.56,6388716.1,658,0
343233.84,297835.74,393793.99,7156028.76,782,0
2979131.54,1176738.78,8165561.99,3864881.35,764,1
468829.12,239444.3,329339.32,8131828.98,728,0
309810.31,256841.51,536849.45,74962.31,532,1
2647739.17,1784907.47,2867354.81,5969451.51,728,0
975320.52,617013.35,1940120.58,6155006.28,629,0
1985861.22,1377977.65,3363432.15,5361738.78,610,1
1054116.62,822396.04,2921940.68,6318982.44,581,0
1235217.39,1005922.11,376539.29,1713907.23,632,0
860127.62,558952.01,569337.84,6863575.74,587,0
1094827.62,901048.7,2517056.74,3391100.18,666,0
1291031.16,742056.66,1428345.91,4547934.74,632,1
2189206.6,862774.2,1088804.88,3364438.17,672,1
1583454.96,1292184.28,2390959.64,4765665.22,705,1
2836339.13,1642328.22,5549088.14,6234613.8,620,1
221453.14,184757.54,29781.05,8391517.54,576,0
1558898.14,355611.9,1363826.46,4860178.82,449,1
1794251.89,858120.75,4356923.75,3266077.08,727,1
2768571.26,2390560.27,4321002.47,4905021.7,657,0
242559.72,90900.48,25744.72,6903596.46,632,1
1763148.8,1514677.71,1491364.73,3499672.13,767,1
2575526.79,2234866.3,4938371.65,4172106.64,521,1
801590.41,655299.86,479413.92,5650256.18,655,0
2641247.81,1570400.46,6556037.22,2975392.18,553,0
155225.89,101340.4,315066.29,2130392.36,715,0
2224118.42,1798715.52,3145208.56,1446903.22,427,0
2806028.34,2085238.11,7707798.84,3558469.33,730,0
2005873.22,1285896.51,2357708.02,531011.92,726,1
1373184.81,1218813.55,968397.71,5855651.14,557,0
230154.95,156499.3,456675.51,1800298.19,656,0
2768330.06,2443985.3,4761210.9,3805078.18,559,0
1463859.05,351577.86,1472267.02,2728767.01,692,1
184090.56,54725.02,189796.2,6322380.17,732,0
2100481.11,1083892.76,2509299.69,8510939.33,549,1
1497328.04,702869.17,1307789.82,6351345.38,520,0
460601.42,344490.43,981414.6,5447924.04,759,0
721388.25,225383.2,1409646.89,6707383.21,844,1
287022.97,253517.81,379539.94,348406.85,699,0
1765451.27,742453.67,2107179.12,1272304.38,706,1
1903885.49,952412.23,2085047.44,994526.0,616,0
1566652.67,614631.56,1332289.2,1027061.8,668,1
2469596.19,1495475.16,634908.46,2641812.97,685,0
2596925.58,625963.18,2089522.83,5343919.99,631,1
1885310.75,574594.18,1816693.07,1191081.71,784,1
136993.79,98917.52,225087.93,9354406.6,667,0
2116166.0,699499.54,4912394.81,8549855.19,680,0
1312197.73,478768.62,1557718.37,9717861.32,633,0
1740116.7,1313940.48,4931961.81,472875.45,643,1
1982333.75,525934.6,4920251.26,8521454.35,771,1
1115686.18,564795.69,3296189.44,8047154.05,664,1
2759585.66,596468.91,7253872.06,9025953.35,666,1
488527.11,216302.8,903862.04,5303044.47,668,1
2047384.24,1411235.3,3675951.19,7889496.25,613,0
112642.78,29633.2,43770.55,560304.45,509,0
2781488.21,2285922.24,6028034.97,804984.01,807,0
426261.99,356631.81,767536.1,1229395.8,756,1
375164.27,102604.9,570548.43,9152149.19,774,1
1065722.14,952236.27,2216553.5,658635.03,542,1
1183342.23,483123.95,1576381.69,1046487.79,794,1
721470.21,186767.84,1133847.42,9307583.51,846,1
1796852.82,365743.96,2147341.38,1118556.19,754,1
1384450.88,672796.1,2979494.3,8704075.17,814,0
199109.21,127602.52,523623.95,7903244.34,729,0
1026990.98,444199.76,2590620.51,450805.79,565,1
2450255.45,1925170.99,5777888.12,267381.6,700,0
2100134.45,1473505.56,86868.1,5367164.42,547,0
2202125.48,980194.84,6024225.6,9971895.27,590,0
2124539.08,1516956.52,1751952.63,8794360.09,681,0
1001821.76,859905.11,2668774.86,3134753.06,668,0
389025.37,103156.77,229876.77,3893776.88,696,1
890154.83,368766.91,1174058.37,3909664.66,470,0
2512177.37,1317205.33,5647868.08,7355079.22,634,1
2943365.31,1614709.87,5653724.52,3444270.89,704,1
1532156.34,887941.22,1911772.31,1520580.76,724,1
128131.03,52589.95,260858.32,7483718.72,731,1
506129.96,337630.06,833519.37,4607255.4,675,0
1034033.67,673734.1,855361.87,813948.3,612,0
1777897.51,1074694.69,3447322.54,7911020.07,700,0
317771.57,88859.48,194711.75,5873847.08,620,0
2835736.17,1513935.8,5903903.03,4919224.79,740,1
1158742.65,520691.23,10814.12,6749764.51,692,0
2746494.23,1493342.87,4521601.63,5078408.44,643,1
2363513.23,1997893.11,2843785.93,6501780.47,573,0
2290768.09,1228703.73,2083021.36,8681511.03,761,1
1859486.78,390095.32,2876856.44,6154467.96,705,1
1917673.07,972616.39,3712490.22,6613024.95,850,0
1950209.38,1510346.92,5647683.11,6157867.89,702,0
1923292.02,1434857.87,4806678.86,5335238.79,710,1
1705811.87,954185.19,3669968.35,1761125.49,503,1
2960600.65,1109746.54,4254089.26,3389992.55,681,1
2223642.65,1168662.22,2615965.16,6946434.23,618,0
2353144.53,1399159.86,229640.94,4283487.26,732,0
2630142.16,2366891.25,2833427.72,4090983.67,683,0
725355.31,472151.66,1846124.59,7604729.38,748,1
343032.06,235315.0,395198.23,105410.16,850,1
1500393.87,816241.12,2077677.9,6805995.08,570,0
1590834.02,712920.63,1297330.35,4917803.78,744,1
2504627.16,1926226.32,2059801.06,3798787.68,718,1
1386972.38,757914.7,257443.27,3438339.29,847,0
1755473.77,1573401.46,3232550.08,1770111.18,720,0
1628505.72,846797.57,2189050.76,3375808.22,710,0
210788.07,52191.17,383187.93,3944613.8,735,0
1884123.2,1277067.55,3091206.89,4402616.75,742,0
2501325.53,581930.92,5994511.08,6739391.35,795,1
556751.59,208977.33,1254381.23,4563031.64,568,1
1823562.03,816256.96,4220381.86,7973028.83,610,1
1821470.58,1307157.43,2728047.49,6415393.07,823,1
576136.4,314550.39,611651.78,1936490.94,454,0
458044.36,100793.65,1282666.11,2807873.07,641,0
2942150.63,1858835.75,479009.55,838529.41,664,0
1241785.59,605998.03,568568.82,9459931.46,632,0
759523.01,642012.77,956085.5,8871177.29,808,0
596841.18,328079.79,1099305.63,893722.44,697,1
2036044.97,1417662.69,50089.0,5762056.36,611,0
1867391.36,659577.46,4029771.66,9605998.1,586,1
1966301.16,1440672.47,3295873.94,7484070.76,678,0
355217.48,250310.65,516524.68,4943531.33,766,0
2691250.29,2241427.17,3419193.44,2448974.74,663,0
1228872.55,274868.25,1915150.06,2826418.9,636,1
1008771.28,517752.35,489614.41,7375567.65,580,0
1440848.2,973161.53,469911.34,7816723.97,687,0
1231191.59,328253.81,1069797.68,5310498.58,681,1
2604373.31,1269431.05,5543446.03,1253439.58,577,1
2794856.83,2402186.77,4932541.23,9341990.32,752,1
980014.33,495058.3,1411582.31,8455389.21,820,0
2605413.84,2318253.85,4467145.91,1448360.85,654,1
2366417.08,567436.86,3970313.14,614439.46,680,1
2799342.25,1966484.3,2578546.3,5381883.44,539,0
812675.91,493059.71,237600.3,2877219.05,723,1
1773181.54,975919.71,4770473.81,2868334.61,696,1
896179.3,788273.2,1612884.16,917854.85,617,1
2489874.02,723944.02,5211913.86,9536189.06,575,1
115440.15,95492.01,160691.73,8310156.27,834,0
1737975.57,1188546.38,3944234.31,1182654.19,688,1
1083689.95,413208.0,1900241.43,8772157.74,558,1
1035782.75,860909.89,167178.82,6845412.76,735,0
1970228.34,986111.98,5261083.21,3288139.26,672,1
2569304.9,1978259.77,2355046.56,8718943.02,655,0
1866666.64,881413.03,772188.34,6000320.77,747,0
2574201.64,2048167.6,679905.92,8494264.95,388,0
867331.62,559984.32,1874582.0,4719215.85,469,0
1606555.38,479930.54,3392892.5,5031477.85,787,1
1406555.96,920962.51,2954451.64,2945549.79,637,0
133770.21,44671.4,367501.32,3907542.28,607,0
1714755.22,837393.58,1795055.6,5699133.09,516,0
2018420.54,644293.78,3397807.46,9473239.28,669,1
1816551.77,391305.74,3376037.4,6021171.71,681,1
2235211.71,778570.23,6568047.75,1516413.01,794,1
1756884.63,1011017.56,1646268.42,119612.05,687,1
293575.74,157677.38,842266.92,8517329.16,619,1
437692.02,241189.3,195299.49,3675037.96,690,0
1829776.27,683203.36,4193855.21,3183911.1,760,1
897439.66,609911.51,1703930.71,8017274.67,739,0
330970.87,229357.62,811106.39,9456374.78,712,0
1345847.96,606408.78,115819.26,7493048.63,677,1
1707535.53,1394747.57,400234.6,1779780.76,591,0
1053363.37,685546.0,220244.94,3944214.02,546,0
2189257.74,1530570.27,3894423.23,7606015.6,530,0
1966934.76,775243.62,3557807.73,9073911.86,689,0
1065173.25,213490.7,2895476.06,9986070.64,699,0
2289130.33,1844496.36,3211216.17,5140031.03,759,0
1981215.62,1536823.15,404459.55,8234121.94,706,0
1948591.6,557753.79,1224861.69,513984.85,755,1
1704940.33,787466.92,41292.43,2893956.26,636,0
133030.04,88190.6,309979.09,3746558.36,727,1
2119870.83,1391647.72,5186896.37,9756462.26,549,0
1190521.19,955089.95,3564207.65,83766.8,643,1
2833568.16,844935.21,3503943.2,3114806.34,466,1
2472155.84,1238445.81,143125.77,9307601.98,653,0
1804313.96,483659.15,1270579.21,3101448.44,772,1
831327.75,392982.49,1465885.71,2289414.32,657,1
690780.44,145461.24,1993474.16,7314380.69,722,1
1087116.03,900992.14,337805.71,7466121.99,677,0
1482047.04,843182.2,540530.8,4748169.93,592,1
958589.98,761946.35,2018097.39,9471828.83,631,0
1593295.54,385471.23,3189174.07,2066935.44,767,1
579574.23,208195.05,435561.09,9138487.55,721,0
2935367.16,1120036.29,7160635.54,7567305.36,588,0
412981.21,194383.67,159549.62,3713672.99,511,0
2802638.0,2135628.27,7783557.83,8078740.77,670,1
2749376.23,1293830.37,1658137.23,1375361.66,591,0
1623545.4,557294.09,396237.81,1353275.81,632,1
2202239.79,540634.85,2243127.14,9302875.17,504,0
1364540.06,348836.79,768950.89,993066.05,754,0
1927100.27,1410701.08,3046405.74,90592.09,640,0
1087670.22,556193.32,2241187.57,3920853.39,655,1
973361.16,689457.78,1433531.99,1083317.2,566,0
1776866.38,1204006.41,3521432.87,8637213.11,622,1
1544576.06,455269.54,1690942.47,9230800.46,662,1
1780655.47,534235.02,149161.58,4850142.33,588,0
931315.69,678686.44,2721483.59,4283441.75,628,1
1164177.71,820614.67,2861828.82,5413440.81,788,0
343304.09,159506.47,75614.95,2300636.52,474,0
251601.48,63955.99,339040.34,3014760.32,668,1
835025.68,174076.65,1590771.68,1054722.85,571,1
315315.89,126665.5,180292.21,4492178.41,783,0
400946.66,82777.68,695227.8,6136331.64,631,1
2457492.38,887279.67,3934312.23,9305726.16,545,0
212733.72,105016.11,132915.09,7403778.05,628,0
2010934.1,573098.19,851893.88,7244484.15,684,0
890417.47,243079.01,2027379.85,3114589.67,850,1
2627482.47,2174258.05,2542770.7,8888518.31,439,0
1506477.63,918693.77,1102924.81,9472209.18,530,0
986171.73,842307.99,2183024.32,9326016.22,780,0
1601152.91,707834.98,3535675.59,436090.11,499,1
1207678.26,813976.9,1001412.81,6063288.83,650,0
1736473.09,596103.73,4545574.95,6450089.8,601,1
432145.32,273478.07,892272.26,2985898.34,585,0
2991272.46,869592.85,3102824.95,9924501.22,632,1
1334112.05,268765.47,1710957.27,2947315.22,616,1
1109868.86,945688.46,2419657.34,2205286.0,755,1
2159608.56,1270769.96,1370814.77,4867249.22,782,0
1155308.28,980693.21,1624689.67,3265316.43,692,0
2516495.48,1091358.96,4934029.85,9244093.13,626,0
1417385.1,608696.38,2294031.61,4428763.48,675,1
2186719.4,1050627.92,3990730.18,4130988.07,730,1
411614.33,285754.47,674486.67,6277328.19,750,0
2553745.64,1522201.06,1526328.65,857090.98,687,1
2233582.16,1893515.78,2748682.02,7579492.82,802,0
713978.66,155510.71,1139478.87,7695568.28,588,0
521329.43,362708.25,1220008.99,4766557.06,763,0
1017247.81,438667.15,1995547.96,9559194.51,720,0
2930604.7,955856.45,3750508.29,5814424.15,588,0
844811.57,470794.0,2469552.75,6967602.72,673,1
1422768.91,787566.11,460104.35,9247232.31,680,0
187058.65,55352.1,116053.92,6680136.17,635,0
1251959.84,427327.99,1281929.04,4346668.78,634,0
1756828.04,853318.2,1204685.51,296473.2,497,0
2864061.38,1392414.96,5373912.8,7296578.19,581,0
1598534.53,675046.26,189669.62,9650416.82,626,0
2475411.25,752479.49,1317687.03,4728839.48,592,1
1686670.16,342497.9,1484340.1,3430697.95,564,0
218276.54,191900.99,447475.05,5216631.29,756,1
1013524.0,872086.18,2663130.23,7297950.2,639,1
1769093.57,952754.66,4237819.98,56870.22,850,1
2856722.5,2561155.21,1560464.1,8877756.64,672,0
2591478.04,1740327.89,4395709.83,8869310.45,754,0
762231.28,189186.01,68652.6,5435914.44,629,0
738318.51,208503.17,687825.15,1267668.72,583,0
683401.6,574930.46,1652431.86,6734467.66,676,0
2775246.8,1779034.61,3802080.18,1421564.35,779,1
2572731.84,2033046.13,1157276.44,5100094.16,641,0
2347161.95,1945301.43,3088067.43,981618.22,694,1
1238931.83,636265.1,736047.88,5911200.12,675,0
1562704.04,365623.0,1843325.64,3214789.78,640,1
1446562.06,479963.86,2117044.18,8318364.58,645,0
834854.51,205875.43,875490.5,8009463.96,550,0
1564581.33,519625.45,4397892.39,9984815.06,648,0
188439.99,91840.57,318009.61,2612156.59,715,1
482250.08,136350.31,1219455.19,664920.87,679,1
2671109.83,845975.94,6095968.5,4457882.49,668,0
2279871.32,1167465.67,4522122.33,879863.18,722,1
1326318.39,581086.17,1977098.05,1826072.16,669,0
1599736.05,843637.9,10432.44,5993136.41,651,0
1172996.77,586991.54,2158786.54,5941701.97,723,1
2248261.61,1463920.97,2400856.43,481108.4,663,1
2374142.82,2032343.85,838752.61,4456902.28,626,0
2313527.05,637388.36,3085964.67,5325675.99,696,0
2195574.0,591667.9,4844885.25,2716841.17,646,1
693062.58,552346.12,1999508.69,8726829.66,621,0
1080112.94,598898.53,1212226.6,1652931.54,665,1
1462551.76,1077145.26,2381282.75,2576322.96,666,0
1059299.68,371597.38,2705168.7,1612094.43,539,1
2289326.58,1786141.3,2293901.25,1209639.01,683,0
1055125.22,893366.76,450297.62,8795842.88,834,0
500873.05,322982.03,423561.04,2814698.69,552,0
1257217.31,344622.52,3391178.36,7239113.99,599,1
2941751.86,2431965.0,1406684.92,4308424.48,850,0
755056.1,569872.1,745741.11,6376941.13,567,1
1875260.11,1360715.82,2613964.32,9285353.15,778,0
1355621.84,305977.04,3445095.57,8453848.28,627,0
305971.25,232315.94,860739.91,736414.6,656,1
1514842.16,449250.24,1935106.22,8459765.23,636,0
2136276.55,759810.17,5972734.75,4545643.98,692,1
1588337.93,959347.19,769354.81,3533949.98,492,0
2629107.58,1013485.59,1237144.65,6740259.86,668,0
937917.35,621786.44,2670956.43,9504568.34,609,0
350122.6,219053.96,535351.6,986648.2,463,1
2816040.27,776395.59,1570571.85,7692366.45,762,0
1196769.41,788922.61,1752035.85,2074904.91,439,0
1771576.1,1500114.72,4162554.49,3832354.42,850,1
2396809.07,749666.59,5945910.69,8744539.01,711,1
1040509.63,642976.07,2696904.98,5480701.88,513,0
2176877.16,956314.68,3719657.67,721193.65,783,1
492714.66,257063.12,1281471.04,5105083.07,574,0
944751.87,378751.14,1445555.98,7906936.92,579,0
519660.84,232751.65,946395.79,5312361.85,469,0
2452568.62,540149.49,5582437.13,1710547.93,563,1
745682.78,661484.92,951719.32,4478158.7,575,0
2180470.31,1389744.44,481326.74,9247236.41,731,0
2835565.35,1560961.47,2978758.77,6599129.7,766,0
1630539.41,764071.98,3052096.9,7312370.74,525,0
1666084.66,962267.51,961326.03,7870068.25,677,0
1436997.35,669747.39,639688.12,952399.57,465,0
1045081.42,472309.44,918879.09,5836288.76,677,0
1479399.59,776333.54,142517.05,3790356.17,850,0
1848141.84,726667.42,4121852.9,1434633.68,472,0
2959375.56,964859.8,2296909.89,2066960.11,548,1
2819517.22,1662455.39,1050876.9,7822546.71,722,0
2600243.58,2054025.51,5453720.32,1656816.6,734,1
2678478.55,822238.61,6773293.81,3158565.14,555,1
1456762.63,324732.84,86862.08,2884489.72,797,1
2006588.55,747992.44,1406215.87,533872.12,568,1
2695693.5,2387857.3,7644169.89,4648476.57,817,0
1239557.22,967016.58,1432633.64,7671001.93,696,0
2889111.19,1782888.53,8135090.49,270418.7,777,1
1305779.58,1110531.9,1074183.4,1169886.93,687,0
1843139.73,943126.09,1205787.37,7215857.46,715,1
2158433.67,1917328.9,1386416.41,5956130.86,721,0
2856716.84,1163859.1,730422.45,7166713.76,764,1
809387.19,298027.72,2176682.45,2339534.35,646,0
2263779.84,1463836.42,6654392.3,8047499.39,560,0
1610365.2,748349.23,4611323.3,4824717.05,642,1
878815.71,561085.06,2246327.14,6122504.64,583,0
2352159.84,972610.71,5976047.16,966926.5,589,1
1701444.61,1076236.5,3374400.92,2090064.25,815,0
2016824.08,792657.0,4998983.13,7744910.92,712,1
1036413.1,244262.3,647786.27,2277888.99,707,0
1495694.46,1254132.52,1740596.32,970671.78,757,1
1890327.33,1546748.32,3634171.07,5992172.66,711,0
1274241.36,1120770.08,3344009.44,5501968.34,836,1
675280.37,473755.79,1338006.18,6098544.59,440,0
2888757.43,1958302.6,7271192.74,6202139.69,550,0
1583255.87,936182.6,2251150.05,5026963.59,579,0
2228369.07,642126.14,4795252.4,4963050.51,512,1
1292036.86,429556.67,3798513.98,9245447.37,661,0
1129882.12,454923.06,520271.93,5362123.16,665,0
1280776.47,1054219.22,3561534.62,6192137.01,847,0
1286670.27,413122.37,2016330.48,2706345.45,740,1
1678122.34,1419710.33,3238195.63,8717377.35,599,0
1676062.62,948567.66,4414090.29,292462.52,699,1
1541746.07,1080607.88,1894748.13,5594406.28,467,0
490878.78,136057.43,616581.9,3869310.44,664,0
1538618.89,597481.85,2433395.79,6058846.75,658,0
590401.31,514217.71,33833.69,3633711.9,559,0
465793.78,179938.45,694032.05,7190994.72,629,0
2804672.58,1143086.95,2449213.41,252297.86,580,0
1854355.04,627362.0,5162269.54,4088599.92,556,1
2012521.17,584338.67,529707.44,8321072.82,717,0
1265201.64,459622.89,1743399.01,2539497.14,753,1
2736044.59,1777413.43,7776945.48,574871.24,700,1
1949998.42,1011576.14,5271051.94,4990414.54,606,1
2330592.62,1369524.01,4903672.51,9766507.93,583,0
1168831.16,333882.91,2066590.69,688377.69,609,0
2884034.45,2196138.92,2428913.09,747062.1,627,0
2479337.74,1856692.46,2729431.86,5971409.82,562,0
2576450.54,554227.85,696684.06,2538173.74,755,1
599363.38,280778.11,1413493.57,4131800.77,629,0
885793.3,219800.24,860645.01,8313546.17,726,0
928317.14,700391.19,1859740.15,2028544.41,510,0
885636.75,634194.54,950097.23,7207034.37,581,0
2580683.67,2145558.9,3594869.96,5069630.86,735,1
192465.91,70342.97,320457.16,9054329.04,737,1
320689.97,166568.65,771438.07,9730971.9,529,0
894353.12,294368.74,566545.1,4875359.82,680,0
679631.63,312538.43,813040.71,5867238.24,682,0
772392.88,436842.45,301422.24,7471133.28,579,0
2414035.25,572926.73,548665.59,3220807.71,685,1
1733067.12,1213856.31,3143823.74,2306066.49,491,0
116734.92,67741.9,66220.58,9648617.47,557,0
1345036.02,1049493.02,241296.81,4354523.14,709,0
1282866.29,500633.89,3452570.08,65828.72,652,1
430441.28,358266.94,689972.95,8385297.07,658,0
2060811.19,1852846.44,832329.95,6016658.4,632,0
2136081.85,1801804.06,342367.74,1727157.7,703,0
2190590.34,1630948.68,787692.82,349889.95,708,1
2212565.74,1700706.72,3128593.89,2950250.19,729,0
100153.2,60254.26,200846.8,9282476.6,662,0
2866370.33,954810.04,5514438.54,9338237.14,611,1
2461205.42,1658676.43,1066364.65,3144484.69,594,0
2721546.92,1902162.9,5172209.72,8367513.38,544,0
145365.56,129341.85,176560.55,4446360.97,609,0
2808190.51,1625692.15,3915267.25,6560730.25,589,0
2448386.73,954768.75,5886634.72,3377716.56,810,0
2527935.51,1715383.14,2521610.92,5183927.33,545,0
370533.42,328130.71,163404.18,2973105.49,753,0
2242456.28,726667.37,5876041.4,658087.91,623,1
2883758.4,1234821.15,1835199.99,1436812.95,629,1
2067787.29,1197903.64,1823973.69,2942211.22,690,1
1754628.07,559989.98,3719408.26,9763725.15,508,1
2842326.07,612676.03,5828618.65,9658437.89,570,1
1384517.65,603494.89,3324503.88,8285250.26,525,0
1837951.34,1480946.87,1013813.82,2363435.21,611,0
1481381.05,341351.49,1565582.28,4443941.3,559,1
2805254.04,1403329.29,1059403.39,4425839.24,781,0
320645.71,235206.63,520445.64,3900383.79,591,0
1553247.13,1347019.12,1363303.3,496559.04,412,0
2092162.08,1861674.4,4324095.07,5368547.37,616,1
2396528.96,1187189.08,2475.86,774479.32,730,1
1790754.08,1549484.0,320632.72,8029090.87,813,1
2735861.46,615003.27,3550275.16,6928506.07,627,1
2831775.2,2044943.4,8140086.38,3559733.22,598,0
286525.75,186219.45,765755.58,6489007.0,648,1
1266874.56,474653.94,3777854.26,2368718.22,691,1
168031.16,93277.95,210121.4,2689238.15,537,0
1055308.31,306765.06,147432.33,3175628.49,625,1
1656917.83,1342298.97,1520832.56,7980265.42,645,0
2741305.3,1235036.6,5557482.65,2146378.9,654,0
2555007.54,1630685.34,1036033.66,5649673.21,635,0
469749.21,146159.37,422735.08,2044647.79,556,1
369788.09,127323.73,62308.74,2886122.38,683,1
1808875.28,1617802.81,2577468.41,2393038.87,645,0
1643142.12,1194828.01,1029859.1,6467796.48,645,0
872495.16,762020.09,238840.39,5290953.0,541,0
2708413.95,1102583.98,3341227.9,7226926.5,714,0
2789362.59,879190.39,2939085.01,2238437.2,555,1
1267573.17,699887.9,2044029.19,141027.93,811,1
2681877.42,1465023.27,6026489.56,6821070.19,532,0
1213451.79,391292.77,409790.21,1192796.89,726,1
2236768.81,1595383.63,5308695.14,2500736.98,459,1
1480232.43,670906.87,116745.84,3091577.22,424,0
455491.15,150519.63,605486.99,7480680.82,594,1
2791009.18,1206799.93,4918569.98,6277623.52,424,0
1416880.12,842421.79,4067857.19,1883441.09,722,1
2230012.42,1580029.92,3839566.43,5998983.72,647,0
1164804.06,625876.74,554735.12,7096072.55,790,1
154754.55,87887.66,240275.84,3919527.17,633,0
391538.04,116389.44,464893.41,2497231.49,674,0
1539036.49,1293227.2,2213237.13,6805878.59,623,0
2100896.64,1785986.81,1242241.36,6128367.44,562,0
1070732.45,726383.41,1608755.29,825225.98,609,0
2116916.53,449510.26,952864.97,6683462.42,529,1
2126043.21,1224498.73,4745603.22,4910753.43,688,1
2141414.13,1371475.71,3815397.77,7546021.12,619,1
1528313.38,1369763.02,360044.76,1947639.54,639,0
2753169.84,2470273.01,7347779.15,2619253.36,850,1
1518669.9,1215433.84,2808231.46,5455961.75,609,0
1405769.06,343965.96,1333120.55,4843248.6,681,0
678204.38,588202.23,92864.63,3894335.44,644,0
992199.75,623957.59,1881885.51,7473031.48,765,1
222770.03,169443.5,249573.89,5669278.06,673,0
1937252.35,939635.18,5274855.92,7117204.95,622,1
820753.66,347809.65,85878.33,1574886.88,850,1
982050.24,514860.36,115201.67,7303433.54,564,0
2335362.11,707176.04,6650872.77,4642204.68,630,1
1048941.43,471967.31,3036288.77,385990.96,741,1
802368.09,642161.06,66778.43,2383190.96,568,0
590267.47,133734.15,1267953.38,306276.1,726,1
2347089.37,717304.85,1559604.64,4595901.49,602,0
476148.15,136931.31,1001900.6,3292503.62,750,1
1415885.9,682673.47,3690079.57,9875123.12,747,1
1570097.34,1409776.0,474945.71,8691615.96,640,0
2093430.75,672725.12,1499522.87,8265425.06,549,0
1936522.1,584515.68,139880.81,5036109.66,610,0
2451089.95,2060236.72,322292.68,8080520.62,648,0
229779.16,187829.61,20416.7,2705352.99,738,0
959678.1,213593.88,2305191.97,5628462.21,682,1
912388.94,662571.53,816476.83,3959534.71,703,0
523449.03,344861.82,774513.14,1754852.02,684,1
938616.94,692153.56,2218451.91,772503.64,734,0
998319.41,545233.86,1482335.6,5604272.91,629,0
1613464.94,1442381.92,2077478.4,1021509.39,666,0
2024742.99,467093.86,70298.31,7194130.81,652,1
1205191.49,438762.15,2053789.12,9218611.36,606,0
2186463.67,1044216.11,818238.63,1662955.79,751,1
1074879.48,553395.85,2465714.11,4735838.86,749,0
941822.66,795799.82,728229.69,7400807.2,770,0
1669445.36,988316.75,3376557.14,2904054.63,573,0
168777.44,39085.09,327203.87,9211606.97,685,1
331388.46,160890.45,613077.53,8890232.31,759,0
1312111.68,644959.69,1050812.54,1082355.84,800,1
2834446.86,2482532.31,2271155.34,322627.73,499,0
2192384.16,1358045.98,5676398.58,9765761.91,649,0
355567.05,229325.01,13661.6,9566926.5,631,0
2554322.24,1786179.1,1391001.9,4251741.76,809,1
2223672.23,1643354.98,4070460.38,553105.07,429,0
1871744.92,1206406.52,4587906.54,6207811.75,545,0
2478849.59,907348.3,2664853.85,2969430.57,793,1
1271918.56,1032584.37,2493380.59,9370393.72,603,0
742353.05,528914.56,1240820.3,7956886.15,519,0
1584867.83,1140010.23,306862.61,6513458.15,801,0
1691641.09,1518399.65,3155334.54,2880813.28,506,0
1661146.48,1265409.19,4056038.66,7027622.37,752,0
1738714.0,1356902.8,5176751.35,2927224.25,493,1
2851244.26,2469131.52,253533.26,424428.29,505,0
2716512.31,830692.62,5379168.45,5108924.15,670,1
2639579.41,1447569.53,3282709.39,4912411.22,565,1
2424108.75,1469972.07,71180.72,7641909.43,677,0
2835941.51,1220853.0,5226875.11,8663455.13,830,1
385634.46,303718.89,141636.56,3576961.46,634,0
868857.46,637475.27,986761.89,4522256.45,812,0
1535662.24,1082055.49,1204114.73,4730484.18,682,0
2554950.03,2294356.9,2768263.34,3276029.64,745,0
1564980.56,597144.88,2313177.03,7446699.89,414,0
2269300.74,1622141.73,2445463.38,5244906.79,713,0
502983.73,294739.98,834045.41,9143859.96,698,0
832000.06,348684.92,595669.67,6520592.18,613,0
2222150.68,694223.89,4235608.74,2158370.76,839,1
577728.63,477850.14,1479729.98,1689846.06,600,0
1118932.21,690178.47,752147.51,3755224.16,489,0
868112.15,674916.99,1322683.14,3501919.08,728,0
1114598.91,648408.43,2169086.79,4100961.66,507,0
2154139.74,762530.91,3648850.77,1876731.15,657,1
1166756.83,509037.53,1279871.96,9783315.57,783,0
1710263.64,798825.13,3294992.42,1499812.24,699,1
389802.44,343437.15,33031.32,6543855.3,625,0
2434551.31,496510.42,2701667.11,180038.89,614,1
1172677.01,1043642.93,1873746.31,4099262.33,776,0
1980749.06,1755583.74,122488.49,3126374.82,528,0
2203629.84,1977329.3,3356010.34,3851145.15,727,0
708016.67,377806.0,1389669.2,5005869.58,850,0
2665557.46,2331473.22,6071135.22,6023731.27,704,0
1887050.33,899970.96,641827.79,5855937.88,626,1
1343302.91,293385.56,3991886.04,6325601.02,633,1
628772.03,224498.67,1143423.89,8453249.44,601,0
2832672.72,2440934.96,3086427.45,8872835.7,584,0
2289697.79,480001.45,1711042.08,7385640.49,661,0
703271.23,409441.62,1208705.65,835475.32,717,1
1079361.25,272993.25,2855056.15,9614859.3,811,1
2448055.35,980391.34,3823118.71,9476610.96,454,0
2117465.22,554066.53,4201932.22,7131452.76,406,0
2320774.45,1860495.33,2490398.27,5198518.76,813,1
1379483.2,846657.12,1606348.68,2543652.67,655,0
2177781.16,1810769.56,1869680.26,7575693.84,660,0
1220831.8,832420.79,2584393.34,8784708.78,700,1
712662.46,626943.7,767938.46,6668616.63,631,0
1934763.4,1077497.52,1106973.36,6309272.7,847,1
2930440.38,1896280.37,3247519.06,1970396.81,699,1
1000742.82,603864.4,2563384.34,3610075.4,605,0
1436811.82,774416.14,3182187.78,7245205.41,614,1
2054603.98,1627598.83,2062663.23,218142.45,635,0
1670368.22,1087689.66,4544114.62,6430579.56,572,1
2545940.61,1937253.53,571558.33,7678369.5,818,0
2309053.85,1732840.44,344652.55,3380309.64,662,0
269061.89,89794.46,102892.24,807869.3,532,0
2995421.58,1962344.03,1046493.27,8200237.82,690,0
2281967.12,775306.57,601305.06,1461276.45,793,1
2605319.62,1584879.32,5169026.64,3739471.0,756,1
1988473.37,1340637.25,3584277.21,7087178.35,574,0
2583226.87,2319904.48,5018735.87,8179010.58,539,0
425910.63,94287.83,879547.25,8630700.09,792,1
1108439.72,292483.63,2516866.75,5327651.06,487,1
2641620.74,670756.87,1641848.6,4784923.38,687,1
684800.11,327918.52,1278460.55,8490756.91,593,0
326902.09,253385.68,568857.35,5652617.1,781,0
2385544.93,1886583.0,6753430.16,5807574.75,544,0
2522909.85,1806115.13,1758728.46,4368035.01,570,0
571691.43,473254.61,100714.2,3759499.02,711,0
2577603.35,1098064.08,5053353.24,4831381.53,729,0
2091626.61,547395.94,4644495.62,3680232.56,785,1
1608239.78,387114.77,1366341.25,3468287.18,697,0
2507725.56,1997385.61,4294593.6,9936960.2,684,1
1315822.82,935951.89,235016.74,3395324.27,754,0
662582.47,456539.67,1908326.66,2601018.29,512,0
926072.76,405410.06,305395.57,3571544.69,562,0
1564975.65,729174.79,317238.73,5928274.34,521,0
1640859.3,1428662.5,217135.7,9114355.34,381,0
2436184.4,596044.96,3122739.46,7889249.29,734,1
2394922.9,1776104.08,698070.28,8430299.33,792,0
1785963.02,744288.17,3989742.65,8597135.68,705,0
2364277.9,537490.76,6375564.94,9209257.54,688,1
656143.03,472291.15,512222.52,2388958.77,658,1
245187.13,105832.16,462501.23,4610742.01,655,0
2633538.09,1857969.71,334499.74,3882716.78,819,1
319108.03,221894.34,370067.48,3849676.1,804,0
815396.45,468323.61,716591.87,6540222.33,591,0
2116424.95,1574961.31,1451565.48,4047940.45,760,0
1287399.02,781099.52,2490049.16,6182486.54,772,0
2641310.51,1058229.96,1031917.33,3853679.67,715,1
964141.4,688281.95,2489539.96,3145725.42,688,1
134426.91,82322.75,268115.5,3563117.93,685,1
971901.36,203039.04,2072293.46,8047382.71,501,0
1776417.64,1476471.17,4984686.4,6030457.81,492,0
1190221.29,692649.91,3364896.76,9741277.44,728,0
1651130.99,1334178.38,2732550.75,8334929.45,539,0
2642134.54,2161043.56,3926580.38,4883517.05,511,0
2746206.66,1404620.61,2763081.62,2461644.53,442,0
871324.79,483900.67,1870485.84,6755395.66,602,0
1440207.37,707182.25,2325397.22,7280127.97,687,0
1692517.64,870979.3,4736722.6,4668551.0,695,1
2852426.12,2357824.02,2041988.67,2337725.22,735,1
2995990.23,2252088.28,2788542.05,5594521.26,610,1
782681.02,225856.68,742193.98,2575601.06,660,1
2208241.63,1385043.26,5339518.02,9402983.26,734,1
1196290.08,1073233.28,355442.9,6307398.27,696,0
123513.77,76193.85,168836.82,2954713.07,591,0
126832.32,95138.21,162693.16,2196520.35,679,0
1435641.42,1059995.84,315006.81,7181396.67,451,0
1516171.25,675033.2,1868515.79,7092543.14,650,0
165452.12,76156.7,254818.43,5991465.7,588,0
2092089.51,1478800.78,408614.53,6162295.2,801,1
952609.83,523924.42,1457099.02,6058496.58,552,0
1723689.99,1033178.91,4960286.34,3633029.3,661,0
972665.31,679926.18,2856468.02,9377273.38,607,0
584689.51,435185.88,932602.77,4818820.72,594,0
1280803.84,499592.4,1979214.39,252262.61,687,1
773592.76,234209.56,662601.15,3516195.36,608,0
1650922.83,667395.88,4938482.1,1346311.66,835,1
676602.74,375701.82,556632.62,3665668.72,452,0
1574377.33,691937.14,2139112.62,6102211.73,713,1
556397.69,332644.55,4897.51,275511.52,641,0
2045826.66,485732.45,2143406.19,8708495.29,644,1
2286419.28,1273136.08,490027.44,6122575.73,680,0
420143.28,192253.13,937538.93,2988950.17,749,1
1456626.99,836492.42,2451566.39,3146491.48,676,1
305527.93,151472.61,524443.47,4683398.36,750,1
1834729.09,731980.02,1577011.77,2518513.47,654,1
866772.46,721913.58,2118989.0,93202.18,546,0
1630110.92,536853.38,15995.91,314246.61,641,1
1600636.93,1083560.62,1601923.1,3609519.69,765,0
2780627.6,2355890.35,5501450.78,1286005.68,608,0
1692341.35,976597.68,4609544.55,272518.56,541,1
1790695.59,1456705.69,1260377.28,8599729.24,711,0
1264794.06,363496.8,2053140.4,2777666.27,683,1
2852330.85,1556380.43,4603588.58,5056069.64,572,0
2353839.14,1223802.62,6172997.53,1835120.39,626,0
927675.34,190807.2,140589.82,514913.47,631,1
2548207.8,1300299.83,3244955.81,7461419.68,650,0
1353949.44,620543.23,741147.9,1293320.7,714,0
2503134.72,1674244.46,161697.0,305883.18,609,0
2486375.4,2130403.13,1096722.34,5892941.77,719,0
647723.54,168442.94,1897449.13,184002.35,596,1
2133309.28,915687.75,1375014.96,4391045.15,816,1
942864.61,481657.97,2644822.28,2923918.68,818,0
962728.74,499299.78,592812.77,3228208.95,564,0
959409.42,712233.71,2680480.25,88795.48,527,0
2204147.92,1124946.33,4328644.11,9645243.5,747,1
766495.52,167872.42,260344.6,5193782.87,675,0
102626.92,71538.44,179160.48,5746495.72,705,0
2174186.88,1781486.95,2077527.12,6677918.72,584,0
596435.76,333844.95,685578.73,7985341.82,636,0
402998.95,244530.07,532165.3,6098695.71,615,0
788796.75,247725.96,1000289.78,7633871.15,680,0
1201711.51,425949.24,2394201.9,4514916.18,525,0
1480128.35,539683.17,3411850.08,3744187.65,640,0
229253.12,114974.88,226395.03,8240182.38,524,0
2914662.66,2476593.69,8082627.38,8659839.72,598,0
2176582.85,1230312.02,6127949.07,1421176.36,640,1
1037262.79,346931.58,126620.03,5449468.86,700,1
1024222.05,395617.46,45809.73,6852242.18,709,0
1400773.39,656697.3,1786264.82,881807.43,726,1
1916109.99,1219184.92,3395223.79,9299488.33,501,0
524481.89,266448.97,437268.02,5225092.24,776,1
647896.46,307563.83,504219.75,6472301.3,585,0
2592360.29,1543258.06,5275457.05,1823515.34,592,1
843139.28,311358.26,1521961.55,2681125.17,676,0
1202565.49,306933.55,603015.19,1253962.11,616,0
2626688.37,570227.83,6969925.17,2676787.28,686,1
2023128.71,760456.48,4127037.32,4949347.81,704,1
1090964.45,288139.45,1186673.39,8344614.51,573,1
2082728.68,906900.14,4271414.25,5360547.98,631,1
157081.32,116405.66,53087.09,2482412.8,634,0
2233363.71,1566494.78,3137358.71,493979.7,745,1
1512346.52,949223.29,766688.95,6238599.87,603,0
2458228.23,1958593.76,305542.38,4230590.98,599,1
2868449.19,1140057.49,2911415.15,9844320.97,547,1
2784786.79,2282237.56,1259298.55,7808610.86,559,0
2736868.63,1312239.34,5201566.26,8093210.05,514,1
1585292.87,761931.9,3205785.08,171738.48,579,1
1144412.13,553604.94,510495.84,7789063.56,809,1
1448602.44,389190.31,106963.38,1986402.44,719,1
2100698.41,1854587.62,4996367.66,5878668.93,777,1
2663593.55,790966.74,16437.2,4501844.64,554,1
700260.28,307148.17,722486.03,5737458.31,455,0
2762760.16,1170057.17,4099245.09,1377763.12,681,1
2464022.67,621612.81,6051458.74,4596072.23,835,1
2938682.44,900947.41,7392772.69,417599.63,601,1
2652730.14,613843.97,5769206.12,457943.51,660,1
911818.26,368997.48,676197.92,6594494.4,493,1
407272.14,328530.08,879936.23,9519398.82,652,0
425499.11,186202.47,314706.63,7785059.54,637,0
944547.62,270692.5,608122.97,4718100.02,440,0
1881132.8,1226471.7,3087661.02,605913.86,546,0
2432528.95,2183488.19,4953999.25,497950.49,538,0
2707825.89,981929.84,430964.84,1621028.0,492,0
1908884.81,755345.16,343728.7,9759314.51,577,0
116330.81,102405.19,273669.63,4016677.61,700,1
640318.65,208195.38,1651056.36,8441902.55,586,0
389205.99,217118.5,705756.08,7066167.27,764,1
1153640.98,424258.96,1484140.7,6074015.16,613,1
1553917.88,1324942.38,3940657.18,9480869.81,682,0
225851.82,200345.18,493813.96,2342595.13,699,0
1110586.13,855471.72,1931067.83,4576152.14,803,0
619621.06,260456.89,594384.74,8653993.51,578,0
1976503.48,953546.78,1174013.79,5540025.01,694,1
1446389.87,534605.91,1816693.33,2502129.14,555,1
1536421.18,1265289.82,1322040.84,2128718.35,822,0
1340306.19,1126112.92,1364131.15,7541165.96,546,0
2872457.16,1416723.06,4443384.35,177249.5,688,0
722731.86,476694.53,366628.77,9146211.17,805,0
1598326.35,504890.88,3865600.3,233258.98,530,1
2234450.37,1127179.95,975535.08,6328341.02,709,1
1714848.8,1101017.6,2474494.09,6067242.22,550,0
2794160.57,1312646.85,6253091.09,5805190.95,850,1
1196108.23,538631.06,1740411.78,4769713.36,460,0
1444659.84,289942.21,1564662.23,8531681.81,498,0
356714.71,272175.26,508202.15,6610362.06,537,0
1866097.42,1534932.92,4751106.61,7829529.7,541,0
935814.71,822229.7,2780581.65,1199441.97,702,0
564896.21,397398.82,1069591.36,546491.44,829,1
1679140.75,980877.82,3996912.67,333858.66,765,1
1643699.76,638575.98,71445.15,1514699.56,673,0
320027.76,287868.05,845223.15,6686728.51,650,0
2124824.82,1302150.01,6081565.81,4965516.47,589,1
1908939.35,1291985.14,3293890.17,7534909.95,689,1
648150.12,439241.17,1465736.14,1957716.85,629,1
1461361.1,1156924.89,2247915.67,3701282.27,668,0
2188936.46,452608.09,1879445.41,8890550.61,575,0
1635363.65,579201.42,4181206.06,9360359.73,529,1
1246918.32,830290.24,2232619.89,9221205.09,652,0
1034781.53,855352.5,1798604.74,8192135.19,650,0
1870142.21,1271205.13,3698012.88,6897946.99,590,0
2823415.23,1381903.37,7250557.11,9141095.05,573,0
2048060.04,927953.16,4496963.06,7156106.84,705,1
316763.12,226980.92,200629.08,9541665.67,695,0
1435986.42,1032282.37,2011056.82,296643.9,837,1
2683389.98,1676959.33,7891568.17,9220338.75,788,1
373941.03,151082.24,622119.02,5579618.33,530,0
2967739.57,2515480.9,8353403.57,1162387.63,630,1
2852301.24,1672349.74,6959924.39,2188367.13,513,1
326995.99,246340.68,653360.99,8528984.87,466,0
2806898.63,982458.82,2941898.13,5085863.7,850,1
1153084.51,508312.58,1052717.78,9829036.35,798,0
2549656.58,2070845.51,4921508.27,1219434.54,587,1
1313311.68,308726.64,1704263.19,4154409.47,774,1
1378479.83,770047.39,3303197.27,3352150.71,789,0
1939304.96,1041782.67,4424272.59,5185547.59,457,1
2345984.52,1702858.98,2196759.87,6352706.3,735,0
197988.54,78665.92,417396.73,6633213.22,600,0
1820152.39,643144.98,2700470.13,62894.01,688,1
641525.68,544201.74,622200.56,935156.32,850,1
1103253.6,662169.23,1366820.64,398885.14,808,1
1109109.13,303100.34,2979128.8,8652761.51,637,1
1460274.99,489375.11,1574984.08,3167257.92,792,1
1068995.59,961217.58,921685.67,3702281.25,457,0
411347.24,138593.7,434144.79,4531193.93,700,0
522323.34,327670.59,336300.66,8500578.75,702,1
196970.16,97320.92,321830.52,190954.3,720,1
1463722.35,1200134.3,647418.02,1230251.83,599,0
2867898.32,2089602.38,7033036.97,6867373.07,688,0
435458.15,269054.77,294692.27,9640730.6,735,0
2844167.03,590213.83,5102905.17,6445724.89,417,0
2226748.39,1816707.47,835200.99,2648178.51,618,1
1948746.53,996330.24,5720271.53,5222651.07,559,1
1971305.49,1679758.0,2688321.29,9751055.73,716,0
2497510.18,1365831.65,6160143.88,5304361.64,787,1
410067.61,281288.8,945592.74,3766400.92,588,0
1563787.54,388608.79,3348192.88,3865084.27,541,1
2121564.3,1530933.86,5265923.32,9671983.41,661,0
1801779.29,786651.83,543039.75,7203219.44,534,0
2515059.31,1121593.99,5119382.07,6887369.91,627,0
309587.96,87631.69,246890.73,2358940.5,616,0
2103033.01,636798.41,4958142.16,5616872.15,708,1
1648680.42,544116.21,4732712.36,3599614.73,681,0
1199566.51,515506.89,3244189.94,2440005.18,666,1
1086797.45,895932.93,374789.35,8960745.25,813,0
1900414.64,869975.93,2106908.49,3862400.3,676,1
2683886.59,1897652.46,2933402.88,2863732.27,608,0
1538910.19,396920.72,564608.91,9320617.95,620,0
2491697.18,1529326.88,733501.23,2013596.64,573,0
1266253.51,680388.22,1462105.45,7467772.61,548,1
396943.94,351124.93,1181390.38,6544834.09,511,0
278366.64,220562.53,475123.96,9208820.06,763,0
248869.68,129009.27,464227.78,8328869.02,578,0
1202435.41,892928.46,1699109.45,7067687.42,681,0
1077989.48,361263.51,2141956.1,3179988.02,620,1
2182017.37,1295322.82,6262359.83,4980911.66,647,0
2254182.35,568579.94,3981097.62,9447732.83,765,1
247476.51,109796.0,48286.47,280866.17,667,0
741257.46,265446.91,1096076.44,7953601.65,557,0
895359.37,629649.72,2666607.45,2555512.99,593,1
1688074.75,916731.76,1961894.26,1890918.59,735,0
519094.15,376732.23,924840.83,2360634.91,698,0
488429.54,273865.77,156253.63,644522.37,742,1
2836987.78,739146.27,1201582.05,9920199.25,626,0
2432188.43,1738424.57,6382170.33,8705197.98,510,0
623899.22,488675.6,562154.33,5234506.89,700,0
1279046.64,1064770.34,1172059.28,7165276.63,675,0
1131303.8,679228.42,1314166.6,5588123.86,677,0
2393911.81,1741594.19,6940994.14,8125210.5,511,0
1579617.46,1147483.15,399914.1,8455413.66,585,0
470764.24,145477.84,1156334.57,2366264.76,556,0
2243076.98,706467.15,2298421.83,4624490.32,689,1
1250975.14,312268.23,3187990.14,6366734.96,693,1
862480.32,365639.51,2566109.18,9785486.26,645,1
1188946.0,631872.5,1243640.17,6842759.32,746,1
1543494.03,1386873.37,598982.34,8981468.36,799,0
1095035.0,549373.95,474288.67,8468814.91,685,0
801526.74,567777.35,1824453.34,5841527.48,717,1
1255655.88,860598.82,545914.8,8941870.83,595,0
155601.44,53392.67,121565.91,3805346.19,577,1
2340243.75,563893.45,1435025.84,3823871.13,750,1
595740.19,346842.75,635676.05,7820608.15,562,0
227323.38,156901.76,50715.78,1388709.47,719,0
1995726.21,1793711.32,5129470.28,3092960.91,821,1
2344414.77,1057396.09,6049619.16,6105295.89,715,1
2460104.48,2035626.23,3047574.22,4229652.71,641,1
1531176.63,715599.56,2811642.54,9410200.91,515,0
695567.74,474786.33,1339562.4,9587135.39,666,1
2237960.26,1384798.45,5030429.67,5050684.02,750,1
2129167.92,504794.11,3325909.9,5413665.81,632,1
814185.13,207512.91,1246524.06,7260039.56,752,0
2719882.49,583509.62,5151216.27,4599786.01,686,0
402677.23,185063.95,849304.74,1941479.76,679,1
2949795.89,2129931.79,3067997.55,7482343.23,618,0
2594718.65,832719.88,2571655.29,7390969.6,504,1
2094906.07,1307424.76,1695104.17,2487561.98,607,0
2822374.68,1135101.08,4647151.86,8337519.37,606,1
2194702.39,1663353.61,2371303.66,6155809.5,707,0
652325.29,495034.86,1057380.03,2401201.02,648,0
1382252.8,1026723.78,1683520.74,6537789.48,758,0
307358.77,174390.28,771532.77,2374414.79,678,1
1230006.52,491014.54,269852.02,2689067.89,599,1
2250648.76,1725371.71,3863535.18,8487692.6,568,0
1220685.72,403156.35,2107967.07,9298441.11,589,0
1057853.11,426136.79,1217749.65,2605982.45,666,0
1826531.6,600496.73,2307023.9,9284107.82,612,0
2629393.13,1766813.12,6311579.72,2426048.52,542,0
237991.26,161920.97,200393.67,1216810.29,750,1
1217864.26,799840.87,3183754.6,629327.59,665,1
558898.15,274374.85,1502893.85,2459026.75,677,0
2116527.33,571715.74,4131160.61,3883203.08,567,0
406601.23,340658.11,942734.68,9279106.38,545,0
2027942.5,1126342.94,3729067.03,2459472.1,633,0
929924.53,450902.3,1465354.0,3686380.18,447,0
676858.76,414357.65,1962912.92,7354850.95,727,0
2815422.42,943035.04,2387379.37,3055637.18,579,0
153721.27,45007.15,71088.84,6859463.11,623,0
1369554.09,662682.93,1181180.26,4349174.3,692,1
162718.28,58424.73,300032.46,2004627.28,627,0
1502419.84,557402.58,834669.81,7353886.06,533,0
1553037.4,1280880.08,4234266.58,319036.39,800,1
1032821.17,590289.75,1273544.1,2958731.51,496,1
483269.15,260205.81,1232282.53,3594006.31,426,0
1191523.86,813376.74,890913.87,4609271.64,737,1
2049562.53,1775092.65,1925574.37,6814698.86,504,0
2368947.85,659844.35,420891.42,4621079.69,775,1
1639176.75,1284252.69,1267580.42,5963524.92,687,0
1810519.74,1102268.73,2663168.55,5978001.83,678,0
681787.48,206115.09,1935192.9,3764052.92,593,0
933257.97,380773.47,1088840.4,9343014.09,567,0
569497.27,306191.91,1092997.18,9560745.62,612,0
822956.52,562757.42,1055960.48,5839416.3,562,0
752171.66,278171.82,105586.51,763324.26,770,1
1606401.48,922741.38,2426626.67,4936719.26,575,1
1731797.39,1176358.26,342447.24,1884972.3,700,0
2840347.52,1460275.28,7530044.67,4857984.49,750,1
667154.88,536471.36,1507176.84,1925407.39,561,0
1960859.56,1585592.95,2227447.07,7053359.69,687,0
2470051.88,1307852.58,4744119.96,850269.74,560,0
1724700.24,1519543.7,579644.96,9535375.56,632,0
839510.59,212320.26,1769407.06,1993990.1,604,1
861395.67,174306.57,2126094.4,6623530.54,580,0
213833.85,99746.6,527151.12,9173775.39,665,0
985788.26,611945.75,840712.4,2516468.82,528,0
2259350.67,1446978.79,1787685.43,9346254.15,742,0
237801.5,126869.96,371967.45,3917312.92,541,0
735956.32,211527.33,2136714.11,9607281.63,523,0
2148074.25,685983.78,5932055.1,9715070.39,624,1
2369689.53,1887466.22,2556694.64,1921395.06,612,1
1420423.39,1147045.57,3323064.21,8319319.0,685,0
2124415.58,1427031.5,5871785.44,1974539.08,658,1
1225061.29,814607.67,958952.74,2303084.17,487,0
563748.41,348609.33,1404233.56,887058.72,748,1
1254633.53,429145.04,1008332.51,1607542.62,622,1
1781906.68,890553.28,1835090.14,6340578.73,674,0
2849354.52,1957866.3,1699531.9,4520064.66,850,0
299377.76,172464.52,455425.24,7919895.16,778,1
1571442.87,334727.13,3975644.68,3353368.31,671,1
1053867.36,914219.15,1669490.73,9687814.44,512,0
1574103.91,1245700.56,582922.21,546231.78,514,0
169528.8,64824.68,128049.81,676212.75,766,0
1007773.53,636430.4,1701711.87,7028680.24,609,0
2477617.63,2096727.45,4334746.56,8881011.91,633,0
1706431.03,455971.52,2953350.4,7965226.91,535,0
1406689.23,776662.15,324959.95,4923680.02,694,0
928022.71,481987.26,2098340.71,2732931.54,764,0
964323.32,469763.84,2630948.45,183842.72,802,1
1210994.16,950523.88,1854706.39,5119041.97,605,0
2523155.06,1176931.49,5441153.25,4782580.16,714,1
2904918.3,710439.41,7965420.99,3475246.7,640,0
1372100.61,337655.33,2645229.21,5801824.24,738,1
1240723.23,285268.6,2509954.78,7301706.24,649,1
2554997.25,1242755.25,5529558.88,7023837.95,567,0
1338025.43,940477.19,1045676.71,2669365.78,782,1
1700852.7,582721.87,2973147.71,5873771.7,659,0
769730.83,502270.89,1944744.44,1530306.06,614,1
2256157.35,1536357.27,2004569.17,1259938.35,667,0
1642766.12,622019.41,4421523.91,7869265.57,576,0
2446200.2,1517599.02,4552735.34,6952771.73,691,0
2364124.92,1606205.0,3001314.63,7690892.56,630,0
723513.83,381023.75,1352644.47,1566999.63,570,1
2175343.1,947800.51,2622549.51,9150454.96,850,1
2420157.78,1532942.67,6084535.15,1374460.55,549,1
1103711.0,976224.61,1597020.96,8706867.83,685,0
600566.43,299555.92,1623715.46,3556173.95,655,0
107633.25,51041.26,164616.9,1099069.23,547,0
1407620.59,738982.28,2788644.43,2903351.16,616,0
1122054.92,284275.84,3358572.11,1855407.74,515,1
1709238.52,1003689.29,753599.03,4932163.7,850,0
645319.17,277544.14,1426276.33,9499966.21,623,0
2593030.09,739001.87,1080299.6,3312318.06,631,1
847490.13,446101.61,2132792.88,6140384.91,844,1
756645.85,153121.51,1353911.94,8922622.71,567,0
1494070.76,719021.06,4205030.31,6319235.6,779,1
1546667.97,423809.74,4018042.02,3653881.45,709,1
723747.16,157056.68,162565.27,9908849.32,452,0
888396.11,690401.52,365937.13,1914765.33,612,0
592145.19,498215.67,1067941.43,5256397.35,693,0
2183534.52,754132.24,3395273.72,7977219.71,653,0
2333258.19,1347477.1,1179917.91,56456.25,653,1
1440752.64,568478.79,559123.95,7035330.36,589,0
2170852.37,1184209.1,3673022.18,2701664.02,578,0
2234212.64,1129711.58,327903.42,1738780.89,619,0
500999.03,194555.83,1313221.62,2778234.91,846,0
2901916.27,2003121.72,7026261.17,9669823.44,559,0
2480992.65,715874.73,5845491.37,8924755.83,601,0
693002.04,164346.09,33258.17,2176856.84,652,0
639878.6,471829.08,91453.26,1214416.39,503,0
464417.32,309372.07,766064.44,3673318.41,693,0
501297.83,275196.61,1495510.32,5943747.98,521,0
2269669.22,1197143.47,2330833.63,8678089.05,541,0
1461997.35,801449.35,1510425.2,9662596.74,536,0
2370509.1,1199280.5,954921.43,7523976.01,485,0
2264139.19,1075521.83,4580370.37,6010121.77,776,1
1853376.87,1018955.88,3595606.85,1466203.66,702,1
2090463.16,1191481.68,635432.34,786582.34,742,1
153231.6,104861.23,214867.0,5980467.44,733,0
1004155.18,700744.68,2009540.17,5413687.85,633,0
1949684.32,905317.11,2886602.02,8468576.67,647,1
127100.37,62212.88,257135.57,3259928.22,751,1
195633.14,90301.91,479068.61,444924.03,813,1
2570475.15,1479501.34,5288614.58,4265897.28,524,0
2083672.1,1077982.5,3851340.13,9693363.92,850,1
869572.23,715412.31,2226775.14,7965970.3,518,0
2095092.24,1440277.21,5660448.35,386033.13,603,1
2398124.34,1988187.69,2797794.09,8753055.09,657,1
989703.42,689225.4,514398.02,4743310.42,666,0
204508.39,179904.91,501777.96,3679441.92,846,1
2805059.46,1809307.52,1798770.53,3500058.43,751,0
1101021.53,962826.92,3068384.07,5971685.32,691,0
408797.11,127021.0,28057.31,5329464.21,753,1
1526384.93,361347.78,4218643.34,6583441.08,684,1
2328556.61,1409679.37,4115837.85,5757732.58,582,1
742777.21,659916.88,1726382.37,1482248.52,698,1
881521.15,433993.73,1053838.93,2609498.29,656,1
803873.46,280093.91,2391643.23,8418244.24,565,0
2975851.85,1681591.43,2031478.01,6649422.22,776,1
672470.83,439902.87,533290.2,4511586.22,644,0
1769008.63,744089.41,272953.31,1866884.25,537,0
2783267.46,1949229.5,7852766.73,126525.81,553,1
526000.05,464237.21,719614.31,3153279.66,703,0
2915477.17,2413648.29,5902550.43,595727.22,754,1
2847683.98,1150776.89,5872841.84,4848727.12,698,1
2665258.76,1142613.96,6992323.09,8226924.45,698,1
722213.91,332275.35,1440654.8,2889716.68,568,0
1938759.66,923212.04,3268871.99,8485153.91,659,1
2306585.27,623293.89,4915230.74,7060415.74,616,1
2959480.99,2170406.38,6667451.42,1296360.18,630,0
623229.08,284028.86,347627.11,6463390.82,638,0
2321475.11,1894031.14,763767.9,1559214.08,584,0
1082523.39,918909.11,243076.89,6565169.66,725,0
609316.75,132283.83,683751.18,1470009.12,549,1
1321993.13,1179154.61,1975058.69,3955488.09,520,0
2402124.15,1674318.75,4436602.46,5687612.99,571,0
1448064.43,817105.92,4161887.13,551223.01,738,1
1658816.99,784071.91,1646149.37,1575418.03,683,0
2985962.29,1680985.37,6815823.68,3238067.81,471,0
1257416.97,537215.44,2004414.26,4650084.85,709,1
1884662.19,1198421.76,1244385.52,8591948.57,645,0
1159208.18,307290.09,2139801.27,1913367.23,608,1
1239078.37,786549.38,3595221.26,3507335.96,625,1
2117358.18,831574.21,789615.58,4783973.55,516,0
2819872.23,598784.02,4291392.36,2992996.63,667,1
1672840.96,981780.38,258997.71,6276190.4,523,0
2328359.79,1408456.11,2243721.35,2603194.23,614,0
358699.02,178846.72,667828.72,7734886.69,615,0
712358.31,178517.25,1797401.69,5076283.24,726,1
1556181.76,1284379.16,3409571.3,908733.59,653,1
158034.0,99245.6,219441.32,6288639.01,720,0
833279.44,234150.95,2272909.89,5713972.86,530,0
1600463.74,892500.85,1453451.54,3419043.67,639,0
143387.47,78587.52,324335.33,161012.93,703,1
867184.23,210102.53,1233159.45,2046980.34,774,1
1590689.38,993865.57,4288351.04,4086809.81,536,0
1762132.82,1349491.5,4215547.64,2039144.64,565,0
2784679.91,2016959.36,7530913.37,5796036.65,700,1
1971502.31,674408.73,1267170.39,7137632.69,811,0
1302733.83,1046883.12,2611266.51,8567375.68,678,0
2798018.41,1230511.18,6198702.64,6487477.06,539,1
2376160.65,2049571.31,5292286.69,6905641.75,540,0
680025.87,170158.5,1028200.04,6103996.56,663,0
479442.85,259065.06,16181.95,9855586.27,685,0
2059853.74,1272962.97,1615527.54,2646955.66,627,1
1723661.18,643537.64,1671783.5,2699273.87,542,1
2390053.48,1768558.63,6109239.25,1307019.73,760,0
2242534.65,1432591.63,5657146.73,4882559.04,615,0
1913113.45,406874.48,600794.74,1006808.95,702,1
2960508.3,1852857.84,8435991.03,2737958.64,472,1
1647410.22,896248.43,901746.98,4852675.24,770,1
428006.69,144332.61,532045.86,9578076.38,581,0
2501993.34,2244347.47,1614963.89,9639939.29,784,0
830374.75,687561.53,2143195.08,7450215.33,711,0
2354176.23,952865.51,5292673.35,3923039.11,507,1
2875610.58,1664258.6,3049833.53,8658354.67,674,0
2120706.99,893987.21,4338194.31,8760785.23,815,1
1828487.47,1358286.48,1011337.61,9106463.94,590,0
1435119.91,1221620.0,1645926.51,6418249.23,815,0
1156788.61,521919.91,1308701.29,2057838.32,688,0
1123713.78,858415.04,802118.18,956253.69,784,0
1945480.85,1067845.8,5114544.92,9152016.27,665,1
2278692.04,1088314.7,4640641.12,602683.78,637,1
2067699.5,1771801.98,1736491.12,2994106.09,833,0
675389.29,376383.16,490577.31,4895269.58,722,0
1532562.82,807947.73,82544.47,268668.09,626,1
2395756.21,1606843.47,2490979.76,9073776.97,692,1
1479541.83,566463.21,2338140.44,2906853.9,593,1
1656207.51,707788.58,1379840.84,333622.75,660,1
2336294.54,1991532.43,4909430.54,9936220.47,769,0
2017669.39,1361868.11,2492323.26,3148362.15,633,1
1287100.27,1002195.48,1221398.32,8773810.83,562,0
2696696.86,1051113.74,7597061.53,4562070.82,553,1
571444.5,331811.04,450528.35,6648102.72,657,0
2986997.7,2628490.43,3568783.79,2448846.99,569,0
444672.48,188137.69,509982.58,5053609.5,506,0
143354.92,44774.55,103730.91,2613629.36,530,0
2681054.81,1495010.34,1749201.18,9513284.62,767,1
810365.17,382066.73,735114.71,656406.85,635,0
2216128.92,690776.39,5745776.31,2783005.58,655,1
2451944.59,2015464.04,5642534.2,8936433.32,553,0
2591060.53,2315130.04,5293532.89,4826357.78,591,1
2975623.28,1779445.12,4080498.92,6020836.91,588,1
952715.16,707175.44,1451234.75,6534349.05,622,0
2159705.69,1730630.18,1730823.86,755728.74,484,0
434659.59,300213.9,96906.37,226500.47,758,1
1279746.94,295505.39,1270944.42,9381518.46,648,0
2559117.91,794206.79,3804771.8,2751453.31,670,1
1166208.33,291193.4,200516.86,3834115.45,741,1
1814176.6,375381.67,480212.38,6836827.05,733,0
1560942.99,646538.66,1231702.18,2401223.58,592,1
1973259.44,936605.96,2173034.44,7344060.13,710,0
2921393.73,1077178.67,3447099.8,4609509.71,709,1
261633.03,64158.5,92528.67,8573267.56,681,0
1764488.4,1007353.77,1195377.48,2821479.33,756,0
2602783.46,1018530.4,2043033.42,2078033.68,729,1
1496009.86,1132817.58,303547.33,8325299.12,722,0
327728.84,67393.12,320616.83,3296944.35,786,1
1725564.12,1362796.94,373868.86,4148093.03,652,0
1063014.28,923044.62,2243357.2,7947392.94,655,1
549331.18,385242.96,636204.22,6373986.55,731,1
2562200.09,1828260.04,2511615.0,4445172.61,632,0
1612638.59,1376376.74,612103.61,2536410.56,698,0
2806501.6,972031.55,1907048.61,7653799.64,593,1
2437447.86,2184430.78,1701620.44,1845288.79,422,0
2109618.2,1564148.66,6235214.23,9286382.03,709,0
114573.96,81187.05,287127.86,1545644.89,495,0
1340688.02,607014.48,61385.91,8059090.23,580,0
672710.22,391547.11,1244856.83,4271276.22,732,1
2741313.94,1803078.55,2104589.75,1900762.02,733,1
606293.56,384535.63,189849.18,4053670.44,767,0
929574.15,644649.68,1967721.9,2254440.57,448,0
1598826.63,411965.21,631243.37,1403136.83,679,0
863754.5,387785.95,1149849.28,2429596.22,624,1
708607.56,356996.5,1343871.05,8680614.8,748,0
1837388.04,702691.62,3056466.1,1104126.76,797,1
357895.62,114826.9,1049667.51,9726768.9,519,1
268686.5,79866.86,633355.3,99734.61,651,1
1179511.36,538409.63,2739509.64,6599469.64,733,0
2189926.92,1194406.27,2336183.78,8572294.25,616,0
1708939.6,417123.97,43042.17,9342878.6,824,0
1326341.76,1143997.18,2922239.65,1482656.65,609,1
1740679.54,1280566.28,5220639.54,6997174.54,619,0
1159809.31,825315.94,1412227.1,1118124.7,542,0
2814824.37,903565.29,8322184.47,3558484.36,665,0
259224.18,161408.67,110202.51,7332667.26,348,0
2052835.29,1171773.7,1826073.06,3492433.6,625,0
2684719.73,2383301.39,1375061.89,3168078.55,776,0
2431265.66,1758705.22,3465837.07,1204743.46,510,0
633719.0,382153.67,1515186.77,711059.04,488,1
958186.41,762303.28,979252.21,1197016.01,761,1
2179439.02,672500.76,5925212.13,8760974.01,775,1
344384.62,72545.16,562893.65,161425.33,514,1
2454398.93,1676755.35,3427011.55,6944015.4,823,1
2184830.14,587321.72,5158618.89,7697811.09,693,1
2215859.28,622221.15,674353.54,5700488.63,754,1
390699.97,281802.71,906915.21,7321214.84,570,0
2181505.58,849422.41,1590003.43,6540083.21,798,0
2071472.56,1325829.13,1745086.46,4582806.97,623,0
2509675.22,2113610.45,4513302.85,3857968.76,618,1
220628.27,93001.92,596976.7,9416253.28,698,0
167020.94,58791.52,289818.21,9720783.03,610,0
1181720.59,324493.41,2300630.42,6530150.47,497,0
531486.02,154834.45,1238247.51,2013123.46,663,0
1719314.98,418749.29,1337582.83,4506596.67,618,0
2760311.81,721406.57,6850268.64,4990548.03,573,1
1235291.22,620614.28,1548907.5,7591802.02,774,0
2550356.09,1082895.3,1343953.71,6694382.46,850,1
100698.54,69944.45,105769.13,5172403.57,558,1
588692.47,476351.79,434686.59,6819627.35,669,0
188228.26,141047.2,129151.1,289365.63,610,0
1051626.82,600948.03,891453.12,7777521.45,850,0
2733749.83,742785.75,1483858.75,2155740.73,699,0
381161.16,265607.24,763505.93,6581270.94,742,0
1858588.35,843762.14,3233897.77,1184033.86,768,1
1409338.22,366364.91,2741621.84,1188885.32,663,1
2821557.82,2228258.94,2909517.54,404793.56,631,1
455305.51,198855.39,1051391.59,9106816.46,801,1
714880.77,252191.48,277964.39,6065359.64,727,1
185671.71,150397.14,318131.79,3651521.27,565,0
1358412.22,1129511.22,1122536.05,7888388.52,577,0
905715.41,396050.86,1433593.25,6279517.9,611,0
2622727.21,1175928.58,2546436.08,6219801.15,765,1
1854328.36,1123240.8,4397605.15,4896075.8,797,1
1880863.14,1341824.78,5029081.05,128871.45,850,1
1642541.02,401115.81,3659160.36,2621701.94,579,1
366365.98,225439.85,192983.7,1135313.11,664,0
1390554.18,1205574.38,1146651.95,6640978.03,609,0
2998565.05,1149846.93,8270264.89,2523777.18,631,1
2522164.94,2108981.49,3308223.84,4529158.31,742,0
2691031.26,2328059.14,7598237.7,3566631.47,645,1
2487356.44,966108.02,2928501.71,1474827.44,781,1
398820.91,290318.21,1138762.91,9585783.82,598,0
759599.94,278881.42,2109573.83,9337522.15,724,1
109052.79,78117.55,216096.9,891851.45,605,0
980179.36,743166.09,25956.27,8282285.27,466,0
414961.47,154798.88,498370.4,4909318.14,547,1
1471100.7,1031401.47,4021555.92,7748672.05,662,0
2063669.72,1585874.82,5479725.9,1554013.45,842,1
2636065.36,1188879.21,1481899.46,1366127.67,604,1
2272729.78,721346.12,2721701.84,8913037.13,633,1
2821898.23,746039.9,7073171.95,8983303.94,698,1
256305.04,154492.27,444339.02,4685826.02,590,1
135321.52,119714.71,343973.47,8708070.09,601,0
2017880.53,1566006.91,5003742.7,6691216.57,657,0
939121.99,474339.01,2556708.92,1890846.94,606,0
835152.95,480742.96,293691.36,3323094.93,471,1
1059572.55,419240.56,461597.94,1403803.47,584,0
882408.57,277205.22,219214.19,7750789.26,711,0
1583165.58,850883.12,4442056.31,9853244.71,714,1
1376430.5,721870.48,1962083.99,5486464.35,783,1
1586042.8,896670.83,306067.96,6575850.92,775,0
2050869.47,1778028.38,1978247.59,7473621.05,559,0
1222678.48,761394.54,1288994.02,2281378.07,575,0
828792.29,517199.78,2012870.83,3393212.41,579,1
581981.56,168551.95,1284101.96,4152596.05,634,0
1113474.95,999390.76,2302845.62,5966153.71,587,0
2251238.78,1668148.71,147660.23,8512401.15,632,0
2294444.24,1867774.76,6268622.17,2579325.27,562,1
2034025.62,996693.48,1315334.81,4735343.57,728,1
778681.71,429434.92,1469515.83,7527762.42,555,0
1805450.11,1020907.41,334833.59,919480.75,550,0
1755000.02,589445.15,429234.88,5153289.91,702,0
1504371.97,1026948.11,43223.45,1486578.05,722,1
1694939.06,1410331.18,2877638.61,5414531.52,627,1
1526192.83,480131.22,2881664.23,7689836.48,736,0
1739823.46,453089.68,263386.5,2407626.74,729,1
2174967.27,1558914.82,1895385.35,8502310.53,839,0
417921.76,163508.25,1067523.99,3381300.9,723,1
2273914.68,1447810.07,691099.75,1948309.39,820,0
494069.84,339441.21,320968.27,4679967.78,656,1
293221.2,124717.98,373321.49,8766947.07,789,0
2930631.09,2258347.89,7405184.01,735883.96,792,1
2875276.13,1682014.36,2198284.21,3309336.09,635,0
275265.98,222497.38,823433.69,6548973.53,581,1
1385434.98,1017332.51,1476576.43,3607929.64,598,0
640110.32,517211.02,742109.32,754698.75,691,0
1507500.2,322775.34,552225.38,3353389.74,535,0
2507514.0,928919.55,5116817.29,8218545.89,604,0
2856774.15,751347.48,2086575.12,9681973.35,769,1
1939332.7,988008.77,3658750.47,445803.01,716,0
1126326.43,926935.21,754045.35,5714373.99,414,0
1849644.14,975277.0,2152277.0,1097769.16,516,1
1004803.79,798617.18,2582362.09,6819945.47,850,0
2738488.56,1174879.41,6070456.15,128527.65,767,1
2624161.34,1148592.93,1217014.39,196679.18,591,1
1718872.08,1421323.65,3133717.8,7779954.27,501,0
1041916.85,518949.61,1964973.87,790631.46,525,0
950830.06,715818.95,258345.68,3086557.66,700,0
196912.18,72001.04,275168.43,9582502.22,847,1
2465880.47,2130916.7,1928331.32,9853208.82,841,0
1406111.32,846766.95,1970510.94,1655958.48,492,0
1042885.49,762898.37,2431188.19,5630974.12,620,0
1466220.03,385118.8,696130.01,5613530.84,564,0
2474340.17,1348181.25,915289.65,4551187.87,663,1
461381.2,383281.8,372772.7,9250766.57,516,0
2587202.37,2105793.96,7391187.89,7552637.4,595,0
2702775.62,629124.46,6063603.14,7657043.01,563,1
2845452.95,1174002.38,166082.23,2732215.85,702,0
1252715.18,639290.63,1507034.56,4371481.73,598,0
729707.17,233933.44,563475.45,4899865.8,612,0
